  0
SECTION
  2
HEADER
  9
$ACADVER
  1
AC1021
  9
$ACADMAINTVER
 70
    50
  9
$DWGCODEPAGE
  3
ANSI_936
  9
$LASTSAVEDBY
  1
win10
  9
$INSBASE
 10
0.0
 20
0.0
 30
0.0
  9
$EXTMIN
 10
-3.083330976318947
 20
-68.55251785135624
 30
0.0
  9
$EXTMAX
 10
243.0101934157901
 20
119.8244141966261
 30
0.0
  9
$LIMMIN
 10
0.0
 20
0.0
  9
$LIMMAX
 10
420.0
 20
297.0
  9
$ORTHOMODE
 70
     0
  9
$REGENMODE
 70
     1
  9
$FILLMODE
 70
     1
  9
$QTEXTMODE
 70
     0
  9
$MIRRTEXT
 70
     0
  9
$LTSCALE
 40
1.0
  9
$ATTMODE
 70
     1
  9
$TEXTSIZE
 40
2.5
  9
$TRACEWID
 40
1.0
  9
$TEXTSTYLE
  7
Standard
  9
$CLAYER
  8
0
  9
$CELTYPE
  6
ByLayer
  9
$CECOLOR
 62
   256
  9
$CELTSCALE
 40
1.0
  9
$DISPSILH
 70
     0
  9
$DIMSCALE
 40
1.0
  9
$DIMASZ
 40
2.5
  9
$DIMEXO
 40
0.625
  9
$DIMDLI
 40
3.75
  9
$DIMRND
 40
0.0
  9
$DIMDLE
 40
0.0
  9
$DIMEXE
 40
1.25
  9
$DIMTP
 40
0.0
  9
$DIMTM
 40
0.0
  9
$DIMTXT
 40
2.5
  9
$DIMCEN
 40
2.5
  9
$DIMTSZ
 40
0.0
  9
$DIMTOL
 70
     0
  9
$DIMLIM
 70
     0
  9
$DIMTIH
 70
     0
  9
$DIMTOH
 70
     0
  9
$DIMSE1
 70
     0
  9
$DIMSE2
 70
     0
  9
$DIMTAD
 70
     1
  9
$DIMZIN
 70
     8
  9
$DIMBLK
  1

  9
$DIMASO
 70
     1
  9
$DIMSHO
 70
     1
  9
$DIMPOST
  1

  9
$DIMAPOST
  1

  9
$DIMALT
 70
     0
  9
$DIMALTD
 70
     3
  9
$DIMALTF
 40
0.03937007874016
  9
$DIMLFAC
 40
1.0
  9
$DIMTOFL
 70
     1
  9
$DIMTVP
 40
0.0
  9
$DIMTIX
 70
     0
  9
$DIMSOXD
 70
     0
  9
$DIMSAH
 70
     0
  9
$DIMBLK1
  1

  9
$DIMBLK2
  1

  9
$DIMSTYLE
  2
ISO-25
  9
$DIMCLRD
 70
     0
  9
$DIMCLRE
 70
     0
  9
$DIMCLRT
 70
     0
  9
$DIMTFAC
 40
1.0
  9
$DIMGAP
 40
0.625
  9
$DIMJUST
 70
     0
  9
$DIMSD1
 70
     0
  9
$DIMSD2
 70
     0
  9
$DIMTOLJ
 70
     0
  9
$DIMTZIN
 70
     8
  9
$DIMALTZ
 70
     0
  9
$DIMALTTZ
 70
     0
  9
$DIMUPT
 70
     0
  9
$DIMDEC
 70
     2
  9
$DIMTDEC
 70
     2
  9
$DIMALTU
 70
     2
  9
$DIMALTTD
 70
     3
  9
$DIMTXSTY
  7
Standard
  9
$DIMAUNIT
 70
     0
  9
$DIMADEC
 70
     0
  9
$DIMALTRND
 40
0.0
  9
$DIMAZIN
 70
     0
  9
$DIMDSEP
 70
    44
  9
$DIMATFIT
 70
     3
  9
$DIMFRAC
 70
     0
  9
$DIMLDRBLK
  1

  9
$DIMLUNIT
 70
     2
  9
$DIMLWD
 70
    -2
  9
$DIMLWE
 70
    -2
  9
$DIMTMOVE
 70
     0
  9
$DIMFXL
 40
1.0
  9
$DIMFXLON
 70
     0
  9
$DIMJOGANG
 40
0.7853981633974483
  9
$DIMTFILL
 70
     0
  9
$DIMTFILLCLR
 70
     0
  9
$DIMARCSYM
 70
     0
  9
$DIMLTYPE
  6

  9
$DIMLTEX1
  6

  9
$DIMLTEX2
  6

  9
$LUNITS
 70
     2
  9
$LUPREC
 70
     4
  9
$SKETCHINC
 40
1.0
  9
$FILLETRAD
 40
0.0
  9
$AUNITS
 70
     0
  9
$AUPREC
 70
     0
  9
$MENU
  1
.
  9
$ELEVATION
 40
0.0
  9
$PELEVATION
 40
0.0
  9
$THICKNESS
 40
0.0
  9
$LIMCHECK
 70
     0
  9
$CHAMFERA
 40
0.0
  9
$CHAMFERB
 40
0.0
  9
$CHAMFERC
 40
0.0
  9
$CHAMFERD
 40
0.0
  9
$SKPOLY
 70
     0
  9
$TDCREATE
 40
2458590.383113426
  9
$TDUCREATE
 40
2458590.049780092
  9
$TDUPDATE
 40
2458590.384224537
  9
$TDUUPDATE
 40
2458590.050891204
  9
$TDINDWG
 40
0.0011111111
  9
$TDUSRTIMER
 40
0.0011111111
  9
$USRTIMER
 70
     1
  9
$ANGBASE
 50
0.0
  9
$ANGDIR
 70
     0
  9
$PDMODE
 70
     0
  9
$PDSIZE
 40
0.0
  9
$PLINEWID
 40
0.0
  9
$SPLFRAME
 70
     0
  9
$SPLINETYPE
 70
     6
  9
$SPLINESEGS
 70
     8
  9
$HANDSEED
  5
2B8
  9
$SURFTAB1
 70
     6
  9
$SURFTAB2
 70
     6
  9
$SURFTYPE
 70
     6
  9
$SURFU
 70
     6
  9
$SURFV
 70
     6
  9
$UCSBASE
  2

  9
$UCSNAME
  2

  9
$UCSORG
 10
0.0
 20
0.0
 30
0.0
  9
$UCSXDIR
 10
1.0
 20
0.0
 30
0.0
  9
$UCSYDIR
 10
0.0
 20
1.0
 30
0.0
  9
$UCSORTHOREF
  2

  9
$UCSORTHOVIEW
 70
     0
  9
$UCSORGTOP
 10
0.0
 20
0.0
 30
0.0
  9
$UCSORGBOTTOM
 10
0.0
 20
0.0
 30
0.0
  9
$UCSORGLEFT
 10
0.0
 20
0.0
 30
0.0
  9
$UCSORGRIGHT
 10
0.0
 20
0.0
 30
0.0
  9
$UCSORGFRONT
 10
0.0
 20
0.0
 30
0.0
  9
$UCSORGBACK
 10
0.0
 20
0.0
 30
0.0
  9
$PUCSBASE
  2

  9
$PUCSNAME
  2

  9
$PUCSORG
 10
0.0
 20
0.0
 30
0.0
  9
$PUCSXDIR
 10
1.0
 20
0.0
 30
0.0
  9
$PUCSYDIR
 10
0.0
 20
1.0
 30
0.0
  9
$PUCSORTHOREF
  2

  9
$PUCSORTHOVIEW
 70
     0
  9
$PUCSORGTOP
 10
0.0
 20
0.0
 30
0.0
  9
$PUCSORGBOTTOM
 10
0.0
 20
0.0
 30
0.0
  9
$PUCSORGLEFT
 10
0.0
 20
0.0
 30
0.0
  9
$PUCSORGRIGHT
 10
0.0
 20
0.0
 30
0.0
  9
$PUCSORGFRONT
 10
0.0
 20
0.0
 30
0.0
  9
$PUCSORGBACK
 10
0.0
 20
0.0
 30
0.0
  9
$USERI1
 70
     0
  9
$USERI2
 70
     0
  9
$USERI3
 70
     0
  9
$USERI4
 70
     0
  9
$USERI5
 70
     0
  9
$USERR1
 40
0.0
  9
$USERR2
 40
0.0
  9
$USERR3
 40
0.0
  9
$USERR4
 40
0.0
  9
$USERR5
 40
0.0
  9
$WORLDVIEW
 70
     1
  9
$SHADEDGE
 70
     3
  9
$SHADEDIF
 70
    70
  9
$TILEMODE
 70
     1
  9
$MAXACTVP
 70
    64
  9
$PINSBASE
 10
0.0
 20
0.0
 30
0.0
  9
$PLIMCHECK
 70
     0
  9
$PEXTMIN
 10
0.0
 20
0.0
 30
0.0
  9
$PEXTMAX
 10
0.0
 20
0.0
 30
0.0
  9
$PLIMMIN
 10
0.0
 20
0.0
  9
$PLIMMAX
 10
12.0
 20
9.0
  9
$UNITMODE
 70
     0
  9
$VISRETAIN
 70
     1
  9
$PLINEGEN
 70
     0
  9
$PSLTSCALE
 70
     1
  9
$TREEDEPTH
 70
  3020
  9
$CMLSTYLE
  2
Standard
  9
$CMLJUST
 70
     0
  9
$CMLSCALE
 40
20.0
  9
$PROXYGRAPHICS
 70
     1
  9
$MEASUREMENT
 70
     1
  9
$CELWEIGHT
370
    -1
  9
$ENDCAPS
280
     0
  9
$JOINSTYLE
280
     0
  9
$LWDISPLAY
290
     0
  9
$INSUNITS
 70
     4
  9
$HYPERLINKBASE
  1

  9
$STYLESHEET
  1

  9
$XEDIT
290
     1
  9
$CEPSNTYPE
380
     0
  9
$PSTYLEMODE
290
     1
  9
$FINGERPRINTGUID
  2
{96A53CC7-ACDD-234C-B0F9-88300B14E85D}
  9
$VERSIONGUID
  2
{FDA5A254-6150-FA48-A4B8-168CBCE559AD}
  9
$EXTNAMES
290
     1
  9
$PSVPSCALE
 40
0.0
  9
$OLESTARTUP
290
     0
  9
$SORTENTS
280
   127
  9
$INDEXCTL
280
     0
  9
$HIDETEXT
280
     1
  9
$XCLIPFRAME
290
     0
  9
$HALOGAP
280
     0
  9
$OBSCOLOR
 70
   257
  9
$OBSLTYPE
280
     0
  9
$INTERSECTIONDISPLAY
280
     0
  9
$INTERSECTIONCOLOR
 70
   257
  9
$DIMASSOC
280
     2
  9
$PROJECTNAME
  1

  9
$CAMERADISPLAY
290
     0
  9
$LENSLENGTH
 40
50.0
  9
$CAMERAHEIGHT
 40
0.0
  9
$STEPSPERSEC
 40
2.0
  9
$STEPSIZE
 40
6.0
  9
$3DDWFPREC
 40
2.0
  9
$PSOLWIDTH
 40
5.0
  9
$PSOLHEIGHT
 40
80.0
  9
$LOFTANG1
 40
1.570796326794896
  9
$LOFTANG2
 40
1.570796326794896
  9
$LOFTMAG1
 40
0.0
  9
$LOFTMAG2
 40
0.0
  9
$LOFTPARAM
 70
     7
  9
$LOFTNORMALS
280
     1
  9
$LATITUDE
 40
37.795
  9
$LONGITUDE
 40
-122.394
  9
$NORTHDIRECTION
 40
0.0
  9
$TIMEZONE
 70
 -8000
  9
$LIGHTGLYPHDISPLAY
280
     1
  9
$TILEMODELIGHTSYNCH
280
     1
  9
$CMATERIAL
347
EC
  9
$SOLIDHIST
280
     0
  9
$SHOWHIST
280
     1
  9
$DWFFRAME
280
     2
  9
$DGNFRAME
280
     0
  9
$REALWORLDSCALE
290
     1
  9
$INTERFERECOLOR
 62
     1
  9
$INTERFEREOBJVS
345
F9
  9
$INTERFEREVPVS
346
F6
  9
$CSHADOW
280
     0
  9
$SHADOWPLANELOCATION
 40
0.0
  0
ENDSEC
  0
SECTION
  2
CLASSES
  0
CLASS
  1
ACDBDICTIONARYWDFLT
  2
AcDbDictionaryWithDefault
  3
ObjectDBX Classes
 90
        0
 91
        1
280
     0
281
     0
  0
CLASS
  1
DICTIONARYVAR
  2
AcDbDictionaryVar
  3
ObjectDBX Classes
 90
        0
 91
       12
280
     0
281
     0
  0
CLASS
  1
TABLESTYLE
  2
AcDbTableStyle
  3
ObjectDBX Classes
 90
     4095
 91
        1
280
     0
281
     0
  0
CLASS
  1
MATERIAL
  2
AcDbMaterial
  3
ObjectDBX Classes
 90
     1153
 91
        3
280
     0
281
     0
  0
CLASS
  1
VISUALSTYLE
  2
AcDbVisualStyle
  3
ObjectDBX Classes
 90
     4095
 91
       24
280
     0
281
     0
  0
CLASS
  1
SCALE
  2
AcDbScale
  3
ObjectDBX Classes
 90
     1153
 91
       17
280
     0
281
     0
  0
CLASS
  1
MLEADERSTYLE
  2
AcDbMLeaderStyle
  3
ACDB_MLEADERSTYLE_CLASS
 90
     4095
 91
        2
280
     0
281
     0
  0
CLASS
  1
CELLSTYLEMAP
  2
AcDbCellStyleMap
  3
ObjectDBX Classes
 90
     1152
 91
        1
280
     0
281
     0
  0
CLASS
  1
EXACXREFPANELOBJECT
  2
ExAcXREFPanelObject
  3
EXAC_ESW
 90
     1025
 91
        0
280
     0
281
     0
  0
CLASS
  1
NPOCOLLECTION
  2
AcDbImpNonPersistentObjectsCollection
  3
ObjectDBX Classes
 90
     1153
 91
        0
280
     0
281
     0
  0
CLASS
  1
LAYER_INDEX
  2
AcDbLayerIndex
  3
ObjectDBX Classes
 90
        0
 91
        0
280
     0
281
     0
  0
CLASS
  1
SPATIAL_INDEX
  2
AcDbSpatialIndex
  3
ObjectDBX Classes
 90
        0
 91
        0
280
     0
281
     0
  0
CLASS
  1
IDBUFFER
  2
AcDbIdBuffer
  3
ObjectDBX Classes
 90
        0
 91
        0
280
     0
281
     0
  0
CLASS
  1
ACDBSECTIONVIEWSTYLE
  2
AcDbSectionViewStyle
  3
ObjectDBX Classes
 90
     1025
 91
        1
280
     0
281
     0
  0
CLASS
  1
ACDBDETAILVIEWSTYLE
  2
AcDbDetailViewStyle
  3
ObjectDBX Classes
 90
     1025
 91
        1
280
     0
281
     0
  0
ENDSEC
  0
SECTION
  2
TABLES
  0
TABLE
  2
VPORT
  5
8
330
0
100
AcDbSymbolTable
 70
     1
  0
VPORT
  5
EA
330
8
100
AcDbSymbolTableRecord
100
AcDbViewportTableRecord
  2
*Active
 70
     0
 10
0.0
 20
0.0
 11
1.0
 21
1.0
 12
26.13531116233776
 22
8.376287332784158
 13
0.0
 23
0.0
 14
10.0
 24
10.0
 15
10.0
 25
10.0
 16
0.0
 26
0.0
 36
1.0
 17
0.0
 27
0.0
 37
0.0
 40
393.0272442228397
 41
2.104271356783919
 42
50.0
 43
0.0
 44
0.0
 50
0.0
 51
0.0
 71
     0
 72
  1000
 73
     1
 74
     3
 75
     0
 76
     1
 77
     0
 78
     0
281
     0
 65
     1
110
0.0
120
0.0
130
0.0
111
1.0
121
0.0
131
0.0
112
0.0
122
1.0
132
0.0
 79
     0
146
0.0
348
F5
 60
     3
 61
     5
292
     1
282
     1
141
0.0
142
0.0
 63
   250
421
  3355443
1001
ACAD_NAV_VCDISPLAY
1070
     3
  0
ENDTAB
  0
TABLE
  2
LTYPE
  5
5
330
0
100
AcDbSymbolTable
 70
     2
  0
LTYPE
  5
14
330
5
100
AcDbSymbolTableRecord
100
AcDbLinetypeTableRecord
  2
ByBlock
 70
     0
  3

 72
    65
 73
     0
 40
0.0
  0
LTYPE
  5
15
330
5
100
AcDbSymbolTableRecord
100
AcDbLinetypeTableRecord
  2
ByLayer
 70
     0
  3

 72
    65
 73
     0
 40
0.0
  0
LTYPE
  5
16
330
5
100
AcDbSymbolTableRecord
100
AcDbLinetypeTableRecord
  2
Continuous
 70
     0
  3
Solid line
 72
    65
 73
     0
 40
0.0
  0
ENDTAB
  0
TABLE
  2
LAYER
  5
2
102
{ACAD_XDICTIONARY
360
1FF
102
}
330
0
100
AcDbSymbolTable
 70
     1
0
LAYER
5
a0b
100
AcDbSymbolTableRecord
100
AcDbLayerTableRecord
2
TopLayer
70
0
420
16711680
6
Continuous
370
-3
390
F
347
21
0
LAYER
5
a0c
100
AcDbSymbolTableRecord
100
AcDbLayerTableRecord
2
BottomLayer
70
0
420
255
6
Continuous
370
-3
390
F
347
21
0
LAYER
5
a0d
100
AcDbSymbolTableRecord
100
AcDbLayerTableRecord
2
TopSilkLayer
70
0
420
16763904
6
Continuous
370
-3
390
F
347
21
0
LAYER
5
a0e
100
AcDbSymbolTableRecord
100
AcDbLayerTableRecord
2
BottomSilkLayer
70
0
420
6736947
6
Continuous
370
-3
390
F
347
21
0
LAYER
5
a0f
100
AcDbSymbolTableRecord
100
AcDbLayerTableRecord
2
TopPasteMaskLayer
70
0
420
8421504
6
Continuous
370
-3
390
F
347
21
0
LAYER
5
a10
100
AcDbSymbolTableRecord
100
AcDbLayerTableRecord
2
TopSolderMaskLayer
70
0
420
8388736
6
Continuous
370
-3
390
F
347
21
0
LAYER
5
a11
100
AcDbSymbolTableRecord
100
AcDbLayerTableRecord
2
BottomSolderMaskLayer
70
0
420
11141375
6
Continuous
370
-3
390
F
347
21
0
LAYER
5
a12
100
AcDbSymbolTableRecord
100
AcDbLayerTableRecord
2
BoardOutLine
70
0
420
16711935
6
Continuous
370
-3
390
F
347
21
0
LAYER
5
a13
100
AcDbSymbolTableRecord
100
AcDbLayerTableRecord
2
Multi-Layer
70
0
420
12632256
6
Continuous
370
-3
390
F
347
21
0
LAYER
5
a14
100
AcDbSymbolTableRecord
100
AcDbLayerTableRecord
2
Document
70
0
420
16777215
6
Continuous
370
-3
390
F
347
21
0
LAYER
5
a15
100
AcDbSymbolTableRecord
100
AcDbLayerTableRecord
2
Hole
70
0
420
2236962
6
Continuous
370
-3
390
F
347
21
  0
LAYER
  5
10
102
{ACAD_XDICTIONARY
360
13C
102
}
330
2
100
AcDbSymbolTableRecord
100
AcDbLayerTableRecord
  2
0
 70
     0
 62
     7
  6
Continuous
370
    -3
390
F
347
EE
  0
ENDTAB
  0
TABLE
  2
STYLE
  5
3
330
0
100
AcDbSymbolTable
 70
     2
  0
STYLE
  5
11
330
3
100
AcDbSymbolTableRecord
100
AcDbTextStyleTableRecord
  2
Standard
 70
     0
 40
0.0
 41
1.0
 50
0.0
 71
     0
 42
2.5
  3
arial.ttf
  4

1001
ACAD
1000
Arial
1071
       34
  0
STYLE
  5
132
330
3
100
AcDbSymbolTableRecord
100
AcDbTextStyleTableRecord
  2
Annotative
 70
     0
 40
0.0
 41
1.0
 50
0.0
 71
     0
 42
2.5
  3
arial.ttf
  4

1001
AcadAnnotative
1000
AnnotativeData
1002
{
1070
     1
1070
     1
1002
}
1001
ACAD
1000
Arial
1071
       34
  0
ENDTAB
  0
TABLE
  2
VIEW
  5
6
330
0
100
AcDbSymbolTable
 70
     0
  0
ENDTAB
  0
TABLE
  2
UCS
  5
7
330
0
100
AcDbSymbolTable
 70
     0
  0
ENDTAB
  0
TABLE
  2
APPID
  5
9
330
0
100
AcDbSymbolTable
 70
     9
  0
APPID
  5
12
330
9
100
AcDbSymbolTableRecord
100
AcDbRegAppTableRecord
  2
ACAD
 70
     0
  0
APPID
  5
9E
330
9
100
AcDbSymbolTableRecord
100
AcDbRegAppTableRecord
  2
ACAD_PSEXT
 70
     0
  0
APPID
  5
133
330
9
100
AcDbSymbolTableRecord
100
AcDbRegAppTableRecord
  2
AcadAnnoPO
 70
     0
  0
APPID
  5
134
330
9
100
AcDbSymbolTableRecord
100
AcDbRegAppTableRecord
  2
AcadAnnotative
 70
     0
  0
APPID
  5
135
330
9
100
AcDbSymbolTableRecord
100
AcDbRegAppTableRecord
  2
ACAD_DSTYLE_DIMJAG
 70
     0
  0
APPID
  5
136
330
9
100
AcDbSymbolTableRecord
100
AcDbRegAppTableRecord
  2
ACAD_DSTYLE_DIMTALN
 70
     0
  0
APPID
  5
165
330
9
100
AcDbSymbolTableRecord
100
AcDbRegAppTableRecord
  2
ACAD_MLEADERVER
 70
     0
  0
APPID
  5
217
330
9
100
AcDbSymbolTableRecord
100
AcDbRegAppTableRecord
  2
ACAD_NAV_VCDISPLAY
 70
     0
  0
APPID
  5
26E
330
9
100
AcDbSymbolTableRecord
100
AcDbRegAppTableRecord
  2
ACAD_EXEMPT_FROM_CAD_STANDARDS
 70
     0
  0
ENDTAB
  0
TABLE
  2
DIMSTYLE
  5
A
330
0
100
AcDbSymbolTable
 70
     4
100
AcDbDimStyleTable
 71
     2
340
27
340
137
  0
DIMSTYLE
105
1B0
330
A
100
AcDbSymbolTableRecord
100
AcDbDimStyleTableRecord
  2
Standard
 70
     0
340
11
  0
DIMSTYLE
105
137
330
A
100
AcDbSymbolTableRecord
100
AcDbDimStyleTableRecord
  2
Annotative
 70
     0
 40
0.0
 41
2.5
 42
0.625
 43
3.75
 44
1.25
 73
     0
 74
     0
 77
     1
 78
     8
140
2.5
141
2.5
143
0.03937007874016
147
0.625
171
     3
172
     1
271
     2
272
     2
274
     3
278
    44
283
     0
284
     8
340
11
1001
AcadAnnotative
1000
AnnotativeData
1002
{
1070
     1
1070
     1
1002
}
1001
ACAD_DSTYLE_DIMJAG
1070
   388
1040
1.5
1001
ACAD_DSTYLE_DIMTALN
1070
   392
1070
     0
  0
DIMSTYLE
105
27
330
A
100
AcDbSymbolTableRecord
100
AcDbDimStyleTableRecord
  2
ISO-25
 70
     0
 41
2.5
 42
0.625
 43
3.75
 44
1.25
 73
     0
 74
     0
 77
     1
 78
     8
140
2.5
141
2.5
143
0.03937007874016
147
0.625
171
     3
172
     1
271
     2
272
     2
274
     3
278
    44
283
     0
284
     8
340
11
  0
ENDTAB
  0
TABLE
  2
BLOCK_RECORD
  5
1
330
0
100
AcDbSymbolTable
 70
     2
  0
BLOCK_RECORD
  5
1F
102
{ACAD_XDICTIONARY
360
1CE
102
}
330
1
100
AcDbSymbolTableRecord
100
AcDbBlockTableRecord
  2
*Model_Space
340
22
 70
     0
280
     1
281
     0
  0
BLOCK_RECORD
  5
D2
330
1
100
AcDbSymbolTableRecord
100
AcDbBlockTableRecord
  2
*Paper_Space
340
D3
 70
     0
280
     1
281
     0
  0
BLOCK_RECORD
  5
D6
330
1
100
AcDbSymbolTableRecord
100
AcDbBlockTableRecord
  2
*Paper_Space0
340
D7
 70
     0
280
     1
281
     0
  0
ENDTAB
  0
ENDSEC
  0
SECTION
  2
BLOCKS
  0
BLOCK
  5
20
330
1F
100
AcDbEntity
  8
0
100
AcDbBlockBegin
  2
*Model_Space
 70
     0
 10
0.0
 20
0.0
 30
0.0
  3
*Model_Space
  1

  0
ENDBLK
  5
21
330
1F
100
AcDbEntity
  8
0
100
AcDbBlockEnd
  0
BLOCK
  5
D4
330
D2
100
AcDbEntity
 67
     1
  8
0
100
AcDbBlockBegin
  2
*Paper_Space
 70
     0
 10
0.0
 20
0.0
 30
0.0
  3
*Paper_Space
  1

  0
ENDBLK
  5
D5
330
D2
100
AcDbEntity
 67
     1
  8
0
100
AcDbBlockEnd
  0
BLOCK
  5
D8
330
D6
100
AcDbEntity
 67
     1
  8
0
100
AcDbBlockBegin
  2
*Paper_Space0
 70
     0
 10
0.0
 20
0.0
 30
0.0
  3
*Paper_Space0
  1

  0
ENDBLK
  5
D9
330
D6
100
AcDbEntity
 67
     1
  8
0
100
AcDbBlockEnd
  0
ENDSEC
  0
SECTION
  2
ENTITIES
  0
LWPOLYLINE
  5
3e8
330
1F
100
AcDbEntity
  8
BottomSolderMaskLayer
100
AcDbPolyline
 90
1
 70
 0
 43
6.203606807213616 
 10
50.00000000000023
 20
-65.00000000000011
 10
50.00000000000023
 20
-123.00000000000011
  0
LWPOLYLINE
  5
3e9
330
1F
100
AcDbEntity
  8
BottomSolderMaskLayer
100
AcDbPolyline
 90
1
 70
 0
 43
6.203606807213616 
 10
34
 20
-65.00000000000011
 10
34
 20
-123.00000000000011
  0
LWPOLYLINE
  5
3ea
330
1F
100
AcDbEntity
  8
BoardOutLine
100
AcDbPolyline
 90
30
 70
 1
 43
0.25400050800101603 
 10
3
 20
12
 10
51
 20
12
 10
54
 20
9
 10
54.000508001016215
 20
-128.0010160020321
 10
50.00000000000023
 20
-132.0000000000001
 10
45.99949199898401
 20
-128.0010160020321
 10
45.99949199898401
 20
-60
 10
44.00050800101599
 20
-58.001016002031974
 10
40
 20
-58.001016002031974
 10
38.001016002031974
 20
-60
 10
38.001016002031974
 20
-128.0010160020321
 10
34
 20
-132.0000000000001
 10
30
 20
-128.0010160020321
 10
30
 20
-60
 10
29
 20
-58
 10
27.000254000507994
 20
-58.001016002031974
 10
26
 20
-60
 10
26
 20
-128.0000000000001
 10
22.500000000000227
 20
-132.0000000000001
 10
22.500000000000227
 20
-132.0000000000001
 10
19
 20
-128.0000000000001
 10
19
 20
-128.0000000000001
 10
19
 20
-60
 10
18.001016002031974
 20
-58.001016002031974
 10
16
 20
-58
 10
14.998729997460032
 20
-60
 10
14.998729997460032
 20
-128.0010160020321
 10
7.500635001269984
 20
-131.99898399796803
 10
0
 20
-128.0010160020321
 10
0
 20
9
 10
3
 20
12
  0
LWPOLYLINE
  5
3eb
330
1F
100
AcDbEntity
  8
TopSolderMaskLayer
100
AcDbPolyline
 90
1
 70
 0
 43
6.203606807213616 
 10
50.00000000000023
 20
-65.00000000000011
 10
50.00000000000023
 20
-123.00000000000011
  0
LWPOLYLINE
  5
3ec
330
1F
100
AcDbEntity
  8
TopSolderMaskLayer
100
AcDbPolyline
 90
1
 70
 0
 43
6.203606807213616 
 10
34
 20
-65.00000000000011
 10
34
 20
-123.00000000000011
  0
LWPOLYLINE
  5
3ed
330
1F
100
AcDbEntity
  8
TopLayer
100
AcDbPolyline
 90
3
 70
 0
 43
0.25400050800101603 
 10
20
 20
-54.00050800101599
 10
20
 20
-35.99949199898401
 10
18.99923799847602
 20
-34.99872999746003
 10
15.999491998984013
 20
-34.99872999746003
  0
LWPOLYLINE
  5
3ee
330
1F
100
AcDbEntity
  8
TopLayer
100
AcDbPolyline
 90
1
 70
 0
 43
0.25400050800101603 
 10
20.350012700025445
 20
-31.499898399796848
 10
19.420878841757713
 20
-31.499898399796848
  0
LWPOLYLINE
  5
3ef
330
1F
100
AcDbEntity
  8
TopLayer
100
AcDbPolyline
 90
3
 70
 0
 43
0.25400050800101603 
 10
18.653543307086693
 20
10.500101600203266
 10
19.419100838201757
 20
9.734544069088088
 10
19.419100838201757
 20
-31.49812039624078
 10
19.420878841757713
 20
-31.499898399796848
  0
LWPOLYLINE
  5
3f0
330
1F
100
AcDbEntity
  8
TopLayer
100
AcDbPolyline
 90
2
 70
 0
 43
0.25400050800101603 
 10
18.77038354076717
 20
-23.50802641605287
 10
18.77038354076717
 20
-31.70843281686564
 10
17.978917957835847
 20
-32.49989839979685
  0
LWPOLYLINE
  5
3f1
330
1F
100
AcDbEntity
  8
TopLayer
100
AcDbPolyline
 90
2
 70
 0
 43
0.38100076200152405 
 10
30.5
 20
-25.000127000253997
 10
23.5
 20
-32.000127000254
 10
20.350012700025445
 20
-32.000127000254
  0
LWPOLYLINE
  5
3f2
330
1F
100
AcDbEntity
  8
TopLayer
100
AcDbPolyline
 90
10
 70
 0
 43
0.25400050800101603 
 10
20.350012700025445
 20
-32.5
 10
22
 20
-32.5
 10
24.998729997460032
 20
-35.99949199898401
 10
27.000254000507994
 20
-35.99949199898401
 10
28.001016002031974
 20
-37.000254000507994
 10
28.99923799847602
 20
-37.000254000507994
 10
32.999745999492006
 20
-32.999745999492006
 10
32.999745999492006
 20
-20
 10
37.50063500127021
 20
-15.499110998222022
 10
40.50038100076199
 20
-15.499110998222022
 10
41.00076200152398
 20
-15.999491998984013
  0
LWPOLYLINE
  5
3f3
330
1F
100
AcDbEntity
  8
TopLayer
100
AcDbPolyline
 90
6
 70
 0
 43
0.38100076200152405 
 10
30
 20
-28
 10
30
 20
-28.000050800101576
 10
32.00000000000023
 20
-30
 10
31.999974599949155
 20
-31.99997459994927
 10
30.9999682499365
 20
-32.99997459994927
 10
24.499898399796848
 20
-32.99997459994927
 10
23.500007937515875
 20
-32.00406400812801
  0
LWPOLYLINE
  5
3f4
330
1F
100
AcDbEntity
  8
TopLayer
100
AcDbPolyline
 90
2
 70
 0
 43
0.38100076200152405 
 10
7.729997459995047
 20
-33
 10
11.729997459995047
 20
-29
 10
17
 20
-29
  0
LWPOLYLINE
  5
3f5
330
1F
100
AcDbEntity
  8
TopLayer
100
AcDbPolyline
 90
1
 70
 0
 43
1 
 10
23.73342646685296
 20
10.499999999999886
 10
23.73342646685296
 20
1
  0
LWPOLYLINE
  5
3f6
330
1F
100
AcDbEntity
  8
TopLayer
100
AcDbPolyline
 90
1
 70
 0
 43
1 
 10
11
 20
-56.000000000000114
 10
11
 20
-50
  0
LWPOLYLINE
  5
3f7
330
1F
100
AcDbEntity
  8
TopLayer
100
AcDbPolyline
 90
3
 70
 0
 43
1 
 10
11
 20
-56.000000000000114
 10
12
 20
-56.000000000000114
 10
14
 20
-58
 10
14
 20
-126
  0
LWPOLYLINE
  5
3f8
330
1F
100
AcDbEntity
  8
TopLayer
100
AcDbPolyline
 90
3
 70
 0
 43
0.25400050800101603 
 10
4
 20
-56.000000000000114
 10
7
 20
-56.000000000000114
 10
8
 20
-55
 10
8
 20
-49.00012700025411
  0
LWPOLYLINE
  5
3f9
330
1F
100
AcDbEntity
  8
TopLayer
100
AcDbPolyline
 90
5
 70
 0
 43
0.25400050800101603 
 10
45
 20
-29
 10
45
 20
-30
 10
47
 20
-32
 10
47
 20
-47.000000000000114
 10
38
 20
-56.000000000000114
 10
34
 20
-56.000000000000114
  0
LWPOLYLINE
  5
3fa
330
1F
100
AcDbEntity
  8
TopLayer
100
AcDbPolyline
 90
2
 70
 0
 43
0.25400050800101603 
 10
48
 20
-22
 10
48
 20
-26
 10
47
 20
-27
  0
LWPOLYLINE
  5
3fb
330
1F
100
AcDbEntity
  8
TopLayer
100
AcDbPolyline
 90
2
 70
 0
 43
0.25400050800101603 
 10
52
 20
-45
 10
52
 20
-54
 10
50.00000000000023
 20
-56.000000000000114
  0
LWPOLYLINE
  5
3fc
330
1F
100
AcDbEntity
  8
TopLayer
100
AcDbPolyline
 90
2
 70
 0
 43
0.25400050800101603 
 10
41.00076200152398
 20
-15.999491998984013
 10
41.00076200152398
 20
-22.730759461518915
 10
45.27000254000518
 20
-27
  0
LWPOLYLINE
  5
3fd
330
1F
100
AcDbEntity
  8
TopLayer
100
AcDbPolyline
 90
3
 70
 0
 43
0.25400050800101603 
 10
12
 20
-34.000000000000114
 10
12
 20
-33
 10
12.5
 20
-32.5
 10
15.649987299974555
 20
-32.5
  0
LWPOLYLINE
  5
3fe
330
1F
100
AcDbEntity
  8
TopLayer
100
AcDbPolyline
 90
1
 70
 0
 43
0.25400050800101603 
 10
15.649987299974555
 20
-32.5
 10
17.978917957835847
 20
-32.49989839979685
  0
LWPOLYLINE
  5
3ff
330
1F
100
AcDbEntity
  8
TopLayer
100
AcDbPolyline
 90
4
 70
 0
 43
0.25400050800101603 
 10
45.27000254000518
 20
-27
 10
45.5
 20
-27
 10
53.5
 20
-35
 10
53.5
 20
-43.5
 10
52
 20
-45
  0
LWPOLYLINE
  5
400
330
1F
100
AcDbEntity
  8
TopLayer
100
AcDbPolyline
 90
2
 70
 0
 43
0.38100076200152405 
 10
26.27355854711709
 20
10.490220980442018
 10
30.5
 20
5
 10
30.5
 20
-25.000127000253997
  0
LWPOLYLINE
  5
401
330
1F
100
AcDbEntity
  8
TopLayer
100
AcDbPolyline
 90
3
 70
 0
 43
0.25400050800101603 
 10
7.999872999746003
 20
-49
 10
7.999872999746003
 20
-48.00012700025411
 10
9
 20
-47.000000000000114
 10
15
 20
-47.000000000000114
  0
LWPOLYLINE
  5
402
330
1F
100
AcDbEntity
  8
TopLayer
100
AcDbPolyline
 90
5
 70
 0
 43
0.25400050800101603 
 10
16
 20
-48.99669799339608
 10
16
 20
-37
 10
14
 20
-35
 10
14
 20
-34.000000000000114
 10
14.999872999746003
 20
-33.000127000254
 10
15.649987299974555
 20
-33.000127000254
  0
LWPOLYLINE
  5
403
330
1F
100
AcDbEntity
  8
TopLayer
100
AcDbPolyline
 90
2
 70
 0
 43
0.25400050800101603 
 10
19.420878841757713
 20
-32.99979679959358
 10
19.420650241300564
 20
-33
 10
19
 20
-33
  0
LWPOLYLINE
  5
404
330
1F
100
AcDbEntity
  8
TopLayer
100
AcDbPolyline
 90
2
 70
 0
 43
0.25400050800101603 
 10
20.350063500126907
 20
-32.99979679959358
 10
20.34983489966976
 20
-33
 10
19
 20
-33
  0
LWPOLYLINE
  5
405
330
1F
100
AcDbEntity
  8
TopLayer
100
AcDbPolyline
 90
2
 70
 0
 43
0.25400050800101603 
 10
16.579121158242287
 20
-31.499898399796848
 10
17.0695961391923
 20
-31.009423418846836
 10
17.0695961391923
 20
-30.57711455422907
  0
LWPOLYLINE
  5
406
330
1F
100
AcDbEntity
  8
TopLayer
100
AcDbPolyline
 90
1
 70
 0
 43
0.25400050800101603 
 10
15.649987299974555
 20
-31.499898399796848
 10
16.579121158242287
 20
-31.499898399796848
  0
LWPOLYLINE
  5
407
330
1F
100
AcDbEntity
  8
TopLayer
100
AcDbPolyline
 90
2
 70
 0
 43
0.25400050800101603 
 10
15.649987299974555
 20
-31.00002540005073
 10
16.65887731775456
 20
-29.99113538227084
 10
17.59639319278631
 20
-29.99113538227084
  0
LWPOLYLINE
  5
408
330
1F
100
AcDbEntity
  8
TopLayer
100
AcDbPolyline
 90
2
 70
 0
 43
0.25400050800101603 
 10
35.27000254000518
 20
-47.810033020066044
 10
30.860553721107408
 20
-43.4005842011685
 10
30.860553721107408
 20
-41.62791465582927
  0
LWPOLYLINE
  5
409
330
1F
100
AcDbEntity
  8
TopLayer
100
AcDbPolyline
 90
1
 70
 0
 43
0.25400050800101603 
 10
15.649987299974555
 20
-32.49989839979685
 10
16.579121158242287
 20
-32.49989839979685
  0
LWPOLYLINE
  5
40a
330
1F
100
AcDbEntity
  8
TopLayer
100
AcDbPolyline
 90
1
 70
 0
 43
0.25400050800101603 
 10
15.649987299974555
 20
-33.000025400050845
 10
16.579121158242287
 20
-33.000025400050845
  0
LWPOLYLINE
  5
40b
330
1F
100
AcDbEntity
  8
TopLayer
100
AcDbPolyline
 90
2
 70
 0
 43
0.25400050800101603 
 10
9
 20
-38.000025400050845
 10
10.27000254000518
 20
-36.73002286004578
 10
10.27000254000518
 20
-33.000025400050845
  0
LWPOLYLINE
  5
40c
330
1F
100
AcDbEntity
  8
TopLayer
100
AcDbPolyline
 90
2
 70
 0
 43
0.25400050800101603 
 10
37.81000762001531
 20
-47.810033020066044
 10
36.500127000254
 20
-46.50015240030484
 10
36.500127000254
 20
-36.723926847853704
  0
LWPOLYLINE
  5
40d
330
1F
100
AcDbEntity
  8
TopLayer
100
AcDbPolyline
 90
2
 70
 0
 43
0.25400050800101603 
 10
36.500127000254
 20
-36.723926847853704
 10
36.500127000254
 20
-18.889789179578315
 10
38.43002286004571
 20
-16.9598933197866
  0
LWPOLYLINE
  5
40e
330
1F
100
AcDbEntity
  8
TopLayer
100
AcDbPolyline
 90
3
 70
 0
 43
0.25400050800101603 
 10
45.550927101854086
 20
-6.000025400050845
 10
43.61518923037852
 20
-7.935763271526639
 10
37.835915671831344
 20
-7.935763271526639
 10
37.09321818643639
 20
-7.193065786131683
  0
LWPOLYLINE
  5
40f
330
1F
100
AcDbEntity
  8
TopLayer
100
AcDbPolyline
 90
1
 70
 0
 43
0.25400050800101603 
 10
46.72999745999482
 20
-6.000025400050845
 10
45.550927101854086
 20
-6.000025400050845
  0
LWPOLYLINE
  5
410
330
1F
100
AcDbEntity
  8
TopLayer
100
AcDbPolyline
 90
2
 70
 0
 43
0.38100076200152405 
 10
8.500127000253997
 20
8.999974599949155
 10
10.998221996444045
 20
6.501879603759221
 10
10.998221996444045
 20
-6.949479298958636
  0
LWPOLYLINE
  5
411
330
1F
100
AcDbEntity
  8
TopLayer
100
AcDbPolyline
 90
1
 70
 0
 43
0.38100076200152405 
 10
10.199136398272913
 20
-6.949479298958636
 10
10.998221996444045
 20
-6.949479298958636
  0
LWPOLYLINE
  5
412
330
1F
100
AcDbEntity
  8
TopLayer
100
AcDbPolyline
 90
1
 70
 0
 43
0.25400050800101603 
 10
10.199136398272913
 20
-5.049555499110966
 10
9.520193040386175
 20
-5.049555499110966
  0
LWPOLYLINE
  5
413
330
1F
100
AcDbEntity
  8
TopLayer
100
AcDbPolyline
 90
4
 70
 0
 43
0.25400050800101603 
 10
4
 20
-15.000025400050845
 10
4
 20
-14.254025908051858
 10
8.898145796291601
 20
-9.355880111760257
 10
8.898145796291601
 20
-5.67160274320554
 10
9.520193040386175
 20
-5.049555499110966
  0
LWPOLYLINE
  5
414
330
1F
100
AcDbEntity
  8
TopLayer
100
AcDbPolyline
 90
3
 70
 0
 43
0.25400050800101603 
 10
38
 20
-35.00002540005073
 10
39.52425704851407
 20
-33.47576835153677
 10
39.52425704851407
 20
-20.59413258826521
 10
38.43002286004571
 20
-19.499898399796848
  0
LWPOLYLINE
  5
415
330
1F
100
AcDbEntity
  8
TopLayer
100
AcDbPolyline
 90
2
 70
 0
 43
0.25400050800101603 
 10
27.960121920243864
 20
-25.000025400050845
 10
21.46024892049786
 20
-31.499898399796848
 10
20.350012700025445
 20
-31.499898399796848
  0
LWPOLYLINE
  5
416
330
1F
100
AcDbEntity
  8
TopLayer
100
AcDbPolyline
 90
1
 70
 0
 43
0.25400050800101603 
 10
20.350012700025445
 20
-30.99977139954285
 10
21.279146558293178
 20
-30.99977139954285
  0
LWPOLYLINE
  5
417
330
1F
100
AcDbEntity
  8
TopLayer
100
AcDbPolyline
 90
3
 70
 0
 43
0.25400050800101603 
 10
38
 20
-31.00002540005073
 10
37.23850647701306
 20
-30.238531877063792
 10
37.23850647701306
 20
-23.231419862839743
 10
38.43002286004571
 20
-22.03990347980698
  0
LWPOLYLINE
  5
418
330
1F
100
AcDbEntity
  8
TopLayer
100
AcDbPolyline
 90
2
 70
 0
 43
0.25400050800101603 
 10
21.279146558293178
 20
-30.99977139954285
 10
21.279146558293178
 20
-26.600990601981152
 10
22.88011176022337
 20
-25.000025400050845
  0
LWPOLYLINE
  5
419
330
1F
100
AcDbEntity
  8
TopLayer
100
AcDbPolyline
 90
2
 70
 0
 43
0.25400050800101603 
 10
22.88011176022337
 20
-25.000025400050845
 10
21.193548387096826
 20
-23.31346202692407
 10
21.193548387096826
 20
10.500101600203266
  0
LWPOLYLINE
  5
41a
330
1F
100
AcDbEntity
  8
TopLayer
100
AcDbPolyline
 90
1
 70
 0
 43
0.38100076200152405 
 10
44
 20
-35.00002540005073
 10
44
 20
-31.00002540005073
  0
LWPOLYLINE
  5
41b
330
1F
100
AcDbEntity
  8
TopLayer
100
AcDbPolyline
 90
2
 70
 0
 43
0.38100076200152405 
 10
49.72999745999505
 20
-27.000025400050845
 10
49.72999745999505
 20
-21.460020320040712
 10
45.27000254000518
 20
-17.00002540005073
  0
LWPOLYLINE
  5
41c
330
1F
100
AcDbEntity
  8
TopLayer
100
AcDbPolyline
 90
1
 70
 0
 43
0.38100076200152405 
 10
7.729997459995047
 20
-28.000025400050845
 10
7.729997459995047
 20
-23.000025400050845
  0
LWPOLYLINE
  5
41d
330
1F
100
AcDbEntity
  8
TopLayer
100
AcDbPolyline
 90
2
 70
 0
 43
0.38100076200152405 
 10
8.162560325120694
 20
-9.051079502159041
 10
7.799339598679353
 20
-8.687858775717586
 10
7.799339598679353
 20
-6.949479298958636
  0
LWPOLYLINE
  5
41e
330
1F
100
AcDbEntity
  8
TopLayer
100
AcDbPolyline
 90
5
 70
 0
 43
0.38100076200152405 
 10
30.189992379984915
 20
-40.19001778003553
 10
30.15646431292862
 20
-40.223545847091714
 10
30.15646431292862
 20
-43.75364490728987
 10
21.24257048514096
 20
-52.66753873507753
 10
21.24257048514096
 20
-116.74246888493781
 10
22.500127000253997
 20
-118.00002540005084
  0
LWPOLYLINE
  5
41f
330
1F
100
AcDbEntity
  8
TopLayer
100
AcDbPolyline
 90
1
 70
 0
 43
0.38100076200152405 
 10
7.729997459995047
 20
-28.000025400050845
 10
7.729997459995047
 20
-33.000025400050845
  0
LWPOLYLINE
  5
420
330
1F
100
AcDbEntity
  8
TopLayer
100
AcDbPolyline
 90
2
 70
 0
 43
0.38100076200152405 
 10
7.729997459995047
 20
-33.000025400050845
 10
7.729997459995047
 20
-34.27002794005591
 10
4
 20
-38.000025400050845
  0
LWPOLYLINE
  5
421
330
1F
100
AcDbEntity
  8
TopLayer
100
AcDbPolyline
 90
1
 70
 0
 43
6.102006604013209 
 10
50.00000000000023
 20
-123.00000000000011
 10
50.00000000000023
 20
-56.000000000000114
  0
LWPOLYLINE
  5
422
330
1F
100
AcDbEntity
  8
TopLayer
100
AcDbPolyline
 90
1
 70
 0
 43
6.102006604013209 
 10
34
 20
-123.00000000000011
 10
34
 20
-56.000000000000114
  0
LWPOLYLINE
  5
423
330
1F
100
AcDbEntity
  8
TopLayer
100
AcDbPolyline
 90
1
 70
 0
 43
1 
 10
14
 20
-124.0448056896114
 10
3
 20
-124.0448056896114
  0
LWPOLYLINE
  5
424
330
1F
100
AcDbEntity
  8
TopLayer
100
AcDbPolyline
 90
1
 70
 0
 43
1 
 10
1
 20
-122.03820167640333
 10
12
 20
-122.03820167640333
  0
LWPOLYLINE
  5
425
330
1F
100
AcDbEntity
  8
TopLayer
100
AcDbPolyline
 90
1
 70
 0
 43
1 
 10
14
 20
-120.05699771399554
 10
3
 20
-120.05699771399554
  0
LWPOLYLINE
  5
426
330
1F
100
AcDbEntity
  8
TopLayer
100
AcDbPolyline
 90
1
 70
 0
 43
1 
 10
1
 20
-118.0358648717297
 10
12
 20
-118.0358648717297
  0
LWPOLYLINE
  5
427
330
1F
100
AcDbEntity
  8
TopLayer
100
AcDbPolyline
 90
1
 70
 0
 43
1 
 10
14.000508001015987
 20
-116.02235204470412
 10
2.9997459994920064
 20
-115.99949199898401
  0
LWPOLYLINE
  5
428
330
1F
100
AcDbEntity
  8
TopLayer
100
AcDbPolyline
 90
1
 70
 0
 43
1 
 10
1
 20
-114.02628905257814
 10
12
 20
-114.02628905257814
  0
LWPOLYLINE
  5
429
330
1F
100
AcDbEntity
  8
TopLayer
100
AcDbPolyline
 90
1
 70
 0
 43
1 
 10
14
 20
-112.01244602489203
 10
3
 20
-112.01244602489203
  0
LWPOLYLINE
  5
42a
330
1F
100
AcDbEntity
  8
TopLayer
100
AcDbPolyline
 90
1
 70
 0
 43
1 
 10
1
 20
-110.03484886969773
 10
12
 20
-110.03484886969773
  0
LWPOLYLINE
  5
42b
330
1F
100
AcDbEntity
  8
TopLayer
100
AcDbPolyline
 90
1
 70
 0
 43
1 
 10
14
 20
-108.02100584201173
 10
3
 20
-108.02100584201173
  0
LWPOLYLINE
  5
42c
330
1F
100
AcDbEntity
  8
TopLayer
100
AcDbPolyline
 90
1
 70
 0
 43
1 
 10
1
 20
-106.04343408686816
 10
12
 20
-106.04343408686816
  0
LWPOLYLINE
  5
42d
330
1F
100
AcDbEntity
  8
TopLayer
100
AcDbPolyline
 90
1
 70
 0
 43
1 
 10
14
 20
-104.02956565913144
 10
3
 20
-104.02956565913144
  0
LWPOLYLINE
  5
42e
330
1F
100
AcDbEntity
  8
TopLayer
100
AcDbPolyline
 90
1
 70
 0
 43
1 
 10
1
 20
-102.01008382016767
 10
12
 20
-102.01008382016767
  0
LWPOLYLINE
  5
42f
330
1F
100
AcDbEntity
  8
TopLayer
100
AcDbPolyline
 90
1
 70
 0
 43
1 
 10
14.000508001015987
 20
-100.01270002540014
 10
2.9997459994920064
 20
-100
  0
LWPOLYLINE
  5
430
330
1F
100
AcDbEntity
  8
TopLayer
100
AcDbPolyline
 90
1
 70
 0
 43
1 
 10
1
 20
-98.01381762763526
 10
12
 20
-98.01381762763526
  0
LWPOLYLINE
  5
431
330
1F
100
AcDbEntity
  8
TopLayer
100
AcDbPolyline
 90
1
 70
 0
 43
1 
 10
14
 20
-96.01567183134364
 10
3
 20
-96.01567183134364
  0
LWPOLYLINE
  5
432
330
1F
100
AcDbEntity
  8
TopLayer
100
AcDbPolyline
 90
1
 70
 0
 43
1 
 10
1
 20
-94.00906781813569
 10
12
 20
-94.00906781813569
  0
LWPOLYLINE
  5
433
330
1F
100
AcDbEntity
  8
TopLayer
100
AcDbPolyline
 90
1
 70
 0
 43
1 
 10
14
 20
-91.97706375412747
 10
3
 20
-91.97706375412747
  0
LWPOLYLINE
  5
434
330
1F
100
AcDbEntity
  8
TopLayer
100
AcDbPolyline
 90
1
 70
 0
 43
1 
 10
1
 20
-89.99585979171968
 10
12
 20
-89.99585979171968
  0
LWPOLYLINE
  5
435
330
1F
100
AcDbEntity
  8
TopLayer
100
AcDbPolyline
 90
1
 70
 0
 43
1 
 10
14
 20
-88.01465582931166
 10
3
 20
-88.01465582931166
  0
LWPOLYLINE
  5
436
330
1F
100
AcDbEntity
  8
TopLayer
100
AcDbPolyline
 90
1
 70
 0
 43
1 
 10
1
 20
-86.0080518161036
 10
12
 20
-86.0080518161036
  0
LWPOLYLINE
  5
437
330
1F
100
AcDbEntity
  8
TopLayer
100
AcDbPolyline
 90
1
 70
 0
 43
1 
 10
14
 20
-84.02684785369581
 10
3
 20
-84.02684785369581
  0
LWPOLYLINE
  5
438
330
1F
100
AcDbEntity
  8
TopLayer
100
AcDbPolyline
 90
1
 70
 0
 43
1 
 10
1
 20
-81.9948437896876
 10
12
 20
-81.9948437896876
  0
LWPOLYLINE
  5
439
330
1F
100
AcDbEntity
  8
TopLayer
100
AcDbPolyline
 90
1
 70
 0
 43
1 
 10
14.000508001015987
 20
-80.01270002540014
 10
2.9997459994920064
 20
-80
  0
LWPOLYLINE
  5
43a
330
1F
100
AcDbEntity
  8
TopLayer
100
AcDbPolyline
 90
1
 70
 0
 43
1 
 10
1
 20
-78.02494284988575
 10
12
 20
-78.02494284988575
  0
LWPOLYLINE
  5
43b
330
1F
100
AcDbEntity
  8
TopLayer
100
AcDbPolyline
 90
1
 70
 0
 43
1 
 10
14.000508001015987
 20
-75.99187198374398
 10
2.9997459994920064
 20
-75.99949199898401
  0
LWPOLYLINE
  5
43c
330
1F
100
AcDbEntity
  8
TopLayer
100
AcDbPolyline
 90
1
 70
 0
 43
1 
 10
1
 20
-74.01534163068334
 10
12
 20
-74.01534163068334
  0
LWPOLYLINE
  5
43d
330
1F
100
AcDbEntity
  8
TopLayer
100
AcDbPolyline
 90
1
 70
 0
 43
1 
 10
14.000508001015987
 20
-72.01930403860808
 10
2.9997459994920064
 20
-71.99898399796803
  0
LWPOLYLINE
  5
43e
330
1F
100
AcDbEntity
  8
TopLayer
100
AcDbPolyline
 90
1
 70
 0
 43
1 
 10
1
 20
-69.98763017526039
 10
12
 20
-69.98763017526039
  0
LWPOLYLINE
  5
43f
330
1F
100
AcDbEntity
  8
TopLayer
100
AcDbPolyline
 90
1
 70
 0
 43
1 
 10
14
 20
-68.03182626365253
 10
3
 20
-68.03182626365253
  0
LWPOLYLINE
  5
440
330
1F
100
AcDbEntity
  8
TopLayer
100
AcDbPolyline
 90
1
 70
 0
 43
1 
 10
1
 20
-66.02522225044447
 10
12
 20
-66.02522225044447
  0
LWPOLYLINE
  5
441
330
1F
100
AcDbEntity
  8
TopLayer
100
AcDbPolyline
 90
2
 70
 0
 43
1 
 10
14.000508001015987
 20
-63.992887985776065
 10
10.109220218440441
 20
-63.992887985776065
 10
2.9997459994920064
 20
-63.992887985776065
  0
LWPOLYLINE
  5
442
330
1F
100
AcDbEntity
  8
TopLayer
100
AcDbPolyline
 90
5
 70
 0
 43
1 
 10
4.000508001015987
 20
-55.99949199898401
 10
2.9997459994920064
 20
-55.99949199898401
 10
1.0007620015239809
 20
-58.001016002031974
 10
1.0007620015239809
 20
-64.50596901193808
 10
1.0007620015239809
 20
-125.99949199898401
 10
11.998983997968026
 20
-125.99949199898401
  0
LWPOLYLINE
  5
443
330
1F
100
AcDbEntity
  8
BottomLayer
100
AcDbPolyline
 90
3
 70
 0
 43
0.25400050800101603 
 10
5.407924815849583
 20
-31.592125984251993
 10
17.22479044958095
 20
-31.592125984251993
 10
18.632664465328844
 20
-33
 10
19
 20
-33
  0
LWPOLYLINE
  5
444
330
1F
100
AcDbEntity
  8
BottomLayer
100
AcDbPolyline
 90
2
 70
 0
 43
0.38100076200152405 
 10
16.992633985267958
 20
-29.006858013716055
 10
29
 20
-29
 10
30
 20
-28
  0
LWPOLYLINE
  5
445
330
1F
100
AcDbEntity
  8
BottomLayer
100
AcDbPolyline
 90
1
 70
 0
 43
0.25400050800101603 
 10
47
 20
-27
 10
45
 20
-29
  0
LWPOLYLINE
  5
446
330
1F
100
AcDbEntity
  8
BottomLayer
100
AcDbPolyline
 90
3
 70
 0
 43
0.25400050800101603 
 10
38.43002286004571
 20
-11.879984759969489
 10
45.8799847599696
 20
-11.879984759969489
 10
48
 20
-14
 10
48
 20
-22
  0
LWPOLYLINE
  5
447
330
1F
100
AcDbEntity
  8
BottomLayer
100
AcDbPolyline
 90
5
 70
 0
 43
0.25400050800101603 
 10
38
 20
-35.00002540005073
 10
36.500127000254
 20
-33.50015240030484
 10
36.500127000254
 20
-30.528600457200923
 10
32.185674371348796
 20
-26.214147828295722
 10
29.174244348488855
 20
-26.214147828295722
 10
27.960121920243864
 20
-25.000025400050845
  0
LWPOLYLINE
  5
448
330
1F
100
AcDbEntity
  8
BottomLayer
100
AcDbPolyline
 90
2
 70
 0
 43
0.25400050800101603 
 10
16
 20
-35
 10
13
 20
-35
 10
12
 20
-34.000000000000114
  0
LWPOLYLINE
  5
449
330
1F
100
AcDbEntity
  8
BottomLayer
100
AcDbPolyline
 90
2
 70
 0
 43
0.38100076200152405 
 10
11.61950723901441
 20
-9.880619761239586
 10
11.61950723901441
 20
-19.354838709677438
 10
11.5
 20
-19.5
  0
LWPOLYLINE
  5
44a
330
1F
100
AcDbEntity
  8
BottomLayer
100
AcDbPolyline
 90
2
 70
 0
 43
0.38100076200152405 
 10
7.729997459995047
 20
-23.01244602489203
 10
9
 20
-19.5
 10
11.5
 20
-19.5
  0
LWPOLYLINE
  5
44b
330
1F
100
AcDbEntity
  8
BottomLayer
100
AcDbPolyline
 90
1
 70
 0
 43
0.25400050800101603 
 10
15
 20
-47.000000000000114
 10
18
 20
-44
  0
LWPOLYLINE
  5
44c
330
1F
100
AcDbEntity
  8
BottomLayer
100
AcDbPolyline
 90
2
 70
 0
 43
0.25400050800101603 
 10
5.407924815849583
 20
-31.592100584201148
 10
5.407924815849583
 20
-25.40998221996449
 10
3.9989839979680255
 20
-24.00104140208282
  0
LWPOLYLINE
  5
44d
330
1F
100
AcDbEntity
  8
BottomLayer
100
AcDbPolyline
 90
1
 70
 0
 43
0.25400050800101603 
 10
4
 20
-33.000025400050845
 10
5.407924815849583
 20
-31.592100584201148
  0
LWPOLYLINE
  5
44e
330
1F
100
AcDbEntity
  8
BottomLayer
100
AcDbPolyline
 90
3
 70
 0
 43
0.25400050800101603 
 10
17.0695961391923
 20
-30.57711455422907
 10
26.466344932689935
 20
-30.57711455422907
 10
30.889255778511597
 20
-35.00002540005073
 10
35
 20
-35.00002540005073
  0
LWPOLYLINE
  5
44f
330
1F
100
AcDbEntity
  8
BottomLayer
100
AcDbPolyline
 90
3
 70
 0
 43
0.25400050800101603 
 10
35
 20
-31.00002540005073
 10
33.62306324612655
 20
-29.62308864617728
 10
17.964439928879983
 20
-29.62308864617728
 10
17.59639319278631
 20
-29.99113538227084
  0
LWPOLYLINE
  5
450
330
1F
100
AcDbEntity
  8
BottomLayer
100
AcDbPolyline
 90
2
 70
 0
 43
0.25400050800101603 
 10
30.860553721107408
 20
-41.62791465582927
 10
21.627889255778655
 20
-41.62791465582927
 10
18
 20
-38.000025400050845
  0
LWPOLYLINE
  5
451
330
1F
100
AcDbEntity
  8
BottomLayer
100
AcDbPolyline
 90
1
 70
 0
 43
0.25400050800101603 
 10
9
 20
-44.00002540005073
 10
4
 20
-44.00002540005073
  0
LWPOLYLINE
  5
452
330
1F
100
AcDbEntity
  8
BottomLayer
100
AcDbPolyline
 90
1
 70
 0
 43
0.25400050800101603 
 10
13
 20
-44.00002540005073
 10
9
 20
-44.00002540005073
  0
LWPOLYLINE
  5
453
330
1F
100
AcDbEntity
  8
BottomLayer
100
AcDbPolyline
 90
4
 70
 0
 43
0.25400050800101603 
 10
13
 20
-44.00002540005073
 10
14.786385572771223
 20
-42.21363982727962
 10
31.10337820675636
 20
-42.21363982727962
 10
32.72999745999505
 20
-40.58702057404116
 10
32.72999745999505
 20
-40.19001778003553
  0
LWPOLYLINE
  5
454
330
1F
100
AcDbEntity
  8
BottomLayer
100
AcDbPolyline
 90
4
 70
 0
 43
0.25400050800101603 
 10
52
 20
-30.000025400050845
 10
51
 20
-29.000025400050845
 10
51
 20
-26.301778003556024
 10
46.69824739649471
 20
-22.00002540005073
 10
45.98425196850394
 20
-22.00002540005073
  0
LWPOLYLINE
  5
455
330
1F
100
AcDbEntity
  8
BottomLayer
100
AcDbPolyline
 90
1
 70
 0
 43
0.25400050800101603 
 10
45.98425196850394
 20
-22.00002540005073
 10
45.27000254000518
 20
-22.00002540005073
  0
LWPOLYLINE
  5
456
330
1F
100
AcDbEntity
  8
BottomLayer
100
AcDbPolyline
 90
6
 70
 0
 43
0.25400050800101603 
 10
45.98425196850394
 20
-22.00002540005073
 10
45.64211328422675
 20
-22.00002540005073
 10
41.49428498857014
 20
-17.852197104394236
 10
41.49428498857014
 20
-15.820701041402003
 10
38.97510795021594
 20
-13.30152400304803
 10
28.976885953772126
 20
-13.30152400304803
 10
18.77038354076717
 20
-23.50802641605287
  0
LWPOLYLINE
  5
457
330
1F
100
AcDbEntity
  8
BottomLayer
100
AcDbPolyline
 90
2
 70
 0
 43
0.25400050800101603 
 10
22.500127000253997
 20
-110.00002540005084
 10
20
 20
-107.49989839979685
 10
20
 20
-54
  0
LWPOLYLINE
  5
458
330
1F
100
AcDbEntity
  8
BottomLayer
100
AcDbPolyline
 90
3
 70
 0
 43
0.25400050800101603 
 10
16
 20
-49.000025400050845
 10
18.56286512573024
 20
-46.437160274320604
 10
23.56286512573024
 20
-46.437160274320604
 10
26
 20
-44.00002540005073
  0
LWPOLYLINE
  5
459
330
1F
100
AcDbEntity
  8
BottomLayer
100
AcDbPolyline
 90
6
 70
 0
 43
0.25400050800101603 
 10
45.27000254000518
 20
-42.000025400050845
 10
42.15163830327674
 20
-38.88166116332229
 10
34.783591567183294
 20
-38.88166116332229
 10
34
 20
-39.66525273050547
 10
34
 20
-40.688874777749675
 10
30.688849377698716
 20
-44.00002540005073
 10
26
 20
-44.00002540005073
  0
LWPOLYLINE
  5
45a
330
1F
100
AcDbEntity
  8
BottomLayer
100
AcDbPolyline
 90
2
 70
 0
 43
0.25400050800101603 
 10
37.81000762001531
 20
-40.19001778003553
 10
44.6200152400304
 20
-47.000025400050845
 10
45.27000254000518
 20
-47.000025400050845
  0
LWPOLYLINE
  5
45b
330
1F
100
AcDbEntity
  8
BottomLayer
100
AcDbPolyline
 90
2
 70
 0
 43
0.25400050800101603 
 10
35.27000254000518
 20
-40.19001778003553
 10
35.27000254000518
 20
-45.27002794005591
 10
34.83489966979937
 20
-45.70513081026161
  0
LWPOLYLINE
  5
45c
330
1F
100
AcDbEntity
  8
BottomLayer
100
AcDbPolyline
 90
1
 70
 0
 43
0.25400050800101603 
 10
34.83489966979937
 20
-45.70513081026161
 10
32.72999745999505
 20
-47.810033020066044
  0
LWPOLYLINE
  5
45d
330
1F
100
AcDbEntity
  8
BottomLayer
100
AcDbPolyline
 90
1
 70
 0
 43
0.25400050800101603 
 10
13
 20
-38.000025400050845
 10
9
 20
-38.000025400050845
  0
LWPOLYLINE
  5
45e
330
1F
100
AcDbEntity
  8
BottomLayer
100
AcDbPolyline
 90
8
 70
 0
 43
0.25400050800101603 
 10
18.72999745999482
 20
-49.000025400050845
 10
17.749047498095024
 20
-49.980975361950755
 10
11.014986029972079
 20
-49.980975361950755
 10
6.557531115062147
 20
-45.52352044704094
 10
3.5824231648462046
 20
-45.52352044704094
 10
2.719075438150867
 20
-44.660172720345486
 10
2.719075438150867
 20
-43.469418338836704
 10
8.188468376936726
 20
-38.000025400050845
 10
9
 20
-38.000025400050845
  0
LWPOLYLINE
  5
45f
330
1F
100
AcDbEntity
  8
BottomLayer
100
AcDbPolyline
 90
7
 70
 0
 43
0.25400050800101603 
 10
34.83489966979937
 20
-45.70513081026161
 10
36.54000508001013
 20
-47.41049022098048
 10
36.54000508001013
 20
-48.28628397256796
 10
34.451866903733844
 20
-50.374422148844246
 10
20.104648209296556
 20
-50.374422148844246
 10
19.417322834645574
 20
-49.687096774193606
 10
19.41706883413758
 20
-49.687096774193606
 10
18.72999745999482
 20
-49.000025400050845
  0
LWPOLYLINE
  5
460
330
1F
100
AcDbEntity
  8
BottomLayer
100
AcDbPolyline
 90
3
 70
 0
 43
0.25400050800101603 
 10
22
 20
-38.000025400050845
 10
23.42214884429768
 20
-36.57787655575305
 10
36.35407670815357
 20
-36.57787655575305
 10
36.500127000254
 20
-36.723926847853704
  0
LWPOLYLINE
  5
461
330
1F
100
AcDbEntity
  8
BottomLayer
100
AcDbPolyline
 90
4
 70
 0
 43
0.25400050800101603 
 10
52
 20
-39.000025400050845
 10
50.06400812801621
 20
-39.000025400050845
 10
39.8890017780036
 20
-28.825019050038122
 10
39.8890017780036
 20
-15.878867157734362
 10
38.43002286004571
 20
-14.41988823977647
  0
LWPOLYLINE
  5
462
330
1F
100
AcDbEntity
  8
BottomLayer
100
AcDbPolyline
 90
2
 70
 0
 43
0.25400050800101603 
 10
15.56997713995429
 20
-11.879883159766337
 10
20.256794513589057
 20
-7.193065786131683
 10
37.09321818643639
 20
-7.193065786131683
  0
LWPOLYLINE
  5
463
330
1F
100
AcDbEntity
  8
BottomLayer
100
AcDbPolyline
 90
3
 70
 0
 43
0.25400050800101603 
 10
50.54000508001013
 20
2.999974599949155
 10
39.52984505969016
 20
-8.010185420370817
 10
27.059690119380093
 20
-8.010185420370817
 10
15.56997713995429
 20
-19.499898399796848
  0
LWPOLYLINE
  5
464
330
1F
100
AcDbEntity
  8
BottomLayer
100
AcDbPolyline
 90
7
 70
 0
 43
0.25400050800101603 
 10
48
 20
2.999974599949155
 10
49.174244348488855
 20
4.174218948437897
 10
50.98348996697996
 20
4.174218948437897
 10
51.67970535941072
 20
3.4780035560071383
 10
51.67970535941072
 20
2.2758191516381885
 10
38.816611633223374
 20
-10.587274574549156
 10
27.022606045212115
 20
-10.587274574549156
 10
15.56997713995429
 20
-22.03990347980698
  0
LWPOLYLINE
  5
465
330
1F
100
AcDbEntity
  8
BottomLayer
100
AcDbPolyline
 90
2
 70
 0
 43
0.38100076200152405 
 10
38.43002286004571
 20
-6.799872999745958
 10
37.22021844043684
 20
-5.590068580137199
 10
7.729997459995047
 20
-5.590068580137199
  0
LWPOLYLINE
  5
466
330
1F
100
AcDbEntity
  8
BottomLayer
100
AcDbPolyline
 90
3
 70
 0
 43
0.38100076200152405 
 10
7.729997459995047
 20
-5.590068580137199
 10
6.949453898907905
 20
-4.8095250190500565
 10
6.949453898907905
 20
3.449301498603063
 10
8.500127000253997
 20
4.999974599949269
  0
LWPOLYLINE
  5
467
330
1F
100
AcDbEntity
  8
BottomLayer
100
AcDbPolyline
 90
3
 70
 0
 43
0.38100076200152405 
 10
7.729997459995047
 20
-5.590068580137199
 10
7.363474726949335
 20
-5.956591313182685
 10
7.363474726949335
 20
-12.63350266700536
 10
7.729997459995047
 20
-13.000025400050731
  0
LWPOLYLINE
  5
468
330
1F
100
AcDbEntity
  8
BottomLayer
100
AcDbPolyline
 90
2
 70
 0
 43
0.38100076200152405 
 10
4
 20
-9.000025400050845
 10
4
 20
4.499847599695272
 10
8.500127000253997
 20
8.999974599949155
  0
LWPOLYLINE
  5
469
330
1F
100
AcDbEntity
  8
BottomLayer
100
AcDbPolyline
 90
1
 70
 0
 43
0.38100076200152405 
 10
5.510287020573969
 20
-18.000025400050845
 10
7.729997459995047
 20
-18.000025400050845
  0
LWPOLYLINE
  5
46a
330
1F
100
AcDbEntity
  8
BottomLayer
100
AcDbPolyline
 90
2
 70
 0
 43
0.38100076200152405 
 10
3.9989839979680255
 20
-18.00104140208282
 10
5.509271018541995
 20
-18.00104140208282
 10
5.510287020573969
 20
-18.000025400050845
  0
LWPOLYLINE
  5
46b
330
1F
100
AcDbEntity
  8
BottomLayer
100
AcDbPolyline
 90
2
 70
 0
 43
0.38100076200152405 
 10
5.510287020573969
 20
-18.000025400050845
 10
5.510287020573969
 20
-10.510312420624928
 10
4
 20
-9.000025400050845
  0
LWPOLYLINE
  5
46c
330
1F
100
AcDbEntity
  8
BottomLayer
100
AcDbPolyline
 90
2
 70
 0
 43
0.25400050800101603 
 10
38.43002286004571
 20
-22.03990347980698
 10
25.840233680467463
 20
-22.03990347980698
 10
22.88011176022337
 20
-25.000025400050845
  0
LWPOLYLINE
  5
46d
330
1F
100
AcDbEntity
  8
BottomLayer
100
AcDbPolyline
 90
2
 70
 0
 43
0.38100076200152405 
 10
44
 20
-31.00002540005073
 10
45.72999745999482
 20
-31.00002540005073
 10
49.72999745999505
 20
-27.000025400050845
  0
LWPOLYLINE
  5
46e
330
1F
100
AcDbEntity
  8
BottomLayer
100
AcDbPolyline
 90
2
 70
 0
 43
0.38100076200152405 
 10
44
 20
-35.00002540005073
 10
43.97917195834384
 20
-35.00002540005073
 10
42.10414020828057
 20
-33.12473964947935
  0
LWPOLYLINE
  5
46f
330
1F
100
AcDbEntity
  8
BottomLayer
100
AcDbPolyline
 90
2
 70
 0
 43
0.38100076200152405 
 10
42.10414020828057
 20
-33.12473964947935
 10
33.97917195834384
 20
-25.000025400050845
 10
30.500127000253997
 20
-25.000025400050845
  0
LWPOLYLINE
  5
470
330
1F
100
AcDbEntity
  8
BottomLayer
100
AcDbPolyline
 90
2
 70
 0
 43
0.38100076200152405 
 10
15.56997713995429
 20
-6.799872999745958
 10
12.498348996698041
 20
-9.871501143002206
 10
11.61950723901441
 20
-9.871501143002206
  0
LWPOLYLINE
  5
471
330
1F
100
AcDbEntity
  8
BottomLayer
100
AcDbPolyline
 90
2
 70
 0
 43
0.38100076200152405 
 10
11.61950723901441
 20
-9.871501143002206
 10
8.982981965963972
 20
-9.871501143002206
 10
8.162560325120694
 20
-9.051079502159041
  0
LWPOLYLINE
  5
472
330
1F
100
AcDbEntity
  8
BottomLayer
100
AcDbPolyline
 90
5
 70
 0
 43
0.38100076200152405 
 10
42.10414020828057
 20
-33.12473964947935
 10
37.46812293624589
 20
-37.7607569215138
 10
32.61925323850642
 20
-37.7607569215138
 10
30.470154940310067
 20
-39.909855219710494
 10
30.189992379984915
 20
-39.909855219710494
 10
30.189992379984915
 20
-40.19001778003553
  0
LWPOLYLINE
  5
473
330
1F
100
AcDbEntity
  8
BottomLayer
100
AcDbPolyline
 90
1
 70
 0
 43
6.102006604013209 
 10
50.00000000000023
 20
-123.00000000000011
 10
50.00000000000023
 20
-56.000000000000114
  0
LWPOLYLINE
  5
474
330
1F
100
AcDbEntity
  8
BottomLayer
100
AcDbPolyline
 90
1
 70
 0
 43
6.102006604013209 
 10
34
 20
-123.00000000000011
 10
34
 20
-56.000000000000114
  0
LWPOLYLINE
  5
475
330
1F
100
AcDbEntity
  8
BottomLayer
100
AcDbPolyline
 90
5
 70
 0
 43
1 
 10
4
 20
-56.000000000000114
 10
2.999237998476019
 20
-56.000000000000114
 10
1.0002540005079936
 20
-58.00152400304796
 10
1.0002540005079936
 20
-64.50647701295406
 10
1.0002540005079936
 20
-126
 10
11.998475996952038
 20
-126
  0
LWPOLYLINE
  5
476
330
1F
100
AcDbEntity
  8
BottomLayer
100
AcDbPolyline
 90
3
 70
 0
 43
1 
 10
10.999491998984013
 20
-56.0005080010161
 10
11.999491998984013
 20
-56.0005080010161
 10
13.999491998984013
 20
-58.00050800101599
 10
13.999491998984013
 20
-126.00050800101599
  0
LWPOLYLINE
  5
477
330
1F
100
AcDbEntity
  8
BottomLayer
100
AcDbPolyline
 90
1
 70
 0
 43
1 
 10
13.999466598933168
 20
-124.04533909067823
 10
2.9994919989840128
 20
-124.04533909067823
  0
LWPOLYLINE
  5
478
330
1F
100
AcDbEntity
  8
BottomLayer
100
AcDbPolyline
 90
1
 70
 0
 43
1 
 10
0.9994919989840128
 20
-122.03870967741932
 10
11.999466598933168
 20
-122.03870967741932
  0
LWPOLYLINE
  5
479
330
1F
100
AcDbEntity
  8
BottomLayer
100
AcDbPolyline
 90
1
 70
 0
 43
1 
 10
13.999466598933168
 20
-120.05748031496069
 10
2.9994919989840128
 20
-120.05748031496069
  0
LWPOLYLINE
  5
47a
330
1F
100
AcDbEntity
  8
BottomLayer
100
AcDbPolyline
 90
1
 70
 0
 43
1 
 10
0.9994919989840128
 20
-118.03639827279653
 10
11.999466598933168
 20
-118.03639827279653
  0
LWPOLYLINE
  5
47b
330
1F
100
AcDbEntity
  8
BottomLayer
100
AcDbPolyline
 90
1
 70
 0
 43
1 
 10
13.999466598933168
 20
-116.02255524511054
 10
2.9994919989840128
 20
-116.00048260096526
  0
LWPOLYLINE
  5
47c
330
1F
100
AcDbEntity
  8
BottomLayer
100
AcDbPolyline
 90
1
 70
 0
 43
1 
 10
0.9994919989840128
 20
-114.02677165354339
 10
11.999466598933168
 20
-114.02677165354339
  0
LWPOLYLINE
  5
47d
330
1F
100
AcDbEntity
  8
BottomLayer
100
AcDbPolyline
 90
1
 70
 0
 43
1 
 10
13.999466598933168
 20
-112.01292862585728
 10
2.9994919989840128
 20
-112.01292862585728
  0
LWPOLYLINE
  5
47e
330
1F
100
AcDbEntity
  8
BottomLayer
100
AcDbPolyline
 90
1
 70
 0
 43
1 
 10
0.9994919989840128
 20
-110.03538227076456
 10
11.999466598933168
 20
-110.03538227076456
  0
LWPOLYLINE
  5
47f
330
1F
100
AcDbEntity
  8
BottomLayer
100
AcDbPolyline
 90
1
 70
 0
 43
1 
 10
13.999466598933168
 20
-108.02153924307856
 10
2.9994919989840128
 20
-108.02153924307856
  0
LWPOLYLINE
  5
480
330
1F
100
AcDbEntity
  8
BottomLayer
100
AcDbPolyline
 90
1
 70
 0
 43
1 
 10
0.9994919989840128
 20
-106.04391668783342
 10
11.999466598933168
 20
-106.04391668783342
  0
LWPOLYLINE
  5
481
330
1F
100
AcDbEntity
  8
BottomLayer
100
AcDbPolyline
 90
1
 70
 0
 43
1 
 10
13.999466598933168
 20
-104.03009906019815
 10
2.9994919989840128
 20
-104.03009906019815
  0
LWPOLYLINE
  5
482
330
1F
100
AcDbEntity
  8
BottomLayer
100
AcDbPolyline
 90
1
 70
 0
 43
1 
 10
0.9994919989840128
 20
-102.0106172212345
 10
11.999466598933168
 20
-102.0106172212345
  0
LWPOLYLINE
  5
483
330
1F
100
AcDbEntity
  8
BottomLayer
100
AcDbPolyline
 90
1
 70
 0
 43
1 
 10
13.999466598933168
 20
-100.01247142494287
 10
2.9994919989840128
 20
-100.0005080010161
  0
LWPOLYLINE
  5
484
330
1F
100
AcDbEntity
  8
BottomLayer
100
AcDbPolyline
 90
1
 70
 0
 43
1 
 10
0.9994919989840128
 20
-98.01432562865125
 10
11.999466598933168
 20
-98.01432562865125
  0
LWPOLYLINE
  5
485
330
1F
100
AcDbEntity
  8
BottomLayer
100
AcDbPolyline
 90
1
 70
 0
 43
1 
 10
13.999466598933168
 20
-96.01617983235963
 10
2.9994919989840128
 20
-96.01617983235963
  0
LWPOLYLINE
  5
486
330
1F
100
AcDbEntity
  8
BottomLayer
100
AcDbPolyline
 90
1
 70
 0
 43
1 
 10
0.9994919989840128
 20
-94.00960121920252
 10
11.999466598933168
 20
-94.00960121920252
  0
LWPOLYLINE
  5
487
330
1F
100
AcDbEntity
  8
BottomLayer
100
AcDbPolyline
 90
1
 70
 0
 43
1 
 10
13.999466598933168
 20
-91.9775971551943
 10
2.9994919989840128
 20
-91.9775971551943
  0
LWPOLYLINE
  5
488
330
1F
100
AcDbEntity
  8
BottomLayer
100
AcDbPolyline
 90
1
 70
 0
 43
1 
 10
0.9994919989840128
 20
-89.99636779273567
 10
11.999466598933168
 20
-89.99636779273567
  0
LWPOLYLINE
  5
489
330
1F
100
AcDbEntity
  8
BottomLayer
100
AcDbPolyline
 90
1
 70
 0
 43
1 
 10
13.999466598933168
 20
-88.01516383032765
 10
2.9994919989840128
 20
-88.01516383032765
  0
LWPOLYLINE
  5
48a
330
1F
100
AcDbEntity
  8
BottomLayer
100
AcDbPolyline
 90
1
 70
 0
 43
1 
 10
0.9994919989840128
 20
-86.00858521717043
 10
11.999466598933168
 20
-86.00858521717043
  0
LWPOLYLINE
  5
48b
330
1F
100
AcDbEntity
  8
BottomLayer
100
AcDbPolyline
 90
1
 70
 0
 43
1 
 10
13.999466598933168
 20
-84.0273558547118
 10
2.9994919989840128
 20
-84.0273558547118
  0
LWPOLYLINE
  5
48c
330
1F
100
AcDbEntity
  8
BottomLayer
100
AcDbPolyline
 90
1
 70
 0
 43
1 
 10
0.9994919989840128
 20
-81.9953517907037
 10
11.999466598933168
 20
-81.9953517907037
  0
LWPOLYLINE
  5
48d
330
1F
100
AcDbEntity
  8
BottomLayer
100
AcDbPolyline
 90
1
 70
 0
 43
1 
 10
13.999466598933168
 20
-80.01414782829568
 10
2.9994919989840128
 20
-80.00050800101599
  0
LWPOLYLINE
  5
48e
330
1F
100
AcDbEntity
  8
BottomLayer
100
AcDbPolyline
 90
1
 70
 0
 43
1 
 10
0.9994919989840128
 20
-78.02542545085089
 10
11.999466598933168
 20
-78.02542545085089
  0
LWPOLYLINE
  5
48f
330
1F
100
AcDbEntity
  8
BottomLayer
100
AcDbPolyline
 90
1
 70
 0
 43
1 
 10
13.999466598933168
 20
-75.99342138684278
 10
2.9994919989840128
 20
-76.00048260096526
  0
LWPOLYLINE
  5
490
330
1F
100
AcDbEntity
  8
BottomLayer
100
AcDbPolyline
 90
1
 70
 0
 43
1 
 10
0.9994919989840128
 20
-74.01584963169933
 10
11.999466598933168
 20
-74.01584963169933
  0
LWPOLYLINE
  5
491
330
1F
100
AcDbEntity
  8
BottomLayer
100
AcDbPolyline
 90
1
 70
 0
 43
1 
 10
13.999466598933168
 20
-72.02014224028449
 10
2.9994919989840128
 20
-72.00053340106683
  0
LWPOLYLINE
  5
492
330
1F
100
AcDbEntity
  8
BottomLayer
100
AcDbPolyline
 90
1
 70
 0
 43
1 
 10
0.9994919989840128
 20
-69.98813817627638
 10
11.999466598933168
 20
-69.98813817627638
  0
LWPOLYLINE
  5
493
330
1F
100
AcDbEntity
  8
BottomLayer
100
AcDbPolyline
 90
1
 70
 0
 43
1 
 10
13.999466598933168
 20
-68.03233426466852
 10
2.9994919989840128
 20
-68.03233426466852
  0
LWPOLYLINE
  5
494
330
1F
100
AcDbEntity
  8
BottomLayer
100
AcDbPolyline
 90
1
 70
 0
 43
1 
 10
0.9994919989840128
 20
-66.0257556515113
 10
11.999466598933168
 20
-66.0257556515113
  0
LWPOLYLINE
  5
495
330
1F
100
AcDbEntity
  8
BottomLayer
100
AcDbPolyline
 90
2
 70
 0
 43
1 
 10
13.999466598933168
 20
-63.9937515875032
 10
10.10797561595109
 20
-63.9937515875032
 10
2.9994919989840128
 20
-63.9937515875032
  0
LWPOLYLINE
  5
496
330
1F
100
AcDbEntity
  8
BottomSilkLayer
100
AcDbPolyline
 90
4
 70
 1
 43
0.25400050800101603 
 10
6.500025400050845
 20
-14.5
 10
11.5
 20
-14.5
 10
11.5
 20
-24.5
 10
6.500025400050845
 20
-24.5
 10
6.500025400050845
 20
-14.5
  0
LWPOLYLINE
  5
497
330
1F
100
AcDbEntity
  8
BottomSilkLayer
100
AcDbPolyline
 90
7
 70
 1
 43
0.25400050800101603 
 10
14.843408686817384
 20
9.22999745999482
 10
14.843408686817384
 20
11.770002540005066
 10
17.129413258826617
 20
11.770002540005066
 10
20.177419354838776
 20
11.770002540005066
 10
27.5713995427991
 20
11.770002540005066
 10
27.543434086868274
 20
11.770002540005066
 10
27.543434086868274
 20
9.22999745999482
 10
14.843408686817384
 20
9.22999745999482
  0
LWPOLYLINE
  5
498
330
1F
100
AcDbEntity
  8
TopSilkLayer
100
AcDbPolyline
 90
4
 70
 1
 43
0.25400050800101603 
 10
8.14935229870457
 20
-7.549403098806238
 10
8.14935229870457
 20
-4.449326898653794
 10
9.849377698755461
 20
-4.449326898653794
 10
9.849377698755461
 20
-7.549403098806238
 10
8.14935229870457
 20
-7.549403098806238
  0
LWPOLYLINE
  5
499
330
1F
100
AcDbEntity
  8
BottomSilkLayer
100
AcDbPolyline
 90
4
 70
 1
 43
0.25400050800101603 
 10
34.69100838201666
 20
-26.905003810007656
 10
34.69100838201666
 20
-10.905003810007656
 10
18.691008382016662
 20
-10.905003810007656
 10
18.691008382016662
 20
-26.905003810007656
 10
34.69100838201666
 20
-26.905003810007656
  0
LWPOLYLINE
  5
49a
330
1F
100
AcDbEntity
  8
BottomSilkLayer
100
AcDbPolyline
 90
1
 70
 0
 43
0.25400050800101603 
 10
6.7000000000000455
 20
-1.050012700025377
 10
6.7000000000000455
 20
11.049987299974532
  0
LWPOLYLINE
  5
49b
330
1F
100
AcDbEntity
  8
BottomSilkLayer
100
AcDbPolyline
 90
3
 70
 0
 43
0.25400050800101603 
 10
6.7000000000000455
 20
11.049987299974532
 10
10.299999999999955
 20
11.049987299974532
 10
10.299999999999955
 20
-1.050012700025377
 10
6.7000000000000455
 20
-1.050012700025377
  0
LWPOLYLINE
  5
49c
330
1F
100
AcDbEntity
  8
TopSilkLayer
100
AcDbPolyline
 90
1
 70
 0
 43
0.25400050800101603 
 10
36.5
 20
-28.07000254000502
 10
17.47500635001279
 20
-28.135991871983833
  0
LWPOLYLINE
  5
49d
330
1F
100
AcDbEntity
  8
TopSilkLayer
100
AcDbPolyline
 90
1
 70
 0
 43
0.25400050800101603 
 10
40.49994919989854
 20
7.929972059944134
 10
40.49994919989854
 20
-24.070002540005135
  0
LWPOLYLINE
  5
49e
330
1F
100
AcDbEntity
  8
TopSilkLayer
100
AcDbPolyline
 90
1
 70
 0
 43
0.25400050800101603 
 10
36.5
 20
11.929921259842558
 10
17.5
 20
11.929921259842558
  0
LWPOLYLINE
  5
49f
330
1F
100
AcDbEntity
  8
TopSilkLayer
100
AcDbPolyline
 90
1
 70
 0
 43
0.25400050800101603 
 10
13.50005080010169
 20
-24.070002540005135
 10
13.50005080010169
 20
7.929972059944134
  0
LWPOLYLINE
  5
4a0
330
1F
100
AcDbEntity
  8
TopSilkLayer
100
AcDbPolyline
 90
4
 70
 1
 43
0.25400050800101603 
 10
14.29997459994911
 20
1.0740411480823013
 10
16.83997967995947
 20
1.0740411480823013
 10
16.83997967995947
 20
-1.4659639319278313
 10
14.29997459994911
 20
-1.4659639319278313
 10
14.29997459994911
 20
1.0740411480823013
  0
LWPOLYLINE
  5
4a1
330
1F
100
AcDbEntity
  8
TopSilkLayer
100
AcDbPolyline
 90
1
 70
 0
 43
0.25400050800101603 
 10
10.5
 20
-14.200000000000045
 10
7.5
 20
-14.200000000000045
  0
LWPOLYLINE
  5
4a2
330
1F
100
AcDbEntity
  8
TopSilkLayer
100
AcDbPolyline
 90
1
 70
 0
 43
0.25400050800101603 
 10
7.5
 20
-11.800000000000068
 10
10.5
 20
-11.800000000000068
  0
LWPOLYLINE
  5
4a3
330
1F
100
AcDbEntity
  8
TopSilkLayer
100
AcDbPolyline
 90
1
 70
 0
 43
0.25400050800101603 
 10
10.5
 20
-19.200000000000045
 10
7.5
 20
-19.200000000000045
  0
LWPOLYLINE
  5
4a4
330
1F
100
AcDbEntity
  8
TopSilkLayer
100
AcDbPolyline
 90
1
 70
 0
 43
0.25400050800101603 
 10
7.5
 20
-16.799999999999955
 10
10.5
 20
-16.799999999999955
  0
LWPOLYLINE
  5
4a5
330
1F
100
AcDbEntity
  8
TopSilkLayer
100
AcDbPolyline
 90
1
 70
 0
 43
0.25400050800101603 
 10
7.5
 20
-21.799999999999955
 10
10.5
 20
-21.799999999999955
  0
LWPOLYLINE
  5
4a6
330
1F
100
AcDbEntity
  8
TopSilkLayer
100
AcDbPolyline
 90
1
 70
 0
 43
0.25400050800101603 
 10
10.5
 20
-24.200000000000045
 10
7.5
 20
-24.200000000000045
  0
LWPOLYLINE
  5
4a7
330
1F
100
AcDbEntity
  8
TopSilkLayer
100
AcDbPolyline
 90
1
 70
 0
 43
0.25400050800101603 
 10
10.5
 20
-29.200000000000045
 10
7.5
 20
-29.200000000000045
  0
LWPOLYLINE
  5
4a8
330
1F
100
AcDbEntity
  8
TopSilkLayer
100
AcDbPolyline
 90
1
 70
 0
 43
0.25400050800101603 
 10
7.5
 20
-26.799999999999955
 10
10.5
 20
-26.799999999999955
  0
LWPOLYLINE
  5
4a9
330
1F
100
AcDbEntity
  8
TopSilkLayer
100
AcDbPolyline
 90
1
 70
 0
 43
0.25400050800101603 
 10
42.5
 20
-25.799999999999955
 10
45.5
 20
-25.799999999999955
  0
LWPOLYLINE
  5
4aa
330
1F
100
AcDbEntity
  8
TopSilkLayer
100
AcDbPolyline
 90
1
 70
 0
 43
0.25400050800101603 
 10
45.5
 20
-28.200000000000045
 10
42.5
 20
-28.200000000000045
  0
LWPOLYLINE
  5
4ab
330
1F
100
AcDbEntity
  8
TopSilkLayer
100
AcDbPolyline
 90
1
 70
 0
 43
0.25400050800101603 
 10
7.5
 20
-31.800000000000068
 10
10.5
 20
-31.800000000000068
  0
LWPOLYLINE
  5
4ac
330
1F
100
AcDbEntity
  8
TopSilkLayer
100
AcDbPolyline
 90
1
 70
 0
 43
0.25400050800101603 
 10
10.5
 20
-34.200000000000045
 10
7.5
 20
-34.200000000000045
  0
LWPOLYLINE
  5
4ad
330
1F
100
AcDbEntity
  8
TopSilkLayer
100
AcDbPolyline
 90
1
 70
 0
 43
0.25400050800101603 
 10
18.5
 20
-47.80000000000007
 10
21.5
 20
-47.80000000000007
  0
LWPOLYLINE
  5
4ae
330
1F
100
AcDbEntity
  8
TopSilkLayer
100
AcDbPolyline
 90
1
 70
 0
 43
0.25400050800101603 
 10
21.5
 20
-50.200000000000045
 10
18.5
 20
-50.200000000000045
  0
LWPOLYLINE
  5
4af
330
1F
100
AcDbEntity
  8
TopSilkLayer
100
AcDbPolyline
 90
1
 70
 0
 43
0.25400050800101603 
 10
42.5
 20
-45.80000000000007
 10
45.5
 20
-45.80000000000007
  0
LWPOLYLINE
  5
4b0
330
1F
100
AcDbEntity
  8
TopSilkLayer
100
AcDbPolyline
 90
1
 70
 0
 43
0.25400050800101603 
 10
45.5
 20
-48.19999999999993
 10
42.5
 20
-48.19999999999993
  0
LWPOLYLINE
  5
4b1
330
1F
100
AcDbEntity
  8
TopSilkLayer
100
AcDbPolyline
 90
1
 70
 0
 43
0.25400050800101603 
 10
42.5
 20
-40.80000000000007
 10
45.5
 20
-40.80000000000007
  0
LWPOLYLINE
  5
4b2
330
1F
100
AcDbEntity
  8
TopSilkLayer
100
AcDbPolyline
 90
1
 70
 0
 43
0.25400050800101603 
 10
45.5
 20
-43.200000000000045
 10
42.5
 20
-43.200000000000045
  0
LWPOLYLINE
  5
4b3
330
1F
100
AcDbEntity
  8
TopSilkLayer
100
AcDbPolyline
 90
1
 70
 0
 43
0.25400050800101603 
 10
42.5
 20
-20.800000000000068
 10
45.5
 20
-20.800000000000068
  0
LWPOLYLINE
  5
4b4
330
1F
100
AcDbEntity
  8
TopSilkLayer
100
AcDbPolyline
 90
1
 70
 0
 43
0.25400050800101603 
 10
45.5
 20
-23.200000000000045
 10
42.5
 20
-23.200000000000045
  0
LWPOLYLINE
  5
4b5
330
1F
100
AcDbEntity
  8
TopSilkLayer
100
AcDbPolyline
 90
1
 70
 0
 43
0.25400050800101603 
 10
42.5
 20
-15.800000000000068
 10
45.5
 20
-15.800000000000068
  0
LWPOLYLINE
  5
4b6
330
1F
100
AcDbEntity
  8
TopSilkLayer
100
AcDbPolyline
 90
1
 70
 0
 43
0.25400050800101603 
 10
45.5
 20
-18.200000000000045
 10
42.5
 20
-18.200000000000045
  0
LWPOLYLINE
  5
4b7
330
1F
100
AcDbEntity
  8
TopSilkLayer
100
AcDbPolyline
 90
1
 70
 0
 43
0.25400050800101603 
 10
49.50000000000023
 20
-25.799999999999955
 10
52.5
 20
-25.799999999999955
  0
LWPOLYLINE
  5
4b8
330
1F
100
AcDbEntity
  8
TopSilkLayer
100
AcDbPolyline
 90
1
 70
 0
 43
0.25400050800101603 
 10
52.5
 20
-28.200000000000045
 10
49.50000000000023
 20
-28.200000000000045
  0
LWPOLYLINE
  5
4b9
330
1F
100
AcDbEntity
  8
TopSilkLayer
100
AcDbPolyline
 90
2
 70
 0
 43
0.25400050800101603 
 10
4.926314452628958
 20
-8.189992379984801
 10
5.016002032004053
 20
-8.189992379984801
 10
5.016002032004053
 20
-8.306654813309706
  0
LWPOLYLINE
  5
4ba
330
1F
100
AcDbEntity
  8
TopSilkLayer
100
AcDbPolyline
 90
2
 70
 0
 43
0.25400050800101603 
 10
2.983997967995947
 20
-8.306654813309706
 10
2.983997967995947
 20
-8.189992379984801
 10
3.073685547371042
 20
-8.189992379984801
  0
LWPOLYLINE
  5
4bb
330
1F
100
AcDbEntity
  8
TopSilkLayer
100
AcDbPolyline
 90
1
 70
 0
 43
0.25400050800101603 
 10
2.983997967995947
 20
-9.841249682499324
 10
2.983997967995947
 20
-9.693345186690408
  0
LWPOLYLINE
  5
4bc
330
1F
100
AcDbEntity
  8
TopSilkLayer
100
AcDbPolyline
 90
2
 70
 0
 43
0.25400050800101603 
 10
4.797205994412025
 20
-15.937007874015762
 10
5.016002032004053
 20
-15.937007874015762
 10
5.016002032004053
 20
-15.693345186690408
  0
LWPOLYLINE
  5
4bd
330
1F
100
AcDbEntity
  8
TopSilkLayer
100
AcDbPolyline
 90
2
 70
 0
 43
0.25400050800101603 
 10
2.983997967995947
 20
-15.693345186690408
 10
2.983997967995947
 20
-15.937007874015762
 10
3.2027940055879753
 20
-15.937007874015762
  0
LWPOLYLINE
  5
4be
330
1F
100
AcDbEntity
  8
TopSilkLayer
100
AcDbPolyline
 90
1
 70
 0
 43
0.25400050800101603 
 10
2.983997967995947
 20
-14.306578613157171
 10
2.983997967995947
 20
-9.841249682499324
  0
LWPOLYLINE
  5
4bf
330
1F
100
AcDbEntity
  8
TopSilkLayer
100
AcDbPolyline
 90
1
 70
 0
 43
0.25400050800101603 
 10
5.016002032004053
 20
-14.306654813309592
 10
5.016002032004053
 20
-9.693345186690408
  0
LWPOLYLINE
  5
4c0
330
1F
100
AcDbEntity
  8
TopSilkLayer
100
AcDbPolyline
 90
2
 70
 0
 43
0.25400050800101603 
 10
52.92631445262896
 20
-38.18999237998469
 10
53.01600203200405
 20
-38.18999237998469
 10
53.01600203200405
 20
-38.30665481330959
  0
LWPOLYLINE
  5
4c1
330
1F
100
AcDbEntity
  8
TopSilkLayer
100
AcDbPolyline
 90
2
 70
 0
 43
0.25400050800101603 
 10
50.98399796799595
 20
-38.30665481330959
 10
50.98399796799595
 20
-38.18999237998469
 10
51.07368554737127
 20
-38.18999237998469
  0
LWPOLYLINE
  5
4c2
330
1F
100
AcDbEntity
  8
TopSilkLayer
100
AcDbPolyline
 90
1
 70
 0
 43
0.25400050800101603 
 10
50.98399796799595
 20
-39.84124968249944
 10
50.98399796799595
 20
-39.69334518669041
  0
LWPOLYLINE
  5
4c3
330
1F
100
AcDbEntity
  8
TopSilkLayer
100
AcDbPolyline
 90
2
 70
 0
 43
0.25400050800101603 
 10
52.797205994412025
 20
-45.93700787401576
 10
53.01600203200405
 20
-45.93700787401576
 10
53.01600203200405
 20
-45.69334518669041
  0
LWPOLYLINE
  5
4c4
330
1F
100
AcDbEntity
  8
TopSilkLayer
100
AcDbPolyline
 90
2
 70
 0
 43
0.25400050800101603 
 10
50.98399796799595
 20
-45.69334518669041
 10
50.98399796799595
 20
-45.93700787401576
 10
51.202794005587975
 20
-45.93700787401576
  0
LWPOLYLINE
  5
4c5
330
1F
100
AcDbEntity
  8
TopSilkLayer
100
AcDbPolyline
 90
1
 70
 0
 43
0.25400050800101603 
 10
50.98399796799595
 20
-44.306578613157285
 10
50.98399796799595
 20
-39.84124968249944
  0
LWPOLYLINE
  5
4c6
330
1F
100
AcDbEntity
  8
TopSilkLayer
100
AcDbPolyline
 90
1
 70
 0
 43
0.25400050800101603 
 10
53.01600203200405
 20
-44.306654813309706
 10
53.01600203200405
 20
-39.69334518669041
  0
LWPOLYLINE
  5
4c7
330
1F
100
AcDbEntity
  8
TopSilkLayer
100
AcDbPolyline
 90
2
 70
 0
 43
0.25400050800101603 
 10
4.926314452628958
 20
-37.1899923799848
 10
5.016002032004053
 20
-37.1899923799848
 10
5.016002032004053
 20
-37.30665481330959
  0
LWPOLYLINE
  5
4c8
330
1F
100
AcDbEntity
  8
TopSilkLayer
100
AcDbPolyline
 90
2
 70
 0
 43
0.25400050800101603 
 10
2.983997967995947
 20
-37.30665481330959
 10
2.983997967995947
 20
-37.1899923799848
 10
3.073685547371042
 20
-37.1899923799848
  0
LWPOLYLINE
  5
4c9
330
1F
100
AcDbEntity
  8
TopSilkLayer
100
AcDbPolyline
 90
1
 70
 0
 43
0.25400050800101603 
 10
2.983997967995947
 20
-38.84124968249944
 10
2.983997967995947
 20
-38.69334518669041
  0
LWPOLYLINE
  5
4ca
330
1F
100
AcDbEntity
  8
TopSilkLayer
100
AcDbPolyline
 90
2
 70
 0
 43
0.25400050800101603 
 10
4.797205994412025
 20
-44.93700787401576
 10
5.016002032004053
 20
-44.93700787401576
 10
5.016002032004053
 20
-44.69334518669041
  0
LWPOLYLINE
  5
4cb
330
1F
100
AcDbEntity
  8
TopSilkLayer
100
AcDbPolyline
 90
2
 70
 0
 43
0.25400050800101603 
 10
2.983997967995947
 20
-44.69334518669041
 10
2.983997967995947
 20
-44.93700787401576
 10
3.2027940055879753
 20
-44.93700787401576
  0
LWPOLYLINE
  5
4cc
330
1F
100
AcDbEntity
  8
TopSilkLayer
100
AcDbPolyline
 90
1
 70
 0
 43
0.25400050800101603 
 10
2.983997967995947
 20
-43.306578613157285
 10
2.983997967995947
 20
-38.84124968249944
  0
LWPOLYLINE
  5
4cd
330
1F
100
AcDbEntity
  8
TopSilkLayer
100
AcDbPolyline
 90
1
 70
 0
 43
0.25400050800101603 
 10
5.016002032004053
 20
-43.306654813309706
 10
5.016002032004053
 20
-38.69334518669041
  0
LWPOLYLINE
  5
4ce
330
1F
100
AcDbEntity
  8
TopSilkLayer
100
AcDbPolyline
 90
2
 70
 0
 43
0.25400050800101603 
 10
9.926314452628958
 20
-37.1899923799848
 10
10.016002032004053
 20
-37.1899923799848
 10
10.016002032004053
 20
-37.30665481330959
  0
LWPOLYLINE
  5
4cf
330
1F
100
AcDbEntity
  8
TopSilkLayer
100
AcDbPolyline
 90
2
 70
 0
 43
0.25400050800101603 
 10
7.983997967995947
 20
-37.30665481330959
 10
7.983997967995947
 20
-37.1899923799848
 10
8.073685547371042
 20
-37.1899923799848
  0
LWPOLYLINE
  5
4d0
330
1F
100
AcDbEntity
  8
TopSilkLayer
100
AcDbPolyline
 90
1
 70
 0
 43
0.25400050800101603 
 10
7.983997967995947
 20
-38.84124968249944
 10
7.983997967995947
 20
-38.69334518669041
  0
LWPOLYLINE
  5
4d1
330
1F
100
AcDbEntity
  8
TopSilkLayer
100
AcDbPolyline
 90
2
 70
 0
 43
0.25400050800101603 
 10
9.797205994412025
 20
-44.93700787401576
 10
10.016002032004053
 20
-44.93700787401576
 10
10.016002032004053
 20
-44.69334518669041
  0
LWPOLYLINE
  5
4d2
330
1F
100
AcDbEntity
  8
TopSilkLayer
100
AcDbPolyline
 90
2
 70
 0
 43
0.25400050800101603 
 10
7.983997967995947
 20
-44.69334518669041
 10
7.983997967995947
 20
-44.93700787401576
 10
8.202794005587975
 20
-44.93700787401576
  0
LWPOLYLINE
  5
4d3
330
1F
100
AcDbEntity
  8
TopSilkLayer
100
AcDbPolyline
 90
1
 70
 0
 43
0.25400050800101603 
 10
7.983997967995947
 20
-43.306578613157285
 10
7.983997967995947
 20
-38.84124968249944
  0
LWPOLYLINE
  5
4d4
330
1F
100
AcDbEntity
  8
TopSilkLayer
100
AcDbPolyline
 90
1
 70
 0
 43
0.25400050800101603 
 10
10.016002032004053
 20
-43.306654813309706
 10
10.016002032004053
 20
-38.69334518669041
  0
LWPOLYLINE
  5
4d5
330
1F
100
AcDbEntity
  8
TopSilkLayer
100
AcDbPolyline
 90
2
 70
 0
 43
0.25400050800101603 
 10
13.926314452628958
 20
-37.1899923799848
 10
14.016002032004053
 20
-37.1899923799848
 10
14.016002032004053
 20
-37.30665481330959
  0
LWPOLYLINE
  5
4d6
330
1F
100
AcDbEntity
  8
TopSilkLayer
100
AcDbPolyline
 90
2
 70
 0
 43
0.25400050800101603 
 10
11.983997967995947
 20
-37.30665481330959
 10
11.983997967995947
 20
-37.1899923799848
 10
12.073685547371042
 20
-37.1899923799848
  0
LWPOLYLINE
  5
4d7
330
1F
100
AcDbEntity
  8
TopSilkLayer
100
AcDbPolyline
 90
1
 70
 0
 43
0.25400050800101603 
 10
11.983997967995947
 20
-38.84124968249944
 10
11.983997967995947
 20
-38.69334518669041
  0
LWPOLYLINE
  5
4d8
330
1F
100
AcDbEntity
  8
TopSilkLayer
100
AcDbPolyline
 90
2
 70
 0
 43
0.25400050800101603 
 10
13.797205994412025
 20
-44.93700787401576
 10
14.016002032004053
 20
-44.93700787401576
 10
14.016002032004053
 20
-44.69334518669041
  0
LWPOLYLINE
  5
4d9
330
1F
100
AcDbEntity
  8
TopSilkLayer
100
AcDbPolyline
 90
2
 70
 0
 43
0.25400050800101603 
 10
11.983997967995947
 20
-44.69334518669041
 10
11.983997967995947
 20
-44.93700787401576
 10
12.202794005587975
 20
-44.93700787401576
  0
LWPOLYLINE
  5
4da
330
1F
100
AcDbEntity
  8
TopSilkLayer
100
AcDbPolyline
 90
1
 70
 0
 43
0.25400050800101603 
 10
11.983997967995947
 20
-43.306578613157285
 10
11.983997967995947
 20
-38.84124968249944
  0
LWPOLYLINE
  5
4db
330
1F
100
AcDbEntity
  8
TopSilkLayer
100
AcDbPolyline
 90
1
 70
 0
 43
0.25400050800101603 
 10
14.016002032004053
 20
-43.306654813309706
 10
14.016002032004053
 20
-38.69334518669041
  0
LWPOLYLINE
  5
4dc
330
1F
100
AcDbEntity
  8
TopSilkLayer
100
AcDbPolyline
 90
2
 70
 0
 43
0.25400050800101603 
 10
18.926314452628958
 20
-37.1899923799848
 10
19.016002032004053
 20
-37.1899923799848
 10
19.016002032004053
 20
-37.30665481330959
  0
LWPOLYLINE
  5
4dd
330
1F
100
AcDbEntity
  8
TopSilkLayer
100
AcDbPolyline
 90
2
 70
 0
 43
0.25400050800101603 
 10
16.983997967995947
 20
-37.30665481330959
 10
16.983997967995947
 20
-37.1899923799848
 10
17.073685547371042
 20
-37.1899923799848
  0
LWPOLYLINE
  5
4de
330
1F
100
AcDbEntity
  8
TopSilkLayer
100
AcDbPolyline
 90
1
 70
 0
 43
0.25400050800101603 
 10
16.983997967995947
 20
-38.84124968249944
 10
16.983997967995947
 20
-38.69334518669041
  0
LWPOLYLINE
  5
4df
330
1F
100
AcDbEntity
  8
TopSilkLayer
100
AcDbPolyline
 90
2
 70
 0
 43
0.25400050800101603 
 10
18.797205994412025
 20
-44.93700787401576
 10
19.016002032004053
 20
-44.93700787401576
 10
19.016002032004053
 20
-44.69334518669041
  0
LWPOLYLINE
  5
4e0
330
1F
100
AcDbEntity
  8
TopSilkLayer
100
AcDbPolyline
 90
2
 70
 0
 43
0.25400050800101603 
 10
16.983997967995947
 20
-44.69334518669041
 10
16.983997967995947
 20
-44.93700787401576
 10
17.202794005587975
 20
-44.93700787401576
  0
LWPOLYLINE
  5
4e1
330
1F
100
AcDbEntity
  8
TopSilkLayer
100
AcDbPolyline
 90
1
 70
 0
 43
0.25400050800101603 
 10
16.983997967995947
 20
-43.306578613157285
 10
16.983997967995947
 20
-38.84124968249944
  0
LWPOLYLINE
  5
4e2
330
1F
100
AcDbEntity
  8
TopSilkLayer
100
AcDbPolyline
 90
1
 70
 0
 43
0.25400050800101603 
 10
19.016002032004053
 20
-43.306654813309706
 10
19.016002032004053
 20
-38.69334518669041
  0
LWPOLYLINE
  5
4e3
330
1F
100
AcDbEntity
  8
TopSilkLayer
100
AcDbPolyline
 90
2
 70
 0
 43
0.25400050800101603 
 10
22.926314452628958
 20
-37.1899923799848
 10
23.016002032004053
 20
-37.1899923799848
 10
23.016002032004053
 20
-37.30665481330959
  0
LWPOLYLINE
  5
4e4
330
1F
100
AcDbEntity
  8
TopSilkLayer
100
AcDbPolyline
 90
2
 70
 0
 43
0.25400050800101603 
 10
20.983997967995947
 20
-37.30665481330959
 10
20.983997967995947
 20
-37.1899923799848
 10
21.073685547371042
 20
-37.1899923799848
  0
LWPOLYLINE
  5
4e5
330
1F
100
AcDbEntity
  8
TopSilkLayer
100
AcDbPolyline
 90
1
 70
 0
 43
0.25400050800101603 
 10
20.983997967995947
 20
-38.84124968249944
 10
20.983997967995947
 20
-38.69334518669041
  0
LWPOLYLINE
  5
4e6
330
1F
100
AcDbEntity
  8
TopSilkLayer
100
AcDbPolyline
 90
2
 70
 0
 43
0.25400050800101603 
 10
22.797205994412025
 20
-44.93700787401576
 10
23.016002032004053
 20
-44.93700787401576
 10
23.016002032004053
 20
-44.69334518669041
  0
LWPOLYLINE
  5
4e7
330
1F
100
AcDbEntity
  8
TopSilkLayer
100
AcDbPolyline
 90
2
 70
 0
 43
0.25400050800101603 
 10
20.983997967995947
 20
-44.69334518669041
 10
20.983997967995947
 20
-44.93700787401576
 10
21.202794005588203
 20
-44.93700787401576
  0
LWPOLYLINE
  5
4e8
330
1F
100
AcDbEntity
  8
TopSilkLayer
100
AcDbPolyline
 90
1
 70
 0
 43
0.25400050800101603 
 10
20.983997967995947
 20
-43.306578613157285
 10
20.983997967995947
 20
-38.84124968249944
  0
LWPOLYLINE
  5
4e9
330
1F
100
AcDbEntity
  8
TopSilkLayer
100
AcDbPolyline
 90
1
 70
 0
 43
0.25400050800101603 
 10
23.016002032004053
 20
-43.306654813309706
 10
23.016002032004053
 20
-38.69334518669041
  0
LWPOLYLINE
  5
4ea
330
1F
100
AcDbEntity
  8
TopSilkLayer
100
AcDbPolyline
 90
2
 70
 0
 43
0.25400050800101603 
 10
26.926314452628958
 20
-37.1899923799848
 10
27.016002032004053
 20
-37.1899923799848
 10
27.016002032004053
 20
-37.30665481330959
  0
LWPOLYLINE
  5
4eb
330
1F
100
AcDbEntity
  8
TopSilkLayer
100
AcDbPolyline
 90
2
 70
 0
 43
0.25400050800101603 
 10
24.983997967995947
 20
-37.30665481330959
 10
24.983997967995947
 20
-37.1899923799848
 10
25.07368554737127
 20
-37.1899923799848
  0
LWPOLYLINE
  5
4ec
330
1F
100
AcDbEntity
  8
TopSilkLayer
100
AcDbPolyline
 90
1
 70
 0
 43
0.25400050800101603 
 10
24.983997967995947
 20
-38.84124968249944
 10
24.983997967995947
 20
-38.69334518669041
  0
LWPOLYLINE
  5
4ed
330
1F
100
AcDbEntity
  8
TopSilkLayer
100
AcDbPolyline
 90
2
 70
 0
 43
0.25400050800101603 
 10
26.797205994412025
 20
-44.93700787401576
 10
27.016002032004053
 20
-44.93700787401576
 10
27.016002032004053
 20
-44.69334518669041
  0
LWPOLYLINE
  5
4ee
330
1F
100
AcDbEntity
  8
TopSilkLayer
100
AcDbPolyline
 90
2
 70
 0
 43
0.25400050800101603 
 10
24.983997967995947
 20
-44.69334518669041
 10
24.983997967995947
 20
-44.93700787401576
 10
25.202794005587975
 20
-44.93700787401576
  0
LWPOLYLINE
  5
4ef
330
1F
100
AcDbEntity
  8
TopSilkLayer
100
AcDbPolyline
 90
1
 70
 0
 43
0.25400050800101603 
 10
24.983997967995947
 20
-43.306578613157285
 10
24.983997967995947
 20
-38.84124968249944
  0
LWPOLYLINE
  5
4f0
330
1F
100
AcDbEntity
  8
TopSilkLayer
100
AcDbPolyline
 90
1
 70
 0
 43
0.25400050800101603 
 10
27.016002032004053
 20
-43.306654813309706
 10
27.016002032004053
 20
-38.69334518669041
  0
LWPOLYLINE
  5
4f1
330
1F
100
AcDbEntity
  8
TopSilkLayer
100
AcDbPolyline
 90
2
 70
 0
 43
0.25400050800101603 
 10
51.07368554737127
 20
-36.8100076200152
 10
50.98399796799595
 20
-36.8100076200152
 10
50.98399796799595
 20
-36.69334518669041
  0
LWPOLYLINE
  5
4f2
330
1F
100
AcDbEntity
  8
TopSilkLayer
100
AcDbPolyline
 90
2
 70
 0
 43
0.25400050800101603 
 10
53.01600203200405
 20
-36.69334518669041
 10
53.01600203200405
 20
-36.8100076200152
 10
52.92631445262896
 20
-36.8100076200152
  0
LWPOLYLINE
  5
4f3
330
1F
100
AcDbEntity
  8
TopSilkLayer
100
AcDbPolyline
 90
1
 70
 0
 43
0.25400050800101603 
 10
53.01600203200405
 20
-35.158750317500676
 10
53.01600203200405
 20
-35.306654813309706
  0
LWPOLYLINE
  5
4f4
330
1F
100
AcDbEntity
  8
TopSilkLayer
100
AcDbPolyline
 90
2
 70
 0
 43
0.25400050800101603 
 10
51.202794005587975
 20
-29.062992125984238
 10
50.98399796799595
 20
-29.062992125984238
 10
50.98399796799595
 20
-29.306654813309592
  0
LWPOLYLINE
  5
4f5
330
1F
100
AcDbEntity
  8
TopSilkLayer
100
AcDbPolyline
 90
2
 70
 0
 43
0.25400050800101603 
 10
53.01600203200405
 20
-29.306654813309592
 10
53.01600203200405
 20
-29.062992125984238
 10
52.797205994412025
 20
-29.062992125984238
  0
LWPOLYLINE
  5
4f6
330
1F
100
AcDbEntity
  8
TopSilkLayer
100
AcDbPolyline
 90
1
 70
 0
 43
0.25400050800101603 
 10
53.01600203200405
 20
-30.69342138684283
 10
53.01600203200405
 20
-35.158750317500676
  0
LWPOLYLINE
  5
4f7
330
1F
100
AcDbEntity
  8
TopSilkLayer
100
AcDbPolyline
 90
1
 70
 0
 43
0.25400050800101603 
 10
50.98399796799595
 20
-30.693345186690408
 10
50.98399796799595
 20
-35.306654813309706
  0
LWPOLYLINE
  5
4f8
330
1F
100
AcDbEntity
  8
TopSilkLayer
100
AcDbPolyline
 90
2
 70
 0
 43
0.25400050800101603 
 10
35.81000762001531
 20
-31.926314452628958
 10
35.81000762001531
 20
-32.01600203200405
 10
35.693345186690294
 20
-32.01600203200405
  0
LWPOLYLINE
  5
4f9
330
1F
100
AcDbEntity
  8
TopSilkLayer
100
AcDbPolyline
 90
2
 70
 0
 43
0.25400050800101603 
 10
35.693345186690294
 20
-29.983997967995947
 10
35.81000762001531
 20
-29.983997967995947
 10
35.81000762001531
 20
-30.073685547371042
  0
LWPOLYLINE
  5
4fa
330
1F
100
AcDbEntity
  8
TopSilkLayer
100
AcDbPolyline
 90
1
 70
 0
 43
0.25400050800101603 
 10
34.15875031750079
 20
-29.983997967995947
 10
34.306654813309706
 20
-29.983997967995947
  0
LWPOLYLINE
  5
4fb
330
1F
100
AcDbEntity
  8
TopSilkLayer
100
AcDbPolyline
 90
2
 70
 0
 43
0.25400050800101603 
 10
28.062992125984465
 20
-31.79720599441191
 10
28.062992125984465
 20
-32.01600203200405
 10
28.306654813309706
 20
-32.01600203200405
  0
LWPOLYLINE
  5
4fc
330
1F
100
AcDbEntity
  8
TopSilkLayer
100
AcDbPolyline
 90
2
 70
 0
 43
0.25400050800101603 
 10
28.306654813309706
 20
-29.983997967995947
 10
28.062992125984465
 20
-29.983997967995947
 10
28.062992125984465
 20
-30.202794005587975
  0
LWPOLYLINE
  5
4fd
330
1F
100
AcDbEntity
  8
TopSilkLayer
100
AcDbPolyline
 90
1
 70
 0
 43
0.25400050800101603 
 10
29.69342138684283
 20
-29.983997967995947
 10
34.15875031750079
 20
-29.983997967995947
  0
LWPOLYLINE
  5
4fe
330
1F
100
AcDbEntity
  8
TopSilkLayer
100
AcDbPolyline
 90
1
 70
 0
 43
0.25400050800101603 
 10
29.693345186690294
 20
-32.01600203200405
 10
34.306654813309706
 20
-32.01600203200405
  0
LWPOLYLINE
  5
4ff
330
1F
100
AcDbEntity
  8
TopSilkLayer
100
AcDbPolyline
 90
2
 70
 0
 43
0.25400050800101603 
 10
35.81000762001531
 20
-35.926314452628844
 10
35.81000762001531
 20
-36.01600203200405
 10
35.693345186690294
 20
-36.01600203200405
  0
LWPOLYLINE
  5
500
330
1F
100
AcDbEntity
  8
TopSilkLayer
100
AcDbPolyline
 90
2
 70
 0
 43
0.25400050800101603 
 10
35.693345186690294
 20
-33.98399796799595
 10
35.81000762001531
 20
-33.98399796799595
 10
35.81000762001531
 20
-34.07368554737104
  0
LWPOLYLINE
  5
501
330
1F
100
AcDbEntity
  8
TopSilkLayer
100
AcDbPolyline
 90
1
 70
 0
 43
0.25400050800101603 
 10
34.15875031750079
 20
-33.98399796799595
 10
34.306654813309706
 20
-33.98399796799595
  0
LWPOLYLINE
  5
502
330
1F
100
AcDbEntity
  8
TopSilkLayer
100
AcDbPolyline
 90
2
 70
 0
 43
0.25400050800101603 
 10
28.062992125984465
 20
-35.797205994412025
 10
28.062992125984465
 20
-36.01600203200405
 10
28.306654813309706
 20
-36.01600203200405
  0
LWPOLYLINE
  5
503
330
1F
100
AcDbEntity
  8
TopSilkLayer
100
AcDbPolyline
 90
2
 70
 0
 43
0.25400050800101603 
 10
28.306654813309706
 20
-33.98399796799595
 10
28.062992125984465
 20
-33.98399796799595
 10
28.062992125984465
 20
-34.202794005587975
  0
LWPOLYLINE
  5
504
330
1F
100
AcDbEntity
  8
TopSilkLayer
100
AcDbPolyline
 90
1
 70
 0
 43
0.25400050800101603 
 10
29.69342138684283
 20
-33.98399796799595
 10
34.15875031750079
 20
-33.98399796799595
  0
LWPOLYLINE
  5
505
330
1F
100
AcDbEntity
  8
TopSilkLayer
100
AcDbPolyline
 90
1
 70
 0
 43
0.25400050800101603 
 10
29.693345186690294
 20
-36.01600203200405
 10
34.306654813309706
 20
-36.01600203200405
  0
LWPOLYLINE
  5
506
330
1F
100
AcDbEntity
  8
TopSilkLayer
100
AcDbPolyline
 90
2
 70
 0
 43
0.25400050800101603 
 10
44.81000762001531
 20
-31.926314452628958
 10
44.81000762001531
 20
-32.01600203200405
 10
44.693345186690294
 20
-32.01600203200405
  0
LWPOLYLINE
  5
507
330
1F
100
AcDbEntity
  8
TopSilkLayer
100
AcDbPolyline
 90
2
 70
 0
 43
0.25400050800101603 
 10
44.693345186690294
 20
-29.983997967995947
 10
44.81000762001531
 20
-29.983997967995947
 10
44.81000762001531
 20
-30.073685547371042
  0
LWPOLYLINE
  5
508
330
1F
100
AcDbEntity
  8
TopSilkLayer
100
AcDbPolyline
 90
1
 70
 0
 43
0.25400050800101603 
 10
43.15875031750079
 20
-29.983997967995947
 10
43.306654813309706
 20
-29.983997967995947
  0
LWPOLYLINE
  5
509
330
1F
100
AcDbEntity
  8
TopSilkLayer
100
AcDbPolyline
 90
2
 70
 0
 43
0.25400050800101603 
 10
37.062992125984465
 20
-31.79720599441191
 10
37.062992125984465
 20
-32.01600203200405
 10
37.306654813309706
 20
-32.01600203200405
  0
LWPOLYLINE
  5
50a
330
1F
100
AcDbEntity
  8
TopSilkLayer
100
AcDbPolyline
 90
2
 70
 0
 43
0.25400050800101603 
 10
37.306654813309706
 20
-29.983997967995947
 10
37.062992125984465
 20
-29.983997967995947
 10
37.062992125984465
 20
-30.202794005587975
  0
LWPOLYLINE
  5
50b
330
1F
100
AcDbEntity
  8
TopSilkLayer
100
AcDbPolyline
 90
1
 70
 0
 43
0.25400050800101603 
 10
38.69342138684283
 20
-29.983997967995947
 10
43.15875031750079
 20
-29.983997967995947
  0
LWPOLYLINE
  5
50c
330
1F
100
AcDbEntity
  8
TopSilkLayer
100
AcDbPolyline
 90
1
 70
 0
 43
0.25400050800101603 
 10
38.693345186690294
 20
-32.01600203200405
 10
43.306654813309706
 20
-32.01600203200405
  0
LWPOLYLINE
  5
50d
330
1F
100
AcDbEntity
  8
TopSilkLayer
100
AcDbPolyline
 90
2
 70
 0
 43
0.25400050800101603 
 10
44.81000762001531
 20
-35.926314452628844
 10
44.81000762001531
 20
-36.01600203200405
 10
44.693345186690294
 20
-36.01600203200405
  0
LWPOLYLINE
  5
50e
330
1F
100
AcDbEntity
  8
TopSilkLayer
100
AcDbPolyline
 90
2
 70
 0
 43
0.25400050800101603 
 10
44.693345186690294
 20
-33.98399796799595
 10
44.81000762001531
 20
-33.98399796799595
 10
44.81000762001531
 20
-34.07368554737104
  0
LWPOLYLINE
  5
50f
330
1F
100
AcDbEntity
  8
TopSilkLayer
100
AcDbPolyline
 90
1
 70
 0
 43
0.25400050800101603 
 10
43.15875031750079
 20
-33.98399796799595
 10
43.306654813309706
 20
-33.98399796799595
  0
LWPOLYLINE
  5
510
330
1F
100
AcDbEntity
  8
TopSilkLayer
100
AcDbPolyline
 90
2
 70
 0
 43
0.25400050800101603 
 10
37.062992125984465
 20
-35.797205994412025
 10
37.062992125984465
 20
-36.01600203200405
 10
37.306654813309706
 20
-36.01600203200405
  0
LWPOLYLINE
  5
511
330
1F
100
AcDbEntity
  8
TopSilkLayer
100
AcDbPolyline
 90
2
 70
 0
 43
0.25400050800101603 
 10
37.306654813309706
 20
-33.98399796799595
 10
37.062992125984465
 20
-33.98399796799595
 10
37.062992125984465
 20
-34.202794005587975
  0
LWPOLYLINE
  5
512
330
1F
100
AcDbEntity
  8
TopSilkLayer
100
AcDbPolyline
 90
1
 70
 0
 43
0.25400050800101603 
 10
38.69342138684283
 20
-33.98399796799595
 10
43.15875031750079
 20
-33.98399796799595
  0
LWPOLYLINE
  5
513
330
1F
100
AcDbEntity
  8
TopSilkLayer
100
AcDbPolyline
 90
1
 70
 0
 43
0.25400050800101603 
 10
38.693345186690294
 20
-36.01600203200405
 10
43.306654813309706
 20
-36.01600203200405
  0
LWPOLYLINE
  5
514
330
1F
100
AcDbEntity
  8
TopSilkLayer
100
AcDbPolyline
 90
2
 70
 0
 43
0.25400050800101603 
 10
4.9252984505969835
 20
-17.191109982219928
 10
5.0149860299720785
 20
-17.191109982219928
 10
5.0149860299720785
 20
-17.307772415544832
  0
LWPOLYLINE
  5
515
330
1F
100
AcDbEntity
  8
TopSilkLayer
100
AcDbPolyline
 90
2
 70
 0
 43
0.25400050800101603 
 10
2.9829819659639725
 20
-17.307772415544832
 10
2.9829819659639725
 20
-17.191109982219928
 10
3.0726695453390676
 20
-17.191109982219928
  0
LWPOLYLINE
  5
516
330
1F
100
AcDbEntity
  8
TopSilkLayer
100
AcDbPolyline
 90
1
 70
 0
 43
0.25400050800101603 
 10
2.9829819659639725
 20
-18.842367284734678
 10
2.9829819659639725
 20
-18.694462788925648
  0
LWPOLYLINE
  5
517
330
1F
100
AcDbEntity
  8
TopSilkLayer
100
AcDbPolyline
 90
2
 70
 0
 43
0.25400050800101603 
 10
4.79618999238005
 20
-24.938125476251003
 10
5.0149860299720785
 20
-24.938125476251003
 10
5.0149860299720785
 20
-24.694462788925534
  0
LWPOLYLINE
  5
518
330
1F
100
AcDbEntity
  8
TopSilkLayer
100
AcDbPolyline
 90
2
 70
 0
 43
0.25400050800101603 
 10
2.9829819659639725
 20
-24.694462788925534
 10
2.9829819659639725
 20
-24.938125476251003
 10
3.201778003556001
 20
-24.938125476251003
  0
LWPOLYLINE
  5
519
330
1F
100
AcDbEntity
  8
TopSilkLayer
100
AcDbPolyline
 90
1
 70
 0
 43
0.25400050800101603 
 10
2.9829819659639725
 20
-23.307696215392525
 10
2.9829819659639725
 20
-18.842367284734678
  0
LWPOLYLINE
  5
51a
330
1F
100
AcDbEntity
  8
TopSilkLayer
100
AcDbPolyline
 90
1
 70
 0
 43
0.25400050800101603 
 10
5.0149860299720785
 20
-23.307772415544946
 10
5.0149860299720785
 20
-18.694462788925648
  0
LWPOLYLINE
  5
51b
330
1F
100
AcDbEntity
  8
TopSilkLayer
100
AcDbPolyline
 90
2
 70
 0
 43
0.25400050800101603 
 10
4.926314452628958
 20
-26.1899923799848
 10
5.016002032004053
 20
-26.1899923799848
 10
5.016002032004053
 20
-26.306654813309706
  0
LWPOLYLINE
  5
51c
330
1F
100
AcDbEntity
  8
TopSilkLayer
100
AcDbPolyline
 90
2
 70
 0
 43
0.25400050800101603 
 10
2.983997967995947
 20
-26.306654813309706
 10
2.983997967995947
 20
-26.1899923799848
 10
3.073685547371042
 20
-26.1899923799848
  0
LWPOLYLINE
  5
51d
330
1F
100
AcDbEntity
  8
TopSilkLayer
100
AcDbPolyline
 90
1
 70
 0
 43
0.25400050800101603 
 10
2.983997967995947
 20
-27.841249682499324
 10
2.983997967995947
 20
-27.693345186690408
  0
LWPOLYLINE
  5
51e
330
1F
100
AcDbEntity
  8
TopSilkLayer
100
AcDbPolyline
 90
2
 70
 0
 43
0.25400050800101603 
 10
4.797205994412025
 20
-33.93700787401576
 10
5.016002032004053
 20
-33.93700787401576
 10
5.016002032004053
 20
-33.69334518669041
  0
LWPOLYLINE
  5
51f
330
1F
100
AcDbEntity
  8
TopSilkLayer
100
AcDbPolyline
 90
2
 70
 0
 43
0.25400050800101603 
 10
2.983997967995947
 20
-33.69334518669041
 10
2.983997967995947
 20
-33.93700787401576
 10
3.2027940055879753
 20
-33.93700787401576
  0
LWPOLYLINE
  5
520
330
1F
100
AcDbEntity
  8
TopSilkLayer
100
AcDbPolyline
 90
1
 70
 0
 43
0.25400050800101603 
 10
2.983997967995947
 20
-32.30657861315717
 10
2.983997967995947
 20
-27.841249682499324
  0
LWPOLYLINE
  5
521
330
1F
100
AcDbEntity
  8
TopSilkLayer
100
AcDbPolyline
 90
1
 70
 0
 43
0.25400050800101603 
 10
5.016002032004053
 20
-32.30665481330959
 10
5.016002032004053
 20
-27.693345186690408
  0
LWPOLYLINE
  5
522
330
1F
100
AcDbEntity
  8
TopSilkLayer
100
AcDbPolyline
 90
4
 70
 1
 43
0.25400050800101603 
 10
45.45999491998987
 20
-4.729997459994934
 10
50.54000508001013
 20
-4.729997459994934
 10
50.54000508001013
 20
-7.270002540005066
 10
45.45999491998987
 20
-7.270002540005066
 10
45.45999491998987
 20
-4.729997459994934
  0
LWPOLYLINE
  5
523
330
1F
100
AcDbEntity
  8
TopSilkLayer
100
AcDbPolyline
 90
4
 70
 1
 43
0.25400050800101603 
 10
44.19989839979689
 20
4.299974599949223
 10
51.899923799847556
 20
4.299974599949223
 10
51.899923799847556
 20
1.7000254000508903
 10
44.19989839979689
 20
1.7000254000508903
 10
44.19989839979689
 20
4.299974599949223
  0
LWPOLYLINE
  5
524
330
1F
100
AcDbEntity
  8
TopSilkLayer
100
AcDbPolyline
 90
4
 70
 1
 43
0.25400050800101603 
 10
44.19989839979689
 20
4.299974599949223
 10
46.79984759969534
 20
4.299974599949223
 10
46.79984759969534
 20
1.7998475996951129
 10
44.19989839979689
 20
1.7998475996951129
 10
44.19989839979689
 20
4.299974599949223
  0
LWPOLYLINE
  5
525
330
1F
100
AcDbEntity
  8
TopSilkLayer
100
AcDbPolyline
 90
1
 70
 0
 43
0.15001270002540007 
 10
19.53652527305053
 20
-30.421513843027697
 10
19.53652527305053
 20
-33.521590043180026
  0
LWPOLYLINE
  5
526
330
1F
100
AcDbEntity
  8
TopSilkLayer
100
AcDbPolyline
 90
1
 70
 0
 43
0.15001270002540007 
 10
16.436449072898313
 20
-33.521590043180026
 10
19.53652527305053
 20
-33.521590043180026
  0
LWPOLYLINE
  5
527
330
1F
100
AcDbEntity
  8
TopSilkLayer
100
AcDbPolyline
 90
1
 70
 0
 43
0.15001270002540007 
 10
16.437719075438054
 20
-30.421513843027697
 10
16.437719075438054
 20
-33.521590043180026
  0
LWPOLYLINE
  5
528
330
1F
100
AcDbEntity
  8
TopSilkLayer
100
AcDbPolyline
 90
1
 70
 0
 43
0.15001270002540007 
 10
19.53652527305053
 20
-30.39738379476762
 10
18.698323596647242
 20
-30.39738379476762
  0
LWPOLYLINE
  5
529
330
1F
100
AcDbEntity
  8
TopSilkLayer
100
AcDbPolyline
 90
1
 70
 0
 43
0.15001270002540007 
 10
17.275920751841568
 20
-30.39738379476762
 10
16.437719075438054
 20
-30.39738379476762
  0
LWPOLYLINE
  5
52a
330
1F
100
AcDbEntity
  8
TopSilkLayer
100
AcDbPolyline
 90
1
 70
 0
 43
0.25400050800101603 
 10
21.600000000000136
 20
-116
 10
21.60002540005098
 20
-112
  0
LWPOLYLINE
  5
52b
330
1F
100
AcDbEntity
  8
TopSilkLayer
100
AcDbPolyline
 90
1
 70
 0
 43
0.25400050800101603 
 10
21.60002540005098
 20
-112
 10
23.399999999999864
 20
-112
  0
LWPOLYLINE
  5
52c
330
1F
100
AcDbEntity
  8
TopSilkLayer
100
AcDbPolyline
 90
1
 70
 0
 43
0.25400050800101603 
 10
23.399999999999864
 20
-112
 10
23.39997459994902
 20
-116
  0
LWPOLYLINE
  5
52d
330
1F
100
AcDbEntity
  8
TopSilkLayer
100
AcDbPolyline
 90
1
 70
 0
 43
0.25400050800101603 
 10
23.39997459994902
 20
-116
 10
21.600000000000136
 20
-116
  0
LWPOLYLINE
  5
52e
330
1F
100
AcDbEntity
  8
TopSilkLayer
100
AcDbPolyline
 90
2
 70
 0
 43
0.25400050800101603 
 10
23.008001016002254
 20
-115.01600203200417
 10
23.008001016002254
 20
-113.7459994919991
 10
21.737998475997074
 20
-112.47599695199403
  0
LWPOLYLINE
  5
52f
330
1F
100
AcDbEntity
  8
TopSilkLayer
100
AcDbPolyline
 90
1
 70
 0
 43
0.25400050800101603 
 10
13.445008890017789
 20
-47.98399796799595
 10
13.445008890017789
 20
-50.01600203200405
  0
LWPOLYLINE
  5
530
330
1F
100
AcDbEntity
  8
TopSilkLayer
100
AcDbPolyline
 90
4
 70
 1
 43
0.2 
 10
10.016002032004053
 20
-47.8569977139955
 10
14.016002032004053
 20
-47.8569977139955
 10
14.016002032004053
 20
-50.05689611379228
 10
10.016002032004053
 20
-50.05689611379228
 10
10.016002032004053
 20
-47.8569977139955
  0
LWPOLYLINE
  5
531
330
1F
100
AcDbEntity
  8
TopSilkLayer
100
AcDbPolyline
 90
1
 70
 0
 43
0.25400050800101603 
 10
28.919989839979735
 20
-46.530632461264986
 10
39.08001016002049
 20
-46.530632461264986
  0
LWPOLYLINE
  5
532
330
1F
100
AcDbEntity
  8
TopSilkLayer
100
AcDbPolyline
 90
1
 70
 0
 43
0.25400050800101603 
 10
28.919989839979735
 20
-41.46637033274067
 10
39.08001016002049
 20
-41.46637033274067
  0
LWPOLYLINE
  5
533
330
1F
100
AcDbEntity
  8
TopSilkLayer
100
AcDbPolyline
 90
1
 70
 0
 43
0.25400050800101603 
 10
39.08001016002049
 20
-46.530632461264986
 10
39.08001016002049
 20
-41.46637033274067
  0
LWPOLYLINE
  5
534
330
1F
100
AcDbEntity
  8
TopSilkLayer
100
AcDbPolyline
 90
1
 70
 0
 43
0.25400050800101603 
 10
28.919989839979735
 20
-46.530632461264986
 10
28.919989839979735
 20
-44.76200152400304
  0
LWPOLYLINE
  5
535
330
1F
100
AcDbEntity
  8
TopSilkLayer
100
AcDbPolyline
 90
1
 70
 0
 43
0.25400050800101603 
 10
28.919989839979735
 20
-43.23799847599696
 10
28.919989839979735
 20
-41.46637033274067
  0
ARC
  5
536
330
1F
100
AcDbEntity
  8
BottomSilkLayer
100
AcDbCircle
 10
20.97498435777402
 20
-17.37998135215753
 30
0.0
 40
1.7960629921259845
100
AcDbArc
 50
134.82712101292105
 51
315.1728789870791
  0
ARC
  5
537
330
1F
100
AcDbEntity
  8
BottomSilkLayer
100
AcDbCircle
 10
20.974977542149873
 20
-17.379988167781562
 30
0.0
 40
1.7960629921259845
100
AcDbArc
 50
314.82712101292105
 51
135.17287898707912
  0
ARC
  5
538
330
1F
100
AcDbEntity
  8
BottomSilkLayer
100
AcDbCircle
 10
32.40117181014875
 20
-17.256816505827828
 30
0.0
 40
1.7960629921259845
100
AcDbArc
 50
134.82712101292105
 51
315.1728789870791
  0
ARC
  5
539
330
1F
100
AcDbEntity
  8
BottomSilkLayer
100
AcDbCircle
 10
32.40883580986633
 20
-17.249152506110363
 30
0.0
 40
1.7960629921259845
100
AcDbArc
 50
314.82712101292105
 51
135.17287898707912
  0
ARC
  5
53a
330
1F
100
AcDbEntity
  8
TopSilkLayer
100
AcDbCircle
 10
17.550811161288948
 20
-24.17162814327162
 30
0.0
 40
4
100
AcDbArc
 50
178.62168308751833
 51
270
  0
ARC
  5
53b
330
1F
100
AcDbEntity
  8
TopSilkLayer
100
AcDbCircle
 10
36.50000000000023
 20
-24.07002794005598
 30
0.0
 40
4
100
AcDbArc
 50
270
 51
0
  0
ARC
  5
53c
330
1F
100
AcDbEntity
  8
TopSilkLayer
100
AcDbCircle
 10
17.5
 20
7.929972059944134
 30
0.0
 40
4
100
AcDbArc
 50
90
 51
180.00000000000017
  0
ARC
  5
53d
330
1F
100
AcDbEntity
  8
TopSilkLayer
100
AcDbCircle
 10
36.50000000000023
 20
7.929972059944134
 30
0.0
 40
4
100
AcDbArc
 50
0
 51
90
  0
ARC
  5
53e
330
1F
100
AcDbEntity
  8
TopSilkLayer
100
AcDbCircle
 10
17.97442214884427
 20
-30.180083428275566
 30
0.0
 40
0.7315214630429262
100
AcDbArc
 50
197.28066229505066
 51
342.71933770494934
  0
ARC
  5
53f
330
1F
100
AcDbEntity
  8
TopSilkLayer
100
AcDbCircle
 10
28.919989839979735
 20
-44
 30
0.0
 40
0.7620015240030481
100
AcDbArc
 50
270
 51
90
0
TEXT
5
96b
100
AcDbEntity
8
BottomSilkLayer
7

461
1
100
AcDbText
10
32.500076200152535
20
-0.4500127000253542
30
0
40
1
1
GreenEye SensorDevice
50
0
71
2
100
AcDbText
0
TEXT
5
96c
100
AcDbEntity
8
BottomSilkLayer
7

461
1
100
AcDbText
10
17.500076200152535
20
-2.450012700025468
30
0
40
1
1
V3.0
50
0
71
2
100
AcDbText
0
TEXT
5
96d
100
AcDbEntity
8
BottomSilkLayer
7

461
1
100
AcDbText
10
12
20
10
30
0
40
1
1
BAT
50
90
71
2
100
AcDbText
0
TEXT
5
96e
100
AcDbEntity
8
BottomSilkLayer
7

461
1
100
AcDbText
10
12
20
5.999999999999886
30
0
40
1
1
POW
50
90
71
2
100
AcDbText
0
TEXT
5
96f
100
AcDbEntity
8
BottomSilkLayer
7

461
1
100
AcDbText
10
11
20
-0.5
30
0
40
1
1
GND
50
270
71
2
100
AcDbText
0
TEXT
5
970
100
AcDbEntity
8
BottomSilkLayer
7

461
1.143002286004572
100
AcDbText
10
29.5
20
10.499999999999886
30
0
40
1.143002286004572
1
S1
50
0
71
2
100
AcDbText
0
TEXT
5
971
100
AcDbEntity
8
BottomSilkLayer
7

461
1.143002286004572
100
AcDbText
10
34.5
20
9
30
0
40
1.143002286004572
1
GY-302
50
0
71
2
100
AcDbText
0
TEXT
5
972
100
AcDbEntity
8
BottomSilkLayer
7

461
1
100
AcDbText
10
10.500127000253997
20
-128.5001270002541
30
0
40
1
1
Moisture
50
0
71
2
100
AcDbText
0
TEXT
5
973
100
AcDbEntity
8
BottomSilkLayer
7

461
1
100
AcDbText
10
52
20
-128.5001270002541
30
0
40
1
1
EC_B
50
0
71
2
100
AcDbText
0
TEXT
5
974
100
AcDbEntity
8
BottomSilkLayer
7

461
1
100
AcDbText
10
36
20
-128.5001270002541
30
0
40
1
1
EC_A
50
0
71
2
100
AcDbText
0
TEXT
5
975
100
AcDbEntity
8
BottomSilkLayer
7

461
1
100
AcDbText
10
24.500127000253997
20
-128.5001270002541
30
0
40
1
1
TEMP
50
0
71
2
100
AcDbText
0
TEXT
5
976
100
AcDbEntity
8
TopSilkLayer
7

461
1
100
AcDbText
10
3
20
-52.50012700025411
30
0
40
1
1
Soil Moisture
50
0
71
1
100
AcDbText
0
TEXT
5
977
100
AcDbEntity
8
TopSilkLayer
7

461
1.05
100
AcDbText
10
32.00000000000023
20
-52.50012700025411
30
0
40
1.05
1
Soil Electrical Conductivity
50
0
71
1
100
AcDbText
0
TEXT
5
978
100
AcDbEntity
8
TopSilkLayer
7

461
1.05
100
AcDbText
10
16.500127000253997
20
-52.50012700025411
30
0
40
1.05
1
Soil Temperature
50
0
71
1
100
AcDbText
0
TEXT
5
979
100
AcDbEntity
8
TopSilkLayer
7

461
1
100
AcDbText
10
5
20
-128.5001270002541
30
0
40
1
1
Moisture
50
0
71
1
100
AcDbText
0
TEXT
5
97a
100
AcDbEntity
8
TopSilkLayer
7

461
1
100
AcDbText
10
32.00000000000023
20
-128.5001270002541
30
0
40
1
1
EC_A
50
0
71
1
100
AcDbText
0
TEXT
5
97b
100
AcDbEntity
8
TopSilkLayer
7

461
1
100
AcDbText
10
48.500127000254
20
-128.5001270002541
30
0
40
1
1
EC_B
50
0
71
1
100
AcDbText
0
TEXT
5
97c
100
AcDbEntity
8
TopSilkLayer
7

461
1
100
AcDbText
10
20.499872999746003
20
-128.5001270002541
30
0
40
1
1
TEMP
50
0
71
1
100
AcDbText
0
TEXT
5
97d
100
AcDbEntity
8
TopSilkLayer
7

461
1
100
AcDbText
10
46
20
-1.5
30
0
40
1
1
GND
50
90
71
1
100
AcDbText
0
TEXT
5
97e
100
AcDbEntity
8
TopSilkLayer
7

461
1
100
AcDbText
10
48.5
20
-1.5
30
0
40
1
1
TXD
50
90
71
1
100
AcDbText
0
TEXT
5
97f
100
AcDbEntity
8
TopSilkLayer
7

461
1
100
AcDbText
10
51
20
-1.5
30
0
40
1
1
RXD
50
90
71
1
100
AcDbText
0
TEXT
5
980
100
AcDbEntity
8
TopSilkLayer
7

461
1
100
AcDbText
10
45
20
-9
30
0
40
1
1
GND
50
0
71
1
100
AcDbText
0
TEXT
5
981
100
AcDbEntity
8
TopSilkLayer
7

461
1
100
AcDbText
10
48.5
20
-9
30
0
40
1
1
IO0
50
0
71
1
100
AcDbText
0
TEXT
5
982
100
AcDbEntity
8
TopSilkLayer
7

461
1
100
AcDbText
10
53.5
20
-23.5
30
0
40
1
1
GreenEye SensorDevice
50
90
71
1
100
AcDbText
0
TEXT
5
983
100
AcDbEntity
8
TopSilkLayer
7

461
1
100
AcDbText
10
53.5
20
-5.5
30
0
40
1
1
V3.0
50
90
71
1
100
AcDbText
0
TEXT
5
984
100
AcDbEntity
8
TopSilkLayer
7

461
1
100
AcDbText
10
4
20
-1
30
0
40
1
1
Dolphins
50
90
71
1
100
AcDbText
0
TEXT
5
985
100
AcDbEntity
8
TopSilkLayer
7

461
1
100
AcDbText
10
2
20
-2
30
0
40
1
1
Nangman
50
90
71
1
100
AcDbText
0
TEXT
5
986
100
AcDbEntity
8
BottomSilkLayer
7

461
2
100
AcDbText
10
31.500076200152535
20
-3.450012700025354
30
0
40
2
1
Nangman
50
0
71
2
100
AcDbText
0
TEXT
5
987
100
AcDbEntity
8
BottomSilkLayer
7

461
2
100
AcDbText
10
29.500076200152535
20
-6.450012700025468
30
0
40
2
1
Dolphins
50
0
71
2
100
AcDbText
0
TEXT
5
988
100
AcDbEntity
8
BottomSilkLayer
7

461
1.143002286004572
100
AcDbText
10
12.000127000253997
20
-26
30
0
40
1.143002286004572
1
47u
50
0
71
2
100
AcDbText
0
TEXT
5
989
100
AcDbEntity
8
BottomSilkLayer
7

461
1.143002286004572
100
AcDbText
10
8.5
20
-26
30
0
40
1.143002286004572
1
C3
50
0
71
2
100
AcDbText
0
TEXT
5
98a
100
AcDbEntity
8
TopSilkLayer
7

461
1.143002286004572
100
AcDbText
10
13
20
2.5
30
0
40
1.143002286004572
1
GY-302
50
90
71
1
100
AcDbText
0
TEXT
5
98b
100
AcDbEntity
8
TopSilkLayer
7

461
1.143002286004572
100
AcDbText
10
12
20
10
30
0
40
1.143002286004572
1
S1
50
0
71
1
100
AcDbText
0
TEXT
5
98c
100
AcDbEntity
8
BottomSilkLayer
7

461
1.5240030480060962
100
AcDbText
10
26.52743205486422
20
8.721996443992794
30
0
40
1.5240030480060962
1
VCC
50
90
71
2
100
AcDbText
0
TEXT
5
98d
100
AcDbEntity
8
BottomSilkLayer
7

461
1.5240030480060962
100
AcDbText
10
23.98742697485409
20
8.721996443992794
30
0
40
1.5240030480060962
1
GND
50
90
71
2
100
AcDbText
0
TEXT
5
98e
100
AcDbEntity
8
BottomSilkLayer
7

461
1.5240030480060962
100
AcDbText
10
21.447421894843956
20
8.721996443992794
30
0
40
1.5240030480060962
1
SCL
50
90
71
2
100
AcDbText
0
TEXT
5
98f
100
AcDbEntity
8
BottomSilkLayer
7

461
1.5240030480060962
100
AcDbText
10
18.907416814833596
20
8.721996443992794
30
0
40
1.5240030480060962
1
SDA
50
90
71
2
100
AcDbText
0
TEXT
5
990
100
AcDbEntity
8
BottomSilkLayer
7

461
1.5240030480060962
100
AcDbText
10
16.367411734823463
20
8.721996443992794
30
0
40
1.5240030480060962
1
ADDR
50
90
71
2
100
AcDbText
0
TEXT
5
991
100
AcDbEntity
8
TopSilkLayer
7

461
0.8
100
AcDbText
10
12
20
-9
30
0
40
0.8
1
AP2112K-3.3
50
90
71
1
100
AcDbText
0
TEXT
5
992
100
AcDbEntity
8
TopSilkLayer
7

461
1.143002286004572
100
AcDbText
10
7
20
-7.000000000000114
30
0
40
1.143002286004572
1
U2
50
90
71
1
100
AcDbText
0
TEXT
5
993
100
AcDbEntity
8
BottomSilkLayer
7

461
1.143002286004572
100
AcDbText
10
23.5
20
-28.5
30
0
40
1.143002286004572
1
AHT20
50
0
71
2
100
AcDbText
0
TEXT
5
994
100
AcDbEntity
8
BottomSilkLayer
7

461
1.143002286004572
100
AcDbText
10
34.5
20
-28.5
30
0
40
1.143002286004572
1
S2
50
0
71
2
100
AcDbText
0
TEXT
5
995
100
AcDbEntity
8
BottomSilkLayer
7

461
1.0160020320040641
100
AcDbText
10
30.372999745999323
20
-23.603124206248367
30
0
40
1.0160020320040641
1
VIN
50
270
71
2
100
AcDbText
0
TEXT
5
996
100
AcDbEntity
8
BottomSilkLayer
7

461
1.0160020320040641
100
AcDbText
10
27.57899415798829
20
-23.603124206248367
30
0
40
1.0160020320040641
1
SDA
50
270
71
2
100
AcDbText
0
TEXT
5
997
100
AcDbEntity
8
BottomSilkLayer
7

461
1.0160020320040641
100
AcDbText
10
24.91198882397748
20
-23.603124206248367
30
0
40
1.0160020320040641
1
GND
50
270
71
2
100
AcDbText
0
TEXT
5
998
100
AcDbEntity
8
BottomSilkLayer
7

461
1.0160020320040641
100
AcDbText
10
22.37198374396735
20
-23.603124206248367
30
0
40
1.0160020320040641
1
SCL
50
270
71
2
100
AcDbText
0
TEXT
5
999
100
AcDbEntity
8
BottomSilkLayer
7

461
1.0160020320040641
100
AcDbText
10
29.610998221996397
20
-16.74511049022101
30
0
40
1.0160020320040641
1
BME280
50
0
71
2
100
AcDbText
0
TEXT
5
99a
100
AcDbEntity
8
BottomSilkLayer
7

461
1.0160020320040641
100
AcDbText
10
29.22999745999482
20
-18.904114808229565
30
0
40
1.0160020320040641
1
AHT20
50
0
71
2
100
AcDbText
0
TEXT
5
99b
100
AcDbEntity
8
BottomSilkLayer
7

461
0.8
100
AcDbText
10
6
20
2.5
30
0
40
0.8
1
CONN1
50
90
71
2
100
AcDbText
0
TEXT
5
99c
100
AcDbEntity
8
TopSilkLayer
7

461
1.143002286004572
100
AcDbText
10
42
20
1.4999999999998863
30
0
40
1.143002286004572
1
ESP32-CAM
50
90
71
1
100
AcDbText
0
TEXT
5
99d
100
AcDbEntity
8
TopSilkLayer
7

461
1.143002286004572
100
AcDbText
10
42
20
-0.5
30
0
40
1.143002286004572
1
U1
50
90
71
1
100
AcDbText
0
TEXT
5
99e
100
AcDbEntity
8
TopSilkLayer
7

461
1.143002286004572
100
AcDbText
10
10
20
-11.500127000253997
30
0
40
1.143002286004572
1
10u
50
0
71
1
100
AcDbText
0
TEXT
5
99f
100
AcDbEntity
8
TopSilkLayer
7

461
1.143002286004572
100
AcDbText
10
6
20
-11.500127000253997
30
0
40
1.143002286004572
1
C1
50
0
71
1
100
AcDbText
0
TEXT
5
9a0
100
AcDbEntity
8
TopSilkLayer
7

461
1.143002286004572
100
AcDbText
10
10
20
-16.499110998222022
30
0
40
1.143002286004572
1
10u
50
0
71
1
100
AcDbText
0
TEXT
5
9a1
100
AcDbEntity
8
TopSilkLayer
7

461
1.143002286004572
100
AcDbText
10
6
20
-16.499110998222022
30
0
40
1.143002286004572
1
C2
50
0
71
1
100
AcDbText
0
TEXT
5
9a2
100
AcDbEntity
8
TopSilkLayer
7

461
1.143002286004572
100
AcDbText
10
9.500127000253997
20
-21.500889001777978
30
0
40
1.143002286004572
1
47u
50
0
71
1
100
AcDbText
0
TEXT
5
9a3
100
AcDbEntity
8
TopSilkLayer
7

461
1.143002286004572
100
AcDbText
10
6
20
-21.500889001777978
30
0
40
1.143002286004572
1
C3
50
0
71
1
100
AcDbText
0
TEXT
5
9a4
100
AcDbEntity
8
TopSilkLayer
7

461
1.143002286004572
100
AcDbText
10
9.500127000253997
20
-26.499872999746003
30
0
40
1.143002286004572
1
0.1u
50
0
71
1
100
AcDbText
0
TEXT
5
9a5
100
AcDbEntity
8
TopSilkLayer
7

461
1.143002286004572
100
AcDbText
10
6
20
-26.499872999746003
30
0
40
1.143002286004572
1
C4
50
0
71
1
100
AcDbText
0
TEXT
5
9a6
100
AcDbEntity
8
TopSilkLayer
7

461
1.143002286004572
100
AcDbText
10
44
20
-25.499110998222022
30
0
40
1.143002286004572
1
0.1u
50
0
71
1
100
AcDbText
0
TEXT
5
9a7
100
AcDbEntity
8
TopSilkLayer
7

461
1.143002286004572
100
AcDbText
10
41.00000000000023
20
-25.499110998222022
30
0
40
1.143002286004572
1
C5
50
0
71
1
100
AcDbText
0
TEXT
5
9a8
100
AcDbEntity
8
TopSilkLayer
7

461
1.143002286004572
100
AcDbText
10
9.000508001015987
20
-31.49885699771403
30
0
40
1.143002286004572
1
100n
50
0
71
1
100
AcDbText
0
TEXT
5
9a9
100
AcDbEntity
8
TopSilkLayer
7

461
1.143002286004572
100
AcDbText
10
6.000508001015987
20
-31.49885699771403
30
0
40
1.143002286004572
1
C6
50
0
71
1
100
AcDbText
0
TEXT
5
9aa
100
AcDbEntity
8
TopSilkLayer
7

461
1.143002286004572
100
AcDbText
10
19.50038100076199
20
-47.5006350012701
30
0
40
1.143002286004572
1
470p
50
0
71
1
100
AcDbText
0
TEXT
5
9ab
100
AcDbEntity
8
TopSilkLayer
7

461
1.143002286004572
100
AcDbText
10
17.000508001015987
20
-47.5006350012701
30
0
40
1.143002286004572
1
C7
50
0
71
1
100
AcDbText
0
TEXT
5
9ac
100
AcDbEntity
8
TopSilkLayer
7

461
1.143002286004572
100
AcDbText
10
44.499872999746
20
-45.49961899923801
30
0
40
1.143002286004572
1
10n
50
0
71
1
100
AcDbText
0
TEXT
5
9ad
100
AcDbEntity
8
TopSilkLayer
7

461
1.143002286004572
100
AcDbText
10
41.00000000000023
20
-45.49961899923801
30
0
40
1.143002286004572
1
C8
50
0
71
1
100
AcDbText
0
TEXT
5
9ae
100
AcDbEntity
8
TopSilkLayer
7

461
1.143002286004572
100
AcDbText
10
45.000508001016215
20
-40.500127000254
30
0
40
1.143002286004572
1
1u
50
0
71
1
100
AcDbText
0
TEXT
5
9af
100
AcDbEntity
8
TopSilkLayer
7

461
1.143002286004572
100
AcDbText
10
41.00050800101599
20
-40.500127000254
30
0
40
1.143002286004572
1
C9
50
0
71
1
100
AcDbText
0
TEXT
5
9b0
100
AcDbEntity
8
TopSilkLayer
7

461
1.143002286004572
100
AcDbText
10
44.500127000254
20
-20.50038100076199
30
0
40
1.143002286004572
1
0.1u
50
0
71
1
100
AcDbText
0
TEXT
5
9b1
100
AcDbEntity
8
TopSilkLayer
7

461
1.143002286004572
100
AcDbText
10
41.00000000000023
20
-20.50038100076199
30
0
40
1.143002286004572
1
C10
50
0
71
1
100
AcDbText
0
TEXT
5
9b2
100
AcDbEntity
8
TopSilkLayer
7

461
1.143002286004572
100
AcDbText
10
44.5
20
-15.5
30
0
40
1.143002286004572
1
0.1u
50
0
71
1
100
AcDbText
0
TEXT
5
9b3
100
AcDbEntity
8
TopSilkLayer
7

461
1.143002286004572
100
AcDbText
10
41.00000000000023
20
-15.5
30
0
40
1.143002286004572
1
C11
50
0
71
1
100
AcDbText
0
TEXT
5
9b4
100
AcDbEntity
8
TopSilkLayer
7

461
1.143002286004572
100
AcDbText
10
52.5
20
-25.500000000000114
30
0
40
1.143002286004572
1
1u
50
0
71
1
100
AcDbText
0
TEXT
5
9b5
100
AcDbEntity
8
TopSilkLayer
7

461
1.143002286004572
100
AcDbText
10
48
20
-25.500000000000114
30
0
40
1.143002286004572
1
C12
50
0
71
1
100
AcDbText
0
TEXT
5
9b6
100
AcDbEntity
8
TopSilkLayer
7

461
1.143002286004572
100
AcDbText
10
2.498602997206035
20
-12.000508001016101
30
0
40
1.143002286004572
1
100K
50
90
71
1
100
AcDbText
0
TEXT
5
9b7
100
AcDbEntity
8
TopSilkLayer
7

461
1.143002286004572
100
AcDbText
10
2.498602997206035
20
-15.500635001269984
30
0
40
1.143002286004572
1
R1
50
90
71
1
100
AcDbText
0
TEXT
5
9b8
100
AcDbEntity
8
TopSilkLayer
7

461
1.143002286004572
100
AcDbText
10
50.5
20
-39.5
30
0
40
1.143002286004572
1
1K
50
90
71
1
100
AcDbText
0
TEXT
5
9b9
100
AcDbEntity
8
TopSilkLayer
7

461
1.143002286004572
100
AcDbText
10
50.5
20
-46
30
0
40
1.143002286004572
1
R2
50
90
71
1
100
AcDbText
0
TEXT
5
9ba
100
AcDbEntity
8
TopSilkLayer
7

461
1.143002286004572
100
AcDbText
10
2.5000000000001137
20
-40
30
0
40
1.143002286004572
1
330
50
90
71
1
100
AcDbText
0
TEXT
5
9bb
100
AcDbEntity
8
TopSilkLayer
7

461
1.143002286004572
100
AcDbText
10
2.5000000000001137
20
-45
30
0
40
1.143002286004572
1
R3
50
90
71
1
100
AcDbText
0
TEXT
5
9bc
100
AcDbEntity
8
TopSilkLayer
7

461
1.143002286004572
100
AcDbText
10
7.5
20
-40.5
30
0
40
1.143002286004572
1
2.4K
50
90
71
1
100
AcDbText
0
TEXT
5
9bd
100
AcDbEntity
8
TopSilkLayer
7

461
1.143002286004572
100
AcDbText
10
7.5
20
-45
30
0
40
1.143002286004572
1
R4
50
90
71
1
100
AcDbText
0
TEXT
5
9be
100
AcDbEntity
8
TopSilkLayer
7

461
1.143002286004572
100
AcDbText
10
11.5
20
-40.5
30
0
40
1.143002286004572
1
4.7K
50
90
71
1
100
AcDbText
0
TEXT
5
9bf
100
AcDbEntity
8
TopSilkLayer
7

461
1.143002286004572
100
AcDbText
10
11.5
20
-45
30
0
40
1.143002286004572
1
R5
50
90
71
1
100
AcDbText
0
TEXT
5
9c0
100
AcDbEntity
8
TopSilkLayer
7

461
1.143002286004572
100
AcDbText
10
16.5
20
-39.5
30
0
40
1.143002286004572
1
10K
50
90
71
1
100
AcDbText
0
TEXT
5
9c1
100
AcDbEntity
8
TopSilkLayer
7

461
1.143002286004572
100
AcDbText
10
16.5
20
-45
30
0
40
1.143002286004572
1
R6
50
90
71
1
100
AcDbText
0
TEXT
5
9c2
100
AcDbEntity
8
TopSilkLayer
7

461
1.143002286004572
100
AcDbText
10
20.5
20
-39.5
30
0
40
1.143002286004572
1
10K
50
90
71
1
100
AcDbText
0
TEXT
5
9c3
100
AcDbEntity
8
TopSilkLayer
7

461
1.143002286004572
100
AcDbText
10
20.5
20
-45
30
0
40
1.143002286004572
1
R7
50
90
71
1
100
AcDbText
0
TEXT
5
9c4
100
AcDbEntity
8
TopSilkLayer
7

461
1.143002286004572
100
AcDbText
10
24.5
20
-38.500000000000114
30
0
40
1.143002286004572
1
1M
50
90
71
1
100
AcDbText
0
TEXT
5
9c5
100
AcDbEntity
8
TopSilkLayer
7

461
1.143002286004572
100
AcDbText
10
24.5
20
-45
30
0
40
1.143002286004572
1
R8
50
90
71
1
100
AcDbText
0
TEXT
5
9c6
100
AcDbEntity
8
TopSilkLayer
7

461
1.143002286004572
100
AcDbText
10
50.497840995682054
20
-31.498094996189934
30
0
40
1.143002286004572
1
10K
50
90
71
1
100
AcDbText
0
TEXT
5
9c7
100
AcDbEntity
8
TopSilkLayer
7

461
1.143002286004572
100
AcDbText
10
50.5
20
-36.5
30
0
40
1.143002286004572
1
R9
50
90
71
1
100
AcDbText
0
TEXT
5
9c8
100
AcDbEntity
8
TopSilkLayer
7

461
1.143002286004572
100
AcDbText
10
25
20
-32
30
0
40
1.143002286004572
1
10K
50
0
71
1
100
AcDbText
0
TEXT
5
9c9
100
AcDbEntity
8
TopSilkLayer
7

461
1.143002286004572
100
AcDbText
10
25
20
-30.5
30
0
40
1.143002286004572
1
R10
50
0
71
1
100
AcDbText
0
TEXT
5
9ca
100
AcDbEntity
8
TopSilkLayer
7

461
1.143002286004572
100
AcDbText
10
25
20
-36
30
0
40
1.143002286004572
1
10K
50
0
71
1
100
AcDbText
0
TEXT
5
9cb
100
AcDbEntity
8
TopSilkLayer
7

461
1.143002286004572
100
AcDbText
10
25
20
-34.5
30
0
40
1.143002286004572
1
R11
50
0
71
1
100
AcDbText
0
TEXT
5
9cc
100
AcDbEntity
8
TopSilkLayer
7

461
1.143002286004572
100
AcDbText
10
45.5
20
-32.5
30
0
40
1.143002286004572
1
10K
50
0
71
1
100
AcDbText
0
TEXT
5
9cd
100
AcDbEntity
8
TopSilkLayer
7

461
1.143002286004572
100
AcDbText
10
45.5
20
-31
30
0
40
1.143002286004572
1
R12
50
0
71
1
100
AcDbText
0
TEXT
5
9ce
100
AcDbEntity
8
TopSilkLayer
7

461
1.143002286004572
100
AcDbText
10
45.5
20
-36.5
30
0
40
1.143002286004572
1
10K
50
0
71
1
100
AcDbText
0
TEXT
5
9cf
100
AcDbEntity
8
TopSilkLayer
7

461
1.143002286004572
100
AcDbText
10
45.5
20
-35
30
0
40
1.143002286004572
1
R13
50
0
71
1
100
AcDbText
0
TEXT
5
9d0
100
AcDbEntity
8
TopSilkLayer
7

461
1.143002286004572
100
AcDbText
10
2.5000000000001137
20
-21.5
30
0
40
1.143002286004572
1
470K
50
90
71
1
100
AcDbText
0
TEXT
5
9d1
100
AcDbEntity
8
TopSilkLayer
7

461
1.143002286004572
100
AcDbText
10
2.5000000000001137
20
-25.000000000000114
30
0
40
1.143002286004572
1
R14
50
90
71
1
100
AcDbText
0
TEXT
5
9d2
100
AcDbEntity
8
TopSilkLayer
7

461
1.143002286004572
100
AcDbText
10
2.5000000000001137
20
-30.5
30
0
40
1.143002286004572
1
470K
50
90
71
1
100
AcDbText
0
TEXT
5
9d3
100
AcDbEntity
8
TopSilkLayer
7

461
1.143002286004572
100
AcDbText
10
2.5000000000001137
20
-34.000000000000114
30
0
40
1.143002286004572
1
R15
50
90
71
1
100
AcDbText
0
TEXT
5
9d4
100
AcDbEntity
8
TopSilkLayer
7

461
1.143002286004572
100
AcDbText
10
45
20
-4.5
30
0
40
1.143002286004572
1
UPLOAD
50
0
71
1
100
AcDbText
0
TEXT
5
9d5
100
AcDbEntity
8
TopSilkLayer
7

461
1.143002286004572
100
AcDbText
10
44
20
-6
30
0
40
1.143002286004572
1
J1
50
0
71
1
100
AcDbText
0
TEXT
5
9d6
100
AcDbEntity
8
TopSilkLayer
7

461
1.143002286004572
100
AcDbText
10
47
20
4.5
30
0
40
1.143002286004572
1
DEBUG
50
0
71
1
100
AcDbText
0
TEXT
5
9d7
100
AcDbEntity
8
TopSilkLayer
7

461
1.143002286004572
100
AcDbText
10
44
20
4.5
30
0
40
1.143002286004572
1
J2
50
0
71
1
100
AcDbText
0
TEXT
5
9d8
100
AcDbEntity
8
TopSilkLayer
7

461
1.143002286004572
100
AcDbText
10
17
20
-35
30
0
40
1.143002286004572
1
ADS1015
50
0
71
1
100
AcDbText
0
TEXT
5
9d9
100
AcDbEntity
8
TopSilkLayer
7

461
1.143002286004572
100
AcDbText
10
14
20
-35
30
0
40
1.143002286004572
1
U4
50
0
71
1
100
AcDbText
0
TEXT
5
9da
100
AcDbEntity
8
TopSilkLayer
7

461
0.8
100
AcDbText
10
24
20
-54
30
0
40
0.8
1
MF58 10K
50
0
71
1
100
AcDbText
0
TEXT
5
9db
100
AcDbEntity
8
TopSilkLayer
7

461
0.8
100
AcDbText
10
17
20
-54
30
0
40
0.8
1
S3
50
0
71
1
100
AcDbText
0
TEXT
5
9dc
100
AcDbEntity
8
TopSilkLayer
7

461
1.143002286004572
100
AcDbText
10
8.5
20
-47.500127000254
30
0
40
1.143002286004572
1
D1
50
0
71
1
100
AcDbText
0
TEXT
5
9dd
100
AcDbEntity
8
TopSilkLayer
7

461
1.143002286004572
100
AcDbText
10
32.00000000000023
20
-39
30
0
40
1.143002286004572
1
TLC555CP
50
0
71
1
100
AcDbText
0
TEXT
5
9de
100
AcDbEntity
8
TopSilkLayer
7

461
1.143002286004572
100
AcDbText
10
29
20
-39
30
0
40
1.143002286004572
1
U3
50
0
71
1
100
AcDbText
  0
CIRCLE
  5
540
330
1F
100
AcDbEntity
  8
TopSilkLayer
100
AcDbCircle
 10
10.339344678689486
 20
-7.859537719075547
 30
0.0
 40
0.12725425450850902
  0
CIRCLE
  5
541
330
1F
100
AcDbEntity
  8
TopSilkLayer
100
AcDbCircle
 10
27
 20
-19.570104140208286
 30
0.0
 40
2.500127000254001
  0
CIRCLE
  5
542
330
1F
100
AcDbEntity
  8
Document
100
AcDbCircle
 10
15.282194564389101
 20
-31.009525019050102
 30
0.0
 40
0.10007620015240032
  0
CIRCLE
  5
543
330
1F
100
AcDbEntity
  8
TopSilkLayer
100
AcDbCircle
 10
16.018796037591983
 20
-30.476123952247917
 30
0.0
 40
0.10007620015240032
  0
CIRCLE
  5
544
330
1F
100
AcDbEntity
  8
Document
100
AcDbCircle
 10
30.062992125984238
 20
-48.44500889001779
 30
0.0
 40
0.29997459994919995
  0
CIRCLE
  5
545
330
1F
100
AcDbEntity
  8
TopSolderMaskLayer
100
AcDbCircle
 10
26.273431546863094
 20
10.499999999999886
 30
0.0
 40
0.48768097536195076
  0
CIRCLE
  5
546
330
1F
100
AcDbEntity
  8
TopSolderMaskLayer
100
AcDbCircle
 10
26.273431546863094
 20
10.499999999999886
 30
0.0
 40
0.8128016256032513
0
HATCH
5
547
100
AcDbEntity
8
TopSolderMaskLayer
100
AcDbHatch
10
0
20
0
30
0
210
0
220
0
230
1
2
SOLID
70
1
71
0
91
1
92
7
72
1
73
1
93
2
10
25.460629921259844
20
10.499999999999886
42
1
10
27.086233172466343
20
10.499999999999886
42
1
97
1
330

75
0
76
1
47
0.8681437583925616
98
1
10
3.629517071192367
20
33.92795499968543
450
0
451
0
460
0
461
0
452
1
462
1
453
2
463
0
63
5
421
255
463
1
63
7
421
16777215
470
LINEAR
1001
ACAD
1010
0
1020
0
1030
0
  0
CIRCLE
  5
548
330
1F
100
AcDbEntity
  8
BottomSolderMaskLayer
100
AcDbCircle
 10
26.273431546863094
 20
10.499999999999886
 30
0.0
 40
0.48768097536195076
  0
CIRCLE
  5
549
330
1F
100
AcDbEntity
  8
BottomSolderMaskLayer
100
AcDbCircle
 10
26.273431546863094
 20
10.499999999999886
 30
0.0
 40
0.8128016256032513
0
HATCH
5
54a
100
AcDbEntity
8
BottomSolderMaskLayer
100
AcDbHatch
10
0
20
0
30
0
210
0
220
0
230
1
2
SOLID
70
1
71
0
91
1
92
7
72
1
73
1
93
2
10
25.460629921259844
20
10.499999999999886
42
1
10
27.086233172466343
20
10.499999999999886
42
1
97
1
330

75
0
76
1
47
0.8681437583925616
98
1
10
3.629517071192367
20
33.92795499968543
450
0
451
0
460
0
461
0
452
1
462
1
453
2
463
0
63
5
421
255
463
1
63
7
421
16777215
470
LINEAR
1001
ACAD
1010
0
1020
0
1030
0
  0
CIRCLE
  5
54b
330
1F
100
AcDbEntity
  8
Multi-Layer
100
AcDbCircle
 10
26.273431546863094
 20
10.499999999999886
 30
0.0
 40
0.45720091440182886
  0
CIRCLE
  5
54c
330
1F
100
AcDbEntity
  8
Multi-Layer
100
AcDbCircle
 10
26.273431546863094
 20
10.499999999999886
 30
0.0
 40
0.7620015240030481
0
HATCH
5
54d
100
AcDbEntity
8
Multi-Layer
100
AcDbHatch
10
0
20
0
30
0
210
0
220
0
230
1
2
SOLID
70
1
71
0
91
1
92
7
72
1
73
1
93
2
10
25.511430022860047
20
10.499999999999886
42
1
10
27.03543307086614
20
10.499999999999886
42
1
97
1
330

75
0
76
1
47
0.8681437583925616
98
1
10
3.629517071192367
20
33.92795499968543
450
0
451
0
460
0
461
0
452
1
462
1
453
2
463
0
63
5
421
255
463
1
63
7
421
16777215
470
LINEAR
1001
ACAD
1010
0
1020
0
1030
0
  0
CIRCLE
  5
54e
330
1F
100
AcDbEntity
  8
TopSolderMaskLayer
100
AcDbCircle
 10
23.73342646685296
 20
10.499999999999886
 30
0.0
 40
0.48768097536195076
  0
CIRCLE
  5
54f
330
1F
100
AcDbEntity
  8
TopSolderMaskLayer
100
AcDbCircle
 10
23.73342646685296
 20
10.499999999999886
 30
0.0
 40
0.8128016256032513
0
HATCH
5
550
100
AcDbEntity
8
TopSolderMaskLayer
100
AcDbHatch
10
0
20
0
30
0
210
0
220
0
230
1
2
SOLID
70
1
71
0
91
1
92
7
72
1
73
1
93
2
10
22.920624841249712
20
10.499999999999886
42
1
10
24.54622809245621
20
10.499999999999886
42
1
97
1
330

75
0
76
1
47
0.8681437583925616
98
1
10
3.629517071192367
20
33.92795499968543
450
0
451
0
460
0
461
0
452
1
462
1
453
2
463
0
63
5
421
255
463
1
63
7
421
16777215
470
LINEAR
1001
ACAD
1010
0
1020
0
1030
0
  0
CIRCLE
  5
551
330
1F
100
AcDbEntity
  8
BottomSolderMaskLayer
100
AcDbCircle
 10
23.73342646685296
 20
10.499999999999886
 30
0.0
 40
0.48768097536195076
  0
CIRCLE
  5
552
330
1F
100
AcDbEntity
  8
BottomSolderMaskLayer
100
AcDbCircle
 10
23.73342646685296
 20
10.499999999999886
 30
0.0
 40
0.8128016256032513
0
HATCH
5
553
100
AcDbEntity
8
BottomSolderMaskLayer
100
AcDbHatch
10
0
20
0
30
0
210
0
220
0
230
1
2
SOLID
70
1
71
0
91
1
92
7
72
1
73
1
93
2
10
22.920624841249712
20
10.499999999999886
42
1
10
24.54622809245621
20
10.499999999999886
42
1
97
1
330

75
0
76
1
47
0.8681437583925616
98
1
10
3.629517071192367
20
33.92795499968543
450
0
451
0
460
0
461
0
452
1
462
1
453
2
463
0
63
5
421
255
463
1
63
7
421
16777215
470
LINEAR
1001
ACAD
1010
0
1020
0
1030
0
  0
CIRCLE
  5
554
330
1F
100
AcDbEntity
  8
Multi-Layer
100
AcDbCircle
 10
23.73342646685296
 20
10.499999999999886
 30
0.0
 40
0.45720091440182886
  0
CIRCLE
  5
555
330
1F
100
AcDbEntity
  8
Multi-Layer
100
AcDbCircle
 10
23.73342646685296
 20
10.499999999999886
 30
0.0
 40
0.7620015240030481
0
HATCH
5
556
100
AcDbEntity
8
Multi-Layer
100
AcDbHatch
10
0
20
0
30
0
210
0
220
0
230
1
2
SOLID
70
1
71
0
91
1
92
7
72
1
73
1
93
2
10
22.971424942849914
20
10.499999999999886
42
1
10
24.495427990856008
20
10.499999999999886
42
1
97
1
330

75
0
76
1
47
0.8681437583925616
98
1
10
3.629517071192367
20
33.92795499968543
450
0
451
0
460
0
461
0
452
1
462
1
453
2
463
0
63
5
421
255
463
1
63
7
421
16777215
470
LINEAR
1001
ACAD
1010
0
1020
0
1030
0
  0
CIRCLE
  5
557
330
1F
100
AcDbEntity
  8
TopSolderMaskLayer
100
AcDbCircle
 10
21.19342138684283
 20
10.499999999999886
 30
0.0
 40
0.47244094488188987
  0
CIRCLE
  5
558
330
1F
100
AcDbEntity
  8
TopSolderMaskLayer
100
AcDbCircle
 10
21.19342138684283
 20
10.499999999999886
 30
0.0
 40
0.7874015748031498
0
HATCH
5
559
100
AcDbEntity
8
TopSolderMaskLayer
100
AcDbHatch
10
0
20
0
30
0
210
0
220
0
230
1
2
SOLID
70
1
71
0
91
1
92
7
72
1
73
1
93
2
10
20.40601981203968
20
10.499999999999886
42
1
10
21.980822961645977
20
10.499999999999886
42
1
97
1
330

75
0
76
1
47
0.8681437583925616
98
1
10
3.629517071192367
20
33.92795499968543
450
0
451
0
460
0
461
0
452
1
462
1
453
2
463
0
63
5
421
255
463
1
63
7
421
16777215
470
LINEAR
1001
ACAD
1010
0
1020
0
1030
0
  0
CIRCLE
  5
55a
330
1F
100
AcDbEntity
  8
BottomSolderMaskLayer
100
AcDbCircle
 10
21.19342138684283
 20
10.499999999999886
 30
0.0
 40
0.47244094488188987
  0
CIRCLE
  5
55b
330
1F
100
AcDbEntity
  8
BottomSolderMaskLayer
100
AcDbCircle
 10
21.19342138684283
 20
10.499999999999886
 30
0.0
 40
0.7874015748031498
0
HATCH
5
55c
100
AcDbEntity
8
BottomSolderMaskLayer
100
AcDbHatch
10
0
20
0
30
0
210
0
220
0
230
1
2
SOLID
70
1
71
0
91
1
92
7
72
1
73
1
93
2
10
20.40601981203968
20
10.499999999999886
42
1
10
21.980822961645977
20
10.499999999999886
42
1
97
1
330

75
0
76
1
47
0.8681437583925616
98
1
10
3.629517071192367
20
33.92795499968543
450
0
451
0
460
0
461
0
452
1
462
1
453
2
463
0
63
5
421
255
463
1
63
7
421
16777215
470
LINEAR
1001
ACAD
1010
0
1020
0
1030
0
  0
CIRCLE
  5
55d
330
1F
100
AcDbEntity
  8
Multi-Layer
100
AcDbCircle
 10
21.19342138684283
 20
10.499999999999886
 30
0.0
 40
0.45720091440182886
  0
CIRCLE
  5
55e
330
1F
100
AcDbEntity
  8
Multi-Layer
100
AcDbCircle
 10
21.19342138684283
 20
10.499999999999886
 30
0.0
 40
0.7620015240030481
0
HATCH
5
55f
100
AcDbEntity
8
Multi-Layer
100
AcDbHatch
10
0
20
0
30
0
210
0
220
0
230
1
2
SOLID
70
1
71
0
91
1
92
7
72
1
73
1
93
2
10
20.431419862839782
20
10.499999999999886
42
1
10
21.955422910845876
20
10.499999999999886
42
1
97
1
330

75
0
76
1
47
0.8681437583925616
98
1
10
3.629517071192367
20
33.92795499968543
450
0
451
0
460
0
461
0
452
1
462
1
453
2
463
0
63
5
421
255
463
1
63
7
421
16777215
470
LINEAR
1001
ACAD
1010
0
1020
0
1030
0
  0
CIRCLE
  5
560
330
1F
100
AcDbEntity
  8
TopSolderMaskLayer
100
AcDbCircle
 10
18.653416306832696
 20
10.499999999999886
 30
0.0
 40
0.48768097536195076
  0
CIRCLE
  5
561
330
1F
100
AcDbEntity
  8
TopSolderMaskLayer
100
AcDbCircle
 10
18.653416306832696
 20
10.499999999999886
 30
0.0
 40
0.8128016256032513
0
HATCH
5
562
100
AcDbEntity
8
TopSolderMaskLayer
100
AcDbHatch
10
0
20
0
30
0
210
0
220
0
230
1
2
SOLID
70
1
71
0
91
1
92
7
72
1
73
1
93
2
10
17.840614681229447
20
10.499999999999886
42
1
10
19.466217932435946
20
10.499999999999886
42
1
97
1
330

75
0
76
1
47
0.8681437583925616
98
1
10
3.629517071192367
20
33.92795499968543
450
0
451
0
460
0
461
0
452
1
462
1
453
2
463
0
63
5
421
255
463
1
63
7
421
16777215
470
LINEAR
1001
ACAD
1010
0
1020
0
1030
0
  0
CIRCLE
  5
563
330
1F
100
AcDbEntity
  8
BottomSolderMaskLayer
100
AcDbCircle
 10
18.653416306832696
 20
10.499999999999886
 30
0.0
 40
0.48768097536195076
  0
CIRCLE
  5
564
330
1F
100
AcDbEntity
  8
BottomSolderMaskLayer
100
AcDbCircle
 10
18.653416306832696
 20
10.499999999999886
 30
0.0
 40
0.8128016256032513
0
HATCH
5
565
100
AcDbEntity
8
BottomSolderMaskLayer
100
AcDbHatch
10
0
20
0
30
0
210
0
220
0
230
1
2
SOLID
70
1
71
0
91
1
92
7
72
1
73
1
93
2
10
17.840614681229447
20
10.499999999999886
42
1
10
19.466217932435946
20
10.499999999999886
42
1
97
1
330

75
0
76
1
47
0.8681437583925616
98
1
10
3.629517071192367
20
33.92795499968543
450
0
451
0
460
0
461
0
452
1
462
1
453
2
463
0
63
5
421
255
463
1
63
7
421
16777215
470
LINEAR
1001
ACAD
1010
0
1020
0
1030
0
  0
CIRCLE
  5
566
330
1F
100
AcDbEntity
  8
Multi-Layer
100
AcDbCircle
 10
18.653416306832696
 20
10.499999999999886
 30
0.0
 40
0.45720091440182886
  0
CIRCLE
  5
567
330
1F
100
AcDbEntity
  8
Multi-Layer
100
AcDbCircle
 10
18.653416306832696
 20
10.499999999999886
 30
0.0
 40
0.7620015240030481
0
HATCH
5
568
100
AcDbEntity
8
Multi-Layer
100
AcDbHatch
10
0
20
0
30
0
210
0
220
0
230
1
2
SOLID
70
1
71
0
91
1
92
7
72
1
73
1
93
2
10
17.89141478282965
20
10.499999999999886
42
1
10
19.415417830835743
20
10.499999999999886
42
1
97
1
330

75
0
76
1
47
0.8681437583925616
98
1
10
3.629517071192367
20
33.92795499968543
450
0
451
0
460
0
461
0
452
1
462
1
453
2
463
0
63
5
421
255
463
1
63
7
421
16777215
470
LINEAR
1001
ACAD
1010
0
1020
0
1030
0
  0
CIRCLE
  5
569
330
1F
100
AcDbEntity
  8
TopSolderMaskLayer
100
AcDbCircle
 10
16.18199136398289
 20
10.499999999999886
 30
0.0
 40
0.48768097536195076
  0
CIRCLE
  5
56a
330
1F
100
AcDbEntity
  8
TopSolderMaskLayer
100
AcDbCircle
 10
16.18199136398289
 20
10.499999999999886
 30
0.0
 40
0.8128016256032513
0
HATCH
5
56b
100
AcDbEntity
8
TopSolderMaskLayer
100
AcDbHatch
10
0
20
0
30
0
210
0
220
0
230
1
2
SOLID
70
1
71
0
91
1
92
7
72
1
73
1
93
2
10
15.369189738379637
20
10.499999999999886
42
1
10
16.994792989586138
20
10.499999999999886
42
1
97
1
330

75
0
76
1
47
0.8681437583925616
98
1
10
3.629517071192367
20
33.92795499968543
450
0
451
0
460
0
461
0
452
1
462
1
453
2
463
0
63
5
421
255
463
1
63
7
421
16777215
470
LINEAR
1001
ACAD
1010
0
1020
0
1030
0
  0
CIRCLE
  5
56c
330
1F
100
AcDbEntity
  8
BottomSolderMaskLayer
100
AcDbCircle
 10
16.18199136398289
 20
10.499999999999886
 30
0.0
 40
0.48768097536195076
  0
CIRCLE
  5
56d
330
1F
100
AcDbEntity
  8
BottomSolderMaskLayer
100
AcDbCircle
 10
16.18199136398289
 20
10.499999999999886
 30
0.0
 40
0.8128016256032513
0
HATCH
5
56e
100
AcDbEntity
8
BottomSolderMaskLayer
100
AcDbHatch
10
0
20
0
30
0
210
0
220
0
230
1
2
SOLID
70
1
71
0
91
1
92
7
72
1
73
1
93
2
10
15.369189738379637
20
10.499999999999886
42
1
10
16.994792989586138
20
10.499999999999886
42
1
97
1
330

75
0
76
1
47
0.8681437583925616
98
1
10
3.629517071192367
20
33.92795499968543
450
0
451
0
460
0
461
0
452
1
462
1
453
2
463
0
63
5
421
255
463
1
63
7
421
16777215
470
LINEAR
1001
ACAD
1010
0
1020
0
1030
0
  0
CIRCLE
  5
56f
330
1F
100
AcDbEntity
  8
Multi-Layer
100
AcDbCircle
 10
16.18199136398289
 20
10.499999999999886
 30
0.0
 40
0.45720091440182886
  0
CIRCLE
  5
570
330
1F
100
AcDbEntity
  8
Multi-Layer
100
AcDbCircle
 10
16.18199136398289
 20
10.499999999999886
 30
0.0
 40
0.7620015240030481
0
HATCH
5
571
100
AcDbEntity
8
Multi-Layer
100
AcDbHatch
10
0
20
0
30
0
210
0
220
0
230
1
2
SOLID
70
1
71
0
91
1
92
7
72
1
73
1
93
2
10
15.41998983997984
20
10.499999999999886
42
1
10
16.943992887985935
20
10.499999999999886
42
1
97
1
330

75
0
76
1
47
0.8681437583925616
98
1
10
3.629517071192367
20
33.92795499968543
450
0
451
0
460
0
461
0
452
1
462
1
453
2
463
0
63
5
421
255
463
1
63
7
421
16777215
470
LINEAR
1001
ACAD
1010
0
1020
0
1030
0
  0
CIRCLE
  5
5a8
330
1F
100
AcDbEntity
  8
TopSolderMaskLayer
100
AcDbCircle
 10
27.959994919989867
 20
-25.000000000000114
 30
0.0
 40
0.48768097536195076
  0
CIRCLE
  5
5a9
330
1F
100
AcDbEntity
  8
TopSolderMaskLayer
100
AcDbCircle
 10
27.959994919989867
 20
-25.000127000253997
 30
0.0
 40
0.8128016256032513
0
HATCH
5
5aa
100
AcDbEntity
8
TopSolderMaskLayer
100
AcDbHatch
10
0
20
0
30
0
210
0
220
0
230
1
2
SOLID
70
1
71
0
91
1
92
7
72
1
73
1
93
2
10
27.147193294386618
20
-25.000127000253997
42
1
10
28.772796545593117
20
-25.000127000253997
42
1
97
1
330

75
0
76
1
47
0.8681437583925616
98
1
10
3.629517071192367
20
33.92795499968543
450
0
451
0
460
0
461
0
452
1
462
1
453
2
463
0
63
5
421
255
463
1
63
7
421
16777215
470
LINEAR
1001
ACAD
1010
0
1020
0
1030
0
  0
CIRCLE
  5
5ab
330
1F
100
AcDbEntity
  8
BottomSolderMaskLayer
100
AcDbCircle
 10
27.959994919989867
 20
-25.000000000000114
 30
0.0
 40
0.48768097536195076
  0
CIRCLE
  5
5ac
330
1F
100
AcDbEntity
  8
BottomSolderMaskLayer
100
AcDbCircle
 10
27.959994919989867
 20
-25.000127000253997
 30
0.0
 40
0.8128016256032513
0
HATCH
5
5ad
100
AcDbEntity
8
BottomSolderMaskLayer
100
AcDbHatch
10
0
20
0
30
0
210
0
220
0
230
1
2
SOLID
70
1
71
0
91
1
92
7
72
1
73
1
93
2
10
27.147193294386618
20
-25.000127000253997
42
1
10
28.772796545593117
20
-25.000127000253997
42
1
97
1
330

75
0
76
1
47
0.8681437583925616
98
1
10
3.629517071192367
20
33.92795499968543
450
0
451
0
460
0
461
0
452
1
462
1
453
2
463
0
63
5
421
255
463
1
63
7
421
16777215
470
LINEAR
1001
ACAD
1010
0
1020
0
1030
0
  0
CIRCLE
  5
5ae
330
1F
100
AcDbEntity
  8
Multi-Layer
100
AcDbCircle
 10
27.959994919989867
 20
-25.000000000000114
 30
0.0
 40
0.45720091440182886
  0
CIRCLE
  5
5af
330
1F
100
AcDbEntity
  8
Multi-Layer
100
AcDbCircle
 10
27.959994919989867
 20
-25.000127000253997
 30
0.0
 40
0.7620015240030481
0
HATCH
5
5b0
100
AcDbEntity
8
Multi-Layer
100
AcDbHatch
10
0
20
0
30
0
210
0
220
0
230
1
2
SOLID
70
1
71
0
91
1
92
7
72
1
73
1
93
2
10
27.19799339598682
20
-25.000127000253997
42
1
10
28.721996443992914
20
-25.000127000253997
42
1
97
1
330

75
0
76
1
47
0.8681437583925616
98
1
10
3.629517071192367
20
33.92795499968543
450
0
451
0
460
0
461
0
452
1
462
1
453
2
463
0
63
5
421
255
463
1
63
7
421
16777215
470
LINEAR
1001
ACAD
1010
0
1020
0
1030
0
  0
CIRCLE
  5
5b1
330
1F
100
AcDbEntity
  8
TopSolderMaskLayer
100
AcDbCircle
 10
25.419989839979507
 20
-25.000000000000114
 30
0.0
 40
0.48768097536195076
  0
CIRCLE
  5
5b2
330
1F
100
AcDbEntity
  8
TopSolderMaskLayer
100
AcDbCircle
 10
25.419989839979507
 20
-25.000127000253997
 30
0.0
 40
0.8128016256032513
0
HATCH
5
5b3
100
AcDbEntity
8
TopSolderMaskLayer
100
AcDbHatch
10
0
20
0
30
0
210
0
220
0
230
1
2
SOLID
70
1
71
0
91
1
92
7
72
1
73
1
93
2
10
24.607188214376258
20
-25.000127000253997
42
1
10
26.232791465582757
20
-25.000127000253997
42
1
97
1
330

75
0
76
1
47
0.8681437583925616
98
1
10
3.629517071192367
20
33.92795499968543
450
0
451
0
460
0
461
0
452
1
462
1
453
2
463
0
63
5
421
255
463
1
63
7
421
16777215
470
LINEAR
1001
ACAD
1010
0
1020
0
1030
0
  0
CIRCLE
  5
5b4
330
1F
100
AcDbEntity
  8
BottomSolderMaskLayer
100
AcDbCircle
 10
25.419989839979507
 20
-25.000000000000114
 30
0.0
 40
0.48768097536195076
  0
CIRCLE
  5
5b5
330
1F
100
AcDbEntity
  8
BottomSolderMaskLayer
100
AcDbCircle
 10
25.419989839979507
 20
-25.000127000253997
 30
0.0
 40
0.8128016256032513
0
HATCH
5
5b6
100
AcDbEntity
8
BottomSolderMaskLayer
100
AcDbHatch
10
0
20
0
30
0
210
0
220
0
230
1
2
SOLID
70
1
71
0
91
1
92
7
72
1
73
1
93
2
10
24.607188214376258
20
-25.000127000253997
42
1
10
26.232791465582757
20
-25.000127000253997
42
1
97
1
330

75
0
76
1
47
0.8681437583925616
98
1
10
3.629517071192367
20
33.92795499968543
450
0
451
0
460
0
461
0
452
1
462
1
453
2
463
0
63
5
421
255
463
1
63
7
421
16777215
470
LINEAR
1001
ACAD
1010
0
1020
0
1030
0
  0
CIRCLE
  5
5b7
330
1F
100
AcDbEntity
  8
Multi-Layer
100
AcDbCircle
 10
25.419989839979507
 20
-25.000000000000114
 30
0.0
 40
0.45720091440182886
  0
CIRCLE
  5
5b8
330
1F
100
AcDbEntity
  8
Multi-Layer
100
AcDbCircle
 10
25.419989839979507
 20
-25.000127000253997
 30
0.0
 40
0.7620015240030481
0
HATCH
5
5b9
100
AcDbEntity
8
Multi-Layer
100
AcDbHatch
10
0
20
0
30
0
210
0
220
0
230
1
2
SOLID
70
1
71
0
91
1
92
7
72
1
73
1
93
2
10
24.65798831597646
20
-25.000127000253997
42
1
10
26.181991363982554
20
-25.000127000253997
42
1
97
1
330

75
0
76
1
47
0.8681437583925616
98
1
10
3.629517071192367
20
33.92795499968543
450
0
451
0
460
0
461
0
452
1
462
1
453
2
463
0
63
5
421
255
463
1
63
7
421
16777215
470
LINEAR
1001
ACAD
1010
0
1020
0
1030
0
  0
CIRCLE
  5
5ba
330
1F
100
AcDbEntity
  8
TopSolderMaskLayer
100
AcDbCircle
 10
22.879984759969375
 20
-25.000000000000114
 30
0.0
 40
0.48768097536195076
  0
CIRCLE
  5
5bb
330
1F
100
AcDbEntity
  8
TopSolderMaskLayer
100
AcDbCircle
 10
22.879984759969375
 20
-25.000127000253997
 30
0.0
 40
0.8128016256032513
0
HATCH
5
5bc
100
AcDbEntity
8
TopSolderMaskLayer
100
AcDbHatch
10
0
20
0
30
0
210
0
220
0
230
1
2
SOLID
70
1
71
0
91
1
92
7
72
1
73
1
93
2
10
22.067183134366125
20
-25.000127000253997
42
1
10
23.692786385572624
20
-25.000127000253997
42
1
97
1
330

75
0
76
1
47
0.8681437583925616
98
1
10
3.629517071192367
20
33.92795499968543
450
0
451
0
460
0
461
0
452
1
462
1
453
2
463
0
63
5
421
255
463
1
63
7
421
16777215
470
LINEAR
1001
ACAD
1010
0
1020
0
1030
0
  0
CIRCLE
  5
5bd
330
1F
100
AcDbEntity
  8
BottomSolderMaskLayer
100
AcDbCircle
 10
22.879984759969375
 20
-25.000000000000114
 30
0.0
 40
0.48768097536195076
  0
CIRCLE
  5
5be
330
1F
100
AcDbEntity
  8
BottomSolderMaskLayer
100
AcDbCircle
 10
22.879984759969375
 20
-25.000127000253997
 30
0.0
 40
0.8128016256032513
0
HATCH
5
5bf
100
AcDbEntity
8
BottomSolderMaskLayer
100
AcDbHatch
10
0
20
0
30
0
210
0
220
0
230
1
2
SOLID
70
1
71
0
91
1
92
7
72
1
73
1
93
2
10
22.067183134366125
20
-25.000127000253997
42
1
10
23.692786385572624
20
-25.000127000253997
42
1
97
1
330

75
0
76
1
47
0.8681437583925616
98
1
10
3.629517071192367
20
33.92795499968543
450
0
451
0
460
0
461
0
452
1
462
1
453
2
463
0
63
5
421
255
463
1
63
7
421
16777215
470
LINEAR
1001
ACAD
1010
0
1020
0
1030
0
  0
CIRCLE
  5
5c0
330
1F
100
AcDbEntity
  8
Multi-Layer
100
AcDbCircle
 10
22.879984759969375
 20
-25.000000000000114
 30
0.0
 40
0.45720091440182886
  0
CIRCLE
  5
5c1
330
1F
100
AcDbEntity
  8
Multi-Layer
100
AcDbCircle
 10
22.879984759969375
 20
-25.000127000253997
 30
0.0
 40
0.7620015240030481
0
HATCH
5
5c2
100
AcDbEntity
8
Multi-Layer
100
AcDbHatch
10
0
20
0
30
0
210
0
220
0
230
1
2
SOLID
70
1
71
0
91
1
92
7
72
1
73
1
93
2
10
22.117983235966328
20
-25.000127000253997
42
1
10
23.64198628397242
20
-25.000127000253997
42
1
97
1
330

75
0
76
1
47
0.8681437583925616
98
1
10
3.629517071192367
20
33.92795499968543
450
0
451
0
460
0
461
0
452
1
462
1
453
2
463
0
63
5
421
255
463
1
63
7
421
16777215
470
LINEAR
1001
ACAD
1010
0
1020
0
1030
0
  0
CIRCLE
  5
5c3
330
1F
100
AcDbEntity
  8
TopSolderMaskLayer
100
AcDbCircle
 10
8.5
 20
9
 30
0.0
 40
0.7177800355600712
  0
CIRCLE
  5
5c4
330
1F
100
AcDbEntity
  8
TopSolderMaskLayer
100
AcDbCircle
 10
8.5
 20
9
 30
0.0
 40
1.0254000508001015
0
HATCH
5
5c5
100
AcDbEntity
8
TopSolderMaskLayer
100
AcDbHatch
10
0
20
0
30
0
210
0
220
0
230
1
2
SOLID
70
1
71
0
91
1
92
7
72
1
73
1
93
2
10
7.474599949199899
20
9
42
1
10
9.525400050800101
20
9
42
1
97
1
330

75
0
76
1
47
0.8681437583925616
98
1
10
3.629517071192367
20
33.92795499968543
450
0
451
0
460
0
461
0
452
1
462
1
453
2
463
0
63
5
421
255
463
1
63
7
421
16777215
470
LINEAR
1001
ACAD
1010
0
1020
0
1030
0
  0
CIRCLE
  5
5c6
330
1F
100
AcDbEntity
  8
BottomSolderMaskLayer
100
AcDbCircle
 10
8.5
 20
9
 30
0.0
 40
0.7177800355600712
  0
CIRCLE
  5
5c7
330
1F
100
AcDbEntity
  8
BottomSolderMaskLayer
100
AcDbCircle
 10
8.5
 20
9
 30
0.0
 40
1.0254000508001015
0
HATCH
5
5c8
100
AcDbEntity
8
BottomSolderMaskLayer
100
AcDbHatch
10
0
20
0
30
0
210
0
220
0
230
1
2
SOLID
70
1
71
0
91
1
92
7
72
1
73
1
93
2
10
7.474599949199899
20
9
42
1
10
9.525400050800101
20
9
42
1
97
1
330

75
0
76
1
47
0.8681437583925616
98
1
10
3.629517071192367
20
33.92795499968543
450
0
451
0
460
0
461
0
452
1
462
1
453
2
463
0
63
5
421
255
463
1
63
7
421
16777215
470
LINEAR
1001
ACAD
1010
0
1020
0
1030
0
  0
CIRCLE
  5
5c9
330
1F
100
AcDbEntity
  8
Multi-Layer
100
AcDbCircle
 10
8.5
 20
9
 30
0.0
 40
0.7000000000000001
  0
CIRCLE
  5
5ca
330
1F
100
AcDbEntity
  8
Multi-Layer
100
AcDbCircle
 10
8.5
 20
9
 30
0.0
 40
1
0
HATCH
5
5cb
100
AcDbEntity
8
Multi-Layer
100
AcDbHatch
10
0
20
0
30
0
210
0
220
0
230
1
2
SOLID
70
1
71
0
91
1
92
7
72
1
73
1
93
2
10
7.5
20
9
42
1
10
9.5
20
9
42
1
97
1
330

75
0
76
1
47
0.8681437583925616
98
1
10
3.629517071192367
20
33.92795499968543
450
0
451
0
460
0
461
0
452
1
462
1
453
2
463
0
63
5
421
255
463
1
63
7
421
16777215
470
LINEAR
1001
ACAD
1010
0
1020
0
1030
0
  0
CIRCLE
  5
5cc
330
1F
100
AcDbEntity
  8
TopSolderMaskLayer
100
AcDbCircle
 10
8.5
 20
5
 30
0.0
 40
0.7177800355600712
  0
CIRCLE
  5
5cd
330
1F
100
AcDbEntity
  8
TopSolderMaskLayer
100
AcDbCircle
 10
8.5
 20
5
 30
0.0
 40
1.0254000508001015
0
HATCH
5
5ce
100
AcDbEntity
8
TopSolderMaskLayer
100
AcDbHatch
10
0
20
0
30
0
210
0
220
0
230
1
2
SOLID
70
1
71
0
91
1
92
7
72
1
73
1
93
2
10
7.474599949199899
20
5
42
1
10
9.525400050800101
20
5
42
1
97
1
330

75
0
76
1
47
0.8681437583925616
98
1
10
3.629517071192367
20
33.92795499968543
450
0
451
0
460
0
461
0
452
1
462
1
453
2
463
0
63
5
421
255
463
1
63
7
421
16777215
470
LINEAR
1001
ACAD
1010
0
1020
0
1030
0
  0
CIRCLE
  5
5cf
330
1F
100
AcDbEntity
  8
BottomSolderMaskLayer
100
AcDbCircle
 10
8.5
 20
5
 30
0.0
 40
0.7177800355600712
  0
CIRCLE
  5
5d0
330
1F
100
AcDbEntity
  8
BottomSolderMaskLayer
100
AcDbCircle
 10
8.5
 20
5
 30
0.0
 40
1.0254000508001015
0
HATCH
5
5d1
100
AcDbEntity
8
BottomSolderMaskLayer
100
AcDbHatch
10
0
20
0
30
0
210
0
220
0
230
1
2
SOLID
70
1
71
0
91
1
92
7
72
1
73
1
93
2
10
7.474599949199899
20
5
42
1
10
9.525400050800101
20
5
42
1
97
1
330

75
0
76
1
47
0.8681437583925616
98
1
10
3.629517071192367
20
33.92795499968543
450
0
451
0
460
0
461
0
452
1
462
1
453
2
463
0
63
5
421
255
463
1
63
7
421
16777215
470
LINEAR
1001
ACAD
1010
0
1020
0
1030
0
  0
CIRCLE
  5
5d2
330
1F
100
AcDbEntity
  8
Multi-Layer
100
AcDbCircle
 10
8.5
 20
5
 30
0.0
 40
0.7000000000000001
  0
CIRCLE
  5
5d3
330
1F
100
AcDbEntity
  8
Multi-Layer
100
AcDbCircle
 10
8.5
 20
5
 30
0.0
 40
1
0
HATCH
5
5d4
100
AcDbEntity
8
Multi-Layer
100
AcDbHatch
10
0
20
0
30
0
210
0
220
0
230
1
2
SOLID
70
1
71
0
91
1
92
7
72
1
73
1
93
2
10
7.5
20
5
42
1
10
9.5
20
5
42
1
97
1
330

75
0
76
1
47
0.8681437583925616
98
1
10
3.629517071192367
20
33.92795499968543
450
0
451
0
460
0
461
0
452
1
462
1
453
2
463
0
63
5
421
255
463
1
63
7
421
16777215
470
LINEAR
1001
ACAD
1010
0
1020
0
1030
0
  0
CIRCLE
  5
5d5
330
1F
100
AcDbEntity
  8
TopSolderMaskLayer
100
AcDbCircle
 10
8.5
 20
1
 30
0.0
 40
0.7177800355600712
  0
CIRCLE
  5
5d6
330
1F
100
AcDbEntity
  8
TopSolderMaskLayer
100
AcDbCircle
 10
8.5
 20
1
 30
0.0
 40
1.0254000508001015
0
HATCH
5
5d7
100
AcDbEntity
8
TopSolderMaskLayer
100
AcDbHatch
10
0
20
0
30
0
210
0
220
0
230
1
2
SOLID
70
1
71
0
91
1
92
7
72
1
73
1
93
2
10
7.474599949199899
20
1
42
1
10
9.525400050800101
20
1
42
1
97
1
330

75
0
76
1
47
0.8681437583925616
98
1
10
3.629517071192367
20
33.92795499968543
450
0
451
0
460
0
461
0
452
1
462
1
453
2
463
0
63
5
421
255
463
1
63
7
421
16777215
470
LINEAR
1001
ACAD
1010
0
1020
0
1030
0
  0
CIRCLE
  5
5d8
330
1F
100
AcDbEntity
  8
BottomSolderMaskLayer
100
AcDbCircle
 10
8.5
 20
1
 30
0.0
 40
0.7177800355600712
  0
CIRCLE
  5
5d9
330
1F
100
AcDbEntity
  8
BottomSolderMaskLayer
100
AcDbCircle
 10
8.5
 20
1
 30
0.0
 40
1.0254000508001015
0
HATCH
5
5da
100
AcDbEntity
8
BottomSolderMaskLayer
100
AcDbHatch
10
0
20
0
30
0
210
0
220
0
230
1
2
SOLID
70
1
71
0
91
1
92
7
72
1
73
1
93
2
10
7.474599949199899
20
1
42
1
10
9.525400050800101
20
1
42
1
97
1
330

75
0
76
1
47
0.8681437583925616
98
1
10
3.629517071192367
20
33.92795499968543
450
0
451
0
460
0
461
0
452
1
462
1
453
2
463
0
63
5
421
255
463
1
63
7
421
16777215
470
LINEAR
1001
ACAD
1010
0
1020
0
1030
0
  0
CIRCLE
  5
5db
330
1F
100
AcDbEntity
  8
Multi-Layer
100
AcDbCircle
 10
8.5
 20
1
 30
0.0
 40
0.7000000000000001
  0
CIRCLE
  5
5dc
330
1F
100
AcDbEntity
  8
Multi-Layer
100
AcDbCircle
 10
8.5
 20
1
 30
0.0
 40
1
0
HATCH
5
5dd
100
AcDbEntity
8
Multi-Layer
100
AcDbHatch
10
0
20
0
30
0
210
0
220
0
230
1
2
SOLID
70
1
71
0
91
1
92
7
72
1
73
1
93
2
10
7.5
20
1
42
1
10
9.5
20
1
42
1
97
1
330

75
0
76
1
47
0.8681437583925616
98
1
10
3.629517071192367
20
33.92795499968543
450
0
451
0
460
0
461
0
452
1
462
1
453
2
463
0
63
5
421
255
463
1
63
7
421
16777215
470
LINEAR
1001
ACAD
1010
0
1020
0
1030
0
  0
CIRCLE
  5
5de
330
1F
100
AcDbEntity
  8
TopSolderMaskLayer
100
AcDbCircle
 10
15.56997713995429
 20
-24.58006096012184
 30
0.0
 40
0.4643006318270701
  0
CIRCLE
  5
5df
330
1F
100
AcDbEntity
  8
TopSolderMaskLayer
100
AcDbCircle
 10
15.56997713995429
 20
-24.580010160020265
 30
0.0
 40
0.8254000508001016
0
HATCH
5
5e0
100
AcDbEntity
8
TopSolderMaskLayer
100
AcDbHatch
10
0
20
0
30
0
210
0
220
0
230
1
2
SOLID
70
1
71
0
91
1
92
7
72
1
73
1
93
2
10
14.744577089154188
20
-24.580010160020265
42
1
10
16.39537719075439
20
-24.580010160020265
42
1
97
1
330

75
0
76
1
47
0.8681437583925616
98
1
10
3.629517071192367
20
33.92795499968543
450
0
451
0
460
0
461
0
452
1
462
1
453
2
463
0
63
5
421
255
463
1
63
7
421
16777215
470
LINEAR
1001
ACAD
1010
0
1020
0
1030
0
  0
CIRCLE
  5
5e1
330
1F
100
AcDbEntity
  8
BottomSolderMaskLayer
100
AcDbCircle
 10
15.56997713995429
 20
-24.58006096012184
 30
0.0
 40
0.4643006318270701
  0
CIRCLE
  5
5e2
330
1F
100
AcDbEntity
  8
BottomSolderMaskLayer
100
AcDbCircle
 10
15.56997713995429
 20
-24.580010160020265
 30
0.0
 40
0.8254000508001016
0
HATCH
5
5e3
100
AcDbEntity
8
BottomSolderMaskLayer
100
AcDbHatch
10
0
20
0
30
0
210
0
220
0
230
1
2
SOLID
70
1
71
0
91
1
92
7
72
1
73
1
93
2
10
14.744577089154188
20
-24.580010160020265
42
1
10
16.39537719075439
20
-24.580010160020265
42
1
97
1
330

75
0
76
1
47
0.8681437583925616
98
1
10
3.629517071192367
20
33.92795499968543
450
0
451
0
460
0
461
0
452
1
462
1
453
2
463
0
63
5
421
255
463
1
63
7
421
16777215
470
LINEAR
1001
ACAD
1010
0
1020
0
1030
0
  0
CIRCLE
  5
5e4
330
1F
100
AcDbEntity
  8
Multi-Layer
100
AcDbCircle
 10
15.56997713995429
 20
-24.58006096012184
 30
0.0
 40
0.4500127000254001
  0
CIRCLE
  5
5e5
330
1F
100
AcDbEntity
  8
Multi-Layer
100
AcDbCircle
 10
15.56997713995429
 20
-24.580010160020265
 30
0.0
 40
0.8
0
HATCH
5
5e6
100
AcDbEntity
8
Multi-Layer
100
AcDbHatch
10
0
20
0
30
0
210
0
220
0
230
1
2
SOLID
70
1
71
0
91
1
92
7
72
1
73
1
93
2
10
14.769977139954289
20
-24.580010160020265
42
1
10
16.36997713995429
20
-24.580010160020265
42
1
97
1
330

75
0
76
1
47
0.8681437583925616
98
1
10
3.629517071192367
20
33.92795499968543
450
0
451
0
460
0
461
0
452
1
462
1
453
2
463
0
63
5
421
255
463
1
63
7
421
16777215
470
LINEAR
1001
ACAD
1010
0
1020
0
1030
0
  0
CIRCLE
  5
5e7
330
1F
100
AcDbEntity
  8
TopSolderMaskLayer
100
AcDbCircle
 10
15.56997713995429
 20
-22.04005588011171
 30
0.0
 40
0.4643006318270701
  0
CIRCLE
  5
5e8
330
1F
100
AcDbEntity
  8
TopSolderMaskLayer
100
AcDbCircle
 10
15.56997713995429
 20
-22.040005080010133
 30
0.0
 40
0.8254000508001016
0
HATCH
5
5e9
100
AcDbEntity
8
TopSolderMaskLayer
100
AcDbHatch
10
0
20
0
30
0
210
0
220
0
230
1
2
SOLID
70
1
71
0
91
1
92
7
72
1
73
1
93
2
10
14.744577089154188
20
-22.040005080010133
42
1
10
16.39537719075439
20
-22.040005080010133
42
1
97
1
330

75
0
76
1
47
0.8681437583925616
98
1
10
3.629517071192367
20
33.92795499968543
450
0
451
0
460
0
461
0
452
1
462
1
453
2
463
0
63
5
421
255
463
1
63
7
421
16777215
470
LINEAR
1001
ACAD
1010
0
1020
0
1030
0
  0
CIRCLE
  5
5ea
330
1F
100
AcDbEntity
  8
BottomSolderMaskLayer
100
AcDbCircle
 10
15.56997713995429
 20
-22.04005588011171
 30
0.0
 40
0.4643006318270701
  0
CIRCLE
  5
5eb
330
1F
100
AcDbEntity
  8
BottomSolderMaskLayer
100
AcDbCircle
 10
15.56997713995429
 20
-22.040005080010133
 30
0.0
 40
0.8254000508001016
0
HATCH
5
5ec
100
AcDbEntity
8
BottomSolderMaskLayer
100
AcDbHatch
10
0
20
0
30
0
210
0
220
0
230
1
2
SOLID
70
1
71
0
91
1
92
7
72
1
73
1
93
2
10
14.744577089154188
20
-22.040005080010133
42
1
10
16.39537719075439
20
-22.040005080010133
42
1
97
1
330

75
0
76
1
47
0.8681437583925616
98
1
10
3.629517071192367
20
33.92795499968543
450
0
451
0
460
0
461
0
452
1
462
1
453
2
463
0
63
5
421
255
463
1
63
7
421
16777215
470
LINEAR
1001
ACAD
1010
0
1020
0
1030
0
  0
CIRCLE
  5
5ed
330
1F
100
AcDbEntity
  8
Multi-Layer
100
AcDbCircle
 10
15.56997713995429
 20
-22.04005588011171
 30
0.0
 40
0.4500127000254001
  0
CIRCLE
  5
5ee
330
1F
100
AcDbEntity
  8
Multi-Layer
100
AcDbCircle
 10
15.56997713995429
 20
-22.040005080010133
 30
0.0
 40
0.8
0
HATCH
5
5ef
100
AcDbEntity
8
Multi-Layer
100
AcDbHatch
10
0
20
0
30
0
210
0
220
0
230
1
2
SOLID
70
1
71
0
91
1
92
7
72
1
73
1
93
2
10
14.769977139954289
20
-22.040005080010133
42
1
10
16.36997713995429
20
-22.040005080010133
42
1
97
1
330

75
0
76
1
47
0.8681437583925616
98
1
10
3.629517071192367
20
33.92795499968543
450
0
451
0
460
0
461
0
452
1
462
1
453
2
463
0
63
5
421
255
463
1
63
7
421
16777215
470
LINEAR
1001
ACAD
1010
0
1020
0
1030
0
  0
CIRCLE
  5
5f0
330
1F
100
AcDbEntity
  8
TopSolderMaskLayer
100
AcDbCircle
 10
15.56997713995429
 20
-19.500050800101576
 30
0.0
 40
0.4643006318270701
  0
CIRCLE
  5
5f1
330
1F
100
AcDbEntity
  8
TopSolderMaskLayer
100
AcDbCircle
 10
15.56997713995429
 20
-19.5
 30
0.0
 40
0.8254000508001016
0
HATCH
5
5f2
100
AcDbEntity
8
TopSolderMaskLayer
100
AcDbHatch
10
0
20
0
30
0
210
0
220
0
230
1
2
SOLID
70
1
71
0
91
1
92
7
72
1
73
1
93
2
10
14.744577089154188
20
-19.5
42
1
10
16.39537719075439
20
-19.5
42
1
97
1
330

75
0
76
1
47
0.8681437583925616
98
1
10
3.629517071192367
20
33.92795499968543
450
0
451
0
460
0
461
0
452
1
462
1
453
2
463
0
63
5
421
255
463
1
63
7
421
16777215
470
LINEAR
1001
ACAD
1010
0
1020
0
1030
0
  0
CIRCLE
  5
5f3
330
1F
100
AcDbEntity
  8
BottomSolderMaskLayer
100
AcDbCircle
 10
15.56997713995429
 20
-19.500050800101576
 30
0.0
 40
0.4643006318270701
  0
CIRCLE
  5
5f4
330
1F
100
AcDbEntity
  8
BottomSolderMaskLayer
100
AcDbCircle
 10
15.56997713995429
 20
-19.5
 30
0.0
 40
0.8254000508001016
0
HATCH
5
5f5
100
AcDbEntity
8
BottomSolderMaskLayer
100
AcDbHatch
10
0
20
0
30
0
210
0
220
0
230
1
2
SOLID
70
1
71
0
91
1
92
7
72
1
73
1
93
2
10
14.744577089154188
20
-19.5
42
1
10
16.39537719075439
20
-19.5
42
1
97
1
330

75
0
76
1
47
0.8681437583925616
98
1
10
3.629517071192367
20
33.92795499968543
450
0
451
0
460
0
461
0
452
1
462
1
453
2
463
0
63
5
421
255
463
1
63
7
421
16777215
470
LINEAR
1001
ACAD
1010
0
1020
0
1030
0
  0
CIRCLE
  5
5f6
330
1F
100
AcDbEntity
  8
Multi-Layer
100
AcDbCircle
 10
15.56997713995429
 20
-19.500050800101576
 30
0.0
 40
0.4500127000254001
  0
CIRCLE
  5
5f7
330
1F
100
AcDbEntity
  8
Multi-Layer
100
AcDbCircle
 10
15.56997713995429
 20
-19.5
 30
0.0
 40
0.8
0
HATCH
5
5f8
100
AcDbEntity
8
Multi-Layer
100
AcDbHatch
10
0
20
0
30
0
210
0
220
0
230
1
2
SOLID
70
1
71
0
91
1
92
7
72
1
73
1
93
2
10
14.769977139954289
20
-19.5
42
1
10
16.36997713995429
20
-19.5
42
1
97
1
330

75
0
76
1
47
0.8681437583925616
98
1
10
3.629517071192367
20
33.92795499968543
450
0
451
0
460
0
461
0
452
1
462
1
453
2
463
0
63
5
421
255
463
1
63
7
421
16777215
470
LINEAR
1001
ACAD
1010
0
1020
0
1030
0
  0
CIRCLE
  5
5f9
330
1F
100
AcDbEntity
  8
TopSolderMaskLayer
100
AcDbCircle
 10
15.56997713995429
 20
-16.960045720091443
 30
0.0
 40
0.4643006318270701
  0
CIRCLE
  5
5fa
330
1F
100
AcDbEntity
  8
TopSolderMaskLayer
100
AcDbCircle
 10
15.56997713995429
 20
-16.959994919989867
 30
0.0
 40
0.8254000508001016
0
HATCH
5
5fb
100
AcDbEntity
8
TopSolderMaskLayer
100
AcDbHatch
10
0
20
0
30
0
210
0
220
0
230
1
2
SOLID
70
1
71
0
91
1
92
7
72
1
73
1
93
2
10
14.744577089154188
20
-16.959994919989867
42
1
10
16.39537719075439
20
-16.959994919989867
42
1
97
1
330

75
0
76
1
47
0.8681437583925616
98
1
10
3.629517071192367
20
33.92795499968543
450
0
451
0
460
0
461
0
452
1
462
1
453
2
463
0
63
5
421
255
463
1
63
7
421
16777215
470
LINEAR
1001
ACAD
1010
0
1020
0
1030
0
  0
CIRCLE
  5
5fc
330
1F
100
AcDbEntity
  8
BottomSolderMaskLayer
100
AcDbCircle
 10
15.56997713995429
 20
-16.960045720091443
 30
0.0
 40
0.4643006318270701
  0
CIRCLE
  5
5fd
330
1F
100
AcDbEntity
  8
BottomSolderMaskLayer
100
AcDbCircle
 10
15.56997713995429
 20
-16.959994919989867
 30
0.0
 40
0.8254000508001016
0
HATCH
5
5fe
100
AcDbEntity
8
BottomSolderMaskLayer
100
AcDbHatch
10
0
20
0
30
0
210
0
220
0
230
1
2
SOLID
70
1
71
0
91
1
92
7
72
1
73
1
93
2
10
14.744577089154188
20
-16.959994919989867
42
1
10
16.39537719075439
20
-16.959994919989867
42
1
97
1
330

75
0
76
1
47
0.8681437583925616
98
1
10
3.629517071192367
20
33.92795499968543
450
0
451
0
460
0
461
0
452
1
462
1
453
2
463
0
63
5
421
255
463
1
63
7
421
16777215
470
LINEAR
1001
ACAD
1010
0
1020
0
1030
0
  0
CIRCLE
  5
5ff
330
1F
100
AcDbEntity
  8
Multi-Layer
100
AcDbCircle
 10
15.56997713995429
 20
-16.960045720091443
 30
0.0
 40
0.4500127000254001
  0
CIRCLE
  5
600
330
1F
100
AcDbEntity
  8
Multi-Layer
100
AcDbCircle
 10
15.56997713995429
 20
-16.959994919989867
 30
0.0
 40
0.8
0
HATCH
5
601
100
AcDbEntity
8
Multi-Layer
100
AcDbHatch
10
0
20
0
30
0
210
0
220
0
230
1
2
SOLID
70
1
71
0
91
1
92
7
72
1
73
1
93
2
10
14.769977139954289
20
-16.959994919989867
42
1
10
16.36997713995429
20
-16.959994919989867
42
1
97
1
330

75
0
76
1
47
0.8681437583925616
98
1
10
3.629517071192367
20
33.92795499968543
450
0
451
0
460
0
461
0
452
1
462
1
453
2
463
0
63
5
421
255
463
1
63
7
421
16777215
470
LINEAR
1001
ACAD
1010
0
1020
0
1030
0
  0
CIRCLE
  5
602
330
1F
100
AcDbEntity
  8
TopSolderMaskLayer
100
AcDbCircle
 10
15.56997713995429
 20
-14.420040640081197
 30
0.0
 40
0.4643006318270701
  0
CIRCLE
  5
603
330
1F
100
AcDbEntity
  8
TopSolderMaskLayer
100
AcDbCircle
 10
15.56997713995429
 20
-14.419989839979621
 30
0.0
 40
0.8254000508001016
0
HATCH
5
604
100
AcDbEntity
8
TopSolderMaskLayer
100
AcDbHatch
10
0
20
0
30
0
210
0
220
0
230
1
2
SOLID
70
1
71
0
91
1
92
7
72
1
73
1
93
2
10
14.744577089154188
20
-14.419989839979621
42
1
10
16.39537719075439
20
-14.419989839979621
42
1
97
1
330

75
0
76
1
47
0.8681437583925616
98
1
10
3.629517071192367
20
33.92795499968543
450
0
451
0
460
0
461
0
452
1
462
1
453
2
463
0
63
5
421
255
463
1
63
7
421
16777215
470
LINEAR
1001
ACAD
1010
0
1020
0
1030
0
  0
CIRCLE
  5
605
330
1F
100
AcDbEntity
  8
BottomSolderMaskLayer
100
AcDbCircle
 10
15.56997713995429
 20
-14.420040640081197
 30
0.0
 40
0.4643006318270701
  0
CIRCLE
  5
606
330
1F
100
AcDbEntity
  8
BottomSolderMaskLayer
100
AcDbCircle
 10
15.56997713995429
 20
-14.419989839979621
 30
0.0
 40
0.8254000508001016
0
HATCH
5
607
100
AcDbEntity
8
BottomSolderMaskLayer
100
AcDbHatch
10
0
20
0
30
0
210
0
220
0
230
1
2
SOLID
70
1
71
0
91
1
92
7
72
1
73
1
93
2
10
14.744577089154188
20
-14.419989839979621
42
1
10
16.39537719075439
20
-14.419989839979621
42
1
97
1
330

75
0
76
1
47
0.8681437583925616
98
1
10
3.629517071192367
20
33.92795499968543
450
0
451
0
460
0
461
0
452
1
462
1
453
2
463
0
63
5
421
255
463
1
63
7
421
16777215
470
LINEAR
1001
ACAD
1010
0
1020
0
1030
0
  0
CIRCLE
  5
608
330
1F
100
AcDbEntity
  8
Multi-Layer
100
AcDbCircle
 10
15.56997713995429
 20
-14.420040640081197
 30
0.0
 40
0.4500127000254001
  0
CIRCLE
  5
609
330
1F
100
AcDbEntity
  8
Multi-Layer
100
AcDbCircle
 10
15.56997713995429
 20
-14.419989839979621
 30
0.0
 40
0.8
0
HATCH
5
60a
100
AcDbEntity
8
Multi-Layer
100
AcDbHatch
10
0
20
0
30
0
210
0
220
0
230
1
2
SOLID
70
1
71
0
91
1
92
7
72
1
73
1
93
2
10
14.769977139954289
20
-14.419989839979621
42
1
10
16.36997713995429
20
-14.419989839979621
42
1
97
1
330

75
0
76
1
47
0.8681437583925616
98
1
10
3.629517071192367
20
33.92795499968543
450
0
451
0
460
0
461
0
452
1
462
1
453
2
463
0
63
5
421
255
463
1
63
7
421
16777215
470
LINEAR
1001
ACAD
1010
0
1020
0
1030
0
  0
CIRCLE
  5
60b
330
1F
100
AcDbEntity
  8
TopSolderMaskLayer
100
AcDbCircle
 10
15.56997713995429
 20
-11.880035560071065
 30
0.0
 40
0.4643006318270701
  0
CIRCLE
  5
60c
330
1F
100
AcDbEntity
  8
TopSolderMaskLayer
100
AcDbCircle
 10
15.56997713995429
 20
-11.879984759969489
 30
0.0
 40
0.8254000508001016
0
HATCH
5
60d
100
AcDbEntity
8
TopSolderMaskLayer
100
AcDbHatch
10
0
20
0
30
0
210
0
220
0
230
1
2
SOLID
70
1
71
0
91
1
92
7
72
1
73
1
93
2
10
14.744577089154188
20
-11.879984759969489
42
1
10
16.39537719075439
20
-11.879984759969489
42
1
97
1
330

75
0
76
1
47
0.8681437583925616
98
1
10
3.629517071192367
20
33.92795499968543
450
0
451
0
460
0
461
0
452
1
462
1
453
2
463
0
63
5
421
255
463
1
63
7
421
16777215
470
LINEAR
1001
ACAD
1010
0
1020
0
1030
0
  0
CIRCLE
  5
60e
330
1F
100
AcDbEntity
  8
BottomSolderMaskLayer
100
AcDbCircle
 10
15.56997713995429
 20
-11.880035560071065
 30
0.0
 40
0.4643006318270701
  0
CIRCLE
  5
60f
330
1F
100
AcDbEntity
  8
BottomSolderMaskLayer
100
AcDbCircle
 10
15.56997713995429
 20
-11.879984759969489
 30
0.0
 40
0.8254000508001016
0
HATCH
5
610
100
AcDbEntity
8
BottomSolderMaskLayer
100
AcDbHatch
10
0
20
0
30
0
210
0
220
0
230
1
2
SOLID
70
1
71
0
91
1
92
7
72
1
73
1
93
2
10
14.744577089154188
20
-11.879984759969489
42
1
10
16.39537719075439
20
-11.879984759969489
42
1
97
1
330

75
0
76
1
47
0.8681437583925616
98
1
10
3.629517071192367
20
33.92795499968543
450
0
451
0
460
0
461
0
452
1
462
1
453
2
463
0
63
5
421
255
463
1
63
7
421
16777215
470
LINEAR
1001
ACAD
1010
0
1020
0
1030
0
  0
CIRCLE
  5
611
330
1F
100
AcDbEntity
  8
Multi-Layer
100
AcDbCircle
 10
15.56997713995429
 20
-11.880035560071065
 30
0.0
 40
0.4500127000254001
  0
CIRCLE
  5
612
330
1F
100
AcDbEntity
  8
Multi-Layer
100
AcDbCircle
 10
15.56997713995429
 20
-11.879984759969489
 30
0.0
 40
0.8
0
HATCH
5
613
100
AcDbEntity
8
Multi-Layer
100
AcDbHatch
10
0
20
0
30
0
210
0
220
0
230
1
2
SOLID
70
1
71
0
91
1
92
7
72
1
73
1
93
2
10
14.769977139954289
20
-11.879984759969489
42
1
10
16.36997713995429
20
-11.879984759969489
42
1
97
1
330

75
0
76
1
47
0.8681437583925616
98
1
10
3.629517071192367
20
33.92795499968543
450
0
451
0
460
0
461
0
452
1
462
1
453
2
463
0
63
5
421
255
463
1
63
7
421
16777215
470
LINEAR
1001
ACAD
1010
0
1020
0
1030
0
  0
CIRCLE
  5
614
330
1F
100
AcDbEntity
  8
TopSolderMaskLayer
100
AcDbCircle
 10
15.56997713995429
 20
-9.340030480060932
 30
0.0
 40
0.4643006318270701
  0
CIRCLE
  5
615
330
1F
100
AcDbEntity
  8
TopSolderMaskLayer
100
AcDbCircle
 10
15.56997713995429
 20
-9.339979679959356
 30
0.0
 40
0.8254000508001016
0
HATCH
5
616
100
AcDbEntity
8
TopSolderMaskLayer
100
AcDbHatch
10
0
20
0
30
0
210
0
220
0
230
1
2
SOLID
70
1
71
0
91
1
92
7
72
1
73
1
93
2
10
14.744577089154188
20
-9.339979679959356
42
1
10
16.39537719075439
20
-9.339979679959356
42
1
97
1
330

75
0
76
1
47
0.8681437583925616
98
1
10
3.629517071192367
20
33.92795499968543
450
0
451
0
460
0
461
0
452
1
462
1
453
2
463
0
63
5
421
255
463
1
63
7
421
16777215
470
LINEAR
1001
ACAD
1010
0
1020
0
1030
0
  0
CIRCLE
  5
617
330
1F
100
AcDbEntity
  8
BottomSolderMaskLayer
100
AcDbCircle
 10
15.56997713995429
 20
-9.340030480060932
 30
0.0
 40
0.4643006318270701
  0
CIRCLE
  5
618
330
1F
100
AcDbEntity
  8
BottomSolderMaskLayer
100
AcDbCircle
 10
15.56997713995429
 20
-9.339979679959356
 30
0.0
 40
0.8254000508001016
0
HATCH
5
619
100
AcDbEntity
8
BottomSolderMaskLayer
100
AcDbHatch
10
0
20
0
30
0
210
0
220
0
230
1
2
SOLID
70
1
71
0
91
1
92
7
72
1
73
1
93
2
10
14.744577089154188
20
-9.339979679959356
42
1
10
16.39537719075439
20
-9.339979679959356
42
1
97
1
330

75
0
76
1
47
0.8681437583925616
98
1
10
3.629517071192367
20
33.92795499968543
450
0
451
0
460
0
461
0
452
1
462
1
453
2
463
0
63
5
421
255
463
1
63
7
421
16777215
470
LINEAR
1001
ACAD
1010
0
1020
0
1030
0
  0
CIRCLE
  5
61a
330
1F
100
AcDbEntity
  8
Multi-Layer
100
AcDbCircle
 10
15.56997713995429
 20
-9.340030480060932
 30
0.0
 40
0.4500127000254001
  0
CIRCLE
  5
61b
330
1F
100
AcDbEntity
  8
Multi-Layer
100
AcDbCircle
 10
15.56997713995429
 20
-9.339979679959356
 30
0.0
 40
0.8
0
HATCH
5
61c
100
AcDbEntity
8
Multi-Layer
100
AcDbHatch
10
0
20
0
30
0
210
0
220
0
230
1
2
SOLID
70
1
71
0
91
1
92
7
72
1
73
1
93
2
10
14.769977139954289
20
-9.339979679959356
42
1
10
16.36997713995429
20
-9.339979679959356
42
1
97
1
330

75
0
76
1
47
0.8681437583925616
98
1
10
3.629517071192367
20
33.92795499968543
450
0
451
0
460
0
461
0
452
1
462
1
453
2
463
0
63
5
421
255
463
1
63
7
421
16777215
470
LINEAR
1001
ACAD
1010
0
1020
0
1030
0
  0
CIRCLE
  5
61d
330
1F
100
AcDbEntity
  8
TopSolderMaskLayer
100
AcDbCircle
 10
15.56997713995429
 20
-6.800025400050799
 30
0.0
 40
0.4643006318270701
  0
CIRCLE
  5
61e
330
1F
100
AcDbEntity
  8
TopSolderMaskLayer
100
AcDbCircle
 10
15.56997713995429
 20
-6.799974599949223
 30
0.0
 40
0.8254000508001016
0
HATCH
5
61f
100
AcDbEntity
8
TopSolderMaskLayer
100
AcDbHatch
10
0
20
0
30
0
210
0
220
0
230
1
2
SOLID
70
1
71
0
91
1
92
7
72
1
73
1
93
2
10
14.744577089154188
20
-6.799974599949223
42
1
10
16.39537719075439
20
-6.799974599949223
42
1
97
1
330

75
0
76
1
47
0.8681437583925616
98
1
10
3.629517071192367
20
33.92795499968543
450
0
451
0
460
0
461
0
452
1
462
1
453
2
463
0
63
5
421
255
463
1
63
7
421
16777215
470
LINEAR
1001
ACAD
1010
0
1020
0
1030
0
  0
CIRCLE
  5
620
330
1F
100
AcDbEntity
  8
BottomSolderMaskLayer
100
AcDbCircle
 10
15.56997713995429
 20
-6.800025400050799
 30
0.0
 40
0.4643006318270701
  0
CIRCLE
  5
621
330
1F
100
AcDbEntity
  8
BottomSolderMaskLayer
100
AcDbCircle
 10
15.56997713995429
 20
-6.799974599949223
 30
0.0
 40
0.8254000508001016
0
HATCH
5
622
100
AcDbEntity
8
BottomSolderMaskLayer
100
AcDbHatch
10
0
20
0
30
0
210
0
220
0
230
1
2
SOLID
70
1
71
0
91
1
92
7
72
1
73
1
93
2
10
14.744577089154188
20
-6.799974599949223
42
1
10
16.39537719075439
20
-6.799974599949223
42
1
97
1
330

75
0
76
1
47
0.8681437583925616
98
1
10
3.629517071192367
20
33.92795499968543
450
0
451
0
460
0
461
0
452
1
462
1
453
2
463
0
63
5
421
255
463
1
63
7
421
16777215
470
LINEAR
1001
ACAD
1010
0
1020
0
1030
0
  0
CIRCLE
  5
623
330
1F
100
AcDbEntity
  8
Multi-Layer
100
AcDbCircle
 10
15.56997713995429
 20
-6.800025400050799
 30
0.0
 40
0.4500127000254001
  0
CIRCLE
  5
624
330
1F
100
AcDbEntity
  8
Multi-Layer
100
AcDbCircle
 10
15.56997713995429
 20
-6.799974599949223
 30
0.0
 40
0.8
0
HATCH
5
625
100
AcDbEntity
8
Multi-Layer
100
AcDbHatch
10
0
20
0
30
0
210
0
220
0
230
1
2
SOLID
70
1
71
0
91
1
92
7
72
1
73
1
93
2
10
14.769977139954289
20
-6.799974599949223
42
1
10
16.36997713995429
20
-6.799974599949223
42
1
97
1
330

75
0
76
1
47
0.8681437583925616
98
1
10
3.629517071192367
20
33.92795499968543
450
0
451
0
460
0
461
0
452
1
462
1
453
2
463
0
63
5
421
255
463
1
63
7
421
16777215
470
LINEAR
1001
ACAD
1010
0
1020
0
1030
0
  0
CIRCLE
  5
626
330
1F
100
AcDbEntity
  8
TopSolderMaskLayer
100
AcDbCircle
 10
38.43002286004571
 20
-6.800025400050799
 30
0.0
 40
0.4643006318270701
  0
CIRCLE
  5
627
330
1F
100
AcDbEntity
  8
TopSolderMaskLayer
100
AcDbCircle
 10
38.43002286004571
 20
-6.799974599949223
 30
0.0
 40
0.8254000508001016
0
HATCH
5
628
100
AcDbEntity
8
TopSolderMaskLayer
100
AcDbHatch
10
0
20
0
30
0
210
0
220
0
230
1
2
SOLID
70
1
71
0
91
1
92
7
72
1
73
1
93
2
10
37.60462280924561
20
-6.799974599949223
42
1
10
39.25542291084581
20
-6.799974599949223
42
1
97
1
330

75
0
76
1
47
0.8681437583925616
98
1
10
3.629517071192367
20
33.92795499968543
450
0
451
0
460
0
461
0
452
1
462
1
453
2
463
0
63
5
421
255
463
1
63
7
421
16777215
470
LINEAR
1001
ACAD
1010
0
1020
0
1030
0
  0
CIRCLE
  5
629
330
1F
100
AcDbEntity
  8
BottomSolderMaskLayer
100
AcDbCircle
 10
38.43002286004571
 20
-6.800025400050799
 30
0.0
 40
0.4643006318270701
  0
CIRCLE
  5
62a
330
1F
100
AcDbEntity
  8
BottomSolderMaskLayer
100
AcDbCircle
 10
38.43002286004571
 20
-6.799974599949223
 30
0.0
 40
0.8254000508001016
0
HATCH
5
62b
100
AcDbEntity
8
BottomSolderMaskLayer
100
AcDbHatch
10
0
20
0
30
0
210
0
220
0
230
1
2
SOLID
70
1
71
0
91
1
92
7
72
1
73
1
93
2
10
37.60462280924561
20
-6.799974599949223
42
1
10
39.25542291084581
20
-6.799974599949223
42
1
97
1
330

75
0
76
1
47
0.8681437583925616
98
1
10
3.629517071192367
20
33.92795499968543
450
0
451
0
460
0
461
0
452
1
462
1
453
2
463
0
63
5
421
255
463
1
63
7
421
16777215
470
LINEAR
1001
ACAD
1010
0
1020
0
1030
0
  0
CIRCLE
  5
62c
330
1F
100
AcDbEntity
  8
Multi-Layer
100
AcDbCircle
 10
38.43002286004571
 20
-6.800025400050799
 30
0.0
 40
0.4500127000254001
  0
CIRCLE
  5
62d
330
1F
100
AcDbEntity
  8
Multi-Layer
100
AcDbCircle
 10
38.43002286004571
 20
-6.799974599949223
 30
0.0
 40
0.8
0
HATCH
5
62e
100
AcDbEntity
8
Multi-Layer
100
AcDbHatch
10
0
20
0
30
0
210
0
220
0
230
1
2
SOLID
70
1
71
0
91
1
92
7
72
1
73
1
93
2
10
37.63002286004571
20
-6.799974599949223
42
1
10
39.23002286004571
20
-6.799974599949223
42
1
97
1
330

75
0
76
1
47
0.8681437583925616
98
1
10
3.629517071192367
20
33.92795499968543
450
0
451
0
460
0
461
0
452
1
462
1
453
2
463
0
63
5
421
255
463
1
63
7
421
16777215
470
LINEAR
1001
ACAD
1010
0
1020
0
1030
0
  0
CIRCLE
  5
62f
330
1F
100
AcDbEntity
  8
TopSolderMaskLayer
100
AcDbCircle
 10
38.43002286004571
 20
-9.340030480060932
 30
0.0
 40
0.4643006318270701
  0
CIRCLE
  5
630
330
1F
100
AcDbEntity
  8
TopSolderMaskLayer
100
AcDbCircle
 10
38.43002286004571
 20
-9.339979679959356
 30
0.0
 40
0.8254000508001016
0
HATCH
5
631
100
AcDbEntity
8
TopSolderMaskLayer
100
AcDbHatch
10
0
20
0
30
0
210
0
220
0
230
1
2
SOLID
70
1
71
0
91
1
92
7
72
1
73
1
93
2
10
37.60462280924561
20
-9.339979679959356
42
1
10
39.25542291084581
20
-9.339979679959356
42
1
97
1
330

75
0
76
1
47
0.8681437583925616
98
1
10
3.629517071192367
20
33.92795499968543
450
0
451
0
460
0
461
0
452
1
462
1
453
2
463
0
63
5
421
255
463
1
63
7
421
16777215
470
LINEAR
1001
ACAD
1010
0
1020
0
1030
0
  0
CIRCLE
  5
632
330
1F
100
AcDbEntity
  8
BottomSolderMaskLayer
100
AcDbCircle
 10
38.43002286004571
 20
-9.340030480060932
 30
0.0
 40
0.4643006318270701
  0
CIRCLE
  5
633
330
1F
100
AcDbEntity
  8
BottomSolderMaskLayer
100
AcDbCircle
 10
38.43002286004571
 20
-9.339979679959356
 30
0.0
 40
0.8254000508001016
0
HATCH
5
634
100
AcDbEntity
8
BottomSolderMaskLayer
100
AcDbHatch
10
0
20
0
30
0
210
0
220
0
230
1
2
SOLID
70
1
71
0
91
1
92
7
72
1
73
1
93
2
10
37.60462280924561
20
-9.339979679959356
42
1
10
39.25542291084581
20
-9.339979679959356
42
1
97
1
330

75
0
76
1
47
0.8681437583925616
98
1
10
3.629517071192367
20
33.92795499968543
450
0
451
0
460
0
461
0
452
1
462
1
453
2
463
0
63
5
421
255
463
1
63
7
421
16777215
470
LINEAR
1001
ACAD
1010
0
1020
0
1030
0
  0
CIRCLE
  5
635
330
1F
100
AcDbEntity
  8
Multi-Layer
100
AcDbCircle
 10
38.43002286004571
 20
-9.340030480060932
 30
0.0
 40
0.4500127000254001
  0
CIRCLE
  5
636
330
1F
100
AcDbEntity
  8
Multi-Layer
100
AcDbCircle
 10
38.43002286004571
 20
-9.339979679959356
 30
0.0
 40
0.8
0
HATCH
5
637
100
AcDbEntity
8
Multi-Layer
100
AcDbHatch
10
0
20
0
30
0
210
0
220
0
230
1
2
SOLID
70
1
71
0
91
1
92
7
72
1
73
1
93
2
10
37.63002286004571
20
-9.339979679959356
42
1
10
39.23002286004571
20
-9.339979679959356
42
1
97
1
330

75
0
76
1
47
0.8681437583925616
98
1
10
3.629517071192367
20
33.92795499968543
450
0
451
0
460
0
461
0
452
1
462
1
453
2
463
0
63
5
421
255
463
1
63
7
421
16777215
470
LINEAR
1001
ACAD
1010
0
1020
0
1030
0
  0
CIRCLE
  5
638
330
1F
100
AcDbEntity
  8
TopSolderMaskLayer
100
AcDbCircle
 10
38.43002286004571
 20
-11.880035560071065
 30
0.0
 40
0.4643006318270701
  0
CIRCLE
  5
639
330
1F
100
AcDbEntity
  8
TopSolderMaskLayer
100
AcDbCircle
 10
38.43002286004571
 20
-11.879984759969489
 30
0.0
 40
0.8254000508001016
0
HATCH
5
63a
100
AcDbEntity
8
TopSolderMaskLayer
100
AcDbHatch
10
0
20
0
30
0
210
0
220
0
230
1
2
SOLID
70
1
71
0
91
1
92
7
72
1
73
1
93
2
10
37.60462280924561
20
-11.879984759969489
42
1
10
39.25542291084581
20
-11.879984759969489
42
1
97
1
330

75
0
76
1
47
0.8681437583925616
98
1
10
3.629517071192367
20
33.92795499968543
450
0
451
0
460
0
461
0
452
1
462
1
453
2
463
0
63
5
421
255
463
1
63
7
421
16777215
470
LINEAR
1001
ACAD
1010
0
1020
0
1030
0
  0
CIRCLE
  5
63b
330
1F
100
AcDbEntity
  8
BottomSolderMaskLayer
100
AcDbCircle
 10
38.43002286004571
 20
-11.880035560071065
 30
0.0
 40
0.4643006318270701
  0
CIRCLE
  5
63c
330
1F
100
AcDbEntity
  8
BottomSolderMaskLayer
100
AcDbCircle
 10
38.43002286004571
 20
-11.879984759969489
 30
0.0
 40
0.8254000508001016
0
HATCH
5
63d
100
AcDbEntity
8
BottomSolderMaskLayer
100
AcDbHatch
10
0
20
0
30
0
210
0
220
0
230
1
2
SOLID
70
1
71
0
91
1
92
7
72
1
73
1
93
2
10
37.60462280924561
20
-11.879984759969489
42
1
10
39.25542291084581
20
-11.879984759969489
42
1
97
1
330

75
0
76
1
47
0.8681437583925616
98
1
10
3.629517071192367
20
33.92795499968543
450
0
451
0
460
0
461
0
452
1
462
1
453
2
463
0
63
5
421
255
463
1
63
7
421
16777215
470
LINEAR
1001
ACAD
1010
0
1020
0
1030
0
  0
CIRCLE
  5
63e
330
1F
100
AcDbEntity
  8
Multi-Layer
100
AcDbCircle
 10
38.43002286004571
 20
-11.880035560071065
 30
0.0
 40
0.4500127000254001
  0
CIRCLE
  5
63f
330
1F
100
AcDbEntity
  8
Multi-Layer
100
AcDbCircle
 10
38.43002286004571
 20
-11.879984759969489
 30
0.0
 40
0.8
0
HATCH
5
640
100
AcDbEntity
8
Multi-Layer
100
AcDbHatch
10
0
20
0
30
0
210
0
220
0
230
1
2
SOLID
70
1
71
0
91
1
92
7
72
1
73
1
93
2
10
37.63002286004571
20
-11.879984759969489
42
1
10
39.23002286004571
20
-11.879984759969489
42
1
97
1
330

75
0
76
1
47
0.8681437583925616
98
1
10
3.629517071192367
20
33.92795499968543
450
0
451
0
460
0
461
0
452
1
462
1
453
2
463
0
63
5
421
255
463
1
63
7
421
16777215
470
LINEAR
1001
ACAD
1010
0
1020
0
1030
0
  0
CIRCLE
  5
641
330
1F
100
AcDbEntity
  8
TopSolderMaskLayer
100
AcDbCircle
 10
38.43002286004571
 20
-14.420040640081197
 30
0.0
 40
0.4643006318270701
  0
CIRCLE
  5
642
330
1F
100
AcDbEntity
  8
TopSolderMaskLayer
100
AcDbCircle
 10
38.43002286004571
 20
-14.419989839979621
 30
0.0
 40
0.8254000508001016
0
HATCH
5
643
100
AcDbEntity
8
TopSolderMaskLayer
100
AcDbHatch
10
0
20
0
30
0
210
0
220
0
230
1
2
SOLID
70
1
71
0
91
1
92
7
72
1
73
1
93
2
10
37.60462280924561
20
-14.419989839979621
42
1
10
39.25542291084581
20
-14.419989839979621
42
1
97
1
330

75
0
76
1
47
0.8681437583925616
98
1
10
3.629517071192367
20
33.92795499968543
450
0
451
0
460
0
461
0
452
1
462
1
453
2
463
0
63
5
421
255
463
1
63
7
421
16777215
470
LINEAR
1001
ACAD
1010
0
1020
0
1030
0
  0
CIRCLE
  5
644
330
1F
100
AcDbEntity
  8
BottomSolderMaskLayer
100
AcDbCircle
 10
38.43002286004571
 20
-14.420040640081197
 30
0.0
 40
0.4643006318270701
  0
CIRCLE
  5
645
330
1F
100
AcDbEntity
  8
BottomSolderMaskLayer
100
AcDbCircle
 10
38.43002286004571
 20
-14.419989839979621
 30
0.0
 40
0.8254000508001016
0
HATCH
5
646
100
AcDbEntity
8
BottomSolderMaskLayer
100
AcDbHatch
10
0
20
0
30
0
210
0
220
0
230
1
2
SOLID
70
1
71
0
91
1
92
7
72
1
73
1
93
2
10
37.60462280924561
20
-14.419989839979621
42
1
10
39.25542291084581
20
-14.419989839979621
42
1
97
1
330

75
0
76
1
47
0.8681437583925616
98
1
10
3.629517071192367
20
33.92795499968543
450
0
451
0
460
0
461
0
452
1
462
1
453
2
463
0
63
5
421
255
463
1
63
7
421
16777215
470
LINEAR
1001
ACAD
1010
0
1020
0
1030
0
  0
CIRCLE
  5
647
330
1F
100
AcDbEntity
  8
Multi-Layer
100
AcDbCircle
 10
38.43002286004571
 20
-14.420040640081197
 30
0.0
 40
0.4500127000254001
  0
CIRCLE
  5
648
330
1F
100
AcDbEntity
  8
Multi-Layer
100
AcDbCircle
 10
38.43002286004571
 20
-14.419989839979621
 30
0.0
 40
0.8
0
HATCH
5
649
100
AcDbEntity
8
Multi-Layer
100
AcDbHatch
10
0
20
0
30
0
210
0
220
0
230
1
2
SOLID
70
1
71
0
91
1
92
7
72
1
73
1
93
2
10
37.63002286004571
20
-14.419989839979621
42
1
10
39.23002286004571
20
-14.419989839979621
42
1
97
1
330

75
0
76
1
47
0.8681437583925616
98
1
10
3.629517071192367
20
33.92795499968543
450
0
451
0
460
0
461
0
452
1
462
1
453
2
463
0
63
5
421
255
463
1
63
7
421
16777215
470
LINEAR
1001
ACAD
1010
0
1020
0
1030
0
  0
CIRCLE
  5
64a
330
1F
100
AcDbEntity
  8
TopSolderMaskLayer
100
AcDbCircle
 10
38.43002286004571
 20
-16.960045720091443
 30
0.0
 40
0.4643006318270701
  0
CIRCLE
  5
64b
330
1F
100
AcDbEntity
  8
TopSolderMaskLayer
100
AcDbCircle
 10
38.43002286004571
 20
-16.959994919989867
 30
0.0
 40
0.8254000508001016
0
HATCH
5
64c
100
AcDbEntity
8
TopSolderMaskLayer
100
AcDbHatch
10
0
20
0
30
0
210
0
220
0
230
1
2
SOLID
70
1
71
0
91
1
92
7
72
1
73
1
93
2
10
37.60462280924561
20
-16.959994919989867
42
1
10
39.25542291084581
20
-16.959994919989867
42
1
97
1
330

75
0
76
1
47
0.8681437583925616
98
1
10
3.629517071192367
20
33.92795499968543
450
0
451
0
460
0
461
0
452
1
462
1
453
2
463
0
63
5
421
255
463
1
63
7
421
16777215
470
LINEAR
1001
ACAD
1010
0
1020
0
1030
0
  0
CIRCLE
  5
64d
330
1F
100
AcDbEntity
  8
BottomSolderMaskLayer
100
AcDbCircle
 10
38.43002286004571
 20
-16.960045720091443
 30
0.0
 40
0.4643006318270701
  0
CIRCLE
  5
64e
330
1F
100
AcDbEntity
  8
BottomSolderMaskLayer
100
AcDbCircle
 10
38.43002286004571
 20
-16.959994919989867
 30
0.0
 40
0.8254000508001016
0
HATCH
5
64f
100
AcDbEntity
8
BottomSolderMaskLayer
100
AcDbHatch
10
0
20
0
30
0
210
0
220
0
230
1
2
SOLID
70
1
71
0
91
1
92
7
72
1
73
1
93
2
10
37.60462280924561
20
-16.959994919989867
42
1
10
39.25542291084581
20
-16.959994919989867
42
1
97
1
330

75
0
76
1
47
0.8681437583925616
98
1
10
3.629517071192367
20
33.92795499968543
450
0
451
0
460
0
461
0
452
1
462
1
453
2
463
0
63
5
421
255
463
1
63
7
421
16777215
470
LINEAR
1001
ACAD
1010
0
1020
0
1030
0
  0
CIRCLE
  5
650
330
1F
100
AcDbEntity
  8
Multi-Layer
100
AcDbCircle
 10
38.43002286004571
 20
-16.960045720091443
 30
0.0
 40
0.4500127000254001
  0
CIRCLE
  5
651
330
1F
100
AcDbEntity
  8
Multi-Layer
100
AcDbCircle
 10
38.43002286004571
 20
-16.959994919989867
 30
0.0
 40
0.8
0
HATCH
5
652
100
AcDbEntity
8
Multi-Layer
100
AcDbHatch
10
0
20
0
30
0
210
0
220
0
230
1
2
SOLID
70
1
71
0
91
1
92
7
72
1
73
1
93
2
10
37.63002286004571
20
-16.959994919989867
42
1
10
39.23002286004571
20
-16.959994919989867
42
1
97
1
330

75
0
76
1
47
0.8681437583925616
98
1
10
3.629517071192367
20
33.92795499968543
450
0
451
0
460
0
461
0
452
1
462
1
453
2
463
0
63
5
421
255
463
1
63
7
421
16777215
470
LINEAR
1001
ACAD
1010
0
1020
0
1030
0
  0
CIRCLE
  5
653
330
1F
100
AcDbEntity
  8
TopSolderMaskLayer
100
AcDbCircle
 10
38.43002286004571
 20
-19.500050800101576
 30
0.0
 40
0.4643006318270701
  0
CIRCLE
  5
654
330
1F
100
AcDbEntity
  8
TopSolderMaskLayer
100
AcDbCircle
 10
38.43002286004571
 20
-19.5
 30
0.0
 40
0.8254000508001016
0
HATCH
5
655
100
AcDbEntity
8
TopSolderMaskLayer
100
AcDbHatch
10
0
20
0
30
0
210
0
220
0
230
1
2
SOLID
70
1
71
0
91
1
92
7
72
1
73
1
93
2
10
37.60462280924561
20
-19.5
42
1
10
39.25542291084581
20
-19.5
42
1
97
1
330

75
0
76
1
47
0.8681437583925616
98
1
10
3.629517071192367
20
33.92795499968543
450
0
451
0
460
0
461
0
452
1
462
1
453
2
463
0
63
5
421
255
463
1
63
7
421
16777215
470
LINEAR
1001
ACAD
1010
0
1020
0
1030
0
  0
CIRCLE
  5
656
330
1F
100
AcDbEntity
  8
BottomSolderMaskLayer
100
AcDbCircle
 10
38.43002286004571
 20
-19.500050800101576
 30
0.0
 40
0.4643006318270701
  0
CIRCLE
  5
657
330
1F
100
AcDbEntity
  8
BottomSolderMaskLayer
100
AcDbCircle
 10
38.43002286004571
 20
-19.5
 30
0.0
 40
0.8254000508001016
0
HATCH
5
658
100
AcDbEntity
8
BottomSolderMaskLayer
100
AcDbHatch
10
0
20
0
30
0
210
0
220
0
230
1
2
SOLID
70
1
71
0
91
1
92
7
72
1
73
1
93
2
10
37.60462280924561
20
-19.5
42
1
10
39.25542291084581
20
-19.5
42
1
97
1
330

75
0
76
1
47
0.8681437583925616
98
1
10
3.629517071192367
20
33.92795499968543
450
0
451
0
460
0
461
0
452
1
462
1
453
2
463
0
63
5
421
255
463
1
63
7
421
16777215
470
LINEAR
1001
ACAD
1010
0
1020
0
1030
0
  0
CIRCLE
  5
659
330
1F
100
AcDbEntity
  8
Multi-Layer
100
AcDbCircle
 10
38.43002286004571
 20
-19.500050800101576
 30
0.0
 40
0.4500127000254001
  0
CIRCLE
  5
65a
330
1F
100
AcDbEntity
  8
Multi-Layer
100
AcDbCircle
 10
38.43002286004571
 20
-19.5
 30
0.0
 40
0.8
0
HATCH
5
65b
100
AcDbEntity
8
Multi-Layer
100
AcDbHatch
10
0
20
0
30
0
210
0
220
0
230
1
2
SOLID
70
1
71
0
91
1
92
7
72
1
73
1
93
2
10
37.63002286004571
20
-19.5
42
1
10
39.23002286004571
20
-19.5
42
1
97
1
330

75
0
76
1
47
0.8681437583925616
98
1
10
3.629517071192367
20
33.92795499968543
450
0
451
0
460
0
461
0
452
1
462
1
453
2
463
0
63
5
421
255
463
1
63
7
421
16777215
470
LINEAR
1001
ACAD
1010
0
1020
0
1030
0
  0
CIRCLE
  5
65c
330
1F
100
AcDbEntity
  8
TopSolderMaskLayer
100
AcDbCircle
 10
38.43002286004571
 20
-22.04005588011171
 30
0.0
 40
0.4643006318270701
  0
CIRCLE
  5
65d
330
1F
100
AcDbEntity
  8
TopSolderMaskLayer
100
AcDbCircle
 10
38.43002286004571
 20
-22.040005080010133
 30
0.0
 40
0.8254000508001016
0
HATCH
5
65e
100
AcDbEntity
8
TopSolderMaskLayer
100
AcDbHatch
10
0
20
0
30
0
210
0
220
0
230
1
2
SOLID
70
1
71
0
91
1
92
7
72
1
73
1
93
2
10
37.60462280924561
20
-22.040005080010133
42
1
10
39.25542291084581
20
-22.040005080010133
42
1
97
1
330

75
0
76
1
47
0.8681437583925616
98
1
10
3.629517071192367
20
33.92795499968543
450
0
451
0
460
0
461
0
452
1
462
1
453
2
463
0
63
5
421
255
463
1
63
7
421
16777215
470
LINEAR
1001
ACAD
1010
0
1020
0
1030
0
  0
CIRCLE
  5
65f
330
1F
100
AcDbEntity
  8
BottomSolderMaskLayer
100
AcDbCircle
 10
38.43002286004571
 20
-22.04005588011171
 30
0.0
 40
0.4643006318270701
  0
CIRCLE
  5
660
330
1F
100
AcDbEntity
  8
BottomSolderMaskLayer
100
AcDbCircle
 10
38.43002286004571
 20
-22.040005080010133
 30
0.0
 40
0.8254000508001016
0
HATCH
5
661
100
AcDbEntity
8
BottomSolderMaskLayer
100
AcDbHatch
10
0
20
0
30
0
210
0
220
0
230
1
2
SOLID
70
1
71
0
91
1
92
7
72
1
73
1
93
2
10
37.60462280924561
20
-22.040005080010133
42
1
10
39.25542291084581
20
-22.040005080010133
42
1
97
1
330

75
0
76
1
47
0.8681437583925616
98
1
10
3.629517071192367
20
33.92795499968543
450
0
451
0
460
0
461
0
452
1
462
1
453
2
463
0
63
5
421
255
463
1
63
7
421
16777215
470
LINEAR
1001
ACAD
1010
0
1020
0
1030
0
  0
CIRCLE
  5
662
330
1F
100
AcDbEntity
  8
Multi-Layer
100
AcDbCircle
 10
38.43002286004571
 20
-22.04005588011171
 30
0.0
 40
0.4500127000254001
  0
CIRCLE
  5
663
330
1F
100
AcDbEntity
  8
Multi-Layer
100
AcDbCircle
 10
38.43002286004571
 20
-22.040005080010133
 30
0.0
 40
0.8
0
HATCH
5
664
100
AcDbEntity
8
Multi-Layer
100
AcDbHatch
10
0
20
0
30
0
210
0
220
0
230
1
2
SOLID
70
1
71
0
91
1
92
7
72
1
73
1
93
2
10
37.63002286004571
20
-22.040005080010133
42
1
10
39.23002286004571
20
-22.040005080010133
42
1
97
1
330

75
0
76
1
47
0.8681437583925616
98
1
10
3.629517071192367
20
33.92795499968543
450
0
451
0
460
0
461
0
452
1
462
1
453
2
463
0
63
5
421
255
463
1
63
7
421
16777215
470
LINEAR
1001
ACAD
1010
0
1020
0
1030
0
  0
CIRCLE
  5
665
330
1F
100
AcDbEntity
  8
TopSolderMaskLayer
100
AcDbCircle
 10
38.43002286004571
 20
-24.58006096012184
 30
0.0
 40
0.4643006318270701
  0
CIRCLE
  5
666
330
1F
100
AcDbEntity
  8
TopSolderMaskLayer
100
AcDbCircle
 10
38.43002286004571
 20
-24.580010160020265
 30
0.0
 40
0.8254000508001016
0
HATCH
5
667
100
AcDbEntity
8
TopSolderMaskLayer
100
AcDbHatch
10
0
20
0
30
0
210
0
220
0
230
1
2
SOLID
70
1
71
0
91
1
92
7
72
1
73
1
93
2
10
37.60462280924561
20
-24.580010160020265
42
1
10
39.25542291084581
20
-24.580010160020265
42
1
97
1
330

75
0
76
1
47
0.8681437583925616
98
1
10
3.629517071192367
20
33.92795499968543
450
0
451
0
460
0
461
0
452
1
462
1
453
2
463
0
63
5
421
255
463
1
63
7
421
16777215
470
LINEAR
1001
ACAD
1010
0
1020
0
1030
0
  0
CIRCLE
  5
668
330
1F
100
AcDbEntity
  8
BottomSolderMaskLayer
100
AcDbCircle
 10
38.43002286004571
 20
-24.58006096012184
 30
0.0
 40
0.4643006318270701
  0
CIRCLE
  5
669
330
1F
100
AcDbEntity
  8
BottomSolderMaskLayer
100
AcDbCircle
 10
38.43002286004571
 20
-24.580010160020265
 30
0.0
 40
0.8254000508001016
0
HATCH
5
66a
100
AcDbEntity
8
BottomSolderMaskLayer
100
AcDbHatch
10
0
20
0
30
0
210
0
220
0
230
1
2
SOLID
70
1
71
0
91
1
92
7
72
1
73
1
93
2
10
37.60462280924561
20
-24.580010160020265
42
1
10
39.25542291084581
20
-24.580010160020265
42
1
97
1
330

75
0
76
1
47
0.8681437583925616
98
1
10
3.629517071192367
20
33.92795499968543
450
0
451
0
460
0
461
0
452
1
462
1
453
2
463
0
63
5
421
255
463
1
63
7
421
16777215
470
LINEAR
1001
ACAD
1010
0
1020
0
1030
0
  0
CIRCLE
  5
66b
330
1F
100
AcDbEntity
  8
Multi-Layer
100
AcDbCircle
 10
38.43002286004571
 20
-24.58006096012184
 30
0.0
 40
0.4500127000254001
  0
CIRCLE
  5
66c
330
1F
100
AcDbEntity
  8
Multi-Layer
100
AcDbCircle
 10
38.43002286004571
 20
-24.580010160020265
 30
0.0
 40
0.8
0
HATCH
5
66d
100
AcDbEntity
8
Multi-Layer
100
AcDbHatch
10
0
20
0
30
0
210
0
220
0
230
1
2
SOLID
70
1
71
0
91
1
92
7
72
1
73
1
93
2
10
37.63002286004571
20
-24.580010160020265
42
1
10
39.23002286004571
20
-24.580010160020265
42
1
97
1
330

75
0
76
1
47
0.8681437583925616
98
1
10
3.629517071192367
20
33.92795499968543
450
0
451
0
460
0
461
0
452
1
462
1
453
2
463
0
63
5
421
255
463
1
63
7
421
16777215
470
LINEAR
1001
ACAD
1010
0
1020
0
1030
0
  0
CIRCLE
  5
66e
330
1F
100
AcDbEntity
  8
TopSolderMaskLayer
100
AcDbCircle
 10
10.27000254000518
 20
-13
 30
0.0
 40
0.5655353117157847
  0
CIRCLE
  5
66f
330
1F
100
AcDbEntity
  8
TopSolderMaskLayer
100
AcDbCircle
 10
10.27000254000518
 20
-13
 30
0.0
 40
0.9254000508001016
0
HATCH
5
670
100
AcDbEntity
8
TopSolderMaskLayer
100
AcDbHatch
10
0
20
0
30
0
210
0
220
0
230
1
2
SOLID
70
1
71
0
91
1
92
7
72
1
73
1
93
2
10
9.344602489205078
20
-13
42
1
10
11.195402590805282
20
-13
42
1
97
1
330

75
0
76
1
47
0.8681437583925616
98
1
10
3.629517071192367
20
33.92795499968543
450
0
451
0
460
0
461
0
452
1
462
1
453
2
463
0
63
5
421
255
463
1
63
7
421
16777215
470
LINEAR
1001
ACAD
1010
0
1020
0
1030
0
  0
CIRCLE
  5
671
330
1F
100
AcDbEntity
  8
BottomSolderMaskLayer
100
AcDbCircle
 10
10.27000254000518
 20
-13
 30
0.0
 40
0.5655353117157847
  0
CIRCLE
  5
672
330
1F
100
AcDbEntity
  8
BottomSolderMaskLayer
100
AcDbCircle
 10
10.27000254000518
 20
-13
 30
0.0
 40
0.9254000508001016
0
HATCH
5
673
100
AcDbEntity
8
BottomSolderMaskLayer
100
AcDbHatch
10
0
20
0
30
0
210
0
220
0
230
1
2
SOLID
70
1
71
0
91
1
92
7
72
1
73
1
93
2
10
9.344602489205078
20
-13
42
1
10
11.195402590805282
20
-13
42
1
97
1
330

75
0
76
1
47
0.8681437583925616
98
1
10
3.629517071192367
20
33.92795499968543
450
0
451
0
460
0
461
0
452
1
462
1
453
2
463
0
63
5
421
255
463
1
63
7
421
16777215
470
LINEAR
1001
ACAD
1010
0
1020
0
1030
0
  0
CIRCLE
  5
674
330
1F
100
AcDbEntity
  8
Multi-Layer
100
AcDbCircle
 10
10.27000254000518
 20
-13
 30
0.0
 40
0.5500127000254001
  0
CIRCLE
  5
675
330
1F
100
AcDbEntity
  8
Multi-Layer
100
AcDbCircle
 10
10.27000254000518
 20
-13
 30
0.0
 40
0.9000000000000001
0
HATCH
5
676
100
AcDbEntity
8
Multi-Layer
100
AcDbHatch
10
0
20
0
30
0
210
0
220
0
230
1
2
SOLID
70
1
71
0
91
1
92
7
72
1
73
1
93
2
10
9.37000254000518
20
-13
42
1
10
11.17000254000518
20
-13
42
1
97
1
330

75
0
76
1
47
0.8681437583925616
98
1
10
3.629517071192367
20
33.92795499968543
450
0
451
0
460
0
461
0
452
1
462
1
453
2
463
0
63
5
421
255
463
1
63
7
421
16777215
470
LINEAR
1001
ACAD
1010
0
1020
0
1030
0
  0
CIRCLE
  5
677
330
1F
100
AcDbEntity
  8
TopSolderMaskLayer
100
AcDbCircle
 10
7.729997459995047
 20
-13
 30
0.0
 40
0.5655353117157847
  0
CIRCLE
  5
678
330
1F
100
AcDbEntity
  8
TopSolderMaskLayer
100
AcDbCircle
 10
7.729997459995047
 20
-13
 30
0.0
 40
0.9254000508001016
0
HATCH
5
679
100
AcDbEntity
8
TopSolderMaskLayer
100
AcDbHatch
10
0
20
0
30
0
210
0
220
0
230
1
2
SOLID
70
1
71
0
91
1
92
7
72
1
73
1
93
2
10
6.804597409194946
20
-13
42
1
10
8.655397510795149
20
-13
42
1
97
1
330

75
0
76
1
47
0.8681437583925616
98
1
10
3.629517071192367
20
33.92795499968543
450
0
451
0
460
0
461
0
452
1
462
1
453
2
463
0
63
5
421
255
463
1
63
7
421
16777215
470
LINEAR
1001
ACAD
1010
0
1020
0
1030
0
  0
CIRCLE
  5
67a
330
1F
100
AcDbEntity
  8
BottomSolderMaskLayer
100
AcDbCircle
 10
7.729997459995047
 20
-13
 30
0.0
 40
0.5655353117157847
  0
CIRCLE
  5
67b
330
1F
100
AcDbEntity
  8
BottomSolderMaskLayer
100
AcDbCircle
 10
7.729997459995047
 20
-13
 30
0.0
 40
0.9254000508001016
0
HATCH
5
67c
100
AcDbEntity
8
BottomSolderMaskLayer
100
AcDbHatch
10
0
20
0
30
0
210
0
220
0
230
1
2
SOLID
70
1
71
0
91
1
92
7
72
1
73
1
93
2
10
6.804597409194946
20
-13
42
1
10
8.655397510795149
20
-13
42
1
97
1
330

75
0
76
1
47
0.8681437583925616
98
1
10
3.629517071192367
20
33.92795499968543
450
0
451
0
460
0
461
0
452
1
462
1
453
2
463
0
63
5
421
255
463
1
63
7
421
16777215
470
LINEAR
1001
ACAD
1010
0
1020
0
1030
0
  0
CIRCLE
  5
67d
330
1F
100
AcDbEntity
  8
Multi-Layer
100
AcDbCircle
 10
7.729997459995047
 20
-13
 30
0.0
 40
0.5500127000254001
  0
CIRCLE
  5
67e
330
1F
100
AcDbEntity
  8
Multi-Layer
100
AcDbCircle
 10
7.729997459995047
 20
-13
 30
0.0
 40
0.9000000000000001
0
HATCH
5
67f
100
AcDbEntity
8
Multi-Layer
100
AcDbHatch
10
0
20
0
30
0
210
0
220
0
230
1
2
SOLID
70
1
71
0
91
1
92
7
72
1
73
1
93
2
10
6.829997459995047
20
-13
42
1
10
8.629997459995048
20
-13
42
1
97
1
330

75
0
76
1
47
0.8681437583925616
98
1
10
3.629517071192367
20
33.92795499968543
450
0
451
0
460
0
461
0
452
1
462
1
453
2
463
0
63
5
421
255
463
1
63
7
421
16777215
470
LINEAR
1001
ACAD
1010
0
1020
0
1030
0
  0
CIRCLE
  5
680
330
1F
100
AcDbEntity
  8
TopSolderMaskLayer
100
AcDbCircle
 10
10.27000254000518
 20
-18
 30
0.0
 40
0.5655353117157847
  0
CIRCLE
  5
681
330
1F
100
AcDbEntity
  8
TopSolderMaskLayer
100
AcDbCircle
 10
10.27000254000518
 20
-18
 30
0.0
 40
0.9254000508001016
0
HATCH
5
682
100
AcDbEntity
8
TopSolderMaskLayer
100
AcDbHatch
10
0
20
0
30
0
210
0
220
0
230
1
2
SOLID
70
1
71
0
91
1
92
7
72
1
73
1
93
2
10
9.344602489205078
20
-18
42
1
10
11.195402590805282
20
-18
42
1
97
1
330

75
0
76
1
47
0.8681437583925616
98
1
10
3.629517071192367
20
33.92795499968543
450
0
451
0
460
0
461
0
452
1
462
1
453
2
463
0
63
5
421
255
463
1
63
7
421
16777215
470
LINEAR
1001
ACAD
1010
0
1020
0
1030
0
  0
CIRCLE
  5
683
330
1F
100
AcDbEntity
  8
BottomSolderMaskLayer
100
AcDbCircle
 10
10.27000254000518
 20
-18
 30
0.0
 40
0.5655353117157847
  0
CIRCLE
  5
684
330
1F
100
AcDbEntity
  8
BottomSolderMaskLayer
100
AcDbCircle
 10
10.27000254000518
 20
-18
 30
0.0
 40
0.9254000508001016
0
HATCH
5
685
100
AcDbEntity
8
BottomSolderMaskLayer
100
AcDbHatch
10
0
20
0
30
0
210
0
220
0
230
1
2
SOLID
70
1
71
0
91
1
92
7
72
1
73
1
93
2
10
9.344602489205078
20
-18
42
1
10
11.195402590805282
20
-18
42
1
97
1
330

75
0
76
1
47
0.8681437583925616
98
1
10
3.629517071192367
20
33.92795499968543
450
0
451
0
460
0
461
0
452
1
462
1
453
2
463
0
63
5
421
255
463
1
63
7
421
16777215
470
LINEAR
1001
ACAD
1010
0
1020
0
1030
0
  0
CIRCLE
  5
686
330
1F
100
AcDbEntity
  8
Multi-Layer
100
AcDbCircle
 10
10.27000254000518
 20
-18
 30
0.0
 40
0.5500127000254001
  0
CIRCLE
  5
687
330
1F
100
AcDbEntity
  8
Multi-Layer
100
AcDbCircle
 10
10.27000254000518
 20
-18
 30
0.0
 40
0.9000000000000001
0
HATCH
5
688
100
AcDbEntity
8
Multi-Layer
100
AcDbHatch
10
0
20
0
30
0
210
0
220
0
230
1
2
SOLID
70
1
71
0
91
1
92
7
72
1
73
1
93
2
10
9.37000254000518
20
-18
42
1
10
11.17000254000518
20
-18
42
1
97
1
330

75
0
76
1
47
0.8681437583925616
98
1
10
3.629517071192367
20
33.92795499968543
450
0
451
0
460
0
461
0
452
1
462
1
453
2
463
0
63
5
421
255
463
1
63
7
421
16777215
470
LINEAR
1001
ACAD
1010
0
1020
0
1030
0
  0
CIRCLE
  5
689
330
1F
100
AcDbEntity
  8
TopSolderMaskLayer
100
AcDbCircle
 10
7.729997459995047
 20
-18
 30
0.0
 40
0.5655353117157847
  0
CIRCLE
  5
68a
330
1F
100
AcDbEntity
  8
TopSolderMaskLayer
100
AcDbCircle
 10
7.729997459995047
 20
-18
 30
0.0
 40
0.9254000508001016
0
HATCH
5
68b
100
AcDbEntity
8
TopSolderMaskLayer
100
AcDbHatch
10
0
20
0
30
0
210
0
220
0
230
1
2
SOLID
70
1
71
0
91
1
92
7
72
1
73
1
93
2
10
6.804597409194946
20
-18
42
1
10
8.655397510795149
20
-18
42
1
97
1
330

75
0
76
1
47
0.8681437583925616
98
1
10
3.629517071192367
20
33.92795499968543
450
0
451
0
460
0
461
0
452
1
462
1
453
2
463
0
63
5
421
255
463
1
63
7
421
16777215
470
LINEAR
1001
ACAD
1010
0
1020
0
1030
0
  0
CIRCLE
  5
68c
330
1F
100
AcDbEntity
  8
BottomSolderMaskLayer
100
AcDbCircle
 10
7.729997459995047
 20
-18
 30
0.0
 40
0.5655353117157847
  0
CIRCLE
  5
68d
330
1F
100
AcDbEntity
  8
BottomSolderMaskLayer
100
AcDbCircle
 10
7.729997459995047
 20
-18
 30
0.0
 40
0.9254000508001016
0
HATCH
5
68e
100
AcDbEntity
8
BottomSolderMaskLayer
100
AcDbHatch
10
0
20
0
30
0
210
0
220
0
230
1
2
SOLID
70
1
71
0
91
1
92
7
72
1
73
1
93
2
10
6.804597409194946
20
-18
42
1
10
8.655397510795149
20
-18
42
1
97
1
330

75
0
76
1
47
0.8681437583925616
98
1
10
3.629517071192367
20
33.92795499968543
450
0
451
0
460
0
461
0
452
1
462
1
453
2
463
0
63
5
421
255
463
1
63
7
421
16777215
470
LINEAR
1001
ACAD
1010
0
1020
0
1030
0
  0
CIRCLE
  5
68f
330
1F
100
AcDbEntity
  8
Multi-Layer
100
AcDbCircle
 10
7.729997459995047
 20
-18
 30
0.0
 40
0.5500127000254001
  0
CIRCLE
  5
690
330
1F
100
AcDbEntity
  8
Multi-Layer
100
AcDbCircle
 10
7.729997459995047
 20
-18
 30
0.0
 40
0.9000000000000001
0
HATCH
5
691
100
AcDbEntity
8
Multi-Layer
100
AcDbHatch
10
0
20
0
30
0
210
0
220
0
230
1
2
SOLID
70
1
71
0
91
1
92
7
72
1
73
1
93
2
10
6.829997459995047
20
-18
42
1
10
8.629997459995048
20
-18
42
1
97
1
330

75
0
76
1
47
0.8681437583925616
98
1
10
3.629517071192367
20
33.92795499968543
450
0
451
0
460
0
461
0
452
1
462
1
453
2
463
0
63
5
421
255
463
1
63
7
421
16777215
470
LINEAR
1001
ACAD
1010
0
1020
0
1030
0
  0
CIRCLE
  5
692
330
1F
100
AcDbEntity
  8
TopSolderMaskLayer
100
AcDbCircle
 10
7.729997459995047
 20
-23
 30
0.0
 40
0.5655353117157847
  0
CIRCLE
  5
693
330
1F
100
AcDbEntity
  8
TopSolderMaskLayer
100
AcDbCircle
 10
7.729997459995047
 20
-23
 30
0.0
 40
0.9254000508001016
0
HATCH
5
694
100
AcDbEntity
8
TopSolderMaskLayer
100
AcDbHatch
10
0
20
0
30
0
210
0
220
0
230
1
2
SOLID
70
1
71
0
91
1
92
7
72
1
73
1
93
2
10
6.804597409194946
20
-23
42
1
10
8.655397510795149
20
-23
42
1
97
1
330

75
0
76
1
47
0.8681437583925616
98
1
10
3.629517071192367
20
33.92795499968543
450
0
451
0
460
0
461
0
452
1
462
1
453
2
463
0
63
5
421
255
463
1
63
7
421
16777215
470
LINEAR
1001
ACAD
1010
0
1020
0
1030
0
  0
CIRCLE
  5
695
330
1F
100
AcDbEntity
  8
BottomSolderMaskLayer
100
AcDbCircle
 10
7.729997459995047
 20
-23
 30
0.0
 40
0.5655353117157847
  0
CIRCLE
  5
696
330
1F
100
AcDbEntity
  8
BottomSolderMaskLayer
100
AcDbCircle
 10
7.729997459995047
 20
-23
 30
0.0
 40
0.9254000508001016
0
HATCH
5
697
100
AcDbEntity
8
BottomSolderMaskLayer
100
AcDbHatch
10
0
20
0
30
0
210
0
220
0
230
1
2
SOLID
70
1
71
0
91
1
92
7
72
1
73
1
93
2
10
6.804597409194946
20
-23
42
1
10
8.655397510795149
20
-23
42
1
97
1
330

75
0
76
1
47
0.8681437583925616
98
1
10
3.629517071192367
20
33.92795499968543
450
0
451
0
460
0
461
0
452
1
462
1
453
2
463
0
63
5
421
255
463
1
63
7
421
16777215
470
LINEAR
1001
ACAD
1010
0
1020
0
1030
0
  0
CIRCLE
  5
698
330
1F
100
AcDbEntity
  8
Multi-Layer
100
AcDbCircle
 10
7.729997459995047
 20
-23
 30
0.0
 40
0.5500127000254001
  0
CIRCLE
  5
699
330
1F
100
AcDbEntity
  8
Multi-Layer
100
AcDbCircle
 10
7.729997459995047
 20
-23
 30
0.0
 40
0.9000000000000001
0
HATCH
5
69a
100
AcDbEntity
8
Multi-Layer
100
AcDbHatch
10
0
20
0
30
0
210
0
220
0
230
1
2
SOLID
70
1
71
0
91
1
92
7
72
1
73
1
93
2
10
6.829997459995047
20
-23
42
1
10
8.629997459995048
20
-23
42
1
97
1
330

75
0
76
1
47
0.8681437583925616
98
1
10
3.629517071192367
20
33.92795499968543
450
0
451
0
460
0
461
0
452
1
462
1
453
2
463
0
63
5
421
255
463
1
63
7
421
16777215
470
LINEAR
1001
ACAD
1010
0
1020
0
1030
0
  0
CIRCLE
  5
69b
330
1F
100
AcDbEntity
  8
TopSolderMaskLayer
100
AcDbCircle
 10
10.27000254000518
 20
-23
 30
0.0
 40
0.5655353117157847
  0
CIRCLE
  5
69c
330
1F
100
AcDbEntity
  8
TopSolderMaskLayer
100
AcDbCircle
 10
10.27000254000518
 20
-23
 30
0.0
 40
0.9254000508001016
0
HATCH
5
69d
100
AcDbEntity
8
TopSolderMaskLayer
100
AcDbHatch
10
0
20
0
30
0
210
0
220
0
230
1
2
SOLID
70
1
71
0
91
1
92
7
72
1
73
1
93
2
10
9.344602489205078
20
-23
42
1
10
11.195402590805282
20
-23
42
1
97
1
330

75
0
76
1
47
0.8681437583925616
98
1
10
3.629517071192367
20
33.92795499968543
450
0
451
0
460
0
461
0
452
1
462
1
453
2
463
0
63
5
421
255
463
1
63
7
421
16777215
470
LINEAR
1001
ACAD
1010
0
1020
0
1030
0
  0
CIRCLE
  5
69e
330
1F
100
AcDbEntity
  8
BottomSolderMaskLayer
100
AcDbCircle
 10
10.27000254000518
 20
-23
 30
0.0
 40
0.5655353117157847
  0
CIRCLE
  5
69f
330
1F
100
AcDbEntity
  8
BottomSolderMaskLayer
100
AcDbCircle
 10
10.27000254000518
 20
-23
 30
0.0
 40
0.9254000508001016
0
HATCH
5
6a0
100
AcDbEntity
8
BottomSolderMaskLayer
100
AcDbHatch
10
0
20
0
30
0
210
0
220
0
230
1
2
SOLID
70
1
71
0
91
1
92
7
72
1
73
1
93
2
10
9.344602489205078
20
-23
42
1
10
11.195402590805282
20
-23
42
1
97
1
330

75
0
76
1
47
0.8681437583925616
98
1
10
3.629517071192367
20
33.92795499968543
450
0
451
0
460
0
461
0
452
1
462
1
453
2
463
0
63
5
421
255
463
1
63
7
421
16777215
470
LINEAR
1001
ACAD
1010
0
1020
0
1030
0
  0
CIRCLE
  5
6a1
330
1F
100
AcDbEntity
  8
Multi-Layer
100
AcDbCircle
 10
10.27000254000518
 20
-23
 30
0.0
 40
0.5500127000254001
  0
CIRCLE
  5
6a2
330
1F
100
AcDbEntity
  8
Multi-Layer
100
AcDbCircle
 10
10.27000254000518
 20
-23
 30
0.0
 40
0.9000000000000001
0
HATCH
5
6a3
100
AcDbEntity
8
Multi-Layer
100
AcDbHatch
10
0
20
0
30
0
210
0
220
0
230
1
2
SOLID
70
1
71
0
91
1
92
7
72
1
73
1
93
2
10
9.37000254000518
20
-23
42
1
10
11.17000254000518
20
-23
42
1
97
1
330

75
0
76
1
47
0.8681437583925616
98
1
10
3.629517071192367
20
33.92795499968543
450
0
451
0
460
0
461
0
452
1
462
1
453
2
463
0
63
5
421
255
463
1
63
7
421
16777215
470
LINEAR
1001
ACAD
1010
0
1020
0
1030
0
  0
CIRCLE
  5
6a4
330
1F
100
AcDbEntity
  8
TopSolderMaskLayer
100
AcDbCircle
 10
10.27000254000518
 20
-28
 30
0.0
 40
0.5655353117157847
  0
CIRCLE
  5
6a5
330
1F
100
AcDbEntity
  8
TopSolderMaskLayer
100
AcDbCircle
 10
10.27000254000518
 20
-28
 30
0.0
 40
0.9254000508001016
0
HATCH
5
6a6
100
AcDbEntity
8
TopSolderMaskLayer
100
AcDbHatch
10
0
20
0
30
0
210
0
220
0
230
1
2
SOLID
70
1
71
0
91
1
92
7
72
1
73
1
93
2
10
9.344602489205078
20
-28
42
1
10
11.195402590805282
20
-28
42
1
97
1
330

75
0
76
1
47
0.8681437583925616
98
1
10
3.629517071192367
20
33.92795499968543
450
0
451
0
460
0
461
0
452
1
462
1
453
2
463
0
63
5
421
255
463
1
63
7
421
16777215
470
LINEAR
1001
ACAD
1010
0
1020
0
1030
0
  0
CIRCLE
  5
6a7
330
1F
100
AcDbEntity
  8
BottomSolderMaskLayer
100
AcDbCircle
 10
10.27000254000518
 20
-28
 30
0.0
 40
0.5655353117157847
  0
CIRCLE
  5
6a8
330
1F
100
AcDbEntity
  8
BottomSolderMaskLayer
100
AcDbCircle
 10
10.27000254000518
 20
-28
 30
0.0
 40
0.9254000508001016
0
HATCH
5
6a9
100
AcDbEntity
8
BottomSolderMaskLayer
100
AcDbHatch
10
0
20
0
30
0
210
0
220
0
230
1
2
SOLID
70
1
71
0
91
1
92
7
72
1
73
1
93
2
10
9.344602489205078
20
-28
42
1
10
11.195402590805282
20
-28
42
1
97
1
330

75
0
76
1
47
0.8681437583925616
98
1
10
3.629517071192367
20
33.92795499968543
450
0
451
0
460
0
461
0
452
1
462
1
453
2
463
0
63
5
421
255
463
1
63
7
421
16777215
470
LINEAR
1001
ACAD
1010
0
1020
0
1030
0
  0
CIRCLE
  5
6aa
330
1F
100
AcDbEntity
  8
Multi-Layer
100
AcDbCircle
 10
10.27000254000518
 20
-28
 30
0.0
 40
0.5500127000254001
  0
CIRCLE
  5
6ab
330
1F
100
AcDbEntity
  8
Multi-Layer
100
AcDbCircle
 10
10.27000254000518
 20
-28
 30
0.0
 40
0.9000000000000001
0
HATCH
5
6ac
100
AcDbEntity
8
Multi-Layer
100
AcDbHatch
10
0
20
0
30
0
210
0
220
0
230
1
2
SOLID
70
1
71
0
91
1
92
7
72
1
73
1
93
2
10
9.37000254000518
20
-28
42
1
10
11.17000254000518
20
-28
42
1
97
1
330

75
0
76
1
47
0.8681437583925616
98
1
10
3.629517071192367
20
33.92795499968543
450
0
451
0
460
0
461
0
452
1
462
1
453
2
463
0
63
5
421
255
463
1
63
7
421
16777215
470
LINEAR
1001
ACAD
1010
0
1020
0
1030
0
  0
CIRCLE
  5
6ad
330
1F
100
AcDbEntity
  8
TopSolderMaskLayer
100
AcDbCircle
 10
7.729997459995047
 20
-28
 30
0.0
 40
0.5655353117157847
  0
CIRCLE
  5
6ae
330
1F
100
AcDbEntity
  8
TopSolderMaskLayer
100
AcDbCircle
 10
7.729997459995047
 20
-28
 30
0.0
 40
0.9254000508001016
0
HATCH
5
6af
100
AcDbEntity
8
TopSolderMaskLayer
100
AcDbHatch
10
0
20
0
30
0
210
0
220
0
230
1
2
SOLID
70
1
71
0
91
1
92
7
72
1
73
1
93
2
10
6.804597409194946
20
-28
42
1
10
8.655397510795149
20
-28
42
1
97
1
330

75
0
76
1
47
0.8681437583925616
98
1
10
3.629517071192367
20
33.92795499968543
450
0
451
0
460
0
461
0
452
1
462
1
453
2
463
0
63
5
421
255
463
1
63
7
421
16777215
470
LINEAR
1001
ACAD
1010
0
1020
0
1030
0
  0
CIRCLE
  5
6b0
330
1F
100
AcDbEntity
  8
BottomSolderMaskLayer
100
AcDbCircle
 10
7.729997459995047
 20
-28
 30
0.0
 40
0.5655353117157847
  0
CIRCLE
  5
6b1
330
1F
100
AcDbEntity
  8
BottomSolderMaskLayer
100
AcDbCircle
 10
7.729997459995047
 20
-28
 30
0.0
 40
0.9254000508001016
0
HATCH
5
6b2
100
AcDbEntity
8
BottomSolderMaskLayer
100
AcDbHatch
10
0
20
0
30
0
210
0
220
0
230
1
2
SOLID
70
1
71
0
91
1
92
7
72
1
73
1
93
2
10
6.804597409194946
20
-28
42
1
10
8.655397510795149
20
-28
42
1
97
1
330

75
0
76
1
47
0.8681437583925616
98
1
10
3.629517071192367
20
33.92795499968543
450
0
451
0
460
0
461
0
452
1
462
1
453
2
463
0
63
5
421
255
463
1
63
7
421
16777215
470
LINEAR
1001
ACAD
1010
0
1020
0
1030
0
  0
CIRCLE
  5
6b3
330
1F
100
AcDbEntity
  8
Multi-Layer
100
AcDbCircle
 10
7.729997459995047
 20
-28
 30
0.0
 40
0.5500127000254001
  0
CIRCLE
  5
6b4
330
1F
100
AcDbEntity
  8
Multi-Layer
100
AcDbCircle
 10
7.729997459995047
 20
-28
 30
0.0
 40
0.9000000000000001
0
HATCH
5
6b5
100
AcDbEntity
8
Multi-Layer
100
AcDbHatch
10
0
20
0
30
0
210
0
220
0
230
1
2
SOLID
70
1
71
0
91
1
92
7
72
1
73
1
93
2
10
6.829997459995047
20
-28
42
1
10
8.629997459995048
20
-28
42
1
97
1
330

75
0
76
1
47
0.8681437583925616
98
1
10
3.629517071192367
20
33.92795499968543
450
0
451
0
460
0
461
0
452
1
462
1
453
2
463
0
63
5
421
255
463
1
63
7
421
16777215
470
LINEAR
1001
ACAD
1010
0
1020
0
1030
0
  0
CIRCLE
  5
6b6
330
1F
100
AcDbEntity
  8
TopSolderMaskLayer
100
AcDbCircle
 10
42.72999745999505
 20
-27
 30
0.0
 40
0.5655353117157847
  0
CIRCLE
  5
6b7
330
1F
100
AcDbEntity
  8
TopSolderMaskLayer
100
AcDbCircle
 10
42.72999745999505
 20
-27
 30
0.0
 40
0.9254000508001016
0
HATCH
5
6b8
100
AcDbEntity
8
TopSolderMaskLayer
100
AcDbHatch
10
0
20
0
30
0
210
0
220
0
230
1
2
SOLID
70
1
71
0
91
1
92
7
72
1
73
1
93
2
10
41.80459740919495
20
-27
42
1
10
43.65539751079515
20
-27
42
1
97
1
330

75
0
76
1
47
0.8681437583925616
98
1
10
3.629517071192367
20
33.92795499968543
450
0
451
0
460
0
461
0
452
1
462
1
453
2
463
0
63
5
421
255
463
1
63
7
421
16777215
470
LINEAR
1001
ACAD
1010
0
1020
0
1030
0
  0
CIRCLE
  5
6b9
330
1F
100
AcDbEntity
  8
BottomSolderMaskLayer
100
AcDbCircle
 10
42.72999745999505
 20
-27
 30
0.0
 40
0.5655353117157847
  0
CIRCLE
  5
6ba
330
1F
100
AcDbEntity
  8
BottomSolderMaskLayer
100
AcDbCircle
 10
42.72999745999505
 20
-27
 30
0.0
 40
0.9254000508001016
0
HATCH
5
6bb
100
AcDbEntity
8
BottomSolderMaskLayer
100
AcDbHatch
10
0
20
0
30
0
210
0
220
0
230
1
2
SOLID
70
1
71
0
91
1
92
7
72
1
73
1
93
2
10
41.80459740919495
20
-27
42
1
10
43.65539751079515
20
-27
42
1
97
1
330

75
0
76
1
47
0.8681437583925616
98
1
10
3.629517071192367
20
33.92795499968543
450
0
451
0
460
0
461
0
452
1
462
1
453
2
463
0
63
5
421
255
463
1
63
7
421
16777215
470
LINEAR
1001
ACAD
1010
0
1020
0
1030
0
  0
CIRCLE
  5
6bc
330
1F
100
AcDbEntity
  8
Multi-Layer
100
AcDbCircle
 10
42.72999745999505
 20
-27
 30
0.0
 40
0.5500127000254001
  0
CIRCLE
  5
6bd
330
1F
100
AcDbEntity
  8
Multi-Layer
100
AcDbCircle
 10
42.72999745999505
 20
-27
 30
0.0
 40
0.9000000000000001
0
HATCH
5
6be
100
AcDbEntity
8
Multi-Layer
100
AcDbHatch
10
0
20
0
30
0
210
0
220
0
230
1
2
SOLID
70
1
71
0
91
1
92
7
72
1
73
1
93
2
10
41.82999745999505
20
-27
42
1
10
43.629997459995046
20
-27
42
1
97
1
330

75
0
76
1
47
0.8681437583925616
98
1
10
3.629517071192367
20
33.92795499968543
450
0
451
0
460
0
461
0
452
1
462
1
453
2
463
0
63
5
421
255
463
1
63
7
421
16777215
470
LINEAR
1001
ACAD
1010
0
1020
0
1030
0
  0
CIRCLE
  5
6bf
330
1F
100
AcDbEntity
  8
TopSolderMaskLayer
100
AcDbCircle
 10
45.27000254000518
 20
-27
 30
0.0
 40
0.5655353117157847
  0
CIRCLE
  5
6c0
330
1F
100
AcDbEntity
  8
TopSolderMaskLayer
100
AcDbCircle
 10
45.27000254000518
 20
-27
 30
0.0
 40
0.9254000508001016
0
HATCH
5
6c1
100
AcDbEntity
8
TopSolderMaskLayer
100
AcDbHatch
10
0
20
0
30
0
210
0
220
0
230
1
2
SOLID
70
1
71
0
91
1
92
7
72
1
73
1
93
2
10
44.34460248920508
20
-27
42
1
10
46.19540259080528
20
-27
42
1
97
1
330

75
0
76
1
47
0.8681437583925616
98
1
10
3.629517071192367
20
33.92795499968543
450
0
451
0
460
0
461
0
452
1
462
1
453
2
463
0
63
5
421
255
463
1
63
7
421
16777215
470
LINEAR
1001
ACAD
1010
0
1020
0
1030
0
  0
CIRCLE
  5
6c2
330
1F
100
AcDbEntity
  8
BottomSolderMaskLayer
100
AcDbCircle
 10
45.27000254000518
 20
-27
 30
0.0
 40
0.5655353117157847
  0
CIRCLE
  5
6c3
330
1F
100
AcDbEntity
  8
BottomSolderMaskLayer
100
AcDbCircle
 10
45.27000254000518
 20
-27
 30
0.0
 40
0.9254000508001016
0
HATCH
5
6c4
100
AcDbEntity
8
BottomSolderMaskLayer
100
AcDbHatch
10
0
20
0
30
0
210
0
220
0
230
1
2
SOLID
70
1
71
0
91
1
92
7
72
1
73
1
93
2
10
44.34460248920508
20
-27
42
1
10
46.19540259080528
20
-27
42
1
97
1
330

75
0
76
1
47
0.8681437583925616
98
1
10
3.629517071192367
20
33.92795499968543
450
0
451
0
460
0
461
0
452
1
462
1
453
2
463
0
63
5
421
255
463
1
63
7
421
16777215
470
LINEAR
1001
ACAD
1010
0
1020
0
1030
0
  0
CIRCLE
  5
6c5
330
1F
100
AcDbEntity
  8
Multi-Layer
100
AcDbCircle
 10
45.27000254000518
 20
-27
 30
0.0
 40
0.5500127000254001
  0
CIRCLE
  5
6c6
330
1F
100
AcDbEntity
  8
Multi-Layer
100
AcDbCircle
 10
45.27000254000518
 20
-27
 30
0.0
 40
0.9000000000000001
0
HATCH
5
6c7
100
AcDbEntity
8
Multi-Layer
100
AcDbHatch
10
0
20
0
30
0
210
0
220
0
230
1
2
SOLID
70
1
71
0
91
1
92
7
72
1
73
1
93
2
10
44.37000254000518
20
-27
42
1
10
46.17000254000518
20
-27
42
1
97
1
330

75
0
76
1
47
0.8681437583925616
98
1
10
3.629517071192367
20
33.92795499968543
450
0
451
0
460
0
461
0
452
1
462
1
453
2
463
0
63
5
421
255
463
1
63
7
421
16777215
470
LINEAR
1001
ACAD
1010
0
1020
0
1030
0
  0
CIRCLE
  5
6c8
330
1F
100
AcDbEntity
  8
TopSolderMaskLayer
100
AcDbCircle
 10
7.729997459995047
 20
-33
 30
0.0
 40
0.5655353117157847
  0
CIRCLE
  5
6c9
330
1F
100
AcDbEntity
  8
TopSolderMaskLayer
100
AcDbCircle
 10
7.729997459995047
 20
-33
 30
0.0
 40
0.9254000508001016
0
HATCH
5
6ca
100
AcDbEntity
8
TopSolderMaskLayer
100
AcDbHatch
10
0
20
0
30
0
210
0
220
0
230
1
2
SOLID
70
1
71
0
91
1
92
7
72
1
73
1
93
2
10
6.804597409194946
20
-33
42
1
10
8.655397510795149
20
-33
42
1
97
1
330

75
0
76
1
47
0.8681437583925616
98
1
10
3.629517071192367
20
33.92795499968543
450
0
451
0
460
0
461
0
452
1
462
1
453
2
463
0
63
5
421
255
463
1
63
7
421
16777215
470
LINEAR
1001
ACAD
1010
0
1020
0
1030
0
  0
CIRCLE
  5
6cb
330
1F
100
AcDbEntity
  8
BottomSolderMaskLayer
100
AcDbCircle
 10
7.729997459995047
 20
-33
 30
0.0
 40
0.5655353117157847
  0
CIRCLE
  5
6cc
330
1F
100
AcDbEntity
  8
BottomSolderMaskLayer
100
AcDbCircle
 10
7.729997459995047
 20
-33
 30
0.0
 40
0.9254000508001016
0
HATCH
5
6cd
100
AcDbEntity
8
BottomSolderMaskLayer
100
AcDbHatch
10
0
20
0
30
0
210
0
220
0
230
1
2
SOLID
70
1
71
0
91
1
92
7
72
1
73
1
93
2
10
6.804597409194946
20
-33
42
1
10
8.655397510795149
20
-33
42
1
97
1
330

75
0
76
1
47
0.8681437583925616
98
1
10
3.629517071192367
20
33.92795499968543
450
0
451
0
460
0
461
0
452
1
462
1
453
2
463
0
63
5
421
255
463
1
63
7
421
16777215
470
LINEAR
1001
ACAD
1010
0
1020
0
1030
0
  0
CIRCLE
  5
6ce
330
1F
100
AcDbEntity
  8
Multi-Layer
100
AcDbCircle
 10
7.729997459995047
 20
-33
 30
0.0
 40
0.5500127000254001
  0
CIRCLE
  5
6cf
330
1F
100
AcDbEntity
  8
Multi-Layer
100
AcDbCircle
 10
7.729997459995047
 20
-33
 30
0.0
 40
0.9000000000000001
0
HATCH
5
6d0
100
AcDbEntity
8
Multi-Layer
100
AcDbHatch
10
0
20
0
30
0
210
0
220
0
230
1
2
SOLID
70
1
71
0
91
1
92
7
72
1
73
1
93
2
10
6.829997459995047
20
-33
42
1
10
8.629997459995048
20
-33
42
1
97
1
330

75
0
76
1
47
0.8681437583925616
98
1
10
3.629517071192367
20
33.92795499968543
450
0
451
0
460
0
461
0
452
1
462
1
453
2
463
0
63
5
421
255
463
1
63
7
421
16777215
470
LINEAR
1001
ACAD
1010
0
1020
0
1030
0
  0
CIRCLE
  5
6d1
330
1F
100
AcDbEntity
  8
TopSolderMaskLayer
100
AcDbCircle
 10
10.27000254000518
 20
-33
 30
0.0
 40
0.5655353117157847
  0
CIRCLE
  5
6d2
330
1F
100
AcDbEntity
  8
TopSolderMaskLayer
100
AcDbCircle
 10
10.27000254000518
 20
-33
 30
0.0
 40
0.9254000508001016
0
HATCH
5
6d3
100
AcDbEntity
8
TopSolderMaskLayer
100
AcDbHatch
10
0
20
0
30
0
210
0
220
0
230
1
2
SOLID
70
1
71
0
91
1
92
7
72
1
73
1
93
2
10
9.344602489205078
20
-33
42
1
10
11.195402590805282
20
-33
42
1
97
1
330

75
0
76
1
47
0.8681437583925616
98
1
10
3.629517071192367
20
33.92795499968543
450
0
451
0
460
0
461
0
452
1
462
1
453
2
463
0
63
5
421
255
463
1
63
7
421
16777215
470
LINEAR
1001
ACAD
1010
0
1020
0
1030
0
  0
CIRCLE
  5
6d4
330
1F
100
AcDbEntity
  8
BottomSolderMaskLayer
100
AcDbCircle
 10
10.27000254000518
 20
-33
 30
0.0
 40
0.5655353117157847
  0
CIRCLE
  5
6d5
330
1F
100
AcDbEntity
  8
BottomSolderMaskLayer
100
AcDbCircle
 10
10.27000254000518
 20
-33
 30
0.0
 40
0.9254000508001016
0
HATCH
5
6d6
100
AcDbEntity
8
BottomSolderMaskLayer
100
AcDbHatch
10
0
20
0
30
0
210
0
220
0
230
1
2
SOLID
70
1
71
0
91
1
92
7
72
1
73
1
93
2
10
9.344602489205078
20
-33
42
1
10
11.195402590805282
20
-33
42
1
97
1
330

75
0
76
1
47
0.8681437583925616
98
1
10
3.629517071192367
20
33.92795499968543
450
0
451
0
460
0
461
0
452
1
462
1
453
2
463
0
63
5
421
255
463
1
63
7
421
16777215
470
LINEAR
1001
ACAD
1010
0
1020
0
1030
0
  0
CIRCLE
  5
6d7
330
1F
100
AcDbEntity
  8
Multi-Layer
100
AcDbCircle
 10
10.27000254000518
 20
-33
 30
0.0
 40
0.5500127000254001
  0
CIRCLE
  5
6d8
330
1F
100
AcDbEntity
  8
Multi-Layer
100
AcDbCircle
 10
10.27000254000518
 20
-33
 30
0.0
 40
0.9000000000000001
0
HATCH
5
6d9
100
AcDbEntity
8
Multi-Layer
100
AcDbHatch
10
0
20
0
30
0
210
0
220
0
230
1
2
SOLID
70
1
71
0
91
1
92
7
72
1
73
1
93
2
10
9.37000254000518
20
-33
42
1
10
11.17000254000518
20
-33
42
1
97
1
330

75
0
76
1
47
0.8681437583925616
98
1
10
3.629517071192367
20
33.92795499968543
450
0
451
0
460
0
461
0
452
1
462
1
453
2
463
0
63
5
421
255
463
1
63
7
421
16777215
470
LINEAR
1001
ACAD
1010
0
1020
0
1030
0
  0
CIRCLE
  5
6da
330
1F
100
AcDbEntity
  8
TopSolderMaskLayer
100
AcDbCircle
 10
18.72999745999482
 20
-49
 30
0.0
 40
0.5655353117157847
  0
CIRCLE
  5
6db
330
1F
100
AcDbEntity
  8
TopSolderMaskLayer
100
AcDbCircle
 10
18.72999745999482
 20
-49
 30
0.0
 40
0.9254000508001016
0
HATCH
5
6dc
100
AcDbEntity
8
TopSolderMaskLayer
100
AcDbHatch
10
0
20
0
30
0
210
0
220
0
230
1
2
SOLID
70
1
71
0
91
1
92
7
72
1
73
1
93
2
10
17.80459740919472
20
-49
42
1
10
19.65539751079492
20
-49
42
1
97
1
330

75
0
76
1
47
0.8681437583925616
98
1
10
3.629517071192367
20
33.92795499968543
450
0
451
0
460
0
461
0
452
1
462
1
453
2
463
0
63
5
421
255
463
1
63
7
421
16777215
470
LINEAR
1001
ACAD
1010
0
1020
0
1030
0
  0
CIRCLE
  5
6dd
330
1F
100
AcDbEntity
  8
BottomSolderMaskLayer
100
AcDbCircle
 10
18.72999745999482
 20
-49
 30
0.0
 40
0.5655353117157847
  0
CIRCLE
  5
6de
330
1F
100
AcDbEntity
  8
BottomSolderMaskLayer
100
AcDbCircle
 10
18.72999745999482
 20
-49
 30
0.0
 40
0.9254000508001016
0
HATCH
5
6df
100
AcDbEntity
8
BottomSolderMaskLayer
100
AcDbHatch
10
0
20
0
30
0
210
0
220
0
230
1
2
SOLID
70
1
71
0
91
1
92
7
72
1
73
1
93
2
10
17.80459740919472
20
-49
42
1
10
19.65539751079492
20
-49
42
1
97
1
330

75
0
76
1
47
0.8681437583925616
98
1
10
3.629517071192367
20
33.92795499968543
450
0
451
0
460
0
461
0
452
1
462
1
453
2
463
0
63
5
421
255
463
1
63
7
421
16777215
470
LINEAR
1001
ACAD
1010
0
1020
0
1030
0
  0
CIRCLE
  5
6e0
330
1F
100
AcDbEntity
  8
Multi-Layer
100
AcDbCircle
 10
18.72999745999482
 20
-49
 30
0.0
 40
0.5500127000254001
  0
CIRCLE
  5
6e1
330
1F
100
AcDbEntity
  8
Multi-Layer
100
AcDbCircle
 10
18.72999745999482
 20
-49
 30
0.0
 40
0.9000000000000001
0
HATCH
5
6e2
100
AcDbEntity
8
Multi-Layer
100
AcDbHatch
10
0
20
0
30
0
210
0
220
0
230
1
2
SOLID
70
1
71
0
91
1
92
7
72
1
73
1
93
2
10
17.82999745999482
20
-49
42
1
10
19.62999745999482
20
-49
42
1
97
1
330

75
0
76
1
47
0.8681437583925616
98
1
10
3.629517071192367
20
33.92795499968543
450
0
451
0
460
0
461
0
452
1
462
1
453
2
463
0
63
5
421
255
463
1
63
7
421
16777215
470
LINEAR
1001
ACAD
1010
0
1020
0
1030
0
  0
CIRCLE
  5
6e3
330
1F
100
AcDbEntity
  8
TopSolderMaskLayer
100
AcDbCircle
 10
21.270002540004953
 20
-49
 30
0.0
 40
0.5655353117157847
  0
CIRCLE
  5
6e4
330
1F
100
AcDbEntity
  8
TopSolderMaskLayer
100
AcDbCircle
 10
21.270002540004953
 20
-49
 30
0.0
 40
0.9254000508001016
0
HATCH
5
6e5
100
AcDbEntity
8
TopSolderMaskLayer
100
AcDbHatch
10
0
20
0
30
0
210
0
220
0
230
1
2
SOLID
70
1
71
0
91
1
92
7
72
1
73
1
93
2
10
20.344602489204853
20
-49
42
1
10
22.195402590805053
20
-49
42
1
97
1
330

75
0
76
1
47
0.8681437583925616
98
1
10
3.629517071192367
20
33.92795499968543
450
0
451
0
460
0
461
0
452
1
462
1
453
2
463
0
63
5
421
255
463
1
63
7
421
16777215
470
LINEAR
1001
ACAD
1010
0
1020
0
1030
0
  0
CIRCLE
  5
6e6
330
1F
100
AcDbEntity
  8
BottomSolderMaskLayer
100
AcDbCircle
 10
21.270002540004953
 20
-49
 30
0.0
 40
0.5655353117157847
  0
CIRCLE
  5
6e7
330
1F
100
AcDbEntity
  8
BottomSolderMaskLayer
100
AcDbCircle
 10
21.270002540004953
 20
-49
 30
0.0
 40
0.9254000508001016
0
HATCH
5
6e8
100
AcDbEntity
8
BottomSolderMaskLayer
100
AcDbHatch
10
0
20
0
30
0
210
0
220
0
230
1
2
SOLID
70
1
71
0
91
1
92
7
72
1
73
1
93
2
10
20.344602489204853
20
-49
42
1
10
22.195402590805053
20
-49
42
1
97
1
330

75
0
76
1
47
0.8681437583925616
98
1
10
3.629517071192367
20
33.92795499968543
450
0
451
0
460
0
461
0
452
1
462
1
453
2
463
0
63
5
421
255
463
1
63
7
421
16777215
470
LINEAR
1001
ACAD
1010
0
1020
0
1030
0
  0
CIRCLE
  5
6e9
330
1F
100
AcDbEntity
  8
Multi-Layer
100
AcDbCircle
 10
21.270002540004953
 20
-49
 30
0.0
 40
0.5500127000254001
  0
CIRCLE
  5
6ea
330
1F
100
AcDbEntity
  8
Multi-Layer
100
AcDbCircle
 10
21.270002540004953
 20
-49
 30
0.0
 40
0.9000000000000001
0
HATCH
5
6eb
100
AcDbEntity
8
Multi-Layer
100
AcDbHatch
10
0
20
0
30
0
210
0
220
0
230
1
2
SOLID
70
1
71
0
91
1
92
7
72
1
73
1
93
2
10
20.370002540004954
20
-49
42
1
10
22.17000254000495
20
-49
42
1
97
1
330

75
0
76
1
47
0.8681437583925616
98
1
10
3.629517071192367
20
33.92795499968543
450
0
451
0
460
0
461
0
452
1
462
1
453
2
463
0
63
5
421
255
463
1
63
7
421
16777215
470
LINEAR
1001
ACAD
1010
0
1020
0
1030
0
  0
CIRCLE
  5
6ec
330
1F
100
AcDbEntity
  8
TopSolderMaskLayer
100
AcDbCircle
 10
42.72999745999505
 20
-47.000000000000114
 30
0.0
 40
0.5655353117157847
  0
CIRCLE
  5
6ed
330
1F
100
AcDbEntity
  8
TopSolderMaskLayer
100
AcDbCircle
 10
42.72999745999505
 20
-47.000000000000114
 30
0.0
 40
0.9254000508001016
0
HATCH
5
6ee
100
AcDbEntity
8
TopSolderMaskLayer
100
AcDbHatch
10
0
20
0
30
0
210
0
220
0
230
1
2
SOLID
70
1
71
0
91
1
92
7
72
1
73
1
93
2
10
41.80459740919495
20
-47.000000000000114
42
1
10
43.65539751079515
20
-47.000000000000114
42
1
97
1
330

75
0
76
1
47
0.8681437583925616
98
1
10
3.629517071192367
20
33.92795499968543
450
0
451
0
460
0
461
0
452
1
462
1
453
2
463
0
63
5
421
255
463
1
63
7
421
16777215
470
LINEAR
1001
ACAD
1010
0
1020
0
1030
0
  0
CIRCLE
  5
6ef
330
1F
100
AcDbEntity
  8
BottomSolderMaskLayer
100
AcDbCircle
 10
42.72999745999505
 20
-47.000000000000114
 30
0.0
 40
0.5655353117157847
  0
CIRCLE
  5
6f0
330
1F
100
AcDbEntity
  8
BottomSolderMaskLayer
100
AcDbCircle
 10
42.72999745999505
 20
-47.000000000000114
 30
0.0
 40
0.9254000508001016
0
HATCH
5
6f1
100
AcDbEntity
8
BottomSolderMaskLayer
100
AcDbHatch
10
0
20
0
30
0
210
0
220
0
230
1
2
SOLID
70
1
71
0
91
1
92
7
72
1
73
1
93
2
10
41.80459740919495
20
-47.000000000000114
42
1
10
43.65539751079515
20
-47.000000000000114
42
1
97
1
330

75
0
76
1
47
0.8681437583925616
98
1
10
3.629517071192367
20
33.92795499968543
450
0
451
0
460
0
461
0
452
1
462
1
453
2
463
0
63
5
421
255
463
1
63
7
421
16777215
470
LINEAR
1001
ACAD
1010
0
1020
0
1030
0
  0
CIRCLE
  5
6f2
330
1F
100
AcDbEntity
  8
Multi-Layer
100
AcDbCircle
 10
42.72999745999505
 20
-47.000000000000114
 30
0.0
 40
0.5500127000254001
  0
CIRCLE
  5
6f3
330
1F
100
AcDbEntity
  8
Multi-Layer
100
AcDbCircle
 10
42.72999745999505
 20
-47.000000000000114
 30
0.0
 40
0.9000000000000001
0
HATCH
5
6f4
100
AcDbEntity
8
Multi-Layer
100
AcDbHatch
10
0
20
0
30
0
210
0
220
0
230
1
2
SOLID
70
1
71
0
91
1
92
7
72
1
73
1
93
2
10
41.82999745999505
20
-47.000000000000114
42
1
10
43.629997459995046
20
-47.000000000000114
42
1
97
1
330

75
0
76
1
47
0.8681437583925616
98
1
10
3.629517071192367
20
33.92795499968543
450
0
451
0
460
0
461
0
452
1
462
1
453
2
463
0
63
5
421
255
463
1
63
7
421
16777215
470
LINEAR
1001
ACAD
1010
0
1020
0
1030
0
  0
CIRCLE
  5
6f5
330
1F
100
AcDbEntity
  8
TopSolderMaskLayer
100
AcDbCircle
 10
45.27000254000518
 20
-47.000000000000114
 30
0.0
 40
0.5655353117157847
  0
CIRCLE
  5
6f6
330
1F
100
AcDbEntity
  8
TopSolderMaskLayer
100
AcDbCircle
 10
45.27000254000518
 20
-47.000000000000114
 30
0.0
 40
0.9254000508001016
0
HATCH
5
6f7
100
AcDbEntity
8
TopSolderMaskLayer
100
AcDbHatch
10
0
20
0
30
0
210
0
220
0
230
1
2
SOLID
70
1
71
0
91
1
92
7
72
1
73
1
93
2
10
44.34460248920508
20
-47.000000000000114
42
1
10
46.19540259080528
20
-47.000000000000114
42
1
97
1
330

75
0
76
1
47
0.8681437583925616
98
1
10
3.629517071192367
20
33.92795499968543
450
0
451
0
460
0
461
0
452
1
462
1
453
2
463
0
63
5
421
255
463
1
63
7
421
16777215
470
LINEAR
1001
ACAD
1010
0
1020
0
1030
0
  0
CIRCLE
  5
6f8
330
1F
100
AcDbEntity
  8
BottomSolderMaskLayer
100
AcDbCircle
 10
45.27000254000518
 20
-47.000000000000114
 30
0.0
 40
0.5655353117157847
  0
CIRCLE
  5
6f9
330
1F
100
AcDbEntity
  8
BottomSolderMaskLayer
100
AcDbCircle
 10
45.27000254000518
 20
-47.000000000000114
 30
0.0
 40
0.9254000508001016
0
HATCH
5
6fa
100
AcDbEntity
8
BottomSolderMaskLayer
100
AcDbHatch
10
0
20
0
30
0
210
0
220
0
230
1
2
SOLID
70
1
71
0
91
1
92
7
72
1
73
1
93
2
10
44.34460248920508
20
-47.000000000000114
42
1
10
46.19540259080528
20
-47.000000000000114
42
1
97
1
330

75
0
76
1
47
0.8681437583925616
98
1
10
3.629517071192367
20
33.92795499968543
450
0
451
0
460
0
461
0
452
1
462
1
453
2
463
0
63
5
421
255
463
1
63
7
421
16777215
470
LINEAR
1001
ACAD
1010
0
1020
0
1030
0
  0
CIRCLE
  5
6fb
330
1F
100
AcDbEntity
  8
Multi-Layer
100
AcDbCircle
 10
45.27000254000518
 20
-47.000000000000114
 30
0.0
 40
0.5500127000254001
  0
CIRCLE
  5
6fc
330
1F
100
AcDbEntity
  8
Multi-Layer
100
AcDbCircle
 10
45.27000254000518
 20
-47.000000000000114
 30
0.0
 40
0.9000000000000001
0
HATCH
5
6fd
100
AcDbEntity
8
Multi-Layer
100
AcDbHatch
10
0
20
0
30
0
210
0
220
0
230
1
2
SOLID
70
1
71
0
91
1
92
7
72
1
73
1
93
2
10
44.37000254000518
20
-47.000000000000114
42
1
10
46.17000254000518
20
-47.000000000000114
42
1
97
1
330

75
0
76
1
47
0.8681437583925616
98
1
10
3.629517071192367
20
33.92795499968543
450
0
451
0
460
0
461
0
452
1
462
1
453
2
463
0
63
5
421
255
463
1
63
7
421
16777215
470
LINEAR
1001
ACAD
1010
0
1020
0
1030
0
  0
CIRCLE
  5
6fe
330
1F
100
AcDbEntity
  8
TopSolderMaskLayer
100
AcDbCircle
 10
42.72999745999505
 20
-42
 30
0.0
 40
0.5655353117157847
  0
CIRCLE
  5
6ff
330
1F
100
AcDbEntity
  8
TopSolderMaskLayer
100
AcDbCircle
 10
42.72999745999505
 20
-42
 30
0.0
 40
0.9254000508001016
0
HATCH
5
700
100
AcDbEntity
8
TopSolderMaskLayer
100
AcDbHatch
10
0
20
0
30
0
210
0
220
0
230
1
2
SOLID
70
1
71
0
91
1
92
7
72
1
73
1
93
2
10
41.80459740919495
20
-42
42
1
10
43.65539751079515
20
-42
42
1
97
1
330

75
0
76
1
47
0.8681437583925616
98
1
10
3.629517071192367
20
33.92795499968543
450
0
451
0
460
0
461
0
452
1
462
1
453
2
463
0
63
5
421
255
463
1
63
7
421
16777215
470
LINEAR
1001
ACAD
1010
0
1020
0
1030
0
  0
CIRCLE
  5
701
330
1F
100
AcDbEntity
  8
BottomSolderMaskLayer
100
AcDbCircle
 10
42.72999745999505
 20
-42
 30
0.0
 40
0.5655353117157847
  0
CIRCLE
  5
702
330
1F
100
AcDbEntity
  8
BottomSolderMaskLayer
100
AcDbCircle
 10
42.72999745999505
 20
-42
 30
0.0
 40
0.9254000508001016
0
HATCH
5
703
100
AcDbEntity
8
BottomSolderMaskLayer
100
AcDbHatch
10
0
20
0
30
0
210
0
220
0
230
1
2
SOLID
70
1
71
0
91
1
92
7
72
1
73
1
93
2
10
41.80459740919495
20
-42
42
1
10
43.65539751079515
20
-42
42
1
97
1
330

75
0
76
1
47
0.8681437583925616
98
1
10
3.629517071192367
20
33.92795499968543
450
0
451
0
460
0
461
0
452
1
462
1
453
2
463
0
63
5
421
255
463
1
63
7
421
16777215
470
LINEAR
1001
ACAD
1010
0
1020
0
1030
0
  0
CIRCLE
  5
704
330
1F
100
AcDbEntity
  8
Multi-Layer
100
AcDbCircle
 10
42.72999745999505
 20
-42
 30
0.0
 40
0.5500127000254001
  0
CIRCLE
  5
705
330
1F
100
AcDbEntity
  8
Multi-Layer
100
AcDbCircle
 10
42.72999745999505
 20
-42
 30
0.0
 40
0.9000000000000001
0
HATCH
5
706
100
AcDbEntity
8
Multi-Layer
100
AcDbHatch
10
0
20
0
30
0
210
0
220
0
230
1
2
SOLID
70
1
71
0
91
1
92
7
72
1
73
1
93
2
10
41.82999745999505
20
-42
42
1
10
43.629997459995046
20
-42
42
1
97
1
330

75
0
76
1
47
0.8681437583925616
98
1
10
3.629517071192367
20
33.92795499968543
450
0
451
0
460
0
461
0
452
1
462
1
453
2
463
0
63
5
421
255
463
1
63
7
421
16777215
470
LINEAR
1001
ACAD
1010
0
1020
0
1030
0
  0
CIRCLE
  5
707
330
1F
100
AcDbEntity
  8
TopSolderMaskLayer
100
AcDbCircle
 10
45.27000254000518
 20
-42
 30
0.0
 40
0.5655353117157847
  0
CIRCLE
  5
708
330
1F
100
AcDbEntity
  8
TopSolderMaskLayer
100
AcDbCircle
 10
45.27000254000518
 20
-42
 30
0.0
 40
0.9254000508001016
0
HATCH
5
709
100
AcDbEntity
8
TopSolderMaskLayer
100
AcDbHatch
10
0
20
0
30
0
210
0
220
0
230
1
2
SOLID
70
1
71
0
91
1
92
7
72
1
73
1
93
2
10
44.34460248920508
20
-42
42
1
10
46.19540259080528
20
-42
42
1
97
1
330

75
0
76
1
47
0.8681437583925616
98
1
10
3.629517071192367
20
33.92795499968543
450
0
451
0
460
0
461
0
452
1
462
1
453
2
463
0
63
5
421
255
463
1
63
7
421
16777215
470
LINEAR
1001
ACAD
1010
0
1020
0
1030
0
  0
CIRCLE
  5
70a
330
1F
100
AcDbEntity
  8
BottomSolderMaskLayer
100
AcDbCircle
 10
45.27000254000518
 20
-42
 30
0.0
 40
0.5655353117157847
  0
CIRCLE
  5
70b
330
1F
100
AcDbEntity
  8
BottomSolderMaskLayer
100
AcDbCircle
 10
45.27000254000518
 20
-42
 30
0.0
 40
0.9254000508001016
0
HATCH
5
70c
100
AcDbEntity
8
BottomSolderMaskLayer
100
AcDbHatch
10
0
20
0
30
0
210
0
220
0
230
1
2
SOLID
70
1
71
0
91
1
92
7
72
1
73
1
93
2
10
44.34460248920508
20
-42
42
1
10
46.19540259080528
20
-42
42
1
97
1
330

75
0
76
1
47
0.8681437583925616
98
1
10
3.629517071192367
20
33.92795499968543
450
0
451
0
460
0
461
0
452
1
462
1
453
2
463
0
63
5
421
255
463
1
63
7
421
16777215
470
LINEAR
1001
ACAD
1010
0
1020
0
1030
0
  0
CIRCLE
  5
70d
330
1F
100
AcDbEntity
  8
Multi-Layer
100
AcDbCircle
 10
45.27000254000518
 20
-42
 30
0.0
 40
0.5500127000254001
  0
CIRCLE
  5
70e
330
1F
100
AcDbEntity
  8
Multi-Layer
100
AcDbCircle
 10
45.27000254000518
 20
-42
 30
0.0
 40
0.9000000000000001
0
HATCH
5
70f
100
AcDbEntity
8
Multi-Layer
100
AcDbHatch
10
0
20
0
30
0
210
0
220
0
230
1
2
SOLID
70
1
71
0
91
1
92
7
72
1
73
1
93
2
10
44.37000254000518
20
-42
42
1
10
46.17000254000518
20
-42
42
1
97
1
330

75
0
76
1
47
0.8681437583925616
98
1
10
3.629517071192367
20
33.92795499968543
450
0
451
0
460
0
461
0
452
1
462
1
453
2
463
0
63
5
421
255
463
1
63
7
421
16777215
470
LINEAR
1001
ACAD
1010
0
1020
0
1030
0
  0
CIRCLE
  5
710
330
1F
100
AcDbEntity
  8
TopSolderMaskLayer
100
AcDbCircle
 10
42.72999745999505
 20
-22
 30
0.0
 40
0.5655353117157847
  0
CIRCLE
  5
711
330
1F
100
AcDbEntity
  8
TopSolderMaskLayer
100
AcDbCircle
 10
42.72999745999505
 20
-22
 30
0.0
 40
0.9254000508001016
0
HATCH
5
712
100
AcDbEntity
8
TopSolderMaskLayer
100
AcDbHatch
10
0
20
0
30
0
210
0
220
0
230
1
2
SOLID
70
1
71
0
91
1
92
7
72
1
73
1
93
2
10
41.80459740919495
20
-22
42
1
10
43.65539751079515
20
-22
42
1
97
1
330

75
0
76
1
47
0.8681437583925616
98
1
10
3.629517071192367
20
33.92795499968543
450
0
451
0
460
0
461
0
452
1
462
1
453
2
463
0
63
5
421
255
463
1
63
7
421
16777215
470
LINEAR
1001
ACAD
1010
0
1020
0
1030
0
  0
CIRCLE
  5
713
330
1F
100
AcDbEntity
  8
BottomSolderMaskLayer
100
AcDbCircle
 10
42.72999745999505
 20
-22
 30
0.0
 40
0.5655353117157847
  0
CIRCLE
  5
714
330
1F
100
AcDbEntity
  8
BottomSolderMaskLayer
100
AcDbCircle
 10
42.72999745999505
 20
-22
 30
0.0
 40
0.9254000508001016
0
HATCH
5
715
100
AcDbEntity
8
BottomSolderMaskLayer
100
AcDbHatch
10
0
20
0
30
0
210
0
220
0
230
1
2
SOLID
70
1
71
0
91
1
92
7
72
1
73
1
93
2
10
41.80459740919495
20
-22
42
1
10
43.65539751079515
20
-22
42
1
97
1
330

75
0
76
1
47
0.8681437583925616
98
1
10
3.629517071192367
20
33.92795499968543
450
0
451
0
460
0
461
0
452
1
462
1
453
2
463
0
63
5
421
255
463
1
63
7
421
16777215
470
LINEAR
1001
ACAD
1010
0
1020
0
1030
0
  0
CIRCLE
  5
716
330
1F
100
AcDbEntity
  8
Multi-Layer
100
AcDbCircle
 10
42.72999745999505
 20
-22
 30
0.0
 40
0.5500127000254001
  0
CIRCLE
  5
717
330
1F
100
AcDbEntity
  8
Multi-Layer
100
AcDbCircle
 10
42.72999745999505
 20
-22
 30
0.0
 40
0.9000000000000001
0
HATCH
5
718
100
AcDbEntity
8
Multi-Layer
100
AcDbHatch
10
0
20
0
30
0
210
0
220
0
230
1
2
SOLID
70
1
71
0
91
1
92
7
72
1
73
1
93
2
10
41.82999745999505
20
-22
42
1
10
43.629997459995046
20
-22
42
1
97
1
330

75
0
76
1
47
0.8681437583925616
98
1
10
3.629517071192367
20
33.92795499968543
450
0
451
0
460
0
461
0
452
1
462
1
453
2
463
0
63
5
421
255
463
1
63
7
421
16777215
470
LINEAR
1001
ACAD
1010
0
1020
0
1030
0
  0
CIRCLE
  5
719
330
1F
100
AcDbEntity
  8
TopSolderMaskLayer
100
AcDbCircle
 10
45.27000254000518
 20
-22
 30
0.0
 40
0.5655353117157847
  0
CIRCLE
  5
71a
330
1F
100
AcDbEntity
  8
TopSolderMaskLayer
100
AcDbCircle
 10
45.27000254000518
 20
-22
 30
0.0
 40
0.9254000508001016
0
HATCH
5
71b
100
AcDbEntity
8
TopSolderMaskLayer
100
AcDbHatch
10
0
20
0
30
0
210
0
220
0
230
1
2
SOLID
70
1
71
0
91
1
92
7
72
1
73
1
93
2
10
44.34460248920508
20
-22
42
1
10
46.19540259080528
20
-22
42
1
97
1
330

75
0
76
1
47
0.8681437583925616
98
1
10
3.629517071192367
20
33.92795499968543
450
0
451
0
460
0
461
0
452
1
462
1
453
2
463
0
63
5
421
255
463
1
63
7
421
16777215
470
LINEAR
1001
ACAD
1010
0
1020
0
1030
0
  0
CIRCLE
  5
71c
330
1F
100
AcDbEntity
  8
BottomSolderMaskLayer
100
AcDbCircle
 10
45.27000254000518
 20
-22
 30
0.0
 40
0.5655353117157847
  0
CIRCLE
  5
71d
330
1F
100
AcDbEntity
  8
BottomSolderMaskLayer
100
AcDbCircle
 10
45.27000254000518
 20
-22
 30
0.0
 40
0.9254000508001016
0
HATCH
5
71e
100
AcDbEntity
8
BottomSolderMaskLayer
100
AcDbHatch
10
0
20
0
30
0
210
0
220
0
230
1
2
SOLID
70
1
71
0
91
1
92
7
72
1
73
1
93
2
10
44.34460248920508
20
-22
42
1
10
46.19540259080528
20
-22
42
1
97
1
330

75
0
76
1
47
0.8681437583925616
98
1
10
3.629517071192367
20
33.92795499968543
450
0
451
0
460
0
461
0
452
1
462
1
453
2
463
0
63
5
421
255
463
1
63
7
421
16777215
470
LINEAR
1001
ACAD
1010
0
1020
0
1030
0
  0
CIRCLE
  5
71f
330
1F
100
AcDbEntity
  8
Multi-Layer
100
AcDbCircle
 10
45.27000254000518
 20
-22
 30
0.0
 40
0.5500127000254001
  0
CIRCLE
  5
720
330
1F
100
AcDbEntity
  8
Multi-Layer
100
AcDbCircle
 10
45.27000254000518
 20
-22
 30
0.0
 40
0.9000000000000001
0
HATCH
5
721
100
AcDbEntity
8
Multi-Layer
100
AcDbHatch
10
0
20
0
30
0
210
0
220
0
230
1
2
SOLID
70
1
71
0
91
1
92
7
72
1
73
1
93
2
10
44.37000254000518
20
-22
42
1
10
46.17000254000518
20
-22
42
1
97
1
330

75
0
76
1
47
0.8681437583925616
98
1
10
3.629517071192367
20
33.92795499968543
450
0
451
0
460
0
461
0
452
1
462
1
453
2
463
0
63
5
421
255
463
1
63
7
421
16777215
470
LINEAR
1001
ACAD
1010
0
1020
0
1030
0
  0
CIRCLE
  5
722
330
1F
100
AcDbEntity
  8
TopSolderMaskLayer
100
AcDbCircle
 10
42.72999745999505
 20
-17
 30
0.0
 40
0.5655353117157847
  0
CIRCLE
  5
723
330
1F
100
AcDbEntity
  8
TopSolderMaskLayer
100
AcDbCircle
 10
42.72999745999505
 20
-17
 30
0.0
 40
0.9254000508001016
0
HATCH
5
724
100
AcDbEntity
8
TopSolderMaskLayer
100
AcDbHatch
10
0
20
0
30
0
210
0
220
0
230
1
2
SOLID
70
1
71
0
91
1
92
7
72
1
73
1
93
2
10
41.80459740919495
20
-17
42
1
10
43.65539751079515
20
-17
42
1
97
1
330

75
0
76
1
47
0.8681437583925616
98
1
10
3.629517071192367
20
33.92795499968543
450
0
451
0
460
0
461
0
452
1
462
1
453
2
463
0
63
5
421
255
463
1
63
7
421
16777215
470
LINEAR
1001
ACAD
1010
0
1020
0
1030
0
  0
CIRCLE
  5
725
330
1F
100
AcDbEntity
  8
BottomSolderMaskLayer
100
AcDbCircle
 10
42.72999745999505
 20
-17
 30
0.0
 40
0.5655353117157847
  0
CIRCLE
  5
726
330
1F
100
AcDbEntity
  8
BottomSolderMaskLayer
100
AcDbCircle
 10
42.72999745999505
 20
-17
 30
0.0
 40
0.9254000508001016
0
HATCH
5
727
100
AcDbEntity
8
BottomSolderMaskLayer
100
AcDbHatch
10
0
20
0
30
0
210
0
220
0
230
1
2
SOLID
70
1
71
0
91
1
92
7
72
1
73
1
93
2
10
41.80459740919495
20
-17
42
1
10
43.65539751079515
20
-17
42
1
97
1
330

75
0
76
1
47
0.8681437583925616
98
1
10
3.629517071192367
20
33.92795499968543
450
0
451
0
460
0
461
0
452
1
462
1
453
2
463
0
63
5
421
255
463
1
63
7
421
16777215
470
LINEAR
1001
ACAD
1010
0
1020
0
1030
0
  0
CIRCLE
  5
728
330
1F
100
AcDbEntity
  8
Multi-Layer
100
AcDbCircle
 10
42.72999745999505
 20
-17
 30
0.0
 40
0.5500127000254001
  0
CIRCLE
  5
729
330
1F
100
AcDbEntity
  8
Multi-Layer
100
AcDbCircle
 10
42.72999745999505
 20
-17
 30
0.0
 40
0.9000000000000001
0
HATCH
5
72a
100
AcDbEntity
8
Multi-Layer
100
AcDbHatch
10
0
20
0
30
0
210
0
220
0
230
1
2
SOLID
70
1
71
0
91
1
92
7
72
1
73
1
93
2
10
41.82999745999505
20
-17
42
1
10
43.629997459995046
20
-17
42
1
97
1
330

75
0
76
1
47
0.8681437583925616
98
1
10
3.629517071192367
20
33.92795499968543
450
0
451
0
460
0
461
0
452
1
462
1
453
2
463
0
63
5
421
255
463
1
63
7
421
16777215
470
LINEAR
1001
ACAD
1010
0
1020
0
1030
0
  0
CIRCLE
  5
72b
330
1F
100
AcDbEntity
  8
TopSolderMaskLayer
100
AcDbCircle
 10
45.27000254000518
 20
-17
 30
0.0
 40
0.5655353117157847
  0
CIRCLE
  5
72c
330
1F
100
AcDbEntity
  8
TopSolderMaskLayer
100
AcDbCircle
 10
45.27000254000518
 20
-17
 30
0.0
 40
0.9254000508001016
0
HATCH
5
72d
100
AcDbEntity
8
TopSolderMaskLayer
100
AcDbHatch
10
0
20
0
30
0
210
0
220
0
230
1
2
SOLID
70
1
71
0
91
1
92
7
72
1
73
1
93
2
10
44.34460248920508
20
-17
42
1
10
46.19540259080528
20
-17
42
1
97
1
330

75
0
76
1
47
0.8681437583925616
98
1
10
3.629517071192367
20
33.92795499968543
450
0
451
0
460
0
461
0
452
1
462
1
453
2
463
0
63
5
421
255
463
1
63
7
421
16777215
470
LINEAR
1001
ACAD
1010
0
1020
0
1030
0
  0
CIRCLE
  5
72e
330
1F
100
AcDbEntity
  8
BottomSolderMaskLayer
100
AcDbCircle
 10
45.27000254000518
 20
-17
 30
0.0
 40
0.5655353117157847
  0
CIRCLE
  5
72f
330
1F
100
AcDbEntity
  8
BottomSolderMaskLayer
100
AcDbCircle
 10
45.27000254000518
 20
-17
 30
0.0
 40
0.9254000508001016
0
HATCH
5
730
100
AcDbEntity
8
BottomSolderMaskLayer
100
AcDbHatch
10
0
20
0
30
0
210
0
220
0
230
1
2
SOLID
70
1
71
0
91
1
92
7
72
1
73
1
93
2
10
44.34460248920508
20
-17
42
1
10
46.19540259080528
20
-17
42
1
97
1
330

75
0
76
1
47
0.8681437583925616
98
1
10
3.629517071192367
20
33.92795499968543
450
0
451
0
460
0
461
0
452
1
462
1
453
2
463
0
63
5
421
255
463
1
63
7
421
16777215
470
LINEAR
1001
ACAD
1010
0
1020
0
1030
0
  0
CIRCLE
  5
731
330
1F
100
AcDbEntity
  8
Multi-Layer
100
AcDbCircle
 10
45.27000254000518
 20
-17
 30
0.0
 40
0.5500127000254001
  0
CIRCLE
  5
732
330
1F
100
AcDbEntity
  8
Multi-Layer
100
AcDbCircle
 10
45.27000254000518
 20
-17
 30
0.0
 40
0.9000000000000001
0
HATCH
5
733
100
AcDbEntity
8
Multi-Layer
100
AcDbHatch
10
0
20
0
30
0
210
0
220
0
230
1
2
SOLID
70
1
71
0
91
1
92
7
72
1
73
1
93
2
10
44.37000254000518
20
-17
42
1
10
46.17000254000518
20
-17
42
1
97
1
330

75
0
76
1
47
0.8681437583925616
98
1
10
3.629517071192367
20
33.92795499968543
450
0
451
0
460
0
461
0
452
1
462
1
453
2
463
0
63
5
421
255
463
1
63
7
421
16777215
470
LINEAR
1001
ACAD
1010
0
1020
0
1030
0
  0
CIRCLE
  5
734
330
1F
100
AcDbEntity
  8
TopSolderMaskLayer
100
AcDbCircle
 10
49.72999745999505
 20
-27
 30
0.0
 40
0.5655353117157847
  0
CIRCLE
  5
735
330
1F
100
AcDbEntity
  8
TopSolderMaskLayer
100
AcDbCircle
 10
49.72999745999505
 20
-27
 30
0.0
 40
0.9254000508001016
0
HATCH
5
736
100
AcDbEntity
8
TopSolderMaskLayer
100
AcDbHatch
10
0
20
0
30
0
210
0
220
0
230
1
2
SOLID
70
1
71
0
91
1
92
7
72
1
73
1
93
2
10
48.80459740919495
20
-27
42
1
10
50.65539751079515
20
-27
42
1
97
1
330

75
0
76
1
47
0.8681437583925616
98
1
10
3.629517071192367
20
33.92795499968543
450
0
451
0
460
0
461
0
452
1
462
1
453
2
463
0
63
5
421
255
463
1
63
7
421
16777215
470
LINEAR
1001
ACAD
1010
0
1020
0
1030
0
  0
CIRCLE
  5
737
330
1F
100
AcDbEntity
  8
BottomSolderMaskLayer
100
AcDbCircle
 10
49.72999745999505
 20
-27
 30
0.0
 40
0.5655353117157847
  0
CIRCLE
  5
738
330
1F
100
AcDbEntity
  8
BottomSolderMaskLayer
100
AcDbCircle
 10
49.72999745999505
 20
-27
 30
0.0
 40
0.9254000508001016
0
HATCH
5
739
100
AcDbEntity
8
BottomSolderMaskLayer
100
AcDbHatch
10
0
20
0
30
0
210
0
220
0
230
1
2
SOLID
70
1
71
0
91
1
92
7
72
1
73
1
93
2
10
48.80459740919495
20
-27
42
1
10
50.65539751079515
20
-27
42
1
97
1
330

75
0
76
1
47
0.8681437583925616
98
1
10
3.629517071192367
20
33.92795499968543
450
0
451
0
460
0
461
0
452
1
462
1
453
2
463
0
63
5
421
255
463
1
63
7
421
16777215
470
LINEAR
1001
ACAD
1010
0
1020
0
1030
0
  0
CIRCLE
  5
73a
330
1F
100
AcDbEntity
  8
Multi-Layer
100
AcDbCircle
 10
49.72999745999505
 20
-27
 30
0.0
 40
0.5500127000254001
  0
CIRCLE
  5
73b
330
1F
100
AcDbEntity
  8
Multi-Layer
100
AcDbCircle
 10
49.72999745999505
 20
-27
 30
0.0
 40
0.9000000000000001
0
HATCH
5
73c
100
AcDbEntity
8
Multi-Layer
100
AcDbHatch
10
0
20
0
30
0
210
0
220
0
230
1
2
SOLID
70
1
71
0
91
1
92
7
72
1
73
1
93
2
10
48.82999745999505
20
-27
42
1
10
50.629997459995046
20
-27
42
1
97
1
330

75
0
76
1
47
0.8681437583925616
98
1
10
3.629517071192367
20
33.92795499968543
450
0
451
0
460
0
461
0
452
1
462
1
453
2
463
0
63
5
421
255
463
1
63
7
421
16777215
470
LINEAR
1001
ACAD
1010
0
1020
0
1030
0
  0
CIRCLE
  5
73d
330
1F
100
AcDbEntity
  8
TopSolderMaskLayer
100
AcDbCircle
 10
52.27000254000518
 20
-27
 30
0.0
 40
0.5655353117157847
  0
CIRCLE
  5
73e
330
1F
100
AcDbEntity
  8
TopSolderMaskLayer
100
AcDbCircle
 10
52.27000254000518
 20
-27
 30
0.0
 40
0.9254000508001016
0
HATCH
5
73f
100
AcDbEntity
8
TopSolderMaskLayer
100
AcDbHatch
10
0
20
0
30
0
210
0
220
0
230
1
2
SOLID
70
1
71
0
91
1
92
7
72
1
73
1
93
2
10
51.34460248920508
20
-27
42
1
10
53.19540259080528
20
-27
42
1
97
1
330

75
0
76
1
47
0.8681437583925616
98
1
10
3.629517071192367
20
33.92795499968543
450
0
451
0
460
0
461
0
452
1
462
1
453
2
463
0
63
5
421
255
463
1
63
7
421
16777215
470
LINEAR
1001
ACAD
1010
0
1020
0
1030
0
  0
CIRCLE
  5
740
330
1F
100
AcDbEntity
  8
BottomSolderMaskLayer
100
AcDbCircle
 10
52.27000254000518
 20
-27
 30
0.0
 40
0.5655353117157847
  0
CIRCLE
  5
741
330
1F
100
AcDbEntity
  8
BottomSolderMaskLayer
100
AcDbCircle
 10
52.27000254000518
 20
-27
 30
0.0
 40
0.9254000508001016
0
HATCH
5
742
100
AcDbEntity
8
BottomSolderMaskLayer
100
AcDbHatch
10
0
20
0
30
0
210
0
220
0
230
1
2
SOLID
70
1
71
0
91
1
92
7
72
1
73
1
93
2
10
51.34460248920508
20
-27
42
1
10
53.19540259080528
20
-27
42
1
97
1
330

75
0
76
1
47
0.8681437583925616
98
1
10
3.629517071192367
20
33.92795499968543
450
0
451
0
460
0
461
0
452
1
462
1
453
2
463
0
63
5
421
255
463
1
63
7
421
16777215
470
LINEAR
1001
ACAD
1010
0
1020
0
1030
0
  0
CIRCLE
  5
743
330
1F
100
AcDbEntity
  8
Multi-Layer
100
AcDbCircle
 10
52.27000254000518
 20
-27
 30
0.0
 40
0.5500127000254001
  0
CIRCLE
  5
744
330
1F
100
AcDbEntity
  8
Multi-Layer
100
AcDbCircle
 10
52.27000254000518
 20
-27
 30
0.0
 40
0.9000000000000001
0
HATCH
5
745
100
AcDbEntity
8
Multi-Layer
100
AcDbHatch
10
0
20
0
30
0
210
0
220
0
230
1
2
SOLID
70
1
71
0
91
1
92
7
72
1
73
1
93
2
10
51.37000254000518
20
-27
42
1
10
53.17000254000518
20
-27
42
1
97
1
330

75
0
76
1
47
0.8681437583925616
98
1
10
3.629517071192367
20
33.92795499968543
450
0
451
0
460
0
461
0
452
1
462
1
453
2
463
0
63
5
421
255
463
1
63
7
421
16777215
470
LINEAR
1001
ACAD
1010
0
1020
0
1030
0
  0
CIRCLE
  5
746
330
1F
100
AcDbEntity
  8
TopSolderMaskLayer
100
AcDbCircle
 10
4
 20
-15
 30
0.0
 40
0.615240030480061
  0
CIRCLE
  5
747
330
1F
100
AcDbEntity
  8
TopSolderMaskLayer
100
AcDbCircle
 10
4
 20
-15
 30
0.0
 40
1.0254000508001015
0
HATCH
5
748
100
AcDbEntity
8
TopSolderMaskLayer
100
AcDbHatch
10
0
20
0
30
0
210
0
220
0
230
1
2
SOLID
70
1
71
0
91
1
92
7
72
1
73
1
93
2
10
2.9745999491998987
20
-15
42
1
10
5.025400050800101
20
-15
42
1
97
1
330

75
0
76
1
47
0.8681437583925616
98
1
10
3.629517071192367
20
33.92795499968543
450
0
451
0
460
0
461
0
452
1
462
1
453
2
463
0
63
5
421
255
463
1
63
7
421
16777215
470
LINEAR
1001
ACAD
1010
0
1020
0
1030
0
  0
CIRCLE
  5
749
330
1F
100
AcDbEntity
  8
BottomSolderMaskLayer
100
AcDbCircle
 10
4
 20
-15
 30
0.0
 40
0.615240030480061
  0
CIRCLE
  5
74a
330
1F
100
AcDbEntity
  8
BottomSolderMaskLayer
100
AcDbCircle
 10
4
 20
-15
 30
0.0
 40
1.0254000508001015
0
HATCH
5
74b
100
AcDbEntity
8
BottomSolderMaskLayer
100
AcDbHatch
10
0
20
0
30
0
210
0
220
0
230
1
2
SOLID
70
1
71
0
91
1
92
7
72
1
73
1
93
2
10
2.9745999491998987
20
-15
42
1
10
5.025400050800101
20
-15
42
1
97
1
330

75
0
76
1
47
0.8681437583925616
98
1
10
3.629517071192367
20
33.92795499968543
450
0
451
0
460
0
461
0
452
1
462
1
453
2
463
0
63
5
421
255
463
1
63
7
421
16777215
470
LINEAR
1001
ACAD
1010
0
1020
0
1030
0
  0
CIRCLE
  5
74c
330
1F
100
AcDbEntity
  8
Multi-Layer
100
AcDbCircle
 10
4
 20
-15
 30
0.0
 40
0.6000000000000001
  0
CIRCLE
  5
74d
330
1F
100
AcDbEntity
  8
Multi-Layer
100
AcDbCircle
 10
4
 20
-15
 30
0.0
 40
1
0
HATCH
5
74e
100
AcDbEntity
8
Multi-Layer
100
AcDbHatch
10
0
20
0
30
0
210
0
220
0
230
1
2
SOLID
70
1
71
0
91
1
92
7
72
1
73
1
93
2
10
3
20
-15
42
1
10
5
20
-15
42
1
97
1
330

75
0
76
1
47
0.8681437583925616
98
1
10
3.629517071192367
20
33.92795499968543
450
0
451
0
460
0
461
0
452
1
462
1
453
2
463
0
63
5
421
255
463
1
63
7
421
16777215
470
LINEAR
1001
ACAD
1010
0
1020
0
1030
0
  0
CIRCLE
  5
74f
330
1F
100
AcDbEntity
  8
TopSolderMaskLayer
100
AcDbCircle
 10
4
 20
-9
 30
0.0
 40
0.615240030480061
  0
CIRCLE
  5
750
330
1F
100
AcDbEntity
  8
TopSolderMaskLayer
100
AcDbCircle
 10
4
 20
-9
 30
0.0
 40
1.0254000508001015
0
HATCH
5
751
100
AcDbEntity
8
TopSolderMaskLayer
100
AcDbHatch
10
0
20
0
30
0
210
0
220
0
230
1
2
SOLID
70
1
71
0
91
1
92
7
72
1
73
1
93
2
10
2.9745999491998987
20
-9
42
1
10
5.025400050800101
20
-9
42
1
97
1
330

75
0
76
1
47
0.8681437583925616
98
1
10
3.629517071192367
20
33.92795499968543
450
0
451
0
460
0
461
0
452
1
462
1
453
2
463
0
63
5
421
255
463
1
63
7
421
16777215
470
LINEAR
1001
ACAD
1010
0
1020
0
1030
0
  0
CIRCLE
  5
752
330
1F
100
AcDbEntity
  8
BottomSolderMaskLayer
100
AcDbCircle
 10
4
 20
-9
 30
0.0
 40
0.615240030480061
  0
CIRCLE
  5
753
330
1F
100
AcDbEntity
  8
BottomSolderMaskLayer
100
AcDbCircle
 10
4
 20
-9
 30
0.0
 40
1.0254000508001015
0
HATCH
5
754
100
AcDbEntity
8
BottomSolderMaskLayer
100
AcDbHatch
10
0
20
0
30
0
210
0
220
0
230
1
2
SOLID
70
1
71
0
91
1
92
7
72
1
73
1
93
2
10
2.9745999491998987
20
-9
42
1
10
5.025400050800101
20
-9
42
1
97
1
330

75
0
76
1
47
0.8681437583925616
98
1
10
3.629517071192367
20
33.92795499968543
450
0
451
0
460
0
461
0
452
1
462
1
453
2
463
0
63
5
421
255
463
1
63
7
421
16777215
470
LINEAR
1001
ACAD
1010
0
1020
0
1030
0
  0
CIRCLE
  5
755
330
1F
100
AcDbEntity
  8
Multi-Layer
100
AcDbCircle
 10
4
 20
-9
 30
0.0
 40
0.6000000000000001
  0
CIRCLE
  5
756
330
1F
100
AcDbEntity
  8
Multi-Layer
100
AcDbCircle
 10
4
 20
-9
 30
0.0
 40
1
0
HATCH
5
757
100
AcDbEntity
8
Multi-Layer
100
AcDbHatch
10
0
20
0
30
0
210
0
220
0
230
1
2
SOLID
70
1
71
0
91
1
92
7
72
1
73
1
93
2
10
3
20
-9
42
1
10
5
20
-9
42
1
97
1
330

75
0
76
1
47
0.8681437583925616
98
1
10
3.629517071192367
20
33.92795499968543
450
0
451
0
460
0
461
0
452
1
462
1
453
2
463
0
63
5
421
255
463
1
63
7
421
16777215
470
LINEAR
1001
ACAD
1010
0
1020
0
1030
0
  0
CIRCLE
  5
758
330
1F
100
AcDbEntity
  8
TopSolderMaskLayer
100
AcDbCircle
 10
52
 20
-45
 30
0.0
 40
0.615240030480061
  0
CIRCLE
  5
759
330
1F
100
AcDbEntity
  8
TopSolderMaskLayer
100
AcDbCircle
 10
52
 20
-45
 30
0.0
 40
1.0254000508001015
0
HATCH
5
75a
100
AcDbEntity
8
TopSolderMaskLayer
100
AcDbHatch
10
0
20
0
30
0
210
0
220
0
230
1
2
SOLID
70
1
71
0
91
1
92
7
72
1
73
1
93
2
10
50.9745999491999
20
-45
42
1
10
53.0254000508001
20
-45
42
1
97
1
330

75
0
76
1
47
0.8681437583925616
98
1
10
3.629517071192367
20
33.92795499968543
450
0
451
0
460
0
461
0
452
1
462
1
453
2
463
0
63
5
421
255
463
1
63
7
421
16777215
470
LINEAR
1001
ACAD
1010
0
1020
0
1030
0
  0
CIRCLE
  5
75b
330
1F
100
AcDbEntity
  8
BottomSolderMaskLayer
100
AcDbCircle
 10
52
 20
-45
 30
0.0
 40
0.615240030480061
  0
CIRCLE
  5
75c
330
1F
100
AcDbEntity
  8
BottomSolderMaskLayer
100
AcDbCircle
 10
52
 20
-45
 30
0.0
 40
1.0254000508001015
0
HATCH
5
75d
100
AcDbEntity
8
BottomSolderMaskLayer
100
AcDbHatch
10
0
20
0
30
0
210
0
220
0
230
1
2
SOLID
70
1
71
0
91
1
92
7
72
1
73
1
93
2
10
50.9745999491999
20
-45
42
1
10
53.0254000508001
20
-45
42
1
97
1
330

75
0
76
1
47
0.8681437583925616
98
1
10
3.629517071192367
20
33.92795499968543
450
0
451
0
460
0
461
0
452
1
462
1
453
2
463
0
63
5
421
255
463
1
63
7
421
16777215
470
LINEAR
1001
ACAD
1010
0
1020
0
1030
0
  0
CIRCLE
  5
75e
330
1F
100
AcDbEntity
  8
Multi-Layer
100
AcDbCircle
 10
52
 20
-45
 30
0.0
 40
0.6000000000000001
  0
CIRCLE
  5
75f
330
1F
100
AcDbEntity
  8
Multi-Layer
100
AcDbCircle
 10
52
 20
-45
 30
0.0
 40
1
0
HATCH
5
760
100
AcDbEntity
8
Multi-Layer
100
AcDbHatch
10
0
20
0
30
0
210
0
220
0
230
1
2
SOLID
70
1
71
0
91
1
92
7
72
1
73
1
93
2
10
51
20
-45
42
1
10
53
20
-45
42
1
97
1
330

75
0
76
1
47
0.8681437583925616
98
1
10
3.629517071192367
20
33.92795499968543
450
0
451
0
460
0
461
0
452
1
462
1
453
2
463
0
63
5
421
255
463
1
63
7
421
16777215
470
LINEAR
1001
ACAD
1010
0
1020
0
1030
0
  0
CIRCLE
  5
761
330
1F
100
AcDbEntity
  8
TopSolderMaskLayer
100
AcDbCircle
 10
52
 20
-39
 30
0.0
 40
0.615240030480061
  0
CIRCLE
  5
762
330
1F
100
AcDbEntity
  8
TopSolderMaskLayer
100
AcDbCircle
 10
52
 20
-39
 30
0.0
 40
1.0254000508001015
0
HATCH
5
763
100
AcDbEntity
8
TopSolderMaskLayer
100
AcDbHatch
10
0
20
0
30
0
210
0
220
0
230
1
2
SOLID
70
1
71
0
91
1
92
7
72
1
73
1
93
2
10
50.9745999491999
20
-39
42
1
10
53.0254000508001
20
-39
42
1
97
1
330

75
0
76
1
47
0.8681437583925616
98
1
10
3.629517071192367
20
33.92795499968543
450
0
451
0
460
0
461
0
452
1
462
1
453
2
463
0
63
5
421
255
463
1
63
7
421
16777215
470
LINEAR
1001
ACAD
1010
0
1020
0
1030
0
  0
CIRCLE
  5
764
330
1F
100
AcDbEntity
  8
BottomSolderMaskLayer
100
AcDbCircle
 10
52
 20
-39
 30
0.0
 40
0.615240030480061
  0
CIRCLE
  5
765
330
1F
100
AcDbEntity
  8
BottomSolderMaskLayer
100
AcDbCircle
 10
52
 20
-39
 30
0.0
 40
1.0254000508001015
0
HATCH
5
766
100
AcDbEntity
8
BottomSolderMaskLayer
100
AcDbHatch
10
0
20
0
30
0
210
0
220
0
230
1
2
SOLID
70
1
71
0
91
1
92
7
72
1
73
1
93
2
10
50.9745999491999
20
-39
42
1
10
53.0254000508001
20
-39
42
1
97
1
330

75
0
76
1
47
0.8681437583925616
98
1
10
3.629517071192367
20
33.92795499968543
450
0
451
0
460
0
461
0
452
1
462
1
453
2
463
0
63
5
421
255
463
1
63
7
421
16777215
470
LINEAR
1001
ACAD
1010
0
1020
0
1030
0
  0
CIRCLE
  5
767
330
1F
100
AcDbEntity
  8
Multi-Layer
100
AcDbCircle
 10
52
 20
-39
 30
0.0
 40
0.6000000000000001
  0
CIRCLE
  5
768
330
1F
100
AcDbEntity
  8
Multi-Layer
100
AcDbCircle
 10
52
 20
-39
 30
0.0
 40
1
0
HATCH
5
769
100
AcDbEntity
8
Multi-Layer
100
AcDbHatch
10
0
20
0
30
0
210
0
220
0
230
1
2
SOLID
70
1
71
0
91
1
92
7
72
1
73
1
93
2
10
51
20
-39
42
1
10
53
20
-39
42
1
97
1
330

75
0
76
1
47
0.8681437583925616
98
1
10
3.629517071192367
20
33.92795499968543
450
0
451
0
460
0
461
0
452
1
462
1
453
2
463
0
63
5
421
255
463
1
63
7
421
16777215
470
LINEAR
1001
ACAD
1010
0
1020
0
1030
0
  0
CIRCLE
  5
76a
330
1F
100
AcDbEntity
  8
TopSolderMaskLayer
100
AcDbCircle
 10
4
 20
-44
 30
0.0
 40
0.615240030480061
  0
CIRCLE
  5
76b
330
1F
100
AcDbEntity
  8
TopSolderMaskLayer
100
AcDbCircle
 10
4
 20
-44
 30
0.0
 40
1.0254000508001015
0
HATCH
5
76c
100
AcDbEntity
8
TopSolderMaskLayer
100
AcDbHatch
10
0
20
0
30
0
210
0
220
0
230
1
2
SOLID
70
1
71
0
91
1
92
7
72
1
73
1
93
2
10
2.9745999491998987
20
-44
42
1
10
5.025400050800101
20
-44
42
1
97
1
330

75
0
76
1
47
0.8681437583925616
98
1
10
3.629517071192367
20
33.92795499968543
450
0
451
0
460
0
461
0
452
1
462
1
453
2
463
0
63
5
421
255
463
1
63
7
421
16777215
470
LINEAR
1001
ACAD
1010
0
1020
0
1030
0
  0
CIRCLE
  5
76d
330
1F
100
AcDbEntity
  8
BottomSolderMaskLayer
100
AcDbCircle
 10
4
 20
-44
 30
0.0
 40
0.615240030480061
  0
CIRCLE
  5
76e
330
1F
100
AcDbEntity
  8
BottomSolderMaskLayer
100
AcDbCircle
 10
4
 20
-44
 30
0.0
 40
1.0254000508001015
0
HATCH
5
76f
100
AcDbEntity
8
BottomSolderMaskLayer
100
AcDbHatch
10
0
20
0
30
0
210
0
220
0
230
1
2
SOLID
70
1
71
0
91
1
92
7
72
1
73
1
93
2
10
2.9745999491998987
20
-44
42
1
10
5.025400050800101
20
-44
42
1
97
1
330

75
0
76
1
47
0.8681437583925616
98
1
10
3.629517071192367
20
33.92795499968543
450
0
451
0
460
0
461
0
452
1
462
1
453
2
463
0
63
5
421
255
463
1
63
7
421
16777215
470
LINEAR
1001
ACAD
1010
0
1020
0
1030
0
  0
CIRCLE
  5
770
330
1F
100
AcDbEntity
  8
Multi-Layer
100
AcDbCircle
 10
4
 20
-44
 30
0.0
 40
0.6000000000000001
  0
CIRCLE
  5
771
330
1F
100
AcDbEntity
  8
Multi-Layer
100
AcDbCircle
 10
4
 20
-44
 30
0.0
 40
1
0
HATCH
5
772
100
AcDbEntity
8
Multi-Layer
100
AcDbHatch
10
0
20
0
30
0
210
0
220
0
230
1
2
SOLID
70
1
71
0
91
1
92
7
72
1
73
1
93
2
10
3
20
-44
42
1
10
5
20
-44
42
1
97
1
330

75
0
76
1
47
0.8681437583925616
98
1
10
3.629517071192367
20
33.92795499968543
450
0
451
0
460
0
461
0
452
1
462
1
453
2
463
0
63
5
421
255
463
1
63
7
421
16777215
470
LINEAR
1001
ACAD
1010
0
1020
0
1030
0
  0
CIRCLE
  5
773
330
1F
100
AcDbEntity
  8
TopSolderMaskLayer
100
AcDbCircle
 10
4
 20
-38.000000000000114
 30
0.0
 40
0.615240030480061
  0
CIRCLE
  5
774
330
1F
100
AcDbEntity
  8
TopSolderMaskLayer
100
AcDbCircle
 10
4
 20
-38.000000000000114
 30
0.0
 40
1.0254000508001015
0
HATCH
5
775
100
AcDbEntity
8
TopSolderMaskLayer
100
AcDbHatch
10
0
20
0
30
0
210
0
220
0
230
1
2
SOLID
70
1
71
0
91
1
92
7
72
1
73
1
93
2
10
2.9745999491998987
20
-38.000000000000114
42
1
10
5.025400050800101
20
-38.000000000000114
42
1
97
1
330

75
0
76
1
47
0.8681437583925616
98
1
10
3.629517071192367
20
33.92795499968543
450
0
451
0
460
0
461
0
452
1
462
1
453
2
463
0
63
5
421
255
463
1
63
7
421
16777215
470
LINEAR
1001
ACAD
1010
0
1020
0
1030
0
  0
CIRCLE
  5
776
330
1F
100
AcDbEntity
  8
BottomSolderMaskLayer
100
AcDbCircle
 10
4
 20
-38.000000000000114
 30
0.0
 40
0.615240030480061
  0
CIRCLE
  5
777
330
1F
100
AcDbEntity
  8
BottomSolderMaskLayer
100
AcDbCircle
 10
4
 20
-38.000000000000114
 30
0.0
 40
1.0254000508001015
0
HATCH
5
778
100
AcDbEntity
8
BottomSolderMaskLayer
100
AcDbHatch
10
0
20
0
30
0
210
0
220
0
230
1
2
SOLID
70
1
71
0
91
1
92
7
72
1
73
1
93
2
10
2.9745999491998987
20
-38.000000000000114
42
1
10
5.025400050800101
20
-38.000000000000114
42
1
97
1
330

75
0
76
1
47
0.8681437583925616
98
1
10
3.629517071192367
20
33.92795499968543
450
0
451
0
460
0
461
0
452
1
462
1
453
2
463
0
63
5
421
255
463
1
63
7
421
16777215
470
LINEAR
1001
ACAD
1010
0
1020
0
1030
0
  0
CIRCLE
  5
779
330
1F
100
AcDbEntity
  8
Multi-Layer
100
AcDbCircle
 10
4
 20
-38.000000000000114
 30
0.0
 40
0.6000000000000001
  0
CIRCLE
  5
77a
330
1F
100
AcDbEntity
  8
Multi-Layer
100
AcDbCircle
 10
4
 20
-38.000000000000114
 30
0.0
 40
1
0
HATCH
5
77b
100
AcDbEntity
8
Multi-Layer
100
AcDbHatch
10
0
20
0
30
0
210
0
220
0
230
1
2
SOLID
70
1
71
0
91
1
92
7
72
1
73
1
93
2
10
3
20
-38.000000000000114
42
1
10
5
20
-38.000000000000114
42
1
97
1
330

75
0
76
1
47
0.8681437583925616
98
1
10
3.629517071192367
20
33.92795499968543
450
0
451
0
460
0
461
0
452
1
462
1
453
2
463
0
63
5
421
255
463
1
63
7
421
16777215
470
LINEAR
1001
ACAD
1010
0
1020
0
1030
0
  0
CIRCLE
  5
77c
330
1F
100
AcDbEntity
  8
TopSolderMaskLayer
100
AcDbCircle
 10
9
 20
-44
 30
0.0
 40
0.615240030480061
  0
CIRCLE
  5
77d
330
1F
100
AcDbEntity
  8
TopSolderMaskLayer
100
AcDbCircle
 10
9
 20
-44
 30
0.0
 40
1.0254000508001015
0
HATCH
5
77e
100
AcDbEntity
8
TopSolderMaskLayer
100
AcDbHatch
10
0
20
0
30
0
210
0
220
0
230
1
2
SOLID
70
1
71
0
91
1
92
7
72
1
73
1
93
2
10
7.974599949199899
20
-44
42
1
10
10.025400050800101
20
-44
42
1
97
1
330

75
0
76
1
47
0.8681437583925616
98
1
10
3.629517071192367
20
33.92795499968543
450
0
451
0
460
0
461
0
452
1
462
1
453
2
463
0
63
5
421
255
463
1
63
7
421
16777215
470
LINEAR
1001
ACAD
1010
0
1020
0
1030
0
  0
CIRCLE
  5
77f
330
1F
100
AcDbEntity
  8
BottomSolderMaskLayer
100
AcDbCircle
 10
9
 20
-44
 30
0.0
 40
0.615240030480061
  0
CIRCLE
  5
780
330
1F
100
AcDbEntity
  8
BottomSolderMaskLayer
100
AcDbCircle
 10
9
 20
-44
 30
0.0
 40
1.0254000508001015
0
HATCH
5
781
100
AcDbEntity
8
BottomSolderMaskLayer
100
AcDbHatch
10
0
20
0
30
0
210
0
220
0
230
1
2
SOLID
70
1
71
0
91
1
92
7
72
1
73
1
93
2
10
7.974599949199899
20
-44
42
1
10
10.025400050800101
20
-44
42
1
97
1
330

75
0
76
1
47
0.8681437583925616
98
1
10
3.629517071192367
20
33.92795499968543
450
0
451
0
460
0
461
0
452
1
462
1
453
2
463
0
63
5
421
255
463
1
63
7
421
16777215
470
LINEAR
1001
ACAD
1010
0
1020
0
1030
0
  0
CIRCLE
  5
782
330
1F
100
AcDbEntity
  8
Multi-Layer
100
AcDbCircle
 10
9
 20
-44
 30
0.0
 40
0.6000000000000001
  0
CIRCLE
  5
783
330
1F
100
AcDbEntity
  8
Multi-Layer
100
AcDbCircle
 10
9
 20
-44
 30
0.0
 40
1
0
HATCH
5
784
100
AcDbEntity
8
Multi-Layer
100
AcDbHatch
10
0
20
0
30
0
210
0
220
0
230
1
2
SOLID
70
1
71
0
91
1
92
7
72
1
73
1
93
2
10
8
20
-44
42
1
10
10
20
-44
42
1
97
1
330

75
0
76
1
47
0.8681437583925616
98
1
10
3.629517071192367
20
33.92795499968543
450
0
451
0
460
0
461
0
452
1
462
1
453
2
463
0
63
5
421
255
463
1
63
7
421
16777215
470
LINEAR
1001
ACAD
1010
0
1020
0
1030
0
  0
CIRCLE
  5
785
330
1F
100
AcDbEntity
  8
TopSolderMaskLayer
100
AcDbCircle
 10
9
 20
-38.000000000000114
 30
0.0
 40
0.615240030480061
  0
CIRCLE
  5
786
330
1F
100
AcDbEntity
  8
TopSolderMaskLayer
100
AcDbCircle
 10
9
 20
-38.000000000000114
 30
0.0
 40
1.0254000508001015
0
HATCH
5
787
100
AcDbEntity
8
TopSolderMaskLayer
100
AcDbHatch
10
0
20
0
30
0
210
0
220
0
230
1
2
SOLID
70
1
71
0
91
1
92
7
72
1
73
1
93
2
10
7.974599949199899
20
-38.000000000000114
42
1
10
10.025400050800101
20
-38.000000000000114
42
1
97
1
330

75
0
76
1
47
0.8681437583925616
98
1
10
3.629517071192367
20
33.92795499968543
450
0
451
0
460
0
461
0
452
1
462
1
453
2
463
0
63
5
421
255
463
1
63
7
421
16777215
470
LINEAR
1001
ACAD
1010
0
1020
0
1030
0
  0
CIRCLE
  5
788
330
1F
100
AcDbEntity
  8
BottomSolderMaskLayer
100
AcDbCircle
 10
9
 20
-38.000000000000114
 30
0.0
 40
0.615240030480061
  0
CIRCLE
  5
789
330
1F
100
AcDbEntity
  8
BottomSolderMaskLayer
100
AcDbCircle
 10
9
 20
-38.000000000000114
 30
0.0
 40
1.0254000508001015
0
HATCH
5
78a
100
AcDbEntity
8
BottomSolderMaskLayer
100
AcDbHatch
10
0
20
0
30
0
210
0
220
0
230
1
2
SOLID
70
1
71
0
91
1
92
7
72
1
73
1
93
2
10
7.974599949199899
20
-38.000000000000114
42
1
10
10.025400050800101
20
-38.000000000000114
42
1
97
1
330

75
0
76
1
47
0.8681437583925616
98
1
10
3.629517071192367
20
33.92795499968543
450
0
451
0
460
0
461
0
452
1
462
1
453
2
463
0
63
5
421
255
463
1
63
7
421
16777215
470
LINEAR
1001
ACAD
1010
0
1020
0
1030
0
  0
CIRCLE
  5
78b
330
1F
100
AcDbEntity
  8
Multi-Layer
100
AcDbCircle
 10
9
 20
-38.000000000000114
 30
0.0
 40
0.6000000000000001
  0
CIRCLE
  5
78c
330
1F
100
AcDbEntity
  8
Multi-Layer
100
AcDbCircle
 10
9
 20
-38.000000000000114
 30
0.0
 40
1
0
HATCH
5
78d
100
AcDbEntity
8
Multi-Layer
100
AcDbHatch
10
0
20
0
30
0
210
0
220
0
230
1
2
SOLID
70
1
71
0
91
1
92
7
72
1
73
1
93
2
10
8
20
-38.000000000000114
42
1
10
10
20
-38.000000000000114
42
1
97
1
330

75
0
76
1
47
0.8681437583925616
98
1
10
3.629517071192367
20
33.92795499968543
450
0
451
0
460
0
461
0
452
1
462
1
453
2
463
0
63
5
421
255
463
1
63
7
421
16777215
470
LINEAR
1001
ACAD
1010
0
1020
0
1030
0
  0
CIRCLE
  5
78e
330
1F
100
AcDbEntity
  8
TopSolderMaskLayer
100
AcDbCircle
 10
13
 20
-44
 30
0.0
 40
0.615240030480061
  0
CIRCLE
  5
78f
330
1F
100
AcDbEntity
  8
TopSolderMaskLayer
100
AcDbCircle
 10
13
 20
-44
 30
0.0
 40
1.0254000508001015
0
HATCH
5
790
100
AcDbEntity
8
TopSolderMaskLayer
100
AcDbHatch
10
0
20
0
30
0
210
0
220
0
230
1
2
SOLID
70
1
71
0
91
1
92
7
72
1
73
1
93
2
10
11.974599949199899
20
-44
42
1
10
14.025400050800101
20
-44
42
1
97
1
330

75
0
76
1
47
0.8681437583925616
98
1
10
3.629517071192367
20
33.92795499968543
450
0
451
0
460
0
461
0
452
1
462
1
453
2
463
0
63
5
421
255
463
1
63
7
421
16777215
470
LINEAR
1001
ACAD
1010
0
1020
0
1030
0
  0
CIRCLE
  5
791
330
1F
100
AcDbEntity
  8
BottomSolderMaskLayer
100
AcDbCircle
 10
13
 20
-44
 30
0.0
 40
0.615240030480061
  0
CIRCLE
  5
792
330
1F
100
AcDbEntity
  8
BottomSolderMaskLayer
100
AcDbCircle
 10
13
 20
-44
 30
0.0
 40
1.0254000508001015
0
HATCH
5
793
100
AcDbEntity
8
BottomSolderMaskLayer
100
AcDbHatch
10
0
20
0
30
0
210
0
220
0
230
1
2
SOLID
70
1
71
0
91
1
92
7
72
1
73
1
93
2
10
11.974599949199899
20
-44
42
1
10
14.025400050800101
20
-44
42
1
97
1
330

75
0
76
1
47
0.8681437583925616
98
1
10
3.629517071192367
20
33.92795499968543
450
0
451
0
460
0
461
0
452
1
462
1
453
2
463
0
63
5
421
255
463
1
63
7
421
16777215
470
LINEAR
1001
ACAD
1010
0
1020
0
1030
0
  0
CIRCLE
  5
794
330
1F
100
AcDbEntity
  8
Multi-Layer
100
AcDbCircle
 10
13
 20
-44
 30
0.0
 40
0.6000000000000001
  0
CIRCLE
  5
795
330
1F
100
AcDbEntity
  8
Multi-Layer
100
AcDbCircle
 10
13
 20
-44
 30
0.0
 40
1
0
HATCH
5
796
100
AcDbEntity
8
Multi-Layer
100
AcDbHatch
10
0
20
0
30
0
210
0
220
0
230
1
2
SOLID
70
1
71
0
91
1
92
7
72
1
73
1
93
2
10
12
20
-44
42
1
10
14
20
-44
42
1
97
1
330

75
0
76
1
47
0.8681437583925616
98
1
10
3.629517071192367
20
33.92795499968543
450
0
451
0
460
0
461
0
452
1
462
1
453
2
463
0
63
5
421
255
463
1
63
7
421
16777215
470
LINEAR
1001
ACAD
1010
0
1020
0
1030
0
  0
CIRCLE
  5
797
330
1F
100
AcDbEntity
  8
TopSolderMaskLayer
100
AcDbCircle
 10
13
 20
-38.000000000000114
 30
0.0
 40
0.615240030480061
  0
CIRCLE
  5
798
330
1F
100
AcDbEntity
  8
TopSolderMaskLayer
100
AcDbCircle
 10
13
 20
-38.000000000000114
 30
0.0
 40
1.0254000508001015
0
HATCH
5
799
100
AcDbEntity
8
TopSolderMaskLayer
100
AcDbHatch
10
0
20
0
30
0
210
0
220
0
230
1
2
SOLID
70
1
71
0
91
1
92
7
72
1
73
1
93
2
10
11.974599949199899
20
-38.000000000000114
42
1
10
14.025400050800101
20
-38.000000000000114
42
1
97
1
330

75
0
76
1
47
0.8681437583925616
98
1
10
3.629517071192367
20
33.92795499968543
450
0
451
0
460
0
461
0
452
1
462
1
453
2
463
0
63
5
421
255
463
1
63
7
421
16777215
470
LINEAR
1001
ACAD
1010
0
1020
0
1030
0
  0
CIRCLE
  5
79a
330
1F
100
AcDbEntity
  8
BottomSolderMaskLayer
100
AcDbCircle
 10
13
 20
-38.000000000000114
 30
0.0
 40
0.615240030480061
  0
CIRCLE
  5
79b
330
1F
100
AcDbEntity
  8
BottomSolderMaskLayer
100
AcDbCircle
 10
13
 20
-38.000000000000114
 30
0.0
 40
1.0254000508001015
0
HATCH
5
79c
100
AcDbEntity
8
BottomSolderMaskLayer
100
AcDbHatch
10
0
20
0
30
0
210
0
220
0
230
1
2
SOLID
70
1
71
0
91
1
92
7
72
1
73
1
93
2
10
11.974599949199899
20
-38.000000000000114
42
1
10
14.025400050800101
20
-38.000000000000114
42
1
97
1
330

75
0
76
1
47
0.8681437583925616
98
1
10
3.629517071192367
20
33.92795499968543
450
0
451
0
460
0
461
0
452
1
462
1
453
2
463
0
63
5
421
255
463
1
63
7
421
16777215
470
LINEAR
1001
ACAD
1010
0
1020
0
1030
0
  0
CIRCLE
  5
79d
330
1F
100
AcDbEntity
  8
Multi-Layer
100
AcDbCircle
 10
13
 20
-38.000000000000114
 30
0.0
 40
0.6000000000000001
  0
CIRCLE
  5
79e
330
1F
100
AcDbEntity
  8
Multi-Layer
100
AcDbCircle
 10
13
 20
-38.000000000000114
 30
0.0
 40
1
0
HATCH
5
79f
100
AcDbEntity
8
Multi-Layer
100
AcDbHatch
10
0
20
0
30
0
210
0
220
0
230
1
2
SOLID
70
1
71
0
91
1
92
7
72
1
73
1
93
2
10
12
20
-38.000000000000114
42
1
10
14
20
-38.000000000000114
42
1
97
1
330

75
0
76
1
47
0.8681437583925616
98
1
10
3.629517071192367
20
33.92795499968543
450
0
451
0
460
0
461
0
452
1
462
1
453
2
463
0
63
5
421
255
463
1
63
7
421
16777215
470
LINEAR
1001
ACAD
1010
0
1020
0
1030
0
  0
CIRCLE
  5
7a0
330
1F
100
AcDbEntity
  8
TopSolderMaskLayer
100
AcDbCircle
 10
18
 20
-44
 30
0.0
 40
0.615240030480061
  0
CIRCLE
  5
7a1
330
1F
100
AcDbEntity
  8
TopSolderMaskLayer
100
AcDbCircle
 10
18
 20
-44
 30
0.0
 40
1.0254000508001015
0
HATCH
5
7a2
100
AcDbEntity
8
TopSolderMaskLayer
100
AcDbHatch
10
0
20
0
30
0
210
0
220
0
230
1
2
SOLID
70
1
71
0
91
1
92
7
72
1
73
1
93
2
10
16.9745999491999
20
-44
42
1
10
19.0254000508001
20
-44
42
1
97
1
330

75
0
76
1
47
0.8681437583925616
98
1
10
3.629517071192367
20
33.92795499968543
450
0
451
0
460
0
461
0
452
1
462
1
453
2
463
0
63
5
421
255
463
1
63
7
421
16777215
470
LINEAR
1001
ACAD
1010
0
1020
0
1030
0
  0
CIRCLE
  5
7a3
330
1F
100
AcDbEntity
  8
BottomSolderMaskLayer
100
AcDbCircle
 10
18
 20
-44
 30
0.0
 40
0.615240030480061
  0
CIRCLE
  5
7a4
330
1F
100
AcDbEntity
  8
BottomSolderMaskLayer
100
AcDbCircle
 10
18
 20
-44
 30
0.0
 40
1.0254000508001015
0
HATCH
5
7a5
100
AcDbEntity
8
BottomSolderMaskLayer
100
AcDbHatch
10
0
20
0
30
0
210
0
220
0
230
1
2
SOLID
70
1
71
0
91
1
92
7
72
1
73
1
93
2
10
16.9745999491999
20
-44
42
1
10
19.0254000508001
20
-44
42
1
97
1
330

75
0
76
1
47
0.8681437583925616
98
1
10
3.629517071192367
20
33.92795499968543
450
0
451
0
460
0
461
0
452
1
462
1
453
2
463
0
63
5
421
255
463
1
63
7
421
16777215
470
LINEAR
1001
ACAD
1010
0
1020
0
1030
0
  0
CIRCLE
  5
7a6
330
1F
100
AcDbEntity
  8
Multi-Layer
100
AcDbCircle
 10
18
 20
-44
 30
0.0
 40
0.6000000000000001
  0
CIRCLE
  5
7a7
330
1F
100
AcDbEntity
  8
Multi-Layer
100
AcDbCircle
 10
18
 20
-44
 30
0.0
 40
1
0
HATCH
5
7a8
100
AcDbEntity
8
Multi-Layer
100
AcDbHatch
10
0
20
0
30
0
210
0
220
0
230
1
2
SOLID
70
1
71
0
91
1
92
7
72
1
73
1
93
2
10
17
20
-44
42
1
10
19
20
-44
42
1
97
1
330

75
0
76
1
47
0.8681437583925616
98
1
10
3.629517071192367
20
33.92795499968543
450
0
451
0
460
0
461
0
452
1
462
1
453
2
463
0
63
5
421
255
463
1
63
7
421
16777215
470
LINEAR
1001
ACAD
1010
0
1020
0
1030
0
  0
CIRCLE
  5
7a9
330
1F
100
AcDbEntity
  8
TopSolderMaskLayer
100
AcDbCircle
 10
18
 20
-38.000000000000114
 30
0.0
 40
0.615240030480061
  0
CIRCLE
  5
7aa
330
1F
100
AcDbEntity
  8
TopSolderMaskLayer
100
AcDbCircle
 10
18
 20
-38.000000000000114
 30
0.0
 40
1.0254000508001015
0
HATCH
5
7ab
100
AcDbEntity
8
TopSolderMaskLayer
100
AcDbHatch
10
0
20
0
30
0
210
0
220
0
230
1
2
SOLID
70
1
71
0
91
1
92
7
72
1
73
1
93
2
10
16.9745999491999
20
-38.000000000000114
42
1
10
19.0254000508001
20
-38.000000000000114
42
1
97
1
330

75
0
76
1
47
0.8681437583925616
98
1
10
3.629517071192367
20
33.92795499968543
450
0
451
0
460
0
461
0
452
1
462
1
453
2
463
0
63
5
421
255
463
1
63
7
421
16777215
470
LINEAR
1001
ACAD
1010
0
1020
0
1030
0
  0
CIRCLE
  5
7ac
330
1F
100
AcDbEntity
  8
BottomSolderMaskLayer
100
AcDbCircle
 10
18
 20
-38.000000000000114
 30
0.0
 40
0.615240030480061
  0
CIRCLE
  5
7ad
330
1F
100
AcDbEntity
  8
BottomSolderMaskLayer
100
AcDbCircle
 10
18
 20
-38.000000000000114
 30
0.0
 40
1.0254000508001015
0
HATCH
5
7ae
100
AcDbEntity
8
BottomSolderMaskLayer
100
AcDbHatch
10
0
20
0
30
0
210
0
220
0
230
1
2
SOLID
70
1
71
0
91
1
92
7
72
1
73
1
93
2
10
16.9745999491999
20
-38.000000000000114
42
1
10
19.0254000508001
20
-38.000000000000114
42
1
97
1
330

75
0
76
1
47
0.8681437583925616
98
1
10
3.629517071192367
20
33.92795499968543
450
0
451
0
460
0
461
0
452
1
462
1
453
2
463
0
63
5
421
255
463
1
63
7
421
16777215
470
LINEAR
1001
ACAD
1010
0
1020
0
1030
0
  0
CIRCLE
  5
7af
330
1F
100
AcDbEntity
  8
Multi-Layer
100
AcDbCircle
 10
18
 20
-38.000000000000114
 30
0.0
 40
0.6000000000000001
  0
CIRCLE
  5
7b0
330
1F
100
AcDbEntity
  8
Multi-Layer
100
AcDbCircle
 10
18
 20
-38.000000000000114
 30
0.0
 40
1
0
HATCH
5
7b1
100
AcDbEntity
8
Multi-Layer
100
AcDbHatch
10
0
20
0
30
0
210
0
220
0
230
1
2
SOLID
70
1
71
0
91
1
92
7
72
1
73
1
93
2
10
17
20
-38.000000000000114
42
1
10
19
20
-38.000000000000114
42
1
97
1
330

75
0
76
1
47
0.8681437583925616
98
1
10
3.629517071192367
20
33.92795499968543
450
0
451
0
460
0
461
0
452
1
462
1
453
2
463
0
63
5
421
255
463
1
63
7
421
16777215
470
LINEAR
1001
ACAD
1010
0
1020
0
1030
0
  0
CIRCLE
  5
7b2
330
1F
100
AcDbEntity
  8
TopSolderMaskLayer
100
AcDbCircle
 10
22
 20
-44
 30
0.0
 40
0.615240030480061
  0
CIRCLE
  5
7b3
330
1F
100
AcDbEntity
  8
TopSolderMaskLayer
100
AcDbCircle
 10
22
 20
-44
 30
0.0
 40
1.0254000508001015
0
HATCH
5
7b4
100
AcDbEntity
8
TopSolderMaskLayer
100
AcDbHatch
10
0
20
0
30
0
210
0
220
0
230
1
2
SOLID
70
1
71
0
91
1
92
7
72
1
73
1
93
2
10
20.9745999491999
20
-44
42
1
10
23.0254000508001
20
-44
42
1
97
1
330

75
0
76
1
47
0.8681437583925616
98
1
10
3.629517071192367
20
33.92795499968543
450
0
451
0
460
0
461
0
452
1
462
1
453
2
463
0
63
5
421
255
463
1
63
7
421
16777215
470
LINEAR
1001
ACAD
1010
0
1020
0
1030
0
  0
CIRCLE
  5
7b5
330
1F
100
AcDbEntity
  8
BottomSolderMaskLayer
100
AcDbCircle
 10
22
 20
-44
 30
0.0
 40
0.615240030480061
  0
CIRCLE
  5
7b6
330
1F
100
AcDbEntity
  8
BottomSolderMaskLayer
100
AcDbCircle
 10
22
 20
-44
 30
0.0
 40
1.0254000508001015
0
HATCH
5
7b7
100
AcDbEntity
8
BottomSolderMaskLayer
100
AcDbHatch
10
0
20
0
30
0
210
0
220
0
230
1
2
SOLID
70
1
71
0
91
1
92
7
72
1
73
1
93
2
10
20.9745999491999
20
-44
42
1
10
23.0254000508001
20
-44
42
1
97
1
330

75
0
76
1
47
0.8681437583925616
98
1
10
3.629517071192367
20
33.92795499968543
450
0
451
0
460
0
461
0
452
1
462
1
453
2
463
0
63
5
421
255
463
1
63
7
421
16777215
470
LINEAR
1001
ACAD
1010
0
1020
0
1030
0
  0
CIRCLE
  5
7b8
330
1F
100
AcDbEntity
  8
Multi-Layer
100
AcDbCircle
 10
22
 20
-44
 30
0.0
 40
0.6000000000000001
  0
CIRCLE
  5
7b9
330
1F
100
AcDbEntity
  8
Multi-Layer
100
AcDbCircle
 10
22
 20
-44
 30
0.0
 40
1
0
HATCH
5
7ba
100
AcDbEntity
8
Multi-Layer
100
AcDbHatch
10
0
20
0
30
0
210
0
220
0
230
1
2
SOLID
70
1
71
0
91
1
92
7
72
1
73
1
93
2
10
21
20
-44
42
1
10
23
20
-44
42
1
97
1
330

75
0
76
1
47
0.8681437583925616
98
1
10
3.629517071192367
20
33.92795499968543
450
0
451
0
460
0
461
0
452
1
462
1
453
2
463
0
63
5
421
255
463
1
63
7
421
16777215
470
LINEAR
1001
ACAD
1010
0
1020
0
1030
0
  0
CIRCLE
  5
7bb
330
1F
100
AcDbEntity
  8
TopSolderMaskLayer
100
AcDbCircle
 10
22
 20
-38.000000000000114
 30
0.0
 40
0.615240030480061
  0
CIRCLE
  5
7bc
330
1F
100
AcDbEntity
  8
TopSolderMaskLayer
100
AcDbCircle
 10
22
 20
-38.000000000000114
 30
0.0
 40
1.0254000508001015
0
HATCH
5
7bd
100
AcDbEntity
8
TopSolderMaskLayer
100
AcDbHatch
10
0
20
0
30
0
210
0
220
0
230
1
2
SOLID
70
1
71
0
91
1
92
7
72
1
73
1
93
2
10
20.9745999491999
20
-38.000000000000114
42
1
10
23.0254000508001
20
-38.000000000000114
42
1
97
1
330

75
0
76
1
47
0.8681437583925616
98
1
10
3.629517071192367
20
33.92795499968543
450
0
451
0
460
0
461
0
452
1
462
1
453
2
463
0
63
5
421
255
463
1
63
7
421
16777215
470
LINEAR
1001
ACAD
1010
0
1020
0
1030
0
  0
CIRCLE
  5
7be
330
1F
100
AcDbEntity
  8
BottomSolderMaskLayer
100
AcDbCircle
 10
22
 20
-38.000000000000114
 30
0.0
 40
0.615240030480061
  0
CIRCLE
  5
7bf
330
1F
100
AcDbEntity
  8
BottomSolderMaskLayer
100
AcDbCircle
 10
22
 20
-38.000000000000114
 30
0.0
 40
1.0254000508001015
0
HATCH
5
7c0
100
AcDbEntity
8
BottomSolderMaskLayer
100
AcDbHatch
10
0
20
0
30
0
210
0
220
0
230
1
2
SOLID
70
1
71
0
91
1
92
7
72
1
73
1
93
2
10
20.9745999491999
20
-38.000000000000114
42
1
10
23.0254000508001
20
-38.000000000000114
42
1
97
1
330

75
0
76
1
47
0.8681437583925616
98
1
10
3.629517071192367
20
33.92795499968543
450
0
451
0
460
0
461
0
452
1
462
1
453
2
463
0
63
5
421
255
463
1
63
7
421
16777215
470
LINEAR
1001
ACAD
1010
0
1020
0
1030
0
  0
CIRCLE
  5
7c1
330
1F
100
AcDbEntity
  8
Multi-Layer
100
AcDbCircle
 10
22
 20
-38.000000000000114
 30
0.0
 40
0.6000000000000001
  0
CIRCLE
  5
7c2
330
1F
100
AcDbEntity
  8
Multi-Layer
100
AcDbCircle
 10
22
 20
-38.000000000000114
 30
0.0
 40
1
0
HATCH
5
7c3
100
AcDbEntity
8
Multi-Layer
100
AcDbHatch
10
0
20
0
30
0
210
0
220
0
230
1
2
SOLID
70
1
71
0
91
1
92
7
72
1
73
1
93
2
10
21
20
-38.000000000000114
42
1
10
23
20
-38.000000000000114
42
1
97
1
330

75
0
76
1
47
0.8681437583925616
98
1
10
3.629517071192367
20
33.92795499968543
450
0
451
0
460
0
461
0
452
1
462
1
453
2
463
0
63
5
421
255
463
1
63
7
421
16777215
470
LINEAR
1001
ACAD
1010
0
1020
0
1030
0
  0
CIRCLE
  5
7c4
330
1F
100
AcDbEntity
  8
TopSolderMaskLayer
100
AcDbCircle
 10
26
 20
-44
 30
0.0
 40
0.615240030480061
  0
CIRCLE
  5
7c5
330
1F
100
AcDbEntity
  8
TopSolderMaskLayer
100
AcDbCircle
 10
26
 20
-44
 30
0.0
 40
1.0254000508001015
0
HATCH
5
7c6
100
AcDbEntity
8
TopSolderMaskLayer
100
AcDbHatch
10
0
20
0
30
0
210
0
220
0
230
1
2
SOLID
70
1
71
0
91
1
92
7
72
1
73
1
93
2
10
24.9745999491999
20
-44
42
1
10
27.0254000508001
20
-44
42
1
97
1
330

75
0
76
1
47
0.8681437583925616
98
1
10
3.629517071192367
20
33.92795499968543
450
0
451
0
460
0
461
0
452
1
462
1
453
2
463
0
63
5
421
255
463
1
63
7
421
16777215
470
LINEAR
1001
ACAD
1010
0
1020
0
1030
0
  0
CIRCLE
  5
7c7
330
1F
100
AcDbEntity
  8
BottomSolderMaskLayer
100
AcDbCircle
 10
26
 20
-44
 30
0.0
 40
0.615240030480061
  0
CIRCLE
  5
7c8
330
1F
100
AcDbEntity
  8
BottomSolderMaskLayer
100
AcDbCircle
 10
26
 20
-44
 30
0.0
 40
1.0254000508001015
0
HATCH
5
7c9
100
AcDbEntity
8
BottomSolderMaskLayer
100
AcDbHatch
10
0
20
0
30
0
210
0
220
0
230
1
2
SOLID
70
1
71
0
91
1
92
7
72
1
73
1
93
2
10
24.9745999491999
20
-44
42
1
10
27.0254000508001
20
-44
42
1
97
1
330

75
0
76
1
47
0.8681437583925616
98
1
10
3.629517071192367
20
33.92795499968543
450
0
451
0
460
0
461
0
452
1
462
1
453
2
463
0
63
5
421
255
463
1
63
7
421
16777215
470
LINEAR
1001
ACAD
1010
0
1020
0
1030
0
  0
CIRCLE
  5
7ca
330
1F
100
AcDbEntity
  8
Multi-Layer
100
AcDbCircle
 10
26
 20
-44
 30
0.0
 40
0.6000000000000001
  0
CIRCLE
  5
7cb
330
1F
100
AcDbEntity
  8
Multi-Layer
100
AcDbCircle
 10
26
 20
-44
 30
0.0
 40
1
0
HATCH
5
7cc
100
AcDbEntity
8
Multi-Layer
100
AcDbHatch
10
0
20
0
30
0
210
0
220
0
230
1
2
SOLID
70
1
71
0
91
1
92
7
72
1
73
1
93
2
10
25
20
-44
42
1
10
27
20
-44
42
1
97
1
330

75
0
76
1
47
0.8681437583925616
98
1
10
3.629517071192367
20
33.92795499968543
450
0
451
0
460
0
461
0
452
1
462
1
453
2
463
0
63
5
421
255
463
1
63
7
421
16777215
470
LINEAR
1001
ACAD
1010
0
1020
0
1030
0
  0
CIRCLE
  5
7cd
330
1F
100
AcDbEntity
  8
TopSolderMaskLayer
100
AcDbCircle
 10
26
 20
-38.000000000000114
 30
0.0
 40
0.615240030480061
  0
CIRCLE
  5
7ce
330
1F
100
AcDbEntity
  8
TopSolderMaskLayer
100
AcDbCircle
 10
26
 20
-38.000000000000114
 30
0.0
 40
1.0254000508001015
0
HATCH
5
7cf
100
AcDbEntity
8
TopSolderMaskLayer
100
AcDbHatch
10
0
20
0
30
0
210
0
220
0
230
1
2
SOLID
70
1
71
0
91
1
92
7
72
1
73
1
93
2
10
24.9745999491999
20
-38.000000000000114
42
1
10
27.0254000508001
20
-38.000000000000114
42
1
97
1
330

75
0
76
1
47
0.8681437583925616
98
1
10
3.629517071192367
20
33.92795499968543
450
0
451
0
460
0
461
0
452
1
462
1
453
2
463
0
63
5
421
255
463
1
63
7
421
16777215
470
LINEAR
1001
ACAD
1010
0
1020
0
1030
0
  0
CIRCLE
  5
7d0
330
1F
100
AcDbEntity
  8
BottomSolderMaskLayer
100
AcDbCircle
 10
26
 20
-38.000000000000114
 30
0.0
 40
0.615240030480061
  0
CIRCLE
  5
7d1
330
1F
100
AcDbEntity
  8
BottomSolderMaskLayer
100
AcDbCircle
 10
26
 20
-38.000000000000114
 30
0.0
 40
1.0254000508001015
0
HATCH
5
7d2
100
AcDbEntity
8
BottomSolderMaskLayer
100
AcDbHatch
10
0
20
0
30
0
210
0
220
0
230
1
2
SOLID
70
1
71
0
91
1
92
7
72
1
73
1
93
2
10
24.9745999491999
20
-38.000000000000114
42
1
10
27.0254000508001
20
-38.000000000000114
42
1
97
1
330

75
0
76
1
47
0.8681437583925616
98
1
10
3.629517071192367
20
33.92795499968543
450
0
451
0
460
0
461
0
452
1
462
1
453
2
463
0
63
5
421
255
463
1
63
7
421
16777215
470
LINEAR
1001
ACAD
1010
0
1020
0
1030
0
  0
CIRCLE
  5
7d3
330
1F
100
AcDbEntity
  8
Multi-Layer
100
AcDbCircle
 10
26
 20
-38.000000000000114
 30
0.0
 40
0.6000000000000001
  0
CIRCLE
  5
7d4
330
1F
100
AcDbEntity
  8
Multi-Layer
100
AcDbCircle
 10
26
 20
-38.000000000000114
 30
0.0
 40
1
0
HATCH
5
7d5
100
AcDbEntity
8
Multi-Layer
100
AcDbHatch
10
0
20
0
30
0
210
0
220
0
230
1
2
SOLID
70
1
71
0
91
1
92
7
72
1
73
1
93
2
10
25
20
-38.000000000000114
42
1
10
27
20
-38.000000000000114
42
1
97
1
330

75
0
76
1
47
0.8681437583925616
98
1
10
3.629517071192367
20
33.92795499968543
450
0
451
0
460
0
461
0
452
1
462
1
453
2
463
0
63
5
421
255
463
1
63
7
421
16777215
470
LINEAR
1001
ACAD
1010
0
1020
0
1030
0
  0
CIRCLE
  5
7d6
330
1F
100
AcDbEntity
  8
TopSolderMaskLayer
100
AcDbCircle
 10
52
 20
-30
 30
0.0
 40
0.615240030480061
  0
CIRCLE
  5
7d7
330
1F
100
AcDbEntity
  8
TopSolderMaskLayer
100
AcDbCircle
 10
52
 20
-30
 30
0.0
 40
1.0254000508001015
0
HATCH
5
7d8
100
AcDbEntity
8
TopSolderMaskLayer
100
AcDbHatch
10
0
20
0
30
0
210
0
220
0
230
1
2
SOLID
70
1
71
0
91
1
92
7
72
1
73
1
93
2
10
50.9745999491999
20
-30
42
1
10
53.0254000508001
20
-30
42
1
97
1
330

75
0
76
1
47
0.8681437583925616
98
1
10
3.629517071192367
20
33.92795499968543
450
0
451
0
460
0
461
0
452
1
462
1
453
2
463
0
63
5
421
255
463
1
63
7
421
16777215
470
LINEAR
1001
ACAD
1010
0
1020
0
1030
0
  0
CIRCLE
  5
7d9
330
1F
100
AcDbEntity
  8
BottomSolderMaskLayer
100
AcDbCircle
 10
52
 20
-30
 30
0.0
 40
0.615240030480061
  0
CIRCLE
  5
7da
330
1F
100
AcDbEntity
  8
BottomSolderMaskLayer
100
AcDbCircle
 10
52
 20
-30
 30
0.0
 40
1.0254000508001015
0
HATCH
5
7db
100
AcDbEntity
8
BottomSolderMaskLayer
100
AcDbHatch
10
0
20
0
30
0
210
0
220
0
230
1
2
SOLID
70
1
71
0
91
1
92
7
72
1
73
1
93
2
10
50.9745999491999
20
-30
42
1
10
53.0254000508001
20
-30
42
1
97
1
330

75
0
76
1
47
0.8681437583925616
98
1
10
3.629517071192367
20
33.92795499968543
450
0
451
0
460
0
461
0
452
1
462
1
453
2
463
0
63
5
421
255
463
1
63
7
421
16777215
470
LINEAR
1001
ACAD
1010
0
1020
0
1030
0
  0
CIRCLE
  5
7dc
330
1F
100
AcDbEntity
  8
Multi-Layer
100
AcDbCircle
 10
52
 20
-30
 30
0.0
 40
0.6000000000000001
  0
CIRCLE
  5
7dd
330
1F
100
AcDbEntity
  8
Multi-Layer
100
AcDbCircle
 10
52
 20
-30
 30
0.0
 40
1
0
HATCH
5
7de
100
AcDbEntity
8
Multi-Layer
100
AcDbHatch
10
0
20
0
30
0
210
0
220
0
230
1
2
SOLID
70
1
71
0
91
1
92
7
72
1
73
1
93
2
10
51
20
-30
42
1
10
53
20
-30
42
1
97
1
330

75
0
76
1
47
0.8681437583925616
98
1
10
3.629517071192367
20
33.92795499968543
450
0
451
0
460
0
461
0
452
1
462
1
453
2
463
0
63
5
421
255
463
1
63
7
421
16777215
470
LINEAR
1001
ACAD
1010
0
1020
0
1030
0
  0
CIRCLE
  5
7df
330
1F
100
AcDbEntity
  8
TopSolderMaskLayer
100
AcDbCircle
 10
52
 20
-36
 30
0.0
 40
0.615240030480061
  0
CIRCLE
  5
7e0
330
1F
100
AcDbEntity
  8
TopSolderMaskLayer
100
AcDbCircle
 10
52
 20
-36
 30
0.0
 40
1.0254000508001015
0
HATCH
5
7e1
100
AcDbEntity
8
TopSolderMaskLayer
100
AcDbHatch
10
0
20
0
30
0
210
0
220
0
230
1
2
SOLID
70
1
71
0
91
1
92
7
72
1
73
1
93
2
10
50.9745999491999
20
-36
42
1
10
53.0254000508001
20
-36
42
1
97
1
330

75
0
76
1
47
0.8681437583925616
98
1
10
3.629517071192367
20
33.92795499968543
450
0
451
0
460
0
461
0
452
1
462
1
453
2
463
0
63
5
421
255
463
1
63
7
421
16777215
470
LINEAR
1001
ACAD
1010
0
1020
0
1030
0
  0
CIRCLE
  5
7e2
330
1F
100
AcDbEntity
  8
BottomSolderMaskLayer
100
AcDbCircle
 10
52
 20
-36
 30
0.0
 40
0.615240030480061
  0
CIRCLE
  5
7e3
330
1F
100
AcDbEntity
  8
BottomSolderMaskLayer
100
AcDbCircle
 10
52
 20
-36
 30
0.0
 40
1.0254000508001015
0
HATCH
5
7e4
100
AcDbEntity
8
BottomSolderMaskLayer
100
AcDbHatch
10
0
20
0
30
0
210
0
220
0
230
1
2
SOLID
70
1
71
0
91
1
92
7
72
1
73
1
93
2
10
50.9745999491999
20
-36
42
1
10
53.0254000508001
20
-36
42
1
97
1
330

75
0
76
1
47
0.8681437583925616
98
1
10
3.629517071192367
20
33.92795499968543
450
0
451
0
460
0
461
0
452
1
462
1
453
2
463
0
63
5
421
255
463
1
63
7
421
16777215
470
LINEAR
1001
ACAD
1010
0
1020
0
1030
0
  0
CIRCLE
  5
7e5
330
1F
100
AcDbEntity
  8
Multi-Layer
100
AcDbCircle
 10
52
 20
-36
 30
0.0
 40
0.6000000000000001
  0
CIRCLE
  5
7e6
330
1F
100
AcDbEntity
  8
Multi-Layer
100
AcDbCircle
 10
52
 20
-36
 30
0.0
 40
1
0
HATCH
5
7e7
100
AcDbEntity
8
Multi-Layer
100
AcDbHatch
10
0
20
0
30
0
210
0
220
0
230
1
2
SOLID
70
1
71
0
91
1
92
7
72
1
73
1
93
2
10
51
20
-36
42
1
10
53
20
-36
42
1
97
1
330

75
0
76
1
47
0.8681437583925616
98
1
10
3.629517071192367
20
33.92795499968543
450
0
451
0
460
0
461
0
452
1
462
1
453
2
463
0
63
5
421
255
463
1
63
7
421
16777215
470
LINEAR
1001
ACAD
1010
0
1020
0
1030
0
  0
CIRCLE
  5
7e8
330
1F
100
AcDbEntity
  8
TopSolderMaskLayer
100
AcDbCircle
 10
29
 20
-31
 30
0.0
 40
0.615240030480061
  0
CIRCLE
  5
7e9
330
1F
100
AcDbEntity
  8
TopSolderMaskLayer
100
AcDbCircle
 10
29
 20
-31
 30
0.0
 40
1.0254000508001015
0
HATCH
5
7ea
100
AcDbEntity
8
TopSolderMaskLayer
100
AcDbHatch
10
0
20
0
30
0
210
0
220
0
230
1
2
SOLID
70
1
71
0
91
1
92
7
72
1
73
1
93
2
10
27.9745999491999
20
-31
42
1
10
30.0254000508001
20
-31
42
1
97
1
330

75
0
76
1
47
0.8681437583925616
98
1
10
3.629517071192367
20
33.92795499968543
450
0
451
0
460
0
461
0
452
1
462
1
453
2
463
0
63
5
421
255
463
1
63
7
421
16777215
470
LINEAR
1001
ACAD
1010
0
1020
0
1030
0
  0
CIRCLE
  5
7eb
330
1F
100
AcDbEntity
  8
BottomSolderMaskLayer
100
AcDbCircle
 10
29
 20
-31
 30
0.0
 40
0.615240030480061
  0
CIRCLE
  5
7ec
330
1F
100
AcDbEntity
  8
BottomSolderMaskLayer
100
AcDbCircle
 10
29
 20
-31
 30
0.0
 40
1.0254000508001015
0
HATCH
5
7ed
100
AcDbEntity
8
BottomSolderMaskLayer
100
AcDbHatch
10
0
20
0
30
0
210
0
220
0
230
1
2
SOLID
70
1
71
0
91
1
92
7
72
1
73
1
93
2
10
27.9745999491999
20
-31
42
1
10
30.0254000508001
20
-31
42
1
97
1
330

75
0
76
1
47
0.8681437583925616
98
1
10
3.629517071192367
20
33.92795499968543
450
0
451
0
460
0
461
0
452
1
462
1
453
2
463
0
63
5
421
255
463
1
63
7
421
16777215
470
LINEAR
1001
ACAD
1010
0
1020
0
1030
0
  0
CIRCLE
  5
7ee
330
1F
100
AcDbEntity
  8
Multi-Layer
100
AcDbCircle
 10
29
 20
-31
 30
0.0
 40
0.6000000000000001
  0
CIRCLE
  5
7ef
330
1F
100
AcDbEntity
  8
Multi-Layer
100
AcDbCircle
 10
29
 20
-31
 30
0.0
 40
1
0
HATCH
5
7f0
100
AcDbEntity
8
Multi-Layer
100
AcDbHatch
10
0
20
0
30
0
210
0
220
0
230
1
2
SOLID
70
1
71
0
91
1
92
7
72
1
73
1
93
2
10
28
20
-31
42
1
10
30
20
-31
42
1
97
1
330

75
0
76
1
47
0.8681437583925616
98
1
10
3.629517071192367
20
33.92795499968543
450
0
451
0
460
0
461
0
452
1
462
1
453
2
463
0
63
5
421
255
463
1
63
7
421
16777215
470
LINEAR
1001
ACAD
1010
0
1020
0
1030
0
  0
CIRCLE
  5
7f1
330
1F
100
AcDbEntity
  8
TopSolderMaskLayer
100
AcDbCircle
 10
35
 20
-31
 30
0.0
 40
0.615240030480061
  0
CIRCLE
  5
7f2
330
1F
100
AcDbEntity
  8
TopSolderMaskLayer
100
AcDbCircle
 10
35
 20
-31
 30
0.0
 40
1.0254000508001015
0
HATCH
5
7f3
100
AcDbEntity
8
TopSolderMaskLayer
100
AcDbHatch
10
0
20
0
30
0
210
0
220
0
230
1
2
SOLID
70
1
71
0
91
1
92
7
72
1
73
1
93
2
10
33.9745999491999
20
-31
42
1
10
36.0254000508001
20
-31
42
1
97
1
330

75
0
76
1
47
0.8681437583925616
98
1
10
3.629517071192367
20
33.92795499968543
450
0
451
0
460
0
461
0
452
1
462
1
453
2
463
0
63
5
421
255
463
1
63
7
421
16777215
470
LINEAR
1001
ACAD
1010
0
1020
0
1030
0
  0
CIRCLE
  5
7f4
330
1F
100
AcDbEntity
  8
BottomSolderMaskLayer
100
AcDbCircle
 10
35
 20
-31
 30
0.0
 40
0.615240030480061
  0
CIRCLE
  5
7f5
330
1F
100
AcDbEntity
  8
BottomSolderMaskLayer
100
AcDbCircle
 10
35
 20
-31
 30
0.0
 40
1.0254000508001015
0
HATCH
5
7f6
100
AcDbEntity
8
BottomSolderMaskLayer
100
AcDbHatch
10
0
20
0
30
0
210
0
220
0
230
1
2
SOLID
70
1
71
0
91
1
92
7
72
1
73
1
93
2
10
33.9745999491999
20
-31
42
1
10
36.0254000508001
20
-31
42
1
97
1
330

75
0
76
1
47
0.8681437583925616
98
1
10
3.629517071192367
20
33.92795499968543
450
0
451
0
460
0
461
0
452
1
462
1
453
2
463
0
63
5
421
255
463
1
63
7
421
16777215
470
LINEAR
1001
ACAD
1010
0
1020
0
1030
0
  0
CIRCLE
  5
7f7
330
1F
100
AcDbEntity
  8
Multi-Layer
100
AcDbCircle
 10
35
 20
-31
 30
0.0
 40
0.6000000000000001
  0
CIRCLE
  5
7f8
330
1F
100
AcDbEntity
  8
Multi-Layer
100
AcDbCircle
 10
35
 20
-31
 30
0.0
 40
1
0
HATCH
5
7f9
100
AcDbEntity
8
Multi-Layer
100
AcDbHatch
10
0
20
0
30
0
210
0
220
0
230
1
2
SOLID
70
1
71
0
91
1
92
7
72
1
73
1
93
2
10
34
20
-31
42
1
10
36
20
-31
42
1
97
1
330

75
0
76
1
47
0.8681437583925616
98
1
10
3.629517071192367
20
33.92795499968543
450
0
451
0
460
0
461
0
452
1
462
1
453
2
463
0
63
5
421
255
463
1
63
7
421
16777215
470
LINEAR
1001
ACAD
1010
0
1020
0
1030
0
  0
CIRCLE
  5
7fa
330
1F
100
AcDbEntity
  8
TopSolderMaskLayer
100
AcDbCircle
 10
29
 20
-35
 30
0.0
 40
0.615240030480061
  0
CIRCLE
  5
7fb
330
1F
100
AcDbEntity
  8
TopSolderMaskLayer
100
AcDbCircle
 10
29
 20
-35
 30
0.0
 40
1.0254000508001015
0
HATCH
5
7fc
100
AcDbEntity
8
TopSolderMaskLayer
100
AcDbHatch
10
0
20
0
30
0
210
0
220
0
230
1
2
SOLID
70
1
71
0
91
1
92
7
72
1
73
1
93
2
10
27.9745999491999
20
-35
42
1
10
30.0254000508001
20
-35
42
1
97
1
330

75
0
76
1
47
0.8681437583925616
98
1
10
3.629517071192367
20
33.92795499968543
450
0
451
0
460
0
461
0
452
1
462
1
453
2
463
0
63
5
421
255
463
1
63
7
421
16777215
470
LINEAR
1001
ACAD
1010
0
1020
0
1030
0
  0
CIRCLE
  5
7fd
330
1F
100
AcDbEntity
  8
BottomSolderMaskLayer
100
AcDbCircle
 10
29
 20
-35
 30
0.0
 40
0.615240030480061
  0
CIRCLE
  5
7fe
330
1F
100
AcDbEntity
  8
BottomSolderMaskLayer
100
AcDbCircle
 10
29
 20
-35
 30
0.0
 40
1.0254000508001015
0
HATCH
5
7ff
100
AcDbEntity
8
BottomSolderMaskLayer
100
AcDbHatch
10
0
20
0
30
0
210
0
220
0
230
1
2
SOLID
70
1
71
0
91
1
92
7
72
1
73
1
93
2
10
27.9745999491999
20
-35
42
1
10
30.0254000508001
20
-35
42
1
97
1
330

75
0
76
1
47
0.8681437583925616
98
1
10
3.629517071192367
20
33.92795499968543
450
0
451
0
460
0
461
0
452
1
462
1
453
2
463
0
63
5
421
255
463
1
63
7
421
16777215
470
LINEAR
1001
ACAD
1010
0
1020
0
1030
0
  0
CIRCLE
  5
800
330
1F
100
AcDbEntity
  8
Multi-Layer
100
AcDbCircle
 10
29
 20
-35
 30
0.0
 40
0.6000000000000001
  0
CIRCLE
  5
801
330
1F
100
AcDbEntity
  8
Multi-Layer
100
AcDbCircle
 10
29
 20
-35
 30
0.0
 40
1
0
HATCH
5
802
100
AcDbEntity
8
Multi-Layer
100
AcDbHatch
10
0
20
0
30
0
210
0
220
0
230
1
2
SOLID
70
1
71
0
91
1
92
7
72
1
73
1
93
2
10
28
20
-35
42
1
10
30
20
-35
42
1
97
1
330

75
0
76
1
47
0.8681437583925616
98
1
10
3.629517071192367
20
33.92795499968543
450
0
451
0
460
0
461
0
452
1
462
1
453
2
463
0
63
5
421
255
463
1
63
7
421
16777215
470
LINEAR
1001
ACAD
1010
0
1020
0
1030
0
  0
CIRCLE
  5
803
330
1F
100
AcDbEntity
  8
TopSolderMaskLayer
100
AcDbCircle
 10
35
 20
-35
 30
0.0
 40
0.615240030480061
  0
CIRCLE
  5
804
330
1F
100
AcDbEntity
  8
TopSolderMaskLayer
100
AcDbCircle
 10
35
 20
-35
 30
0.0
 40
1.0254000508001015
0
HATCH
5
805
100
AcDbEntity
8
TopSolderMaskLayer
100
AcDbHatch
10
0
20
0
30
0
210
0
220
0
230
1
2
SOLID
70
1
71
0
91
1
92
7
72
1
73
1
93
2
10
33.9745999491999
20
-35
42
1
10
36.0254000508001
20
-35
42
1
97
1
330

75
0
76
1
47
0.8681437583925616
98
1
10
3.629517071192367
20
33.92795499968543
450
0
451
0
460
0
461
0
452
1
462
1
453
2
463
0
63
5
421
255
463
1
63
7
421
16777215
470
LINEAR
1001
ACAD
1010
0
1020
0
1030
0
  0
CIRCLE
  5
806
330
1F
100
AcDbEntity
  8
BottomSolderMaskLayer
100
AcDbCircle
 10
35
 20
-35
 30
0.0
 40
0.615240030480061
  0
CIRCLE
  5
807
330
1F
100
AcDbEntity
  8
BottomSolderMaskLayer
100
AcDbCircle
 10
35
 20
-35
 30
0.0
 40
1.0254000508001015
0
HATCH
5
808
100
AcDbEntity
8
BottomSolderMaskLayer
100
AcDbHatch
10
0
20
0
30
0
210
0
220
0
230
1
2
SOLID
70
1
71
0
91
1
92
7
72
1
73
1
93
2
10
33.9745999491999
20
-35
42
1
10
36.0254000508001
20
-35
42
1
97
1
330

75
0
76
1
47
0.8681437583925616
98
1
10
3.629517071192367
20
33.92795499968543
450
0
451
0
460
0
461
0
452
1
462
1
453
2
463
0
63
5
421
255
463
1
63
7
421
16777215
470
LINEAR
1001
ACAD
1010
0
1020
0
1030
0
  0
CIRCLE
  5
809
330
1F
100
AcDbEntity
  8
Multi-Layer
100
AcDbCircle
 10
35
 20
-35
 30
0.0
 40
0.6000000000000001
  0
CIRCLE
  5
80a
330
1F
100
AcDbEntity
  8
Multi-Layer
100
AcDbCircle
 10
35
 20
-35
 30
0.0
 40
1
0
HATCH
5
80b
100
AcDbEntity
8
Multi-Layer
100
AcDbHatch
10
0
20
0
30
0
210
0
220
0
230
1
2
SOLID
70
1
71
0
91
1
92
7
72
1
73
1
93
2
10
34
20
-35
42
1
10
36
20
-35
42
1
97
1
330

75
0
76
1
47
0.8681437583925616
98
1
10
3.629517071192367
20
33.92795499968543
450
0
451
0
460
0
461
0
452
1
462
1
453
2
463
0
63
5
421
255
463
1
63
7
421
16777215
470
LINEAR
1001
ACAD
1010
0
1020
0
1030
0
  0
CIRCLE
  5
80c
330
1F
100
AcDbEntity
  8
TopSolderMaskLayer
100
AcDbCircle
 10
38
 20
-31
 30
0.0
 40
0.615240030480061
  0
CIRCLE
  5
80d
330
1F
100
AcDbEntity
  8
TopSolderMaskLayer
100
AcDbCircle
 10
38
 20
-31
 30
0.0
 40
1.0254000508001015
0
HATCH
5
80e
100
AcDbEntity
8
TopSolderMaskLayer
100
AcDbHatch
10
0
20
0
30
0
210
0
220
0
230
1
2
SOLID
70
1
71
0
91
1
92
7
72
1
73
1
93
2
10
36.9745999491999
20
-31
42
1
10
39.0254000508001
20
-31
42
1
97
1
330

75
0
76
1
47
0.8681437583925616
98
1
10
3.629517071192367
20
33.92795499968543
450
0
451
0
460
0
461
0
452
1
462
1
453
2
463
0
63
5
421
255
463
1
63
7
421
16777215
470
LINEAR
1001
ACAD
1010
0
1020
0
1030
0
  0
CIRCLE
  5
80f
330
1F
100
AcDbEntity
  8
BottomSolderMaskLayer
100
AcDbCircle
 10
38
 20
-31
 30
0.0
 40
0.615240030480061
  0
CIRCLE
  5
810
330
1F
100
AcDbEntity
  8
BottomSolderMaskLayer
100
AcDbCircle
 10
38
 20
-31
 30
0.0
 40
1.0254000508001015
0
HATCH
5
811
100
AcDbEntity
8
BottomSolderMaskLayer
100
AcDbHatch
10
0
20
0
30
0
210
0
220
0
230
1
2
SOLID
70
1
71
0
91
1
92
7
72
1
73
1
93
2
10
36.9745999491999
20
-31
42
1
10
39.0254000508001
20
-31
42
1
97
1
330

75
0
76
1
47
0.8681437583925616
98
1
10
3.629517071192367
20
33.92795499968543
450
0
451
0
460
0
461
0
452
1
462
1
453
2
463
0
63
5
421
255
463
1
63
7
421
16777215
470
LINEAR
1001
ACAD
1010
0
1020
0
1030
0
  0
CIRCLE
  5
812
330
1F
100
AcDbEntity
  8
Multi-Layer
100
AcDbCircle
 10
38
 20
-31
 30
0.0
 40
0.6000000000000001
  0
CIRCLE
  5
813
330
1F
100
AcDbEntity
  8
Multi-Layer
100
AcDbCircle
 10
38
 20
-31
 30
0.0
 40
1
0
HATCH
5
814
100
AcDbEntity
8
Multi-Layer
100
AcDbHatch
10
0
20
0
30
0
210
0
220
0
230
1
2
SOLID
70
1
71
0
91
1
92
7
72
1
73
1
93
2
10
37
20
-31
42
1
10
39
20
-31
42
1
97
1
330

75
0
76
1
47
0.8681437583925616
98
1
10
3.629517071192367
20
33.92795499968543
450
0
451
0
460
0
461
0
452
1
462
1
453
2
463
0
63
5
421
255
463
1
63
7
421
16777215
470
LINEAR
1001
ACAD
1010
0
1020
0
1030
0
  0
CIRCLE
  5
815
330
1F
100
AcDbEntity
  8
TopSolderMaskLayer
100
AcDbCircle
 10
44
 20
-31
 30
0.0
 40
0.615240030480061
  0
CIRCLE
  5
816
330
1F
100
AcDbEntity
  8
TopSolderMaskLayer
100
AcDbCircle
 10
44
 20
-31
 30
0.0
 40
1.0254000508001015
0
HATCH
5
817
100
AcDbEntity
8
TopSolderMaskLayer
100
AcDbHatch
10
0
20
0
30
0
210
0
220
0
230
1
2
SOLID
70
1
71
0
91
1
92
7
72
1
73
1
93
2
10
42.9745999491999
20
-31
42
1
10
45.0254000508001
20
-31
42
1
97
1
330

75
0
76
1
47
0.8681437583925616
98
1
10
3.629517071192367
20
33.92795499968543
450
0
451
0
460
0
461
0
452
1
462
1
453
2
463
0
63
5
421
255
463
1
63
7
421
16777215
470
LINEAR
1001
ACAD
1010
0
1020
0
1030
0
  0
CIRCLE
  5
818
330
1F
100
AcDbEntity
  8
BottomSolderMaskLayer
100
AcDbCircle
 10
44
 20
-31
 30
0.0
 40
0.615240030480061
  0
CIRCLE
  5
819
330
1F
100
AcDbEntity
  8
BottomSolderMaskLayer
100
AcDbCircle
 10
44
 20
-31
 30
0.0
 40
1.0254000508001015
0
HATCH
5
81a
100
AcDbEntity
8
BottomSolderMaskLayer
100
AcDbHatch
10
0
20
0
30
0
210
0
220
0
230
1
2
SOLID
70
1
71
0
91
1
92
7
72
1
73
1
93
2
10
42.9745999491999
20
-31
42
1
10
45.0254000508001
20
-31
42
1
97
1
330

75
0
76
1
47
0.8681437583925616
98
1
10
3.629517071192367
20
33.92795499968543
450
0
451
0
460
0
461
0
452
1
462
1
453
2
463
0
63
5
421
255
463
1
63
7
421
16777215
470
LINEAR
1001
ACAD
1010
0
1020
0
1030
0
  0
CIRCLE
  5
81b
330
1F
100
AcDbEntity
  8
Multi-Layer
100
AcDbCircle
 10
44
 20
-31
 30
0.0
 40
0.6000000000000001
  0
CIRCLE
  5
81c
330
1F
100
AcDbEntity
  8
Multi-Layer
100
AcDbCircle
 10
44
 20
-31
 30
0.0
 40
1
0
HATCH
5
81d
100
AcDbEntity
8
Multi-Layer
100
AcDbHatch
10
0
20
0
30
0
210
0
220
0
230
1
2
SOLID
70
1
71
0
91
1
92
7
72
1
73
1
93
2
10
43
20
-31
42
1
10
45
20
-31
42
1
97
1
330

75
0
76
1
47
0.8681437583925616
98
1
10
3.629517071192367
20
33.92795499968543
450
0
451
0
460
0
461
0
452
1
462
1
453
2
463
0
63
5
421
255
463
1
63
7
421
16777215
470
LINEAR
1001
ACAD
1010
0
1020
0
1030
0
  0
CIRCLE
  5
81e
330
1F
100
AcDbEntity
  8
TopSolderMaskLayer
100
AcDbCircle
 10
38
 20
-35
 30
0.0
 40
0.615240030480061
  0
CIRCLE
  5
81f
330
1F
100
AcDbEntity
  8
TopSolderMaskLayer
100
AcDbCircle
 10
38
 20
-35
 30
0.0
 40
1.0254000508001015
0
HATCH
5
820
100
AcDbEntity
8
TopSolderMaskLayer
100
AcDbHatch
10
0
20
0
30
0
210
0
220
0
230
1
2
SOLID
70
1
71
0
91
1
92
7
72
1
73
1
93
2
10
36.9745999491999
20
-35
42
1
10
39.0254000508001
20
-35
42
1
97
1
330

75
0
76
1
47
0.8681437583925616
98
1
10
3.629517071192367
20
33.92795499968543
450
0
451
0
460
0
461
0
452
1
462
1
453
2
463
0
63
5
421
255
463
1
63
7
421
16777215
470
LINEAR
1001
ACAD
1010
0
1020
0
1030
0
  0
CIRCLE
  5
821
330
1F
100
AcDbEntity
  8
BottomSolderMaskLayer
100
AcDbCircle
 10
38
 20
-35
 30
0.0
 40
0.615240030480061
  0
CIRCLE
  5
822
330
1F
100
AcDbEntity
  8
BottomSolderMaskLayer
100
AcDbCircle
 10
38
 20
-35
 30
0.0
 40
1.0254000508001015
0
HATCH
5
823
100
AcDbEntity
8
BottomSolderMaskLayer
100
AcDbHatch
10
0
20
0
30
0
210
0
220
0
230
1
2
SOLID
70
1
71
0
91
1
92
7
72
1
73
1
93
2
10
36.9745999491999
20
-35
42
1
10
39.0254000508001
20
-35
42
1
97
1
330

75
0
76
1
47
0.8681437583925616
98
1
10
3.629517071192367
20
33.92795499968543
450
0
451
0
460
0
461
0
452
1
462
1
453
2
463
0
63
5
421
255
463
1
63
7
421
16777215
470
LINEAR
1001
ACAD
1010
0
1020
0
1030
0
  0
CIRCLE
  5
824
330
1F
100
AcDbEntity
  8
Multi-Layer
100
AcDbCircle
 10
38
 20
-35
 30
0.0
 40
0.6000000000000001
  0
CIRCLE
  5
825
330
1F
100
AcDbEntity
  8
Multi-Layer
100
AcDbCircle
 10
38
 20
-35
 30
0.0
 40
1
0
HATCH
5
826
100
AcDbEntity
8
Multi-Layer
100
AcDbHatch
10
0
20
0
30
0
210
0
220
0
230
1
2
SOLID
70
1
71
0
91
1
92
7
72
1
73
1
93
2
10
37
20
-35
42
1
10
39
20
-35
42
1
97
1
330

75
0
76
1
47
0.8681437583925616
98
1
10
3.629517071192367
20
33.92795499968543
450
0
451
0
460
0
461
0
452
1
462
1
453
2
463
0
63
5
421
255
463
1
63
7
421
16777215
470
LINEAR
1001
ACAD
1010
0
1020
0
1030
0
  0
CIRCLE
  5
827
330
1F
100
AcDbEntity
  8
TopSolderMaskLayer
100
AcDbCircle
 10
44
 20
-35
 30
0.0
 40
0.615240030480061
  0
CIRCLE
  5
828
330
1F
100
AcDbEntity
  8
TopSolderMaskLayer
100
AcDbCircle
 10
44
 20
-35
 30
0.0
 40
1.0254000508001015
0
HATCH
5
829
100
AcDbEntity
8
TopSolderMaskLayer
100
AcDbHatch
10
0
20
0
30
0
210
0
220
0
230
1
2
SOLID
70
1
71
0
91
1
92
7
72
1
73
1
93
2
10
42.9745999491999
20
-35
42
1
10
45.0254000508001
20
-35
42
1
97
1
330

75
0
76
1
47
0.8681437583925616
98
1
10
3.629517071192367
20
33.92795499968543
450
0
451
0
460
0
461
0
452
1
462
1
453
2
463
0
63
5
421
255
463
1
63
7
421
16777215
470
LINEAR
1001
ACAD
1010
0
1020
0
1030
0
  0
CIRCLE
  5
82a
330
1F
100
AcDbEntity
  8
BottomSolderMaskLayer
100
AcDbCircle
 10
44
 20
-35
 30
0.0
 40
0.615240030480061
  0
CIRCLE
  5
82b
330
1F
100
AcDbEntity
  8
BottomSolderMaskLayer
100
AcDbCircle
 10
44
 20
-35
 30
0.0
 40
1.0254000508001015
0
HATCH
5
82c
100
AcDbEntity
8
BottomSolderMaskLayer
100
AcDbHatch
10
0
20
0
30
0
210
0
220
0
230
1
2
SOLID
70
1
71
0
91
1
92
7
72
1
73
1
93
2
10
42.9745999491999
20
-35
42
1
10
45.0254000508001
20
-35
42
1
97
1
330

75
0
76
1
47
0.8681437583925616
98
1
10
3.629517071192367
20
33.92795499968543
450
0
451
0
460
0
461
0
452
1
462
1
453
2
463
0
63
5
421
255
463
1
63
7
421
16777215
470
LINEAR
1001
ACAD
1010
0
1020
0
1030
0
  0
CIRCLE
  5
82d
330
1F
100
AcDbEntity
  8
Multi-Layer
100
AcDbCircle
 10
44
 20
-35
 30
0.0
 40
0.6000000000000001
  0
CIRCLE
  5
82e
330
1F
100
AcDbEntity
  8
Multi-Layer
100
AcDbCircle
 10
44
 20
-35
 30
0.0
 40
1
0
HATCH
5
82f
100
AcDbEntity
8
Multi-Layer
100
AcDbHatch
10
0
20
0
30
0
210
0
220
0
230
1
2
SOLID
70
1
71
0
91
1
92
7
72
1
73
1
93
2
10
43
20
-35
42
1
10
45
20
-35
42
1
97
1
330

75
0
76
1
47
0.8681437583925616
98
1
10
3.629517071192367
20
33.92795499968543
450
0
451
0
460
0
461
0
452
1
462
1
453
2
463
0
63
5
421
255
463
1
63
7
421
16777215
470
LINEAR
1001
ACAD
1010
0
1020
0
1030
0
  0
CIRCLE
  5
830
330
1F
100
AcDbEntity
  8
TopSolderMaskLayer
100
AcDbCircle
 10
3.9989839979680255
 20
-24.00111760223524
 30
0.0
 40
0.615240030480061
  0
CIRCLE
  5
831
330
1F
100
AcDbEntity
  8
TopSolderMaskLayer
100
AcDbCircle
 10
3.9989839979680255
 20
-24.00111760223524
 30
0.0
 40
1.0254000508001015
0
HATCH
5
832
100
AcDbEntity
8
TopSolderMaskLayer
100
AcDbHatch
10
0
20
0
30
0
210
0
220
0
230
1
2
SOLID
70
1
71
0
91
1
92
7
72
1
73
1
93
2
10
2.973583947167924
20
-24.00111760223524
42
1
10
5.024384048768127
20
-24.00111760223524
42
1
97
1
330

75
0
76
1
47
0.8681437583925616
98
1
10
3.629517071192367
20
33.92795499968543
450
0
451
0
460
0
461
0
452
1
462
1
453
2
463
0
63
5
421
255
463
1
63
7
421
16777215
470
LINEAR
1001
ACAD
1010
0
1020
0
1030
0
  0
CIRCLE
  5
833
330
1F
100
AcDbEntity
  8
BottomSolderMaskLayer
100
AcDbCircle
 10
3.9989839979680255
 20
-24.00111760223524
 30
0.0
 40
0.615240030480061
  0
CIRCLE
  5
834
330
1F
100
AcDbEntity
  8
BottomSolderMaskLayer
100
AcDbCircle
 10
3.9989839979680255
 20
-24.00111760223524
 30
0.0
 40
1.0254000508001015
0
HATCH
5
835
100
AcDbEntity
8
BottomSolderMaskLayer
100
AcDbHatch
10
0
20
0
30
0
210
0
220
0
230
1
2
SOLID
70
1
71
0
91
1
92
7
72
1
73
1
93
2
10
2.973583947167924
20
-24.00111760223524
42
1
10
5.024384048768127
20
-24.00111760223524
42
1
97
1
330

75
0
76
1
47
0.8681437583925616
98
1
10
3.629517071192367
20
33.92795499968543
450
0
451
0
460
0
461
0
452
1
462
1
453
2
463
0
63
5
421
255
463
1
63
7
421
16777215
470
LINEAR
1001
ACAD
1010
0
1020
0
1030
0
  0
CIRCLE
  5
836
330
1F
100
AcDbEntity
  8
Multi-Layer
100
AcDbCircle
 10
3.9989839979680255
 20
-24.00111760223524
 30
0.0
 40
0.6000000000000001
  0
CIRCLE
  5
837
330
1F
100
AcDbEntity
  8
Multi-Layer
100
AcDbCircle
 10
3.9989839979680255
 20
-24.00111760223524
 30
0.0
 40
1
0
HATCH
5
838
100
AcDbEntity
8
Multi-Layer
100
AcDbHatch
10
0
20
0
30
0
210
0
220
0
230
1
2
SOLID
70
1
71
0
91
1
92
7
72
1
73
1
93
2
10
2.9989839979680255
20
-24.00111760223524
42
1
10
4.9989839979680255
20
-24.00111760223524
42
1
97
1
330

75
0
76
1
47
0.8681437583925616
98
1
10
3.629517071192367
20
33.92795499968543
450
0
451
0
460
0
461
0
452
1
462
1
453
2
463
0
63
5
421
255
463
1
63
7
421
16777215
470
LINEAR
1001
ACAD
1010
0
1020
0
1030
0
  0
CIRCLE
  5
839
330
1F
100
AcDbEntity
  8
TopSolderMaskLayer
100
AcDbCircle
 10
3.9989839979680255
 20
-18.001117602235126
 30
0.0
 40
0.615240030480061
  0
CIRCLE
  5
83a
330
1F
100
AcDbEntity
  8
TopSolderMaskLayer
100
AcDbCircle
 10
3.9989839979680255
 20
-18.001117602235126
 30
0.0
 40
1.0254000508001015
0
HATCH
5
83b
100
AcDbEntity
8
TopSolderMaskLayer
100
AcDbHatch
10
0
20
0
30
0
210
0
220
0
230
1
2
SOLID
70
1
71
0
91
1
92
7
72
1
73
1
93
2
10
2.973583947167924
20
-18.001117602235126
42
1
10
5.024384048768127
20
-18.001117602235126
42
1
97
1
330

75
0
76
1
47
0.8681437583925616
98
1
10
3.629517071192367
20
33.92795499968543
450
0
451
0
460
0
461
0
452
1
462
1
453
2
463
0
63
5
421
255
463
1
63
7
421
16777215
470
LINEAR
1001
ACAD
1010
0
1020
0
1030
0
  0
CIRCLE
  5
83c
330
1F
100
AcDbEntity
  8
BottomSolderMaskLayer
100
AcDbCircle
 10
3.9989839979680255
 20
-18.001117602235126
 30
0.0
 40
0.615240030480061
  0
CIRCLE
  5
83d
330
1F
100
AcDbEntity
  8
BottomSolderMaskLayer
100
AcDbCircle
 10
3.9989839979680255
 20
-18.001117602235126
 30
0.0
 40
1.0254000508001015
0
HATCH
5
83e
100
AcDbEntity
8
BottomSolderMaskLayer
100
AcDbHatch
10
0
20
0
30
0
210
0
220
0
230
1
2
SOLID
70
1
71
0
91
1
92
7
72
1
73
1
93
2
10
2.973583947167924
20
-18.001117602235126
42
1
10
5.024384048768127
20
-18.001117602235126
42
1
97
1
330

75
0
76
1
47
0.8681437583925616
98
1
10
3.629517071192367
20
33.92795499968543
450
0
451
0
460
0
461
0
452
1
462
1
453
2
463
0
63
5
421
255
463
1
63
7
421
16777215
470
LINEAR
1001
ACAD
1010
0
1020
0
1030
0
  0
CIRCLE
  5
83f
330
1F
100
AcDbEntity
  8
Multi-Layer
100
AcDbCircle
 10
3.9989839979680255
 20
-18.001117602235126
 30
0.0
 40
0.6000000000000001
  0
CIRCLE
  5
840
330
1F
100
AcDbEntity
  8
Multi-Layer
100
AcDbCircle
 10
3.9989839979680255
 20
-18.001117602235126
 30
0.0
 40
1
0
HATCH
5
841
100
AcDbEntity
8
Multi-Layer
100
AcDbHatch
10
0
20
0
30
0
210
0
220
0
230
1
2
SOLID
70
1
71
0
91
1
92
7
72
1
73
1
93
2
10
2.9989839979680255
20
-18.001117602235126
42
1
10
4.9989839979680255
20
-18.001117602235126
42
1
97
1
330

75
0
76
1
47
0.8681437583925616
98
1
10
3.629517071192367
20
33.92795499968543
450
0
451
0
460
0
461
0
452
1
462
1
453
2
463
0
63
5
421
255
463
1
63
7
421
16777215
470
LINEAR
1001
ACAD
1010
0
1020
0
1030
0
  0
CIRCLE
  5
842
330
1F
100
AcDbEntity
  8
TopSolderMaskLayer
100
AcDbCircle
 10
4
 20
-33
 30
0.0
 40
0.615240030480061
  0
CIRCLE
  5
843
330
1F
100
AcDbEntity
  8
TopSolderMaskLayer
100
AcDbCircle
 10
4
 20
-33
 30
0.0
 40
1.0254000508001015
0
HATCH
5
844
100
AcDbEntity
8
TopSolderMaskLayer
100
AcDbHatch
10
0
20
0
30
0
210
0
220
0
230
1
2
SOLID
70
1
71
0
91
1
92
7
72
1
73
1
93
2
10
2.9745999491998987
20
-33
42
1
10
5.025400050800101
20
-33
42
1
97
1
330

75
0
76
1
47
0.8681437583925616
98
1
10
3.629517071192367
20
33.92795499968543
450
0
451
0
460
0
461
0
452
1
462
1
453
2
463
0
63
5
421
255
463
1
63
7
421
16777215
470
LINEAR
1001
ACAD
1010
0
1020
0
1030
0
  0
CIRCLE
  5
845
330
1F
100
AcDbEntity
  8
BottomSolderMaskLayer
100
AcDbCircle
 10
4
 20
-33
 30
0.0
 40
0.615240030480061
  0
CIRCLE
  5
846
330
1F
100
AcDbEntity
  8
BottomSolderMaskLayer
100
AcDbCircle
 10
4
 20
-33
 30
0.0
 40
1.0254000508001015
0
HATCH
5
847
100
AcDbEntity
8
BottomSolderMaskLayer
100
AcDbHatch
10
0
20
0
30
0
210
0
220
0
230
1
2
SOLID
70
1
71
0
91
1
92
7
72
1
73
1
93
2
10
2.9745999491998987
20
-33
42
1
10
5.025400050800101
20
-33
42
1
97
1
330

75
0
76
1
47
0.8681437583925616
98
1
10
3.629517071192367
20
33.92795499968543
450
0
451
0
460
0
461
0
452
1
462
1
453
2
463
0
63
5
421
255
463
1
63
7
421
16777215
470
LINEAR
1001
ACAD
1010
0
1020
0
1030
0
  0
CIRCLE
  5
848
330
1F
100
AcDbEntity
  8
Multi-Layer
100
AcDbCircle
 10
4
 20
-33
 30
0.0
 40
0.6000000000000001
  0
CIRCLE
  5
849
330
1F
100
AcDbEntity
  8
Multi-Layer
100
AcDbCircle
 10
4
 20
-33
 30
0.0
 40
1
0
HATCH
5
84a
100
AcDbEntity
8
Multi-Layer
100
AcDbHatch
10
0
20
0
30
0
210
0
220
0
230
1
2
SOLID
70
1
71
0
91
1
92
7
72
1
73
1
93
2
10
3
20
-33
42
1
10
5
20
-33
42
1
97
1
330

75
0
76
1
47
0.8681437583925616
98
1
10
3.629517071192367
20
33.92795499968543
450
0
451
0
460
0
461
0
452
1
462
1
453
2
463
0
63
5
421
255
463
1
63
7
421
16777215
470
LINEAR
1001
ACAD
1010
0
1020
0
1030
0
  0
CIRCLE
  5
84b
330
1F
100
AcDbEntity
  8
TopSolderMaskLayer
100
AcDbCircle
 10
4
 20
-27
 30
0.0
 40
0.615240030480061
  0
CIRCLE
  5
84c
330
1F
100
AcDbEntity
  8
TopSolderMaskLayer
100
AcDbCircle
 10
4
 20
-27
 30
0.0
 40
1.0254000508001015
0
HATCH
5
84d
100
AcDbEntity
8
TopSolderMaskLayer
100
AcDbHatch
10
0
20
0
30
0
210
0
220
0
230
1
2
SOLID
70
1
71
0
91
1
92
7
72
1
73
1
93
2
10
2.9745999491998987
20
-27
42
1
10
5.025400050800101
20
-27
42
1
97
1
330

75
0
76
1
47
0.8681437583925616
98
1
10
3.629517071192367
20
33.92795499968543
450
0
451
0
460
0
461
0
452
1
462
1
453
2
463
0
63
5
421
255
463
1
63
7
421
16777215
470
LINEAR
1001
ACAD
1010
0
1020
0
1030
0
  0
CIRCLE
  5
84e
330
1F
100
AcDbEntity
  8
BottomSolderMaskLayer
100
AcDbCircle
 10
4
 20
-27
 30
0.0
 40
0.615240030480061
  0
CIRCLE
  5
84f
330
1F
100
AcDbEntity
  8
BottomSolderMaskLayer
100
AcDbCircle
 10
4
 20
-27
 30
0.0
 40
1.0254000508001015
0
HATCH
5
850
100
AcDbEntity
8
BottomSolderMaskLayer
100
AcDbHatch
10
0
20
0
30
0
210
0
220
0
230
1
2
SOLID
70
1
71
0
91
1
92
7
72
1
73
1
93
2
10
2.9745999491998987
20
-27
42
1
10
5.025400050800101
20
-27
42
1
97
1
330

75
0
76
1
47
0.8681437583925616
98
1
10
3.629517071192367
20
33.92795499968543
450
0
451
0
460
0
461
0
452
1
462
1
453
2
463
0
63
5
421
255
463
1
63
7
421
16777215
470
LINEAR
1001
ACAD
1010
0
1020
0
1030
0
  0
CIRCLE
  5
851
330
1F
100
AcDbEntity
  8
Multi-Layer
100
AcDbCircle
 10
4
 20
-27
 30
0.0
 40
0.6000000000000001
  0
CIRCLE
  5
852
330
1F
100
AcDbEntity
  8
Multi-Layer
100
AcDbCircle
 10
4
 20
-27
 30
0.0
 40
1
0
HATCH
5
853
100
AcDbEntity
8
Multi-Layer
100
AcDbHatch
10
0
20
0
30
0
210
0
220
0
230
1
2
SOLID
70
1
71
0
91
1
92
7
72
1
73
1
93
2
10
3
20
-27
42
1
10
5
20
-27
42
1
97
1
330

75
0
76
1
47
0.8681437583925616
98
1
10
3.629517071192367
20
33.92795499968543
450
0
451
0
460
0
461
0
452
1
462
1
453
2
463
0
63
5
421
255
463
1
63
7
421
16777215
470
LINEAR
1001
ACAD
1010
0
1020
0
1030
0
  0
CIRCLE
  5
854
330
1F
100
AcDbEntity
  8
TopSolderMaskLayer
100
AcDbCircle
 10
49.27000254000495
 20
-6
 30
0.0
 40
0.5655353117157847
  0
CIRCLE
  5
855
330
1F
100
AcDbEntity
  8
TopSolderMaskLayer
100
AcDbCircle
 10
49.27000254000495
 20
-6
 30
0.0
 40
0.9254000508001016
0
HATCH
5
856
100
AcDbEntity
8
TopSolderMaskLayer
100
AcDbHatch
10
0
20
0
30
0
210
0
220
0
230
1
2
SOLID
70
1
71
0
91
1
92
7
72
1
73
1
93
2
10
48.34460248920485
20
-6
42
1
10
50.19540259080505
20
-6
42
1
97
1
330

75
0
76
1
47
0.8681437583925616
98
1
10
3.629517071192367
20
33.92795499968543
450
0
451
0
460
0
461
0
452
1
462
1
453
2
463
0
63
5
421
255
463
1
63
7
421
16777215
470
LINEAR
1001
ACAD
1010
0
1020
0
1030
0
  0
CIRCLE
  5
857
330
1F
100
AcDbEntity
  8
BottomSolderMaskLayer
100
AcDbCircle
 10
49.27000254000495
 20
-6
 30
0.0
 40
0.5655353117157847
  0
CIRCLE
  5
858
330
1F
100
AcDbEntity
  8
BottomSolderMaskLayer
100
AcDbCircle
 10
49.27000254000495
 20
-6
 30
0.0
 40
0.9254000508001016
0
HATCH
5
859
100
AcDbEntity
8
BottomSolderMaskLayer
100
AcDbHatch
10
0
20
0
30
0
210
0
220
0
230
1
2
SOLID
70
1
71
0
91
1
92
7
72
1
73
1
93
2
10
48.34460248920485
20
-6
42
1
10
50.19540259080505
20
-6
42
1
97
1
330

75
0
76
1
47
0.8681437583925616
98
1
10
3.629517071192367
20
33.92795499968543
450
0
451
0
460
0
461
0
452
1
462
1
453
2
463
0
63
5
421
255
463
1
63
7
421
16777215
470
LINEAR
1001
ACAD
1010
0
1020
0
1030
0
  0
CIRCLE
  5
85a
330
1F
100
AcDbEntity
  8
Multi-Layer
100
AcDbCircle
 10
49.27000254000495
 20
-6
 30
0.0
 40
0.5500127000254001
  0
CIRCLE
  5
85b
330
1F
100
AcDbEntity
  8
Multi-Layer
100
AcDbCircle
 10
49.27000254000495
 20
-6
 30
0.0
 40
0.9000000000000001
0
HATCH
5
85c
100
AcDbEntity
8
Multi-Layer
100
AcDbHatch
10
0
20
0
30
0
210
0
220
0
230
1
2
SOLID
70
1
71
0
91
1
92
7
72
1
73
1
93
2
10
48.370002540004954
20
-6
42
1
10
50.17000254000495
20
-6
42
1
97
1
330

75
0
76
1
47
0.8681437583925616
98
1
10
3.629517071192367
20
33.92795499968543
450
0
451
0
460
0
461
0
452
1
462
1
453
2
463
0
63
5
421
255
463
1
63
7
421
16777215
470
LINEAR
1001
ACAD
1010
0
1020
0
1030
0
  0
CIRCLE
  5
86f
330
1F
100
AcDbEntity
  8
TopSolderMaskLayer
100
AcDbCircle
 10
48
 20
3
 30
0.0
 40
0.5661936530704181
  0
CIRCLE
  5
870
330
1F
100
AcDbEntity
  8
TopSolderMaskLayer
100
AcDbCircle
 10
48
 20
3
 30
0.0
 40
0.8750063500127
0
HATCH
5
871
100
AcDbEntity
8
TopSolderMaskLayer
100
AcDbHatch
10
0
20
0
30
0
210
0
220
0
230
1
2
SOLID
70
1
71
0
91
1
92
7
72
1
73
1
93
2
10
47.1249936499873
20
3
42
1
10
48.8750063500127
20
3
42
1
97
1
330

75
0
76
1
47
0.8681437583925616
98
1
10
3.629517071192367
20
33.92795499968543
450
0
451
0
460
0
461
0
452
1
462
1
453
2
463
0
63
5
421
255
463
1
63
7
421
16777215
470
LINEAR
1001
ACAD
1010
0
1020
0
1030
0
  0
CIRCLE
  5
872
330
1F
100
AcDbEntity
  8
BottomSolderMaskLayer
100
AcDbCircle
 10
48
 20
3
 30
0.0
 40
0.5661936530704181
  0
CIRCLE
  5
873
330
1F
100
AcDbEntity
  8
BottomSolderMaskLayer
100
AcDbCircle
 10
48
 20
3
 30
0.0
 40
0.8750063500127
0
HATCH
5
874
100
AcDbEntity
8
BottomSolderMaskLayer
100
AcDbHatch
10
0
20
0
30
0
210
0
220
0
230
1
2
SOLID
70
1
71
0
91
1
92
7
72
1
73
1
93
2
10
47.1249936499873
20
3
42
1
10
48.8750063500127
20
3
42
1
97
1
330

75
0
76
1
47
0.8681437583925616
98
1
10
3.629517071192367
20
33.92795499968543
450
0
451
0
460
0
461
0
452
1
462
1
453
2
463
0
63
5
421
255
463
1
63
7
421
16777215
470
LINEAR
1001
ACAD
1010
0
1020
0
1030
0
  0
CIRCLE
  5
875
330
1F
100
AcDbEntity
  8
Multi-Layer
100
AcDbCircle
 10
48
 20
3
 30
0.0
 40
0.5500127000254001
  0
CIRCLE
  5
876
330
1F
100
AcDbEntity
  8
Multi-Layer
100
AcDbCircle
 10
48
 20
3
 30
0.0
 40
0.8500000000000001
0
HATCH
5
877
100
AcDbEntity
8
Multi-Layer
100
AcDbHatch
10
0
20
0
30
0
210
0
220
0
230
1
2
SOLID
70
1
71
0
91
1
92
7
72
1
73
1
93
2
10
47.15
20
3
42
1
10
48.85
20
3
42
1
97
1
330

75
0
76
1
47
0.8681437583925616
98
1
10
3.629517071192367
20
33.92795499968543
450
0
451
0
460
0
461
0
452
1
462
1
453
2
463
0
63
5
421
255
463
1
63
7
421
16777215
470
LINEAR
1001
ACAD
1010
0
1020
0
1030
0
  0
CIRCLE
  5
878
330
1F
100
AcDbEntity
  8
TopSolderMaskLayer
100
AcDbCircle
 10
50.54000508001013
 20
3
 30
0.0
 40
0.5661936530704181
  0
CIRCLE
  5
879
330
1F
100
AcDbEntity
  8
TopSolderMaskLayer
100
AcDbCircle
 10
50.54000508001013
 20
3
 30
0.0
 40
0.8750063500127
0
HATCH
5
87a
100
AcDbEntity
8
TopSolderMaskLayer
100
AcDbHatch
10
0
20
0
30
0
210
0
220
0
230
1
2
SOLID
70
1
71
0
91
1
92
7
72
1
73
1
93
2
10
49.664998729997436
20
3
42
1
10
51.41501143002283
20
3
42
1
97
1
330

75
0
76
1
47
0.8681437583925616
98
1
10
3.629517071192367
20
33.92795499968543
450
0
451
0
460
0
461
0
452
1
462
1
453
2
463
0
63
5
421
255
463
1
63
7
421
16777215
470
LINEAR
1001
ACAD
1010
0
1020
0
1030
0
  0
CIRCLE
  5
87b
330
1F
100
AcDbEntity
  8
BottomSolderMaskLayer
100
AcDbCircle
 10
50.54000508001013
 20
3
 30
0.0
 40
0.5661936530704181
  0
CIRCLE
  5
87c
330
1F
100
AcDbEntity
  8
BottomSolderMaskLayer
100
AcDbCircle
 10
50.54000508001013
 20
3
 30
0.0
 40
0.8750063500127
0
HATCH
5
87d
100
AcDbEntity
8
BottomSolderMaskLayer
100
AcDbHatch
10
0
20
0
30
0
210
0
220
0
230
1
2
SOLID
70
1
71
0
91
1
92
7
72
1
73
1
93
2
10
49.664998729997436
20
3
42
1
10
51.41501143002283
20
3
42
1
97
1
330

75
0
76
1
47
0.8681437583925616
98
1
10
3.629517071192367
20
33.92795499968543
450
0
451
0
460
0
461
0
452
1
462
1
453
2
463
0
63
5
421
255
463
1
63
7
421
16777215
470
LINEAR
1001
ACAD
1010
0
1020
0
1030
0
  0
CIRCLE
  5
87e
330
1F
100
AcDbEntity
  8
Multi-Layer
100
AcDbCircle
 10
50.54000508001013
 20
3
 30
0.0
 40
0.5500127000254001
  0
CIRCLE
  5
87f
330
1F
100
AcDbEntity
  8
Multi-Layer
100
AcDbCircle
 10
50.54000508001013
 20
3
 30
0.0
 40
0.8500000000000001
0
HATCH
5
880
100
AcDbEntity
8
Multi-Layer
100
AcDbHatch
10
0
20
0
30
0
210
0
220
0
230
1
2
SOLID
70
1
71
0
91
1
92
7
72
1
73
1
93
2
10
49.69000508001013
20
3
42
1
10
51.390005080010134
20
3
42
1
97
1
330

75
0
76
1
47
0.8681437583925616
98
1
10
3.629517071192367
20
33.92795499968543
450
0
451
0
460
0
461
0
452
1
462
1
453
2
463
0
63
5
421
255
463
1
63
7
421
16777215
470
LINEAR
1001
ACAD
1010
0
1020
0
1030
0
  0
CIRCLE
  5
8db
330
1F
100
AcDbEntity
  8
TopSolderMaskLayer
100
AcDbCircle
 10
22.500000000000227
 20
-118
 30
0.0
 40
0.46501312335958017
  0
CIRCLE
  5
8dc
330
1F
100
AcDbEntity
  8
TopSolderMaskLayer
100
AcDbCircle
 10
22.500127000253997
 20
-118.000127000254
 30
0.0
 40
0.7874015748031498
0
HATCH
5
8dd
100
AcDbEntity
8
TopSolderMaskLayer
100
AcDbHatch
10
0
20
0
30
0
210
0
220
0
230
1
2
SOLID
70
1
71
0
91
1
92
7
72
1
73
1
93
2
10
21.71272542545085
20
-118.000127000254
42
1
10
23.287528575057145
20
-118.000127000254
42
1
97
1
330

75
0
76
1
47
0.8681437583925616
98
1
10
3.629517071192367
20
33.92795499968543
450
0
451
0
460
0
461
0
452
1
462
1
453
2
463
0
63
5
421
255
463
1
63
7
421
16777215
470
LINEAR
1001
ACAD
1010
0
1020
0
1030
0
  0
CIRCLE
  5
8de
330
1F
100
AcDbEntity
  8
BottomSolderMaskLayer
100
AcDbCircle
 10
22.500000000000227
 20
-118
 30
0.0
 40
0.46501312335958017
  0
CIRCLE
  5
8df
330
1F
100
AcDbEntity
  8
BottomSolderMaskLayer
100
AcDbCircle
 10
22.500127000253997
 20
-118.000127000254
 30
0.0
 40
0.7874015748031498
0
HATCH
5
8e0
100
AcDbEntity
8
BottomSolderMaskLayer
100
AcDbHatch
10
0
20
0
30
0
210
0
220
0
230
1
2
SOLID
70
1
71
0
91
1
92
7
72
1
73
1
93
2
10
21.71272542545085
20
-118.000127000254
42
1
10
23.287528575057145
20
-118.000127000254
42
1
97
1
330

75
0
76
1
47
0.8681437583925616
98
1
10
3.629517071192367
20
33.92795499968543
450
0
451
0
460
0
461
0
452
1
462
1
453
2
463
0
63
5
421
255
463
1
63
7
421
16777215
470
LINEAR
1001
ACAD
1010
0
1020
0
1030
0
  0
CIRCLE
  5
8e1
330
1F
100
AcDbEntity
  8
Multi-Layer
100
AcDbCircle
 10
22.500000000000227
 20
-118
 30
0.0
 40
0.4500127000254001
  0
CIRCLE
  5
8e2
330
1F
100
AcDbEntity
  8
Multi-Layer
100
AcDbCircle
 10
22.500127000253997
 20
-118.000127000254
 30
0.0
 40
0.7620015240030481
0
HATCH
5
8e3
100
AcDbEntity
8
Multi-Layer
100
AcDbHatch
10
0
20
0
30
0
210
0
220
0
230
1
2
SOLID
70
1
71
0
91
1
92
7
72
1
73
1
93
2
10
21.73812547625095
20
-118.000127000254
42
1
10
23.262128524257044
20
-118.000127000254
42
1
97
1
330

75
0
76
1
47
0.8681437583925616
98
1
10
3.629517071192367
20
33.92795499968543
450
0
451
0
460
0
461
0
452
1
462
1
453
2
463
0
63
5
421
255
463
1
63
7
421
16777215
470
LINEAR
1001
ACAD
1010
0
1020
0
1030
0
  0
CIRCLE
  5
8e4
330
1F
100
AcDbEntity
  8
TopSolderMaskLayer
100
AcDbCircle
 10
22.500000000000227
 20
-110.00000000000011
 30
0.0
 40
0.46501312335958017
  0
CIRCLE
  5
8e5
330
1F
100
AcDbEntity
  8
TopSolderMaskLayer
100
AcDbCircle
 10
22.500127000253997
 20
-110.000127000254
 30
0.0
 40
0.7874015748031498
0
HATCH
5
8e6
100
AcDbEntity
8
TopSolderMaskLayer
100
AcDbHatch
10
0
20
0
30
0
210
0
220
0
230
1
2
SOLID
70
1
71
0
91
1
92
7
72
1
73
1
93
2
10
21.71272542545085
20
-110.000127000254
42
1
10
23.287528575057145
20
-110.000127000254
42
1
97
1
330

75
0
76
1
47
0.8681437583925616
98
1
10
3.629517071192367
20
33.92795499968543
450
0
451
0
460
0
461
0
452
1
462
1
453
2
463
0
63
5
421
255
463
1
63
7
421
16777215
470
LINEAR
1001
ACAD
1010
0
1020
0
1030
0
  0
CIRCLE
  5
8e7
330
1F
100
AcDbEntity
  8
BottomSolderMaskLayer
100
AcDbCircle
 10
22.500000000000227
 20
-110.00000000000011
 30
0.0
 40
0.46501312335958017
  0
CIRCLE
  5
8e8
330
1F
100
AcDbEntity
  8
BottomSolderMaskLayer
100
AcDbCircle
 10
22.500127000253997
 20
-110.000127000254
 30
0.0
 40
0.7874015748031498
0
HATCH
5
8e9
100
AcDbEntity
8
BottomSolderMaskLayer
100
AcDbHatch
10
0
20
0
30
0
210
0
220
0
230
1
2
SOLID
70
1
71
0
91
1
92
7
72
1
73
1
93
2
10
21.71272542545085
20
-110.000127000254
42
1
10
23.287528575057145
20
-110.000127000254
42
1
97
1
330

75
0
76
1
47
0.8681437583925616
98
1
10
3.629517071192367
20
33.92795499968543
450
0
451
0
460
0
461
0
452
1
462
1
453
2
463
0
63
5
421
255
463
1
63
7
421
16777215
470
LINEAR
1001
ACAD
1010
0
1020
0
1030
0
  0
CIRCLE
  5
8ea
330
1F
100
AcDbEntity
  8
Multi-Layer
100
AcDbCircle
 10
22.500000000000227
 20
-110.00000000000011
 30
0.0
 40
0.4500127000254001
  0
CIRCLE
  5
8eb
330
1F
100
AcDbEntity
  8
Multi-Layer
100
AcDbCircle
 10
22.500127000253997
 20
-110.000127000254
 30
0.0
 40
0.7620015240030481
0
HATCH
5
8ec
100
AcDbEntity
8
Multi-Layer
100
AcDbHatch
10
0
20
0
30
0
210
0
220
0
230
1
2
SOLID
70
1
71
0
91
1
92
7
72
1
73
1
93
2
10
21.73812547625095
20
-110.000127000254
42
1
10
23.262128524257044
20
-110.000127000254
42
1
97
1
330

75
0
76
1
47
0.8681437583925616
98
1
10
3.629517071192367
20
33.92795499968543
450
0
451
0
460
0
461
0
452
1
462
1
453
2
463
0
63
5
421
255
463
1
63
7
421
16777215
470
LINEAR
1001
ACAD
1010
0
1020
0
1030
0
  0
CIRCLE
  5
8ed
330
1F
100
AcDbEntity
  8
TopSolderMaskLayer
100
AcDbCircle
 10
16
 20
-49
 30
0.0
 40
0.41428571428571437
  0
CIRCLE
  5
8ee
330
1F
100
AcDbEntity
  8
TopSolderMaskLayer
100
AcDbCircle
 10
15.999872999746003
 20
-49
 30
0.0
 40
0.7250000000000001
0
HATCH
5
8ef
100
AcDbEntity
8
TopSolderMaskLayer
100
AcDbHatch
10
0
20
0
30
0
210
0
220
0
230
1
2
SOLID
70
1
71
0
91
1
92
7
72
1
73
1
93
2
10
15.274872999746004
20
-49
42
1
10
16.724872999746005
20
-49
42
1
97
1
330

75
0
76
1
47
0.8681437583925616
98
1
10
3.629517071192367
20
33.92795499968543
450
0
451
0
460
0
461
0
452
1
462
1
453
2
463
0
63
5
421
255
463
1
63
7
421
16777215
470
LINEAR
1001
ACAD
1010
0
1020
0
1030
0
  0
CIRCLE
  5
8f0
330
1F
100
AcDbEntity
  8
BottomSolderMaskLayer
100
AcDbCircle
 10
16
 20
-49
 30
0.0
 40
0.41428571428571437
  0
CIRCLE
  5
8f1
330
1F
100
AcDbEntity
  8
BottomSolderMaskLayer
100
AcDbCircle
 10
15.999872999746003
 20
-49
 30
0.0
 40
0.7250000000000001
0
HATCH
5
8f2
100
AcDbEntity
8
BottomSolderMaskLayer
100
AcDbHatch
10
0
20
0
30
0
210
0
220
0
230
1
2
SOLID
70
1
71
0
91
1
92
7
72
1
73
1
93
2
10
15.274872999746004
20
-49
42
1
10
16.724872999746005
20
-49
42
1
97
1
330

75
0
76
1
47
0.8681437583925616
98
1
10
3.629517071192367
20
33.92795499968543
450
0
451
0
460
0
461
0
452
1
462
1
453
2
463
0
63
5
421
255
463
1
63
7
421
16777215
470
LINEAR
1001
ACAD
1010
0
1020
0
1030
0
  0
CIRCLE
  5
8f3
330
1F
100
AcDbEntity
  8
Multi-Layer
100
AcDbCircle
 10
16
 20
-49
 30
0.0
 40
0.4
  0
CIRCLE
  5
8f4
330
1F
100
AcDbEntity
  8
Multi-Layer
100
AcDbCircle
 10
15.999872999746003
 20
-49
 30
0.0
 40
0.7000000000000001
0
HATCH
5
8f5
100
AcDbEntity
8
Multi-Layer
100
AcDbHatch
10
0
20
0
30
0
210
0
220
0
230
1
2
SOLID
70
1
71
0
91
1
92
7
72
1
73
1
93
2
10
15.299872999746004
20
-49
42
1
10
16.699872999746002
20
-49
42
1
97
1
330

75
0
76
1
47
0.8681437583925616
98
1
10
3.629517071192367
20
33.92795499968543
450
0
451
0
460
0
461
0
452
1
462
1
453
2
463
0
63
5
421
255
463
1
63
7
421
16777215
470
LINEAR
1001
ACAD
1010
0
1020
0
1030
0
  0
CIRCLE
  5
8f6
330
1F
100
AcDbEntity
  8
TopSolderMaskLayer
100
AcDbCircle
 10
8
 20
-49
 30
0.0
 40
0.41428571428571437
  0
CIRCLE
  5
8f7
330
1F
100
AcDbEntity
  8
TopSolderMaskLayer
100
AcDbCircle
 10
7.999872999746003
 20
-49
 30
0.0
 40
0.7250000000000001
0
HATCH
5
8f8
100
AcDbEntity
8
TopSolderMaskLayer
100
AcDbHatch
10
0
20
0
30
0
210
0
220
0
230
1
2
SOLID
70
1
71
0
91
1
92
7
72
1
73
1
93
2
10
7.2748729997460035
20
-49
42
1
10
8.724872999746003
20
-49
42
1
97
1
330

75
0
76
1
47
0.8681437583925616
98
1
10
3.629517071192367
20
33.92795499968543
450
0
451
0
460
0
461
0
452
1
462
1
453
2
463
0
63
5
421
255
463
1
63
7
421
16777215
470
LINEAR
1001
ACAD
1010
0
1020
0
1030
0
  0
CIRCLE
  5
8f9
330
1F
100
AcDbEntity
  8
BottomSolderMaskLayer
100
AcDbCircle
 10
8
 20
-49
 30
0.0
 40
0.41428571428571437
  0
CIRCLE
  5
8fa
330
1F
100
AcDbEntity
  8
BottomSolderMaskLayer
100
AcDbCircle
 10
7.999872999746003
 20
-49
 30
0.0
 40
0.7250000000000001
0
HATCH
5
8fb
100
AcDbEntity
8
BottomSolderMaskLayer
100
AcDbHatch
10
0
20
0
30
0
210
0
220
0
230
1
2
SOLID
70
1
71
0
91
1
92
7
72
1
73
1
93
2
10
7.2748729997460035
20
-49
42
1
10
8.724872999746003
20
-49
42
1
97
1
330

75
0
76
1
47
0.8681437583925616
98
1
10
3.629517071192367
20
33.92795499968543
450
0
451
0
460
0
461
0
452
1
462
1
453
2
463
0
63
5
421
255
463
1
63
7
421
16777215
470
LINEAR
1001
ACAD
1010
0
1020
0
1030
0
  0
CIRCLE
  5
8fc
330
1F
100
AcDbEntity
  8
Multi-Layer
100
AcDbCircle
 10
8
 20
-49
 30
0.0
 40
0.4
  0
CIRCLE
  5
8fd
330
1F
100
AcDbEntity
  8
Multi-Layer
100
AcDbCircle
 10
7.999872999746003
 20
-49
 30
0.0
 40
0.7000000000000001
0
HATCH
5
8fe
100
AcDbEntity
8
Multi-Layer
100
AcDbHatch
10
0
20
0
30
0
210
0
220
0
230
1
2
SOLID
70
1
71
0
91
1
92
7
72
1
73
1
93
2
10
7.299872999746003
20
-49
42
1
10
8.699872999746002
20
-49
42
1
97
1
330

75
0
76
1
47
0.8681437583925616
98
1
10
3.629517071192367
20
33.92795499968543
450
0
451
0
460
0
461
0
452
1
462
1
453
2
463
0
63
5
421
255
463
1
63
7
421
16777215
470
LINEAR
1001
ACAD
1010
0
1020
0
1030
0
  0
CIRCLE
  5
8ff
330
1F
100
AcDbEntity
  8
TopSolderMaskLayer
100
AcDbCircle
 10
34
 20
-56.000000000000114
 30
0.0
 40
0.7627129404796444
  0
CIRCLE
  5
900
330
1F
100
AcDbEntity
  8
TopSolderMaskLayer
100
AcDbCircle
 10
34
 20
-56.000000000000114
 30
0.0
 40
1.525400050800102
0
HATCH
5
901
100
AcDbEntity
8
TopSolderMaskLayer
100
AcDbHatch
10
0
20
0
30
0
210
0
220
0
230
1
2
SOLID
70
1
71
0
91
1
92
7
72
1
73
1
93
2
10
32.4745999491999
20
-56.000000000000114
42
1
10
35.5254000508001
20
-56.000000000000114
42
1
97
1
330

75
0
76
1
47
0.8681437583925616
98
1
10
3.629517071192367
20
33.92795499968543
450
0
451
0
460
0
461
0
452
1
462
1
453
2
463
0
63
5
421
255
463
1
63
7
421
16777215
470
LINEAR
1001
ACAD
1010
0
1020
0
1030
0
  0
CIRCLE
  5
902
330
1F
100
AcDbEntity
  8
BottomSolderMaskLayer
100
AcDbCircle
 10
34
 20
-56.000000000000114
 30
0.0
 40
0.7627129404796444
  0
CIRCLE
  5
903
330
1F
100
AcDbEntity
  8
BottomSolderMaskLayer
100
AcDbCircle
 10
34
 20
-56.000000000000114
 30
0.0
 40
1.525400050800102
0
HATCH
5
904
100
AcDbEntity
8
BottomSolderMaskLayer
100
AcDbHatch
10
0
20
0
30
0
210
0
220
0
230
1
2
SOLID
70
1
71
0
91
1
92
7
72
1
73
1
93
2
10
32.4745999491999
20
-56.000000000000114
42
1
10
35.5254000508001
20
-56.000000000000114
42
1
97
1
330

75
0
76
1
47
0.8681437583925616
98
1
10
3.629517071192367
20
33.92795499968543
450
0
451
0
460
0
461
0
452
1
462
1
453
2
463
0
63
5
421
255
463
1
63
7
421
16777215
470
LINEAR
1001
ACAD
1010
0
1020
0
1030
0
  0
CIRCLE
  5
905
330
1F
100
AcDbEntity
  8
Multi-Layer
100
AcDbCircle
 10
34
 20
-56.000000000000114
 30
0.0
 40
0.7500127000254001
  0
CIRCLE
  5
906
330
1F
100
AcDbEntity
  8
Multi-Layer
100
AcDbCircle
 10
34
 20
-56.000000000000114
 30
0.0
 40
1.5000000000000002
0
HATCH
5
907
100
AcDbEntity
8
Multi-Layer
100
AcDbHatch
10
0
20
0
30
0
210
0
220
0
230
1
2
SOLID
70
1
71
0
91
1
92
7
72
1
73
1
93
2
10
32.5
20
-56.000000000000114
42
1
10
35.5
20
-56.000000000000114
42
1
97
1
330

75
0
76
1
47
0.8681437583925616
98
1
10
3.629517071192367
20
33.92795499968543
450
0
451
0
460
0
461
0
452
1
462
1
453
2
463
0
63
5
421
255
463
1
63
7
421
16777215
470
LINEAR
1001
ACAD
1010
0
1020
0
1030
0
  0
CIRCLE
  5
908
330
1F
100
AcDbEntity
  8
TopSolderMaskLayer
100
AcDbCircle
 10
50.00000000000023
 20
-56.000000000000114
 30
0.0
 40
0.7627129404796444
  0
CIRCLE
  5
909
330
1F
100
AcDbEntity
  8
TopSolderMaskLayer
100
AcDbCircle
 10
50.00000000000023
 20
-56.000000000000114
 30
0.0
 40
1.525400050800102
0
HATCH
5
90a
100
AcDbEntity
8
TopSolderMaskLayer
100
AcDbHatch
10
0
20
0
30
0
210
0
220
0
230
1
2
SOLID
70
1
71
0
91
1
92
7
72
1
73
1
93
2
10
48.474599949200126
20
-56.000000000000114
42
1
10
51.52540005080033
20
-56.000000000000114
42
1
97
1
330

75
0
76
1
47
0.8681437583925616
98
1
10
3.629517071192367
20
33.92795499968543
450
0
451
0
460
0
461
0
452
1
462
1
453
2
463
0
63
5
421
255
463
1
63
7
421
16777215
470
LINEAR
1001
ACAD
1010
0
1020
0
1030
0
  0
CIRCLE
  5
90b
330
1F
100
AcDbEntity
  8
BottomSolderMaskLayer
100
AcDbCircle
 10
50.00000000000023
 20
-56.000000000000114
 30
0.0
 40
0.7627129404796444
  0
CIRCLE
  5
90c
330
1F
100
AcDbEntity
  8
BottomSolderMaskLayer
100
AcDbCircle
 10
50.00000000000023
 20
-56.000000000000114
 30
0.0
 40
1.525400050800102
0
HATCH
5
90d
100
AcDbEntity
8
BottomSolderMaskLayer
100
AcDbHatch
10
0
20
0
30
0
210
0
220
0
230
1
2
SOLID
70
1
71
0
91
1
92
7
72
1
73
1
93
2
10
48.474599949200126
20
-56.000000000000114
42
1
10
51.52540005080033
20
-56.000000000000114
42
1
97
1
330

75
0
76
1
47
0.8681437583925616
98
1
10
3.629517071192367
20
33.92795499968543
450
0
451
0
460
0
461
0
452
1
462
1
453
2
463
0
63
5
421
255
463
1
63
7
421
16777215
470
LINEAR
1001
ACAD
1010
0
1020
0
1030
0
  0
CIRCLE
  5
90e
330
1F
100
AcDbEntity
  8
Multi-Layer
100
AcDbCircle
 10
50.00000000000023
 20
-56.000000000000114
 30
0.0
 40
0.7500127000254001
  0
CIRCLE
  5
90f
330
1F
100
AcDbEntity
  8
Multi-Layer
100
AcDbCircle
 10
50.00000000000023
 20
-56.000000000000114
 30
0.0
 40
1.5000000000000002
0
HATCH
5
910
100
AcDbEntity
8
Multi-Layer
100
AcDbHatch
10
0
20
0
30
0
210
0
220
0
230
1
2
SOLID
70
1
71
0
91
1
92
7
72
1
73
1
93
2
10
48.50000000000023
20
-56.000000000000114
42
1
10
51.50000000000023
20
-56.000000000000114
42
1
97
1
330

75
0
76
1
47
0.8681437583925616
98
1
10
3.629517071192367
20
33.92795499968543
450
0
451
0
460
0
461
0
452
1
462
1
453
2
463
0
63
5
421
255
463
1
63
7
421
16777215
470
LINEAR
1001
ACAD
1010
0
1020
0
1030
0
  0
CIRCLE
  5
911
330
1F
100
AcDbEntity
  8
TopSolderMaskLayer
100
AcDbCircle
 10
4
 20
-56.000000000000114
 30
0.0
 40
0.7627129404796444
  0
CIRCLE
  5
912
330
1F
100
AcDbEntity
  8
TopSolderMaskLayer
100
AcDbCircle
 10
4
 20
-56.000000000000114
 30
0.0
 40
1.525400050800102
0
HATCH
5
913
100
AcDbEntity
8
TopSolderMaskLayer
100
AcDbHatch
10
0
20
0
30
0
210
0
220
0
230
1
2
SOLID
70
1
71
0
91
1
92
7
72
1
73
1
93
2
10
2.474599949199898
20
-56.000000000000114
42
1
10
5.525400050800102
20
-56.000000000000114
42
1
97
1
330

75
0
76
1
47
0.8681437583925616
98
1
10
3.629517071192367
20
33.92795499968543
450
0
451
0
460
0
461
0
452
1
462
1
453
2
463
0
63
5
421
255
463
1
63
7
421
16777215
470
LINEAR
1001
ACAD
1010
0
1020
0
1030
0
  0
CIRCLE
  5
914
330
1F
100
AcDbEntity
  8
BottomSolderMaskLayer
100
AcDbCircle
 10
4
 20
-56.000000000000114
 30
0.0
 40
0.7627129404796444
  0
CIRCLE
  5
915
330
1F
100
AcDbEntity
  8
BottomSolderMaskLayer
100
AcDbCircle
 10
4
 20
-56.000000000000114
 30
0.0
 40
1.525400050800102
0
HATCH
5
916
100
AcDbEntity
8
BottomSolderMaskLayer
100
AcDbHatch
10
0
20
0
30
0
210
0
220
0
230
1
2
SOLID
70
1
71
0
91
1
92
7
72
1
73
1
93
2
10
2.474599949199898
20
-56.000000000000114
42
1
10
5.525400050800102
20
-56.000000000000114
42
1
97
1
330

75
0
76
1
47
0.8681437583925616
98
1
10
3.629517071192367
20
33.92795499968543
450
0
451
0
460
0
461
0
452
1
462
1
453
2
463
0
63
5
421
255
463
1
63
7
421
16777215
470
LINEAR
1001
ACAD
1010
0
1020
0
1030
0
  0
CIRCLE
  5
917
330
1F
100
AcDbEntity
  8
Multi-Layer
100
AcDbCircle
 10
4
 20
-56.000000000000114
 30
0.0
 40
0.7500127000254001
  0
CIRCLE
  5
918
330
1F
100
AcDbEntity
  8
Multi-Layer
100
AcDbCircle
 10
4
 20
-56.000000000000114
 30
0.0
 40
1.5000000000000002
0
HATCH
5
919
100
AcDbEntity
8
Multi-Layer
100
AcDbHatch
10
0
20
0
30
0
210
0
220
0
230
1
2
SOLID
70
1
71
0
91
1
92
7
72
1
73
1
93
2
10
2.5
20
-56.000000000000114
42
1
10
5.5
20
-56.000000000000114
42
1
97
1
330

75
0
76
1
47
0.8681437583925616
98
1
10
3.629517071192367
20
33.92795499968543
450
0
451
0
460
0
461
0
452
1
462
1
453
2
463
0
63
5
421
255
463
1
63
7
421
16777215
470
LINEAR
1001
ACAD
1010
0
1020
0
1030
0
  0
CIRCLE
  5
91a
330
1F
100
AcDbEntity
  8
TopSolderMaskLayer
100
AcDbCircle
 10
11
 20
-56.000000000000114
 30
0.0
 40
0.7627129404796444
  0
CIRCLE
  5
91b
330
1F
100
AcDbEntity
  8
TopSolderMaskLayer
100
AcDbCircle
 10
11
 20
-56.000000000000114
 30
0.0
 40
1.525400050800102
0
HATCH
5
91c
100
AcDbEntity
8
TopSolderMaskLayer
100
AcDbHatch
10
0
20
0
30
0
210
0
220
0
230
1
2
SOLID
70
1
71
0
91
1
92
7
72
1
73
1
93
2
10
9.474599949199899
20
-56.000000000000114
42
1
10
12.525400050800101
20
-56.000000000000114
42
1
97
1
330

75
0
76
1
47
0.8681437583925616
98
1
10
3.629517071192367
20
33.92795499968543
450
0
451
0
460
0
461
0
452
1
462
1
453
2
463
0
63
5
421
255
463
1
63
7
421
16777215
470
LINEAR
1001
ACAD
1010
0
1020
0
1030
0
  0
CIRCLE
  5
91d
330
1F
100
AcDbEntity
  8
BottomSolderMaskLayer
100
AcDbCircle
 10
11
 20
-56.000000000000114
 30
0.0
 40
0.7627129404796444
  0
CIRCLE
  5
91e
330
1F
100
AcDbEntity
  8
BottomSolderMaskLayer
100
AcDbCircle
 10
11
 20
-56.000000000000114
 30
0.0
 40
1.525400050800102
0
HATCH
5
91f
100
AcDbEntity
8
BottomSolderMaskLayer
100
AcDbHatch
10
0
20
0
30
0
210
0
220
0
230
1
2
SOLID
70
1
71
0
91
1
92
7
72
1
73
1
93
2
10
9.474599949199899
20
-56.000000000000114
42
1
10
12.525400050800101
20
-56.000000000000114
42
1
97
1
330

75
0
76
1
47
0.8681437583925616
98
1
10
3.629517071192367
20
33.92795499968543
450
0
451
0
460
0
461
0
452
1
462
1
453
2
463
0
63
5
421
255
463
1
63
7
421
16777215
470
LINEAR
1001
ACAD
1010
0
1020
0
1030
0
  0
CIRCLE
  5
920
330
1F
100
AcDbEntity
  8
Multi-Layer
100
AcDbCircle
 10
11
 20
-56.000000000000114
 30
0.0
 40
0.7500127000254001
  0
CIRCLE
  5
921
330
1F
100
AcDbEntity
  8
Multi-Layer
100
AcDbCircle
 10
11
 20
-56.000000000000114
 30
0.0
 40
1.5000000000000002
0
HATCH
5
922
100
AcDbEntity
8
Multi-Layer
100
AcDbHatch
10
0
20
0
30
0
210
0
220
0
230
1
2
SOLID
70
1
71
0
91
1
92
7
72
1
73
1
93
2
10
9.5
20
-56.000000000000114
42
1
10
12.5
20
-56.000000000000114
42
1
97
1
330

75
0
76
1
47
0.8681437583925616
98
1
10
3.629517071192367
20
33.92795499968543
450
0
451
0
460
0
461
0
452
1
462
1
453
2
463
0
63
5
421
255
463
1
63
7
421
16777215
470
LINEAR
1001
ACAD
1010
0
1020
0
1030
0
  0
CIRCLE
  5
92c
330
1F
100
AcDbEntity
  8
TopSolderMaskLayer
100
AcDbCircle
 10
32.72999745999505
 20
-47.81000762001531
 30
0.0
 40
0.5138924166737222
  0
CIRCLE
  5
92d
330
1F
100
AcDbEntity
  8
TopSolderMaskLayer
100
AcDbCircle
 10
32.72999745999505
 20
-47.81000762001531
 30
0.0
 40
0.9250063500127002
0
HATCH
5
92e
100
AcDbEntity
8
TopSolderMaskLayer
100
AcDbHatch
10
0
20
0
30
0
210
0
220
0
230
1
2
SOLID
70
1
71
0
91
1
92
7
72
1
73
1
93
2
10
31.804991109982346
20
-47.81000762001531
42
1
10
33.65500381000775
20
-47.81000762001531
42
1
97
1
330

75
0
76
1
47
0.8681437583925616
98
1
10
3.629517071192367
20
33.92795499968543
450
0
451
0
460
0
461
0
452
1
462
1
453
2
463
0
63
5
421
255
463
1
63
7
421
16777215
470
LINEAR
1001
ACAD
1010
0
1020
0
1030
0
  0
CIRCLE
  5
92f
330
1F
100
AcDbEntity
  8
BottomSolderMaskLayer
100
AcDbCircle
 10
32.72999745999505
 20
-47.81000762001531
 30
0.0
 40
0.5138924166737222
  0
CIRCLE
  5
930
330
1F
100
AcDbEntity
  8
BottomSolderMaskLayer
100
AcDbCircle
 10
32.72999745999505
 20
-47.81000762001531
 30
0.0
 40
0.9250063500127002
0
HATCH
5
931
100
AcDbEntity
8
BottomSolderMaskLayer
100
AcDbHatch
10
0
20
0
30
0
210
0
220
0
230
1
2
SOLID
70
1
71
0
91
1
92
7
72
1
73
1
93
2
10
31.804991109982346
20
-47.81000762001531
42
1
10
33.65500381000775
20
-47.81000762001531
42
1
97
1
330

75
0
76
1
47
0.8681437583925616
98
1
10
3.629517071192367
20
33.92795499968543
450
0
451
0
460
0
461
0
452
1
462
1
453
2
463
0
63
5
421
255
463
1
63
7
421
16777215
470
LINEAR
1001
ACAD
1010
0
1020
0
1030
0
  0
CIRCLE
  5
932
330
1F
100
AcDbEntity
  8
Multi-Layer
100
AcDbCircle
 10
32.72999745999505
 20
-47.81000762001531
 30
0.0
 40
0.5
  0
CIRCLE
  5
933
330
1F
100
AcDbEntity
  8
Multi-Layer
100
AcDbCircle
 10
32.72999745999505
 20
-47.81000762001531
 30
0.0
 40
0.9000000000000001
0
HATCH
5
934
100
AcDbEntity
8
Multi-Layer
100
AcDbHatch
10
0
20
0
30
0
210
0
220
0
230
1
2
SOLID
70
1
71
0
91
1
92
7
72
1
73
1
93
2
10
31.82999745999505
20
-47.81000762001531
42
1
10
33.629997459995046
20
-47.81000762001531
42
1
97
1
330

75
0
76
1
47
0.8681437583925616
98
1
10
3.629517071192367
20
33.92795499968543
450
0
451
0
460
0
461
0
452
1
462
1
453
2
463
0
63
5
421
255
463
1
63
7
421
16777215
470
LINEAR
1001
ACAD
1010
0
1020
0
1030
0
  0
CIRCLE
  5
935
330
1F
100
AcDbEntity
  8
TopSolderMaskLayer
100
AcDbCircle
 10
35.27000254000518
 20
-47.81000762001531
 30
0.0
 40
0.5138924166737222
  0
CIRCLE
  5
936
330
1F
100
AcDbEntity
  8
TopSolderMaskLayer
100
AcDbCircle
 10
35.27000254000518
 20
-47.81000762001531
 30
0.0
 40
0.9250063500127002
0
HATCH
5
937
100
AcDbEntity
8
TopSolderMaskLayer
100
AcDbHatch
10
0
20
0
30
0
210
0
220
0
230
1
2
SOLID
70
1
71
0
91
1
92
7
72
1
73
1
93
2
10
34.34499618999248
20
-47.81000762001531
42
1
10
36.19500889001788
20
-47.81000762001531
42
1
97
1
330

75
0
76
1
47
0.8681437583925616
98
1
10
3.629517071192367
20
33.92795499968543
450
0
451
0
460
0
461
0
452
1
462
1
453
2
463
0
63
5
421
255
463
1
63
7
421
16777215
470
LINEAR
1001
ACAD
1010
0
1020
0
1030
0
  0
CIRCLE
  5
938
330
1F
100
AcDbEntity
  8
BottomSolderMaskLayer
100
AcDbCircle
 10
35.27000254000518
 20
-47.81000762001531
 30
0.0
 40
0.5138924166737222
  0
CIRCLE
  5
939
330
1F
100
AcDbEntity
  8
BottomSolderMaskLayer
100
AcDbCircle
 10
35.27000254000518
 20
-47.81000762001531
 30
0.0
 40
0.9250063500127002
0
HATCH
5
93a
100
AcDbEntity
8
BottomSolderMaskLayer
100
AcDbHatch
10
0
20
0
30
0
210
0
220
0
230
1
2
SOLID
70
1
71
0
91
1
92
7
72
1
73
1
93
2
10
34.34499618999248
20
-47.81000762001531
42
1
10
36.19500889001788
20
-47.81000762001531
42
1
97
1
330

75
0
76
1
47
0.8681437583925616
98
1
10
3.629517071192367
20
33.92795499968543
450
0
451
0
460
0
461
0
452
1
462
1
453
2
463
0
63
5
421
255
463
1
63
7
421
16777215
470
LINEAR
1001
ACAD
1010
0
1020
0
1030
0
  0
CIRCLE
  5
93b
330
1F
100
AcDbEntity
  8
Multi-Layer
100
AcDbCircle
 10
35.27000254000518
 20
-47.81000762001531
 30
0.0
 40
0.5
  0
CIRCLE
  5
93c
330
1F
100
AcDbEntity
  8
Multi-Layer
100
AcDbCircle
 10
35.27000254000518
 20
-47.81000762001531
 30
0.0
 40
0.9000000000000001
0
HATCH
5
93d
100
AcDbEntity
8
Multi-Layer
100
AcDbHatch
10
0
20
0
30
0
210
0
220
0
230
1
2
SOLID
70
1
71
0
91
1
92
7
72
1
73
1
93
2
10
34.37000254000518
20
-47.81000762001531
42
1
10
36.17000254000518
20
-47.81000762001531
42
1
97
1
330

75
0
76
1
47
0.8681437583925616
98
1
10
3.629517071192367
20
33.92795499968543
450
0
451
0
460
0
461
0
452
1
462
1
453
2
463
0
63
5
421
255
463
1
63
7
421
16777215
470
LINEAR
1001
ACAD
1010
0
1020
0
1030
0
  0
CIRCLE
  5
93e
330
1F
100
AcDbEntity
  8
TopSolderMaskLayer
100
AcDbCircle
 10
37.81000762001531
 20
-47.81000762001531
 30
0.0
 40
0.5138924166737222
  0
CIRCLE
  5
93f
330
1F
100
AcDbEntity
  8
TopSolderMaskLayer
100
AcDbCircle
 10
37.81000762001531
 20
-47.81000762001531
 30
0.0
 40
0.9250063500127002
0
HATCH
5
940
100
AcDbEntity
8
TopSolderMaskLayer
100
AcDbHatch
10
0
20
0
30
0
210
0
220
0
230
1
2
SOLID
70
1
71
0
91
1
92
7
72
1
73
1
93
2
10
36.88500127000261
20
-47.81000762001531
42
1
10
38.735013970028014
20
-47.81000762001531
42
1
97
1
330

75
0
76
1
47
0.8681437583925616
98
1
10
3.629517071192367
20
33.92795499968543
450
0
451
0
460
0
461
0
452
1
462
1
453
2
463
0
63
5
421
255
463
1
63
7
421
16777215
470
LINEAR
1001
ACAD
1010
0
1020
0
1030
0
  0
CIRCLE
  5
941
330
1F
100
AcDbEntity
  8
BottomSolderMaskLayer
100
AcDbCircle
 10
37.81000762001531
 20
-47.81000762001531
 30
0.0
 40
0.5138924166737222
  0
CIRCLE
  5
942
330
1F
100
AcDbEntity
  8
BottomSolderMaskLayer
100
AcDbCircle
 10
37.81000762001531
 20
-47.81000762001531
 30
0.0
 40
0.9250063500127002
0
HATCH
5
943
100
AcDbEntity
8
BottomSolderMaskLayer
100
AcDbHatch
10
0
20
0
30
0
210
0
220
0
230
1
2
SOLID
70
1
71
0
91
1
92
7
72
1
73
1
93
2
10
36.88500127000261
20
-47.81000762001531
42
1
10
38.735013970028014
20
-47.81000762001531
42
1
97
1
330

75
0
76
1
47
0.8681437583925616
98
1
10
3.629517071192367
20
33.92795499968543
450
0
451
0
460
0
461
0
452
1
462
1
453
2
463
0
63
5
421
255
463
1
63
7
421
16777215
470
LINEAR
1001
ACAD
1010
0
1020
0
1030
0
  0
CIRCLE
  5
944
330
1F
100
AcDbEntity
  8
Multi-Layer
100
AcDbCircle
 10
37.81000762001531
 20
-47.81000762001531
 30
0.0
 40
0.5
  0
CIRCLE
  5
945
330
1F
100
AcDbEntity
  8
Multi-Layer
100
AcDbCircle
 10
37.81000762001531
 20
-47.81000762001531
 30
0.0
 40
0.9000000000000001
0
HATCH
5
946
100
AcDbEntity
8
Multi-Layer
100
AcDbHatch
10
0
20
0
30
0
210
0
220
0
230
1
2
SOLID
70
1
71
0
91
1
92
7
72
1
73
1
93
2
10
36.910007620015314
20
-47.81000762001531
42
1
10
38.71000762001531
20
-47.81000762001531
42
1
97
1
330

75
0
76
1
47
0.8681437583925616
98
1
10
3.629517071192367
20
33.92795499968543
450
0
451
0
460
0
461
0
452
1
462
1
453
2
463
0
63
5
421
255
463
1
63
7
421
16777215
470
LINEAR
1001
ACAD
1010
0
1020
0
1030
0
  0
CIRCLE
  5
947
330
1F
100
AcDbEntity
  8
TopSolderMaskLayer
100
AcDbCircle
 10
37.81000762001531
 20
-40.1899923799848
 30
0.0
 40
0.5138924166737222
  0
CIRCLE
  5
948
330
1F
100
AcDbEntity
  8
TopSolderMaskLayer
100
AcDbCircle
 10
37.81000762001531
 20
-40.1899923799848
 30
0.0
 40
0.9250063500127002
0
HATCH
5
949
100
AcDbEntity
8
TopSolderMaskLayer
100
AcDbHatch
10
0
20
0
30
0
210
0
220
0
230
1
2
SOLID
70
1
71
0
91
1
92
7
72
1
73
1
93
2
10
36.88500127000261
20
-40.1899923799848
42
1
10
38.735013970028014
20
-40.1899923799848
42
1
97
1
330

75
0
76
1
47
0.8681437583925616
98
1
10
3.629517071192367
20
33.92795499968543
450
0
451
0
460
0
461
0
452
1
462
1
453
2
463
0
63
5
421
255
463
1
63
7
421
16777215
470
LINEAR
1001
ACAD
1010
0
1020
0
1030
0
  0
CIRCLE
  5
94a
330
1F
100
AcDbEntity
  8
BottomSolderMaskLayer
100
AcDbCircle
 10
37.81000762001531
 20
-40.1899923799848
 30
0.0
 40
0.5138924166737222
  0
CIRCLE
  5
94b
330
1F
100
AcDbEntity
  8
BottomSolderMaskLayer
100
AcDbCircle
 10
37.81000762001531
 20
-40.1899923799848
 30
0.0
 40
0.9250063500127002
0
HATCH
5
94c
100
AcDbEntity
8
BottomSolderMaskLayer
100
AcDbHatch
10
0
20
0
30
0
210
0
220
0
230
1
2
SOLID
70
1
71
0
91
1
92
7
72
1
73
1
93
2
10
36.88500127000261
20
-40.1899923799848
42
1
10
38.735013970028014
20
-40.1899923799848
42
1
97
1
330

75
0
76
1
47
0.8681437583925616
98
1
10
3.629517071192367
20
33.92795499968543
450
0
451
0
460
0
461
0
452
1
462
1
453
2
463
0
63
5
421
255
463
1
63
7
421
16777215
470
LINEAR
1001
ACAD
1010
0
1020
0
1030
0
  0
CIRCLE
  5
94d
330
1F
100
AcDbEntity
  8
Multi-Layer
100
AcDbCircle
 10
37.81000762001531
 20
-40.1899923799848
 30
0.0
 40
0.5
  0
CIRCLE
  5
94e
330
1F
100
AcDbEntity
  8
Multi-Layer
100
AcDbCircle
 10
37.81000762001531
 20
-40.1899923799848
 30
0.0
 40
0.9000000000000001
0
HATCH
5
94f
100
AcDbEntity
8
Multi-Layer
100
AcDbHatch
10
0
20
0
30
0
210
0
220
0
230
1
2
SOLID
70
1
71
0
91
1
92
7
72
1
73
1
93
2
10
36.910007620015314
20
-40.1899923799848
42
1
10
38.71000762001531
20
-40.1899923799848
42
1
97
1
330

75
0
76
1
47
0.8681437583925616
98
1
10
3.629517071192367
20
33.92795499968543
450
0
451
0
460
0
461
0
452
1
462
1
453
2
463
0
63
5
421
255
463
1
63
7
421
16777215
470
LINEAR
1001
ACAD
1010
0
1020
0
1030
0
  0
CIRCLE
  5
950
330
1F
100
AcDbEntity
  8
TopSolderMaskLayer
100
AcDbCircle
 10
35.27000254000518
 20
-40.1899923799848
 30
0.0
 40
0.5138924166737222
  0
CIRCLE
  5
951
330
1F
100
AcDbEntity
  8
TopSolderMaskLayer
100
AcDbCircle
 10
35.27000254000518
 20
-40.1899923799848
 30
0.0
 40
0.9250063500127002
0
HATCH
5
952
100
AcDbEntity
8
TopSolderMaskLayer
100
AcDbHatch
10
0
20
0
30
0
210
0
220
0
230
1
2
SOLID
70
1
71
0
91
1
92
7
72
1
73
1
93
2
10
34.34499618999248
20
-40.1899923799848
42
1
10
36.19500889001788
20
-40.1899923799848
42
1
97
1
330

75
0
76
1
47
0.8681437583925616
98
1
10
3.629517071192367
20
33.92795499968543
450
0
451
0
460
0
461
0
452
1
462
1
453
2
463
0
63
5
421
255
463
1
63
7
421
16777215
470
LINEAR
1001
ACAD
1010
0
1020
0
1030
0
  0
CIRCLE
  5
953
330
1F
100
AcDbEntity
  8
BottomSolderMaskLayer
100
AcDbCircle
 10
35.27000254000518
 20
-40.1899923799848
 30
0.0
 40
0.5138924166737222
  0
CIRCLE
  5
954
330
1F
100
AcDbEntity
  8
BottomSolderMaskLayer
100
AcDbCircle
 10
35.27000254000518
 20
-40.1899923799848
 30
0.0
 40
0.9250063500127002
0
HATCH
5
955
100
AcDbEntity
8
BottomSolderMaskLayer
100
AcDbHatch
10
0
20
0
30
0
210
0
220
0
230
1
2
SOLID
70
1
71
0
91
1
92
7
72
1
73
1
93
2
10
34.34499618999248
20
-40.1899923799848
42
1
10
36.19500889001788
20
-40.1899923799848
42
1
97
1
330

75
0
76
1
47
0.8681437583925616
98
1
10
3.629517071192367
20
33.92795499968543
450
0
451
0
460
0
461
0
452
1
462
1
453
2
463
0
63
5
421
255
463
1
63
7
421
16777215
470
LINEAR
1001
ACAD
1010
0
1020
0
1030
0
  0
CIRCLE
  5
956
330
1F
100
AcDbEntity
  8
Multi-Layer
100
AcDbCircle
 10
35.27000254000518
 20
-40.1899923799848
 30
0.0
 40
0.5
  0
CIRCLE
  5
957
330
1F
100
AcDbEntity
  8
Multi-Layer
100
AcDbCircle
 10
35.27000254000518
 20
-40.1899923799848
 30
0.0
 40
0.9000000000000001
0
HATCH
5
958
100
AcDbEntity
8
Multi-Layer
100
AcDbHatch
10
0
20
0
30
0
210
0
220
0
230
1
2
SOLID
70
1
71
0
91
1
92
7
72
1
73
1
93
2
10
34.37000254000518
20
-40.1899923799848
42
1
10
36.17000254000518
20
-40.1899923799848
42
1
97
1
330

75
0
76
1
47
0.8681437583925616
98
1
10
3.629517071192367
20
33.92795499968543
450
0
451
0
460
0
461
0
452
1
462
1
453
2
463
0
63
5
421
255
463
1
63
7
421
16777215
470
LINEAR
1001
ACAD
1010
0
1020
0
1030
0
  0
CIRCLE
  5
959
330
1F
100
AcDbEntity
  8
TopSolderMaskLayer
100
AcDbCircle
 10
32.72999745999505
 20
-40.1899923799848
 30
0.0
 40
0.5138924166737222
  0
CIRCLE
  5
95a
330
1F
100
AcDbEntity
  8
TopSolderMaskLayer
100
AcDbCircle
 10
32.72999745999505
 20
-40.1899923799848
 30
0.0
 40
0.9250063500127002
0
HATCH
5
95b
100
AcDbEntity
8
TopSolderMaskLayer
100
AcDbHatch
10
0
20
0
30
0
210
0
220
0
230
1
2
SOLID
70
1
71
0
91
1
92
7
72
1
73
1
93
2
10
31.804991109982346
20
-40.1899923799848
42
1
10
33.65500381000775
20
-40.1899923799848
42
1
97
1
330

75
0
76
1
47
0.8681437583925616
98
1
10
3.629517071192367
20
33.92795499968543
450
0
451
0
460
0
461
0
452
1
462
1
453
2
463
0
63
5
421
255
463
1
63
7
421
16777215
470
LINEAR
1001
ACAD
1010
0
1020
0
1030
0
  0
CIRCLE
  5
95c
330
1F
100
AcDbEntity
  8
BottomSolderMaskLayer
100
AcDbCircle
 10
32.72999745999505
 20
-40.1899923799848
 30
0.0
 40
0.5138924166737222
  0
CIRCLE
  5
95d
330
1F
100
AcDbEntity
  8
BottomSolderMaskLayer
100
AcDbCircle
 10
32.72999745999505
 20
-40.1899923799848
 30
0.0
 40
0.9250063500127002
0
HATCH
5
95e
100
AcDbEntity
8
BottomSolderMaskLayer
100
AcDbHatch
10
0
20
0
30
0
210
0
220
0
230
1
2
SOLID
70
1
71
0
91
1
92
7
72
1
73
1
93
2
10
31.804991109982346
20
-40.1899923799848
42
1
10
33.65500381000775
20
-40.1899923799848
42
1
97
1
330

75
0
76
1
47
0.8681437583925616
98
1
10
3.629517071192367
20
33.92795499968543
450
0
451
0
460
0
461
0
452
1
462
1
453
2
463
0
63
5
421
255
463
1
63
7
421
16777215
470
LINEAR
1001
ACAD
1010
0
1020
0
1030
0
  0
CIRCLE
  5
95f
330
1F
100
AcDbEntity
  8
Multi-Layer
100
AcDbCircle
 10
32.72999745999505
 20
-40.1899923799848
 30
0.0
 40
0.5
  0
CIRCLE
  5
960
330
1F
100
AcDbEntity
  8
Multi-Layer
100
AcDbCircle
 10
32.72999745999505
 20
-40.1899923799848
 30
0.0
 40
0.9000000000000001
0
HATCH
5
961
100
AcDbEntity
8
Multi-Layer
100
AcDbHatch
10
0
20
0
30
0
210
0
220
0
230
1
2
SOLID
70
1
71
0
91
1
92
7
72
1
73
1
93
2
10
31.82999745999505
20
-40.1899923799848
42
1
10
33.629997459995046
20
-40.1899923799848
42
1
97
1
330

75
0
76
1
47
0.8681437583925616
98
1
10
3.629517071192367
20
33.92795499968543
450
0
451
0
460
0
461
0
452
1
462
1
453
2
463
0
63
5
421
255
463
1
63
7
421
16777215
470
LINEAR
1001
ACAD
1010
0
1020
0
1030
0
  0
CIRCLE
  5
962
330
1F
100
AcDbEntity
  8
TopSolderMaskLayer
100
AcDbCircle
 10
30.189992379984915
 20
-40.1899923799848
 30
0.0
 40
0.5138924166737222
  0
CIRCLE
  5
963
330
1F
100
AcDbEntity
  8
TopSolderMaskLayer
100
AcDbCircle
 10
30.189992379984915
 20
-40.1899923799848
 30
0.0
 40
0.9250063500127002
0
HATCH
5
964
100
AcDbEntity
8
TopSolderMaskLayer
100
AcDbHatch
10
0
20
0
30
0
210
0
220
0
230
1
2
SOLID
70
1
71
0
91
1
92
7
72
1
73
1
93
2
10
29.264986029972214
20
-40.1899923799848
42
1
10
31.114998729997616
20
-40.1899923799848
42
1
97
1
330

75
0
76
1
47
0.8681437583925616
98
1
10
3.629517071192367
20
33.92795499968543
450
0
451
0
460
0
461
0
452
1
462
1
453
2
463
0
63
5
421
255
463
1
63
7
421
16777215
470
LINEAR
1001
ACAD
1010
0
1020
0
1030
0
  0
CIRCLE
  5
965
330
1F
100
AcDbEntity
  8
BottomSolderMaskLayer
100
AcDbCircle
 10
30.189992379984915
 20
-40.1899923799848
 30
0.0
 40
0.5138924166737222
  0
CIRCLE
  5
966
330
1F
100
AcDbEntity
  8
BottomSolderMaskLayer
100
AcDbCircle
 10
30.189992379984915
 20
-40.1899923799848
 30
0.0
 40
0.9250063500127002
0
HATCH
5
967
100
AcDbEntity
8
BottomSolderMaskLayer
100
AcDbHatch
10
0
20
0
30
0
210
0
220
0
230
1
2
SOLID
70
1
71
0
91
1
92
7
72
1
73
1
93
2
10
29.264986029972214
20
-40.1899923799848
42
1
10
31.114998729997616
20
-40.1899923799848
42
1
97
1
330

75
0
76
1
47
0.8681437583925616
98
1
10
3.629517071192367
20
33.92795499968543
450
0
451
0
460
0
461
0
452
1
462
1
453
2
463
0
63
5
421
255
463
1
63
7
421
16777215
470
LINEAR
1001
ACAD
1010
0
1020
0
1030
0
  0
CIRCLE
  5
968
330
1F
100
AcDbEntity
  8
Multi-Layer
100
AcDbCircle
 10
30.189992379984915
 20
-40.1899923799848
 30
0.0
 40
0.5
  0
CIRCLE
  5
969
330
1F
100
AcDbEntity
  8
Multi-Layer
100
AcDbCircle
 10
30.189992379984915
 20
-40.1899923799848
 30
0.0
 40
0.9000000000000001
0
HATCH
5
96a
100
AcDbEntity
8
Multi-Layer
100
AcDbHatch
10
0
20
0
30
0
210
0
220
0
230
1
2
SOLID
70
1
71
0
91
1
92
7
72
1
73
1
93
2
10
29.289992379984916
20
-40.1899923799848
42
1
10
31.089992379984913
20
-40.1899923799848
42
1
97
1
330

75
0
76
1
47
0.8681437583925616
98
1
10
3.629517071192367
20
33.92795499968543
450
0
451
0
460
0
461
0
452
1
462
1
453
2
463
0
63
5
421
255
463
1
63
7
421
16777215
470
LINEAR
1001
ACAD
1010
0
1020
0
1030
0
0
HATCH
5
574
100
AcDbEntity
8
TopSolderMaskLayer
100
AcDbHatch
10
0
20
0
30
0
210
0
220
0
230
1
2
SOLID
70
1
71
0
91
1
92
7
72
0
73
1
93
4
10
10.63619205779105
20
-4.757006784981286
10
10.63619205779105
20
-5.341945361310081
10
9.762302707093795
20
-5.341945361310081
10
9.762302707093795
20
-4.757006784981286
97
1
330

75
0
76
1
47
0.4128176842155181
98
1
10
34.90568961886538
20
22.81183545379326
450
0
451
0
460
0
461
0
452
1
462
1
453
2
463
0
63
5
421
255
463
1
63
7
421
16777215
470
LINEAR
1001
ACAD
1010
0
1020
0
1030
0
0
HATCH
5
577
100
AcDbEntity
8
TopPasteMaskLayer
100
AcDbHatch
10
0
20
0
30
0
210
0
220
0
230
1
2
SOLID
70
1
71
0
91
1
92
7
72
0
73
1
93
4
10
10.599237998476156
20
-4.774472948945913
10
10.599237998476156
20
-5.32448564897129
10
9.799237998475974
20
-5.32448564897129
10
9.799237998475974
20
-4.774472948945913
97
1
330

75
0
76
1
47
0.4128176842155181
98
1
10
34.90568961886538
20
22.81183545379326
450
0
451
0
460
0
461
0
452
1
462
1
453
2
463
0
63
5
421
255
463
1
63
7
421
16777215
470
LINEAR
1001
ACAD
1010
0
1020
0
1030
0
0
HATCH
5
57a
100
AcDbEntity
8
TopLayer
100
AcDbHatch
10
0
20
0
30
0
210
0
220
0
230
1
2
SOLID
70
1
71
0
91
1
92
7
72
0
73
1
93
4
10
10.599237998476156
20
-4.774472948945913
10
10.599237998476156
20
-5.32448564897129
10
9.799237998475974
20
-5.32448564897129
10
9.799237998475974
20
-4.774472948945913
97
1
330

75
0
76
1
47
0.4128176842155181
98
1
10
34.90568961886538
20
22.81183545379326
450
0
451
0
460
0
461
0
452
1
462
1
453
2
463
0
63
5
421
255
463
1
63
7
421
16777215
470
LINEAR
1001
ACAD
1010
0
1020
0
1030
0
0
HATCH
5
57d
100
AcDbEntity
8
TopSolderMaskLayer
100
AcDbHatch
10
0
20
0
30
0
210
0
220
0
230
1
2
SOLID
70
1
71
0
91
1
92
7
72
0
73
1
93
4
10
10.63619205779105
20
-5.707022710819615
10
10.63619205779105
20
-6.2919612871484105
10
9.762302707093795
20
-6.2919612871484105
10
9.762302707093795
20
-5.707022710819615
97
1
330

75
0
76
1
47
0.4128176842155181
98
1
10
34.90568961886538
20
22.81183545379326
450
0
451
0
460
0
461
0
452
1
462
1
453
2
463
0
63
5
421
255
463
1
63
7
421
16777215
470
LINEAR
1001
ACAD
1010
0
1020
0
1030
0
0
HATCH
5
580
100
AcDbEntity
8
TopPasteMaskLayer
100
AcDbHatch
10
0
20
0
30
0
210
0
220
0
230
1
2
SOLID
70
1
71
0
91
1
92
7
72
0
73
1
93
4
10
10.599237998476156
20
-5.724485648971267
10
10.599237998476156
20
-6.274498348996644
10
9.799237998475974
20
-6.274498348996644
10
9.799237998475974
20
-5.724485648971267
97
1
330

75
0
76
1
47
0.4128176842155181
98
1
10
34.90568961886538
20
22.81183545379326
450
0
451
0
460
0
461
0
452
1
462
1
453
2
463
0
63
5
421
255
463
1
63
7
421
16777215
470
LINEAR
1001
ACAD
1010
0
1020
0
1030
0
0
HATCH
5
583
100
AcDbEntity
8
TopLayer
100
AcDbHatch
10
0
20
0
30
0
210
0
220
0
230
1
2
SOLID
70
1
71
0
91
1
92
7
72
0
73
1
93
4
10
10.599237998476156
20
-5.724485648971267
10
10.599237998476156
20
-6.274498348996644
10
9.799237998475974
20
-6.274498348996644
10
9.799237998475974
20
-5.724485648971267
97
1
330

75
0
76
1
47
0.4128176842155181
98
1
10
34.90568961886538
20
22.81183545379326
450
0
451
0
460
0
461
0
452
1
462
1
453
2
463
0
63
5
421
255
463
1
63
7
421
16777215
470
LINEAR
1001
ACAD
1010
0
1020
0
1030
0
0
HATCH
5
586
100
AcDbEntity
8
TopSolderMaskLayer
100
AcDbHatch
10
0
20
0
30
0
210
0
220
0
230
1
2
SOLID
70
1
71
0
91
1
92
7
72
0
73
1
93
4
10
10.63619205779105
20
-6.657038636658058
10
10.63619205779105
20
-7.24197721298674
10
9.762302707093795
20
-7.24197721298674
10
9.762302707093795
20
-6.657038636658058
97
1
330

75
0
76
1
47
0.4128176842155181
98
1
10
34.90568961886538
20
22.81183545379326
450
0
451
0
460
0
461
0
452
1
462
1
453
2
463
0
63
5
421
255
463
1
63
7
421
16777215
470
LINEAR
1001
ACAD
1010
0
1020
0
1030
0
0
HATCH
5
589
100
AcDbEntity
8
TopPasteMaskLayer
100
AcDbHatch
10
0
20
0
30
0
210
0
220
0
230
1
2
SOLID
70
1
71
0
91
1
92
7
72
0
73
1
93
4
10
10.599237998476156
20
-6.674498348996735
10
10.599237998476156
20
-7.224511049022112
10
9.799237998475974
20
-7.224511049022112
10
9.799237998475974
20
-6.674498348996735
97
1
330

75
0
76
1
47
0.4128176842155181
98
1
10
34.90568961886538
20
22.81183545379326
450
0
451
0
460
0
461
0
452
1
462
1
453
2
463
0
63
5
421
255
463
1
63
7
421
16777215
470
LINEAR
1001
ACAD
1010
0
1020
0
1030
0
0
HATCH
5
58c
100
AcDbEntity
8
TopLayer
100
AcDbHatch
10
0
20
0
30
0
210
0
220
0
230
1
2
SOLID
70
1
71
0
91
1
92
7
72
0
73
1
93
4
10
10.599237998476156
20
-6.674498348996735
10
10.599237998476156
20
-7.224511049022112
10
9.799237998475974
20
-7.224511049022112
10
9.799237998475974
20
-6.674498348996735
97
1
330

75
0
76
1
47
0.4128176842155181
98
1
10
34.90568961886538
20
22.81183545379326
450
0
451
0
460
0
461
0
452
1
462
1
453
2
463
0
63
5
421
255
463
1
63
7
421
16777215
470
LINEAR
1001
ACAD
1010
0
1020
0
1030
0
0
HATCH
5
58f
100
AcDbEntity
8
TopSolderMaskLayer
100
AcDbHatch
10
0
20
0
30
0
210
0
220
0
230
1
2
SOLID
70
1
71
0
91
1
92
7
72
0
73
1
93
4
10
8.236173289858243
20
-6.657038636658058
10
8.236173289858243
20
-7.24197721298674
10
7.362283939160989
20
-7.24197721298674
10
7.362283939160989
20
-6.657038636658058
97
1
330

75
0
76
1
47
0.4128176842155181
98
1
10
34.90568961886538
20
22.81183545379326
450
0
451
0
460
0
461
0
452
1
462
1
453
2
463
0
63
5
421
255
463
1
63
7
421
16777215
470
LINEAR
1001
ACAD
1010
0
1020
0
1030
0
0
HATCH
5
592
100
AcDbEntity
8
TopPasteMaskLayer
100
AcDbHatch
10
0
20
0
30
0
210
0
220
0
230
1
2
SOLID
70
1
71
0
91
1
92
7
72
0
73
1
93
4
10
8.199237998476065
20
-6.674498348996735
10
8.199237998476065
20
-7.224511049022112
10
7.399237998475883
20
-7.224511049022112
10
7.399237998475883
20
-6.674498348996735
97
1
330

75
0
76
1
47
0.4128176842155181
98
1
10
34.90568961886538
20
22.81183545379326
450
0
451
0
460
0
461
0
452
1
462
1
453
2
463
0
63
5
421
255
463
1
63
7
421
16777215
470
LINEAR
1001
ACAD
1010
0
1020
0
1030
0
0
HATCH
5
595
100
AcDbEntity
8
TopLayer
100
AcDbHatch
10
0
20
0
30
0
210
0
220
0
230
1
2
SOLID
70
1
71
0
91
1
92
7
72
0
73
1
93
4
10
8.199237998476065
20
-6.674498348996735
10
8.199237998476065
20
-7.224511049022112
10
7.399237998475883
20
-7.224511049022112
10
7.399237998475883
20
-6.674498348996735
97
1
330

75
0
76
1
47
0.4128176842155181
98
1
10
34.90568961886538
20
22.81183545379326
450
0
451
0
460
0
461
0
452
1
462
1
453
2
463
0
63
5
421
255
463
1
63
7
421
16777215
470
LINEAR
1001
ACAD
1010
0
1020
0
1030
0
0
HATCH
5
598
100
AcDbEntity
8
TopSolderMaskLayer
100
AcDbHatch
10
0
20
0
30
0
210
0
220
0
230
1
2
SOLID
70
1
71
0
91
1
92
7
72
0
73
1
93
4
10
8.236173289858243
20
-4.757006784981286
10
8.236173289858243
20
-5.341945361310081
10
7.362283939160989
20
-5.341945361310081
10
7.362283939160989
20
-4.757006784981286
97
1
330

75
0
76
1
47
0.4128176842155181
98
1
10
34.90568961886538
20
22.81183545379326
450
0
451
0
460
0
461
0
452
1
462
1
453
2
463
0
63
5
421
255
463
1
63
7
421
16777215
470
LINEAR
1001
ACAD
1010
0
1020
0
1030
0
0
HATCH
5
59b
100
AcDbEntity
8
TopPasteMaskLayer
100
AcDbHatch
10
0
20
0
30
0
210
0
220
0
230
1
2
SOLID
70
1
71
0
91
1
92
7
72
0
73
1
93
4
10
8.199237998476065
20
-4.774472948945913
10
8.199237998476065
20
-5.32448564897129
10
7.399237998475883
20
-5.32448564897129
10
7.399237998475883
20
-4.774472948945913
97
1
330

75
0
76
1
47
0.4128176842155181
98
1
10
34.90568961886538
20
22.81183545379326
450
0
451
0
460
0
461
0
452
1
462
1
453
2
463
0
63
5
421
255
463
1
63
7
421
16777215
470
LINEAR
1001
ACAD
1010
0
1020
0
1030
0
0
HATCH
5
59e
100
AcDbEntity
8
TopLayer
100
AcDbHatch
10
0
20
0
30
0
210
0
220
0
230
1
2
SOLID
70
1
71
0
91
1
92
7
72
0
73
1
93
4
10
8.199237998476065
20
-4.774472948945913
10
8.199237998476065
20
-5.32448564897129
10
7.399237998475883
20
-5.32448564897129
10
7.399237998475883
20
-4.774472948945913
97
1
330

75
0
76
1
47
0.4128176842155181
98
1
10
34.90568961886538
20
22.81183545379326
450
0
451
0
460
0
461
0
452
1
462
1
453
2
463
0
63
5
421
255
463
1
63
7
421
16777215
470
LINEAR
1001
ACAD
1010
0
1020
0
1030
0
  0
CIRCLE
  5
59f
330
1F
100
AcDbEntity
  8
TopSolderMaskLayer
100
AcDbCircle
 10
30.5
 20
-25.000000000000114
 30
0.0
 40
0.48768097536195076
0
HATCH
5
5a1
100
AcDbEntity
8
TopSolderMaskLayer
100
AcDbHatch
10
0
20
0
30
0
210
0
220
0
230
1
2
SOLID
70
1
71
0
91
1
92
7
72
0
73
1
93
4
10
31.312801625603242
20
-25.812793158919703
10
31.312801625603242
20
-24.18718990771322
10
29.687198374396758
20
-24.18718990771322
10
29.687198374396758
20
-25.812793158919703
97
1
330

75
0
76
1
47
0.4128176842155181
98
1
10
34.90568961886538
20
22.81183545379326
450
0
451
0
460
0
461
0
452
1
462
1
453
2
463
0
63
5
421
255
463
1
63
7
421
16777215
470
LINEAR
1001
ACAD
1010
0
1020
0
1030
0
  0
CIRCLE
  5
5a2
330
1F
100
AcDbEntity
  8
BottomSolderMaskLayer
100
AcDbCircle
 10
30.5
 20
-25.000000000000114
 30
0.0
 40
0.48768097536195076
0
HATCH
5
5a4
100
AcDbEntity
8
BottomSolderMaskLayer
100
AcDbHatch
10
0
20
0
30
0
210
0
220
0
230
1
2
SOLID
70
1
71
0
91
1
92
7
72
0
73
1
93
4
10
31.312801625603242
20
-25.812793158919703
10
31.312801625603242
20
-24.18718990771322
10
29.687198374396758
20
-24.18718990771322
10
29.687198374396758
20
-25.812793158919703
97
1
330

75
0
76
1
47
0.4128176842155181
98
1
10
34.90568961886538
20
22.81183545379326
450
0
451
0
460
0
461
0
452
1
462
1
453
2
463
0
63
5
421
255
463
1
63
7
421
16777215
470
LINEAR
1001
ACAD
1010
0
1020
0
1030
0
  0
CIRCLE
  5
5a5
330
1F
100
AcDbEntity
  8
Multi-Layer
100
AcDbCircle
 10
30.5
 20
-25.000000000000114
 30
0.0
 40
0.45720091440182886
0
HATCH
5
5a7
100
AcDbEntity
8
Multi-Layer
100
AcDbHatch
10
0
20
0
30
0
210
0
220
0
230
1
2
SOLID
70
1
71
0
91
1
92
7
72
0
73
1
93
4
10
31.262001524002926
20
-25.762001524003153
10
31.262001524002926
20
-24.237998475997074
10
29.737998475996847
20
-24.237998475997074
10
29.737998475996847
20
-25.762001524003153
97
1
330

75
0
76
1
47
0.4128176842155181
98
1
10
34.90568961886538
20
22.81183545379326
450
0
451
0
460
0
461
0
452
1
462
1
453
2
463
0
63
5
421
255
463
1
63
7
421
16777215
470
LINEAR
1001
ACAD
1010
0
1020
0
1030
0
  0
CIRCLE
  5
85d
330
1F
100
AcDbEntity
  8
TopSolderMaskLayer
100
AcDbCircle
 10
46.72999745999482
 20
-6
 30
0.0
 40
0.5655353117157847
0
HATCH
5
85f
100
AcDbEntity
8
TopSolderMaskLayer
100
AcDbHatch
10
0
20
0
30
0
210
0
220
0
230
1
2
SOLID
70
1
71
0
91
1
92
7
72
0
73
1
93
4
10
45.80459740919491
20
-5.074599949199978
10
47.65539751079518
20
-5.074599949199978
10
47.65539751079518
20
-6.925400050800135
10
45.80459740919491
20
-6.925400050800135
97
1
330

75
0
76
1
47
0.4128176842155181
98
1
10
34.90568961886538
20
22.81183545379326
450
0
451
0
460
0
461
0
452
1
462
1
453
2
463
0
63
5
421
255
463
1
63
7
421
16777215
470
LINEAR
1001
ACAD
1010
0
1020
0
1030
0
  0
CIRCLE
  5
860
330
1F
100
AcDbEntity
  8
BottomSolderMaskLayer
100
AcDbCircle
 10
46.72999745999482
 20
-6
 30
0.0
 40
0.5655353117157847
0
HATCH
5
862
100
AcDbEntity
8
BottomSolderMaskLayer
100
AcDbHatch
10
0
20
0
30
0
210
0
220
0
230
1
2
SOLID
70
1
71
0
91
1
92
7
72
0
73
1
93
4
10
45.80459740919491
20
-5.074599949199978
10
47.65539751079518
20
-5.074599949199978
10
47.65539751079518
20
-6.925400050800135
10
45.80459740919491
20
-6.925400050800135
97
1
330

75
0
76
1
47
0.4128176842155181
98
1
10
34.90568961886538
20
22.81183545379326
450
0
451
0
460
0
461
0
452
1
462
1
453
2
463
0
63
5
421
255
463
1
63
7
421
16777215
470
LINEAR
1001
ACAD
1010
0
1020
0
1030
0
  0
CIRCLE
  5
863
330
1F
100
AcDbEntity
  8
Multi-Layer
100
AcDbCircle
 10
46.72999745999482
 20
-6
 30
0.0
 40
0.5500127000254001
0
HATCH
5
865
100
AcDbEntity
8
Multi-Layer
100
AcDbHatch
10
0
20
0
30
0
210
0
220
0
230
1
2
SOLID
70
1
71
0
91
1
92
7
72
0
73
1
93
4
10
45.829997459994956
20
-5.100000000000023
10
47.62999745999491
20
-5.100000000000023
10
47.62999745999491
20
-6.900000000000091
10
45.829997459994956
20
-6.900000000000091
97
1
330

75
0
76
1
47
0.4128176842155181
98
1
10
34.90568961886538
20
22.81183545379326
450
0
451
0
460
0
461
0
452
1
462
1
453
2
463
0
63
5
421
255
463
1
63
7
421
16777215
470
LINEAR
1001
ACAD
1010
0
1020
0
1030
0
  0
CIRCLE
  5
866
330
1F
100
AcDbEntity
  8
TopSolderMaskLayer
100
AcDbCircle
 10
45.45999491998987
 20
3
 30
0.0
 40
0.5661936530704181
0
HATCH
5
868
100
AcDbEntity
8
TopSolderMaskLayer
100
AcDbHatch
10
0
20
0
30
0
210
0
220
0
230
1
2
SOLID
70
1
71
0
91
1
92
7
72
0
73
1
93
4
10
44.584975496326706
20
3.8750194236630477
10
46.33501434365303
20
3.8750194236630477
10
46.33501434365303
20
2.1249805763368386
10
44.584975496326706
20
2.1249805763368386
97
1
330

75
0
76
1
47
0.4128176842155181
98
1
10
34.90568961886538
20
22.81183545379326
450
0
451
0
460
0
461
0
452
1
462
1
453
2
463
0
63
5
421
255
463
1
63
7
421
16777215
470
LINEAR
1001
ACAD
1010
0
1020
0
1030
0
  0
CIRCLE
  5
869
330
1F
100
AcDbEntity
  8
BottomSolderMaskLayer
100
AcDbCircle
 10
45.45999491998987
 20
3
 30
0.0
 40
0.5661936530704181
0
HATCH
5
86b
100
AcDbEntity
8
BottomSolderMaskLayer
100
AcDbHatch
10
0
20
0
30
0
210
0
220
0
230
1
2
SOLID
70
1
71
0
91
1
92
7
72
0
73
1
93
4
10
44.584975496326706
20
3.8750194236630477
10
46.33501434365303
20
3.8750194236630477
10
46.33501434365303
20
2.1249805763368386
10
44.584975496326706
20
2.1249805763368386
97
1
330

75
0
76
1
47
0.4128176842155181
98
1
10
34.90568961886538
20
22.81183545379326
450
0
451
0
460
0
461
0
452
1
462
1
453
2
463
0
63
5
421
255
463
1
63
7
421
16777215
470
LINEAR
1001
ACAD
1010
0
1020
0
1030
0
  0
CIRCLE
  5
86c
330
1F
100
AcDbEntity
  8
Multi-Layer
100
AcDbCircle
 10
45.45999491998987
 20
3
 30
0.0
 40
0.5500127000254001
0
HATCH
5
86e
100
AcDbEntity
8
Multi-Layer
100
AcDbHatch
10
0
20
0
30
0
210
0
220
0
230
1
2
SOLID
70
1
71
0
91
1
92
7
72
0
73
1
93
4
10
44.60998221996442
20
3.8500127000253315
10
46.31000762001531
20
3.8500127000253315
10
46.31000762001531
20
2.149987299974555
10
44.60998221996442
20
2.149987299974555
97
1
330

75
0
76
1
47
0.4128176842155181
98
1
10
34.90568961886538
20
22.81183545379326
450
0
451
0
460
0
461
0
452
1
462
1
453
2
463
0
63
5
421
255
463
1
63
7
421
16777215
470
LINEAR
1001
ACAD
1010
0
1020
0
1030
0
0
HATCH
5
883
100
AcDbEntity
8
TopSolderMaskLayer
100
AcDbHatch
10
0
20
0
30
0
210
0
220
0
230
1
2
SOLID
70
1
71
0
91
1
92
7
72
0
73
1
93
4
10
16.33255207155571
20
-30.84838206549864
10
16.33255207155571
20
-31.151871935009467
10
14.967475870435692
20
-31.151871935009467
10
14.967475870435692
20
-30.84838206549864
97
1
330

75
0
76
1
47
0.4128176842155181
98
1
10
34.90568961886538
20
22.81183545379326
450
0
451
0
460
0
461
0
452
1
462
1
453
2
463
0
63
5
421
255
463
1
63
7
421
16777215
470
LINEAR
1001
ACAD
1010
0
1020
0
1030
0
0
HATCH
5
886
100
AcDbEntity
8
TopPasteMaskLayer
100
AcDbHatch
10
0
20
0
30
0
210
0
220
0
230
1
2
SOLID
70
1
71
0
91
1
92
7
72
0
73
1
93
4
10
16.3000254000508
20
-30.85011430022871
10
16.3000254000508
20
-31.15013970027951
10
15
20
-31.15013970027951
10
15
20
-30.85011430022871
97
1
330

75
0
76
1
47
0.4128176842155181
98
1
10
34.90568961886538
20
22.81183545379326
450
0
451
0
460
0
461
0
452
1
462
1
453
2
463
0
63
5
421
255
463
1
63
7
421
16777215
470
LINEAR
1001
ACAD
1010
0
1020
0
1030
0
0
HATCH
5
889
100
AcDbEntity
8
TopLayer
100
AcDbHatch
10
0
20
0
30
0
210
0
220
0
230
1
2
SOLID
70
1
71
0
91
1
92
7
72
0
73
1
93
4
10
16.3000254000508
20
-30.85011430022871
10
16.3000254000508
20
-31.15013970027951
10
15
20
-31.15013970027951
10
15
20
-30.85011430022871
97
1
330

75
0
76
1
47
0.4128176842155181
98
1
10
34.90568961886538
20
22.81183545379326
450
0
451
0
460
0
461
0
452
1
462
1
453
2
463
0
63
5
421
255
463
1
63
7
421
16777215
470
LINEAR
1001
ACAD
1010
0
1020
0
1030
0
0
HATCH
5
88c
100
AcDbEntity
8
TopSolderMaskLayer
100
AcDbHatch
10
0
20
0
30
0
210
0
220
0
230
1
2
SOLID
70
1
71
0
91
1
92
7
72
0
73
1
93
4
10
16.33255207155571
20
-31.34825506524453
10
16.33255207155571
20
-31.65174493475547
10
14.967475870435692
20
-31.65174493475547
10
14.967475870435692
20
-31.34825506524453
97
1
330

75
0
76
1
47
0.4128176842155181
98
1
10
34.90568961886538
20
22.81183545379326
450
0
451
0
460
0
461
0
452
1
462
1
453
2
463
0
63
5
421
255
463
1
63
7
421
16777215
470
LINEAR
1001
ACAD
1010
0
1020
0
1030
0
0
HATCH
5
88f
100
AcDbEntity
8
TopPasteMaskLayer
100
AcDbHatch
10
0
20
0
30
0
210
0
220
0
230
1
2
SOLID
70
1
71
0
91
1
92
7
72
0
73
1
93
4
10
16.3000254000508
20
-31.3499872999746
10
16.3000254000508
20
-31.6500127000254
10
15
20
-31.6500127000254
10
15
20
-31.3499872999746
97
1
330

75
0
76
1
47
0.4128176842155181
98
1
10
34.90568961886538
20
22.81183545379326
450
0
451
0
460
0
461
0
452
1
462
1
453
2
463
0
63
5
421
255
463
1
63
7
421
16777215
470
LINEAR
1001
ACAD
1010
0
1020
0
1030
0
0
HATCH
5
892
100
AcDbEntity
8
TopLayer
100
AcDbHatch
10
0
20
0
30
0
210
0
220
0
230
1
2
SOLID
70
1
71
0
91
1
92
7
72
0
73
1
93
4
10
16.3000254000508
20
-31.3499872999746
10
16.3000254000508
20
-31.6500127000254
10
15
20
-31.6500127000254
10
15
20
-31.3499872999746
97
1
330

75
0
76
1
47
0.4128176842155181
98
1
10
34.90568961886538
20
22.81183545379326
450
0
451
0
460
0
461
0
452
1
462
1
453
2
463
0
63
5
421
255
463
1
63
7
421
16777215
470
LINEAR
1001
ACAD
1010
0
1020
0
1030
0
0
HATCH
5
895
100
AcDbEntity
8
TopSolderMaskLayer
100
AcDbHatch
10
0
20
0
30
0
210
0
220
0
230
1
2
SOLID
70
1
71
0
91
1
92
7
72
0
73
1
93
4
10
16.33255207155571
20
-31.848128064990533
10
16.33255207155571
20
-32.15161793450136
10
14.967475870435692
20
-32.15161793450136
10
14.967475870435692
20
-31.848128064990533
97
1
330

75
0
76
1
47
0.4128176842155181
98
1
10
34.90568961886538
20
22.81183545379326
450
0
451
0
460
0
461
0
452
1
462
1
453
2
463
0
63
5
421
255
463
1
63
7
421
16777215
470
LINEAR
1001
ACAD
1010
0
1020
0
1030
0
0
HATCH
5
898
100
AcDbEntity
8
TopPasteMaskLayer
100
AcDbHatch
10
0
20
0
30
0
210
0
220
0
230
1
2
SOLID
70
1
71
0
91
1
92
7
72
0
73
1
93
4
10
16.3000254000508
20
-31.849860299720604
10
16.3000254000508
20
-32.1498856997714
10
15
20
-32.1498856997714
10
15
20
-31.849860299720604
97
1
330

75
0
76
1
47
0.4128176842155181
98
1
10
34.90568961886538
20
22.81183545379326
450
0
451
0
460
0
461
0
452
1
462
1
453
2
463
0
63
5
421
255
463
1
63
7
421
16777215
470
LINEAR
1001
ACAD
1010
0
1020
0
1030
0
0
HATCH
5
89b
100
AcDbEntity
8
TopLayer
100
AcDbHatch
10
0
20
0
30
0
210
0
220
0
230
1
2
SOLID
70
1
71
0
91
1
92
7
72
0
73
1
93
4
10
16.3000254000508
20
-31.849860299720604
10
16.3000254000508
20
-32.1498856997714
10
15
20
-32.1498856997714
10
15
20
-31.849860299720604
97
1
330

75
0
76
1
47
0.4128176842155181
98
1
10
34.90568961886538
20
22.81183545379326
450
0
451
0
460
0
461
0
452
1
462
1
453
2
463
0
63
5
421
255
463
1
63
7
421
16777215
470
LINEAR
1001
ACAD
1010
0
1020
0
1030
0
0
HATCH
5
89e
100
AcDbEntity
8
TopSolderMaskLayer
100
AcDbHatch
10
0
20
0
30
0
210
0
220
0
230
1
2
SOLID
70
1
71
0
91
1
92
7
72
0
73
1
93
4
10
16.33255207155571
20
-32.34825506524453
10
16.33255207155571
20
-32.65174493475547
10
14.967475870435692
20
-32.65174493475547
10
14.967475870435692
20
-32.34825506524453
97
1
330

75
0
76
1
47
0.4128176842155181
98
1
10
34.90568961886538
20
22.81183545379326
450
0
451
0
460
0
461
0
452
1
462
1
453
2
463
0
63
5
421
255
463
1
63
7
421
16777215
470
LINEAR
1001
ACAD
1010
0
1020
0
1030
0
0
HATCH
5
8a1
100
AcDbEntity
8
TopPasteMaskLayer
100
AcDbHatch
10
0
20
0
30
0
210
0
220
0
230
1
2
SOLID
70
1
71
0
91
1
92
7
72
0
73
1
93
4
10
16.3000254000508
20
-32.3499872999746
10
16.3000254000508
20
-32.6500127000254
10
15
20
-32.6500127000254
10
15
20
-32.3499872999746
97
1
330

75
0
76
1
47
0.4128176842155181
98
1
10
34.90568961886538
20
22.81183545379326
450
0
451
0
460
0
461
0
452
1
462
1
453
2
463
0
63
5
421
255
463
1
63
7
421
16777215
470
LINEAR
1001
ACAD
1010
0
1020
0
1030
0
0
HATCH
5
8a4
100
AcDbEntity
8
TopLayer
100
AcDbHatch
10
0
20
0
30
0
210
0
220
0
230
1
2
SOLID
70
1
71
0
91
1
92
7
72
0
73
1
93
4
10
16.3000254000508
20
-32.3499872999746
10
16.3000254000508
20
-32.6500127000254
10
15
20
-32.6500127000254
10
15
20
-32.3499872999746
97
1
330

75
0
76
1
47
0.4128176842155181
98
1
10
34.90568961886538
20
22.81183545379326
450
0
451
0
460
0
461
0
452
1
462
1
453
2
463
0
63
5
421
255
463
1
63
7
421
16777215
470
LINEAR
1001
ACAD
1010
0
1020
0
1030
0
0
HATCH
5
8a7
100
AcDbEntity
8
TopSolderMaskLayer
100
AcDbHatch
10
0
20
0
30
0
210
0
220
0
230
1
2
SOLID
70
1
71
0
91
1
92
7
72
0
73
1
93
4
10
16.33255207155571
20
-32.84838206549853
10
16.33255207155571
20
-33.15187193500947
10
14.967475870435692
20
-33.15187193500947
10
14.967475870435692
20
-32.84838206549853
97
1
330

75
0
76
1
47
0.4128176842155181
98
1
10
34.90568961886538
20
22.81183545379326
450
0
451
0
460
0
461
0
452
1
462
1
453
2
463
0
63
5
421
255
463
1
63
7
421
16777215
470
LINEAR
1001
ACAD
1010
0
1020
0
1030
0
0
HATCH
5
8aa
100
AcDbEntity
8
TopPasteMaskLayer
100
AcDbHatch
10
0
20
0
30
0
210
0
220
0
230
1
2
SOLID
70
1
71
0
91
1
92
7
72
0
73
1
93
4
10
16.3000254000508
20
-32.8501143002286
10
16.3000254000508
20
-33.1501397002794
10
15
20
-33.1501397002794
10
15
20
-32.8501143002286
97
1
330

75
0
76
1
47
0.4128176842155181
98
1
10
34.90568961886538
20
22.81183545379326
450
0
451
0
460
0
461
0
452
1
462
1
453
2
463
0
63
5
421
255
463
1
63
7
421
16777215
470
LINEAR
1001
ACAD
1010
0
1020
0
1030
0
0
HATCH
5
8ad
100
AcDbEntity
8
TopLayer
100
AcDbHatch
10
0
20
0
30
0
210
0
220
0
230
1
2
SOLID
70
1
71
0
91
1
92
7
72
0
73
1
93
4
10
16.3000254000508
20
-32.8501143002286
10
16.3000254000508
20
-33.1501397002794
10
15
20
-33.1501397002794
10
15
20
-32.8501143002286
97
1
330

75
0
76
1
47
0.4128176842155181
98
1
10
34.90568961886538
20
22.81183545379326
450
0
451
0
460
0
461
0
452
1
462
1
453
2
463
0
63
5
421
255
463
1
63
7
421
16777215
470
LINEAR
1001
ACAD
1010
0
1020
0
1030
0
0
HATCH
5
8b0
100
AcDbEntity
8
TopSolderMaskLayer
100
AcDbHatch
10
0
20
0
30
0
210
0
220
0
230
1
2
SOLID
70
1
71
0
91
1
92
7
72
0
73
1
93
4
10
21.110094437393172
20
-32.843998253257155
10
21.110094437393172
20
-33.155747746234965
10
19.589930962657718
20
-33.155747746234965
10
19.589930962657718
20
-32.843998253257155
97
1
330

75
0
76
1
47
0.4128176842155181
98
1
10
34.90568961886538
20
22.81183545379326
450
0
451
0
460
0
461
0
452
1
462
1
453
2
463
0
63
5
421
255
463
1
63
7
421
16777215
470
LINEAR
1001
ACAD
1010
0
1020
0
1030
0
0
HATCH
5
8b3
100
AcDbEntity
8
TopPasteMaskLayer
100
AcDbHatch
10
0
20
0
30
0
210
0
220
0
230
1
2
SOLID
70
1
71
0
91
1
92
7
72
0
73
1
93
4
10
21.000025400050845
20
-32.84986029972072
10
21.000025400050845
20
-33.14988569977152
10
19.700000000000045
20
-33.14988569977152
10
19.700000000000045
20
-32.84986029972072
97
1
330

75
0
76
1
47
0.4128176842155181
98
1
10
34.90568961886538
20
22.81183545379326
450
0
451
0
460
0
461
0
452
1
462
1
453
2
463
0
63
5
421
255
463
1
63
7
421
16777215
470
LINEAR
1001
ACAD
1010
0
1020
0
1030
0
0
HATCH
5
8b6
100
AcDbEntity
8
TopLayer
100
AcDbHatch
10
0
20
0
30
0
210
0
220
0
230
1
2
SOLID
70
1
71
0
91
1
92
7
72
0
73
1
93
4
10
21.000025400050845
20
-32.84986029972072
10
21.000025400050845
20
-33.14988569977152
10
19.700000000000045
20
-33.14988569977152
10
19.700000000000045
20
-32.84986029972072
97
1
330

75
0
76
1
47
0.4128176842155181
98
1
10
34.90568961886538
20
22.81183545379326
450
0
451
0
460
0
461
0
452
1
462
1
453
2
463
0
63
5
421
255
463
1
63
7
421
16777215
470
LINEAR
1001
ACAD
1010
0
1020
0
1030
0
0
HATCH
5
8b9
100
AcDbEntity
8
TopSolderMaskLayer
100
AcDbHatch
10
0
20
0
30
0
210
0
220
0
230
1
2
SOLID
70
1
71
0
91
1
92
7
72
0
73
1
93
4
10
21.110094437393172
20
-32.34412525351115
10
21.110094437393172
20
-32.65587474648885
10
19.589930962657718
20
-32.65587474648885
10
19.589930962657718
20
-32.34412525351115
97
1
330

75
0
76
1
47
0.4128176842155181
98
1
10
34.90568961886538
20
22.81183545379326
450
0
451
0
460
0
461
0
452
1
462
1
453
2
463
0
63
5
421
255
463
1
63
7
421
16777215
470
LINEAR
1001
ACAD
1010
0
1020
0
1030
0
0
HATCH
5
8bc
100
AcDbEntity
8
TopPasteMaskLayer
100
AcDbHatch
10
0
20
0
30
0
210
0
220
0
230
1
2
SOLID
70
1
71
0
91
1
92
7
72
0
73
1
93
4
10
21.000025400050845
20
-32.3499872999746
10
21.000025400050845
20
-32.6500127000254
10
19.700000000000045
20
-32.6500127000254
10
19.700000000000045
20
-32.3499872999746
97
1
330

75
0
76
1
47
0.4128176842155181
98
1
10
34.90568961886538
20
22.81183545379326
450
0
451
0
460
0
461
0
452
1
462
1
453
2
463
0
63
5
421
255
463
1
63
7
421
16777215
470
LINEAR
1001
ACAD
1010
0
1020
0
1030
0
0
HATCH
5
8bf
100
AcDbEntity
8
TopLayer
100
AcDbHatch
10
0
20
0
30
0
210
0
220
0
230
1
2
SOLID
70
1
71
0
91
1
92
7
72
0
73
1
93
4
10
21.000025400050845
20
-32.3499872999746
10
21.000025400050845
20
-32.6500127000254
10
19.700000000000045
20
-32.6500127000254
10
19.700000000000045
20
-32.3499872999746
97
1
330

75
0
76
1
47
0.4128176842155181
98
1
10
34.90568961886538
20
22.81183545379326
450
0
451
0
460
0
461
0
452
1
462
1
453
2
463
0
63
5
421
255
463
1
63
7
421
16777215
470
LINEAR
1001
ACAD
1010
0
1020
0
1030
0
0
HATCH
5
8c2
100
AcDbEntity
8
TopSolderMaskLayer
100
AcDbHatch
10
0
20
0
30
0
210
0
220
0
230
1
2
SOLID
70
1
71
0
91
1
92
7
72
0
73
1
93
4
10
21.110094437393172
20
-31.84425225376515
10
21.110094437393172
20
-32.15600174674296
10
19.589930962657718
20
-32.15600174674296
10
19.589930962657718
20
-31.84425225376515
97
1
330

75
0
76
1
47
0.4128176842155181
98
1
10
34.90568961886538
20
22.81183545379326
450
0
451
0
460
0
461
0
452
1
462
1
453
2
463
0
63
5
421
255
463
1
63
7
421
16777215
470
LINEAR
1001
ACAD
1010
0
1020
0
1030
0
0
HATCH
5
8c5
100
AcDbEntity
8
TopPasteMaskLayer
100
AcDbHatch
10
0
20
0
30
0
210
0
220
0
230
1
2
SOLID
70
1
71
0
91
1
92
7
72
0
73
1
93
4
10
21.000025400050845
20
-31.850114300228597
10
21.000025400050845
20
-32.1501397002794
10
19.700000000000045
20
-32.1501397002794
10
19.700000000000045
20
-31.850114300228597
97
1
330

75
0
76
1
47
0.4128176842155181
98
1
10
34.90568961886538
20
22.81183545379326
450
0
451
0
460
0
461
0
452
1
462
1
453
2
463
0
63
5
421
255
463
1
63
7
421
16777215
470
LINEAR
1001
ACAD
1010
0
1020
0
1030
0
0
HATCH
5
8c8
100
AcDbEntity
8
TopLayer
100
AcDbHatch
10
0
20
0
30
0
210
0
220
0
230
1
2
SOLID
70
1
71
0
91
1
92
7
72
0
73
1
93
4
10
21.000025400050845
20
-31.850114300228597
10
21.000025400050845
20
-32.1501397002794
10
19.700000000000045
20
-32.1501397002794
10
19.700000000000045
20
-31.850114300228597
97
1
330

75
0
76
1
47
0.4128176842155181
98
1
10
34.90568961886538
20
22.81183545379326
450
0
451
0
460
0
461
0
452
1
462
1
453
2
463
0
63
5
421
255
463
1
63
7
421
16777215
470
LINEAR
1001
ACAD
1010
0
1020
0
1030
0
0
HATCH
5
8cb
100
AcDbEntity
8
TopSolderMaskLayer
100
AcDbHatch
10
0
20
0
30
0
210
0
220
0
230
1
2
SOLID
70
1
71
0
91
1
92
7
72
0
73
1
93
4
10
21.110094437393172
20
-31.34412525351115
10
21.110094437393172
20
-31.655874746488962
10
19.589930962657718
20
-31.655874746488962
10
19.589930962657718
20
-31.34412525351115
97
1
330

75
0
76
1
47
0.4128176842155181
98
1
10
34.90568961886538
20
22.81183545379326
450
0
451
0
460
0
461
0
452
1
462
1
453
2
463
0
63
5
421
255
463
1
63
7
421
16777215
470
LINEAR
1001
ACAD
1010
0
1020
0
1030
0
0
HATCH
5
8ce
100
AcDbEntity
8
TopPasteMaskLayer
100
AcDbHatch
10
0
20
0
30
0
210
0
220
0
230
1
2
SOLID
70
1
71
0
91
1
92
7
72
0
73
1
93
4
10
21.000025400050845
20
-31.3499872999746
10
21.000025400050845
20
-31.6500127000254
10
19.700000000000045
20
-31.6500127000254
10
19.700000000000045
20
-31.3499872999746
97
1
330

75
0
76
1
47
0.4128176842155181
98
1
10
34.90568961886538
20
22.81183545379326
450
0
451
0
460
0
461
0
452
1
462
1
453
2
463
0
63
5
421
255
463
1
63
7
421
16777215
470
LINEAR
1001
ACAD
1010
0
1020
0
1030
0
0
HATCH
5
8d1
100
AcDbEntity
8
TopLayer
100
AcDbHatch
10
0
20
0
30
0
210
0
220
0
230
1
2
SOLID
70
1
71
0
91
1
92
7
72
0
73
1
93
4
10
21.000025400050845
20
-31.3499872999746
10
21.000025400050845
20
-31.6500127000254
10
19.700000000000045
20
-31.6500127000254
10
19.700000000000045
20
-31.3499872999746
97
1
330

75
0
76
1
47
0.4128176842155181
98
1
10
34.90568961886538
20
22.81183545379326
450
0
451
0
460
0
461
0
452
1
462
1
453
2
463
0
63
5
421
255
463
1
63
7
421
16777215
470
LINEAR
1001
ACAD
1010
0
1020
0
1030
0
0
HATCH
5
8d4
100
AcDbEntity
8
TopSolderMaskLayer
100
AcDbHatch
10
0
20
0
30
0
210
0
220
0
230
1
2
SOLID
70
1
71
0
91
1
92
7
72
0
73
1
93
4
10
21.110094437393172
20
-30.843998253257155
10
21.110094437393172
20
-31.15574774623485
10
19.589930962657718
20
-31.15574774623485
10
19.589930962657718
20
-30.843998253257155
97
1
330

75
0
76
1
47
0.4128176842155181
98
1
10
34.90568961886538
20
22.81183545379326
450
0
451
0
460
0
461
0
452
1
462
1
453
2
463
0
63
5
421
255
463
1
63
7
421
16777215
470
LINEAR
1001
ACAD
1010
0
1020
0
1030
0
0
HATCH
5
8d7
100
AcDbEntity
8
TopPasteMaskLayer
100
AcDbHatch
10
0
20
0
30
0
210
0
220
0
230
1
2
SOLID
70
1
71
0
91
1
92
7
72
0
73
1
93
4
10
21.000025400050845
20
-30.849860299720604
10
21.000025400050845
20
-31.149885699771403
10
19.700000000000045
20
-31.149885699771403
10
19.700000000000045
20
-30.849860299720604
97
1
330

75
0
76
1
47
0.4128176842155181
98
1
10
34.90568961886538
20
22.81183545379326
450
0
451
0
460
0
461
0
452
1
462
1
453
2
463
0
63
5
421
255
463
1
63
7
421
16777215
470
LINEAR
1001
ACAD
1010
0
1020
0
1030
0
0
HATCH
5
8da
100
AcDbEntity
8
TopLayer
100
AcDbHatch
10
0
20
0
30
0
210
0
220
0
230
1
2
SOLID
70
1
71
0
91
1
92
7
72
0
73
1
93
4
10
21.000025400050845
20
-30.849860299720604
10
21.000025400050845
20
-31.149885699771403
10
19.700000000000045
20
-31.149885699771403
10
19.700000000000045
20
-30.849860299720604
97
1
330

75
0
76
1
47
0.4128176842155181
98
1
10
34.90568961886538
20
22.81183545379326
450
0
451
0
460
0
461
0
452
1
462
1
453
2
463
0
63
5
421
255
463
1
63
7
421
16777215
470
LINEAR
1001
ACAD
1010
0
1020
0
1030
0
  0
CIRCLE
  5
923
330
1F
100
AcDbEntity
  8
TopSolderMaskLayer
100
AcDbCircle
 10
30.189992379984915
 20
-47.81000762001531
 30
0.0
 40
0.5138924166737222
0
HATCH
5
925
100
AcDbEntity
8
TopSolderMaskLayer
100
AcDbHatch
10
0
20
0
30
0
210
0
220
0
230
1
2
SOLID
70
1
71
0
91
1
92
7
72
0
73
1
93
4
10
29.26498602997185
20
-46.885001270002476
10
31.11499872999775
20
-46.885001270002476
10
31.11499872999775
20
-48.73501397002792
10
29.26498602997185
20
-48.73501397002792
97
1
330

75
0
76
1
47
0.4128176842155181
98
1
10
34.90568961886538
20
22.81183545379326
450
0
451
0
460
0
461
0
452
1
462
1
453
2
463
0
63
5
421
255
463
1
63
7
421
16777215
470
LINEAR
1001
ACAD
1010
0
1020
0
1030
0
  0
CIRCLE
  5
926
330
1F
100
AcDbEntity
  8
BottomSolderMaskLayer
100
AcDbCircle
 10
30.189992379984915
 20
-47.81000762001531
 30
0.0
 40
0.5138924166737222
0
HATCH
5
928
100
AcDbEntity
8
BottomSolderMaskLayer
100
AcDbHatch
10
0
20
0
30
0
210
0
220
0
230
1
2
SOLID
70
1
71
0
91
1
92
7
72
0
73
1
93
4
10
29.26498602997185
20
-46.885001270002476
10
31.11499872999775
20
-46.885001270002476
10
31.11499872999775
20
-48.73501397002792
10
29.26498602997185
20
-48.73501397002792
97
1
330

75
0
76
1
47
0.4128176842155181
98
1
10
34.90568961886538
20
22.81183545379326
450
0
451
0
460
0
461
0
452
1
462
1
453
2
463
0
63
5
421
255
463
1
63
7
421
16777215
470
LINEAR
1001
ACAD
1010
0
1020
0
1030
0
  0
CIRCLE
  5
929
330
1F
100
AcDbEntity
  8
Multi-Layer
100
AcDbCircle
 10
30.189992379984915
 20
-47.81000762001531
 30
0.0
 40
0.5
0
HATCH
5
92b
100
AcDbEntity
8
Multi-Layer
100
AcDbHatch
10
0
20
0
30
0
210
0
220
0
230
1
2
SOLID
70
1
71
0
91
1
92
7
72
0
73
1
93
4
10
29.289992379984824
20
-46.91000762001522
10
31.089992379985006
20
-46.91000762001522
10
31.089992379985006
20
-48.71000762001529
10
29.289992379984824
20
-48.71000762001529
97
1
330

75
0
76
1
47
0.4128176842155181
98
1
10
34.90568961886538
20
22.81183545379326
450
0
451
0
460
0
461
0
452
1
462
1
453
2
463
0
63
5
421
255
463
1
63
7
421
16777215
470
LINEAR
1001
ACAD
1010
0
1020
0
1030
0
  0
CIRCLE
  5
9df
330
1F
100
AcDbEntity
  8
Multi-Layer
100
AcDbCircle
 10
8.162560325120694
 20
-9.051079502159041
 30
0.0
 40
0.4
  0
CIRCLE
  5
9e0
330
1F
100
AcDbEntity
  8
Hole
100
AcDbCircle
 10
8.162560325120694
 20
-9.051079502159041
 30
0.0
 40
0.20500381000762005
  0
CIRCLE
  5
9e1
330
1F
100
AcDbEntity
  8
Multi-Layer
100
AcDbCircle
 10
37.09321818643639
 20
-7.193065786131683
 30
0.0
 40
0.30500381000762006
  0
CIRCLE
  5
9e2
330
1F
100
AcDbEntity
  8
Hole
100
AcDbCircle
 10
37.09321818643639
 20
-7.193065786131683
 30
0.0
 40
0.15250190500381003
  0
CIRCLE
  5
9e3
330
1F
100
AcDbEntity
  8
Multi-Layer
100
AcDbCircle
 10
36.500127000254
 20
-36.723926847853704
 30
0.0
 40
0.30500381000762006
  0
CIRCLE
  5
9e4
330
1F
100
AcDbEntity
  8
Hole
100
AcDbCircle
 10
36.500127000254
 20
-36.723926847853704
 30
0.0
 40
0.15250190500381003
  0
CIRCLE
  5
9e5
330
1F
100
AcDbEntity
  8
Multi-Layer
100
AcDbCircle
 10
20
 20
-54
 30
0.0
 40
0.30500381000762006
  0
CIRCLE
  5
9e6
330
1F
100
AcDbEntity
  8
Hole
100
AcDbCircle
 10
20
 20
-54
 30
0.0
 40
0.15250190500381003
  0
CIRCLE
  5
9e7
330
1F
100
AcDbEntity
  8
Multi-Layer
100
AcDbCircle
 10
18.77038354076717
 20
-23.50802641605287
 30
0.0
 40
0.30500381000762006
  0
CIRCLE
  5
9e8
330
1F
100
AcDbEntity
  8
Hole
100
AcDbCircle
 10
18.77038354076717
 20
-23.50802641605287
 30
0.0
 40
0.15250190500381003
  0
CIRCLE
  5
9e9
330
1F
100
AcDbEntity
  8
Multi-Layer
100
AcDbCircle
 10
30.860553721107408
 20
-41.62791465582927
 30
0.0
 40
0.30500381000762006
  0
CIRCLE
  5
9ea
330
1F
100
AcDbEntity
  8
Hole
100
AcDbCircle
 10
30.860553721107408
 20
-41.62791465582927
 30
0.0
 40
0.15250190500381003
  0
CIRCLE
  5
9eb
330
1F
100
AcDbEntity
  8
Multi-Layer
100
AcDbCircle
 10
17.59639319278631
 20
-29.99113538227084
 30
0.0
 40
0.30500381000762006
  0
CIRCLE
  5
9ec
330
1F
100
AcDbEntity
  8
Hole
100
AcDbCircle
 10
17.59639319278631
 20
-29.99113538227084
 30
0.0
 40
0.15250190500381003
  0
CIRCLE
  5
9ed
330
1F
100
AcDbEntity
  8
Multi-Layer
100
AcDbCircle
 10
17.0695961391923
 20
-30.57711455422907
 30
0.0
 40
0.30500381000762006
  0
CIRCLE
  5
9ee
330
1F
100
AcDbEntity
  8
Hole
100
AcDbCircle
 10
17.0695961391923
 20
-30.57711455422907
 30
0.0
 40
0.15250190500381003
  0
CIRCLE
  5
9ef
330
1F
100
AcDbEntity
  8
Multi-Layer
100
AcDbCircle
 10
19
 20
-33
 30
0.0
 40
0.30500381000762006
  0
CIRCLE
  5
9f0
330
1F
100
AcDbEntity
  8
Hole
100
AcDbCircle
 10
19
 20
-33
 30
0.0
 40
0.15250190500381003
  0
CIRCLE
  5
9f1
330
1F
100
AcDbEntity
  8
Multi-Layer
100
AcDbCircle
 10
15
 20
-47.000000000000114
 30
0.0
 40
0.31000762001524007
  0
CIRCLE
  5
9f2
330
1F
100
AcDbEntity
  8
Hole
100
AcDbCircle
 10
15
 20
-47.000000000000114
 30
0.0
 40
0.15499110998222
  0
CIRCLE
  5
9f3
330
1F
100
AcDbEntity
  8
Multi-Layer
100
AcDbCircle
 10
16
 20
-35
 30
0.0
 40
0.31000762001524007
  0
CIRCLE
  5
9f4
330
1F
100
AcDbEntity
  8
Hole
100
AcDbCircle
 10
16
 20
-35
 30
0.0
 40
0.15499110998222
  0
CIRCLE
  5
9f5
330
1F
100
AcDbEntity
  8
Multi-Layer
100
AcDbCircle
 10
12
 20
-34.000000000000114
 30
0.0
 40
0.31000762001524007
  0
CIRCLE
  5
9f6
330
1F
100
AcDbEntity
  8
Hole
100
AcDbCircle
 10
12
 20
-34.000000000000114
 30
0.0
 40
0.15499110998222
  0
CIRCLE
  5
9f7
330
1F
100
AcDbEntity
  8
Multi-Layer
100
AcDbCircle
 10
17
 20
-29
 30
0.0
 40
0.4
  0
CIRCLE
  5
9f8
330
1F
100
AcDbEntity
  8
Hole
100
AcDbCircle
 10
17
 20
-29
 30
0.0
 40
0.20500381000762005
  0
CIRCLE
  5
9f9
330
1F
100
AcDbEntity
  8
Multi-Layer
100
AcDbCircle
 10
30
 20
-28
 30
0.0
 40
0.4
  0
CIRCLE
  5
9fa
330
1F
100
AcDbEntity
  8
Hole
100
AcDbCircle
 10
30
 20
-28
 30
0.0
 40
0.20500381000762005
  0
CIRCLE
  5
9fb
330
1F
100
AcDbEntity
  8
Multi-Layer
100
AcDbCircle
 10
48
 20
-22
 30
0.0
 40
0.31000762001524007
  0
CIRCLE
  5
9fc
330
1F
100
AcDbEntity
  8
Hole
100
AcDbCircle
 10
48
 20
-22
 30
0.0
 40
0.15499110998222
  0
CIRCLE
  5
9fd
330
1F
100
AcDbEntity
  8
Multi-Layer
100
AcDbCircle
 10
47
 20
-27
 30
0.0
 40
0.31000762001524007
  0
CIRCLE
  5
9fe
330
1F
100
AcDbEntity
  8
Hole
100
AcDbCircle
 10
47
 20
-27
 30
0.0
 40
0.15499110998222
  0
CIRCLE
  5
9ff
330
1F
100
AcDbEntity
  8
Multi-Layer
100
AcDbCircle
 10
45
 20
-29
 30
0.0
 40
0.31000762001524007
  0
CIRCLE
  5
a00
330
1F
100
AcDbEntity
  8
Hole
100
AcDbCircle
 10
45
 20
-29
 30
0.0
 40
0.15499110998222
  0
CIRCLE
  5
a01
330
1F
100
AcDbEntity
  8
Multi-Layer
100
AcDbCircle
 10
50.00000000000023
 20
8
 30
0.0
 40
1.5000000000000002
  0
CIRCLE
  5
a02
330
1F
100
AcDbEntity
  8
Multi-Layer
100
AcDbCircle
 10
4
 20
8
 30
0.0
 40
1.5000000000000002
  0
CIRCLE
  5
a03
330
1F
100
AcDbEntity
  8
Multi-Layer
100
AcDbCircle
 10
4
 20
-49
 30
0.0
 40
1.5000000000000002
  0
CIRCLE
  5
a04
330
1F
100
AcDbEntity
  8
Multi-Layer
100
AcDbCircle
 10
50.00000000000023
 20
-49
 30
0.0
 40
1.5000000000000002
0
HATCH
5
a06
100
AcDbEntity
8
Document
100
AcDbHatch
10
0
20
0
30
0
210
0
220
0
230
1
2
SOLID
70
1
71
0
91
1
92
7
72
0
73
1
93
6
10
13.026974853949696
20
-48.906959613919184
10
13.866954533909166
20
-48.90690881381761
10
13.867005334010628
20
-49.18691897383803
10
13.026974853949696
20
-49.18691897383803
10
12.74699009398023
20
-49.186944373888764
10
12.74699009398023
20
-48.90690881381761
97
1
330

75
0
76
1
47
0.4128176842155181
98
1
10
34.90568961886538
20
22.81183545379326
450
0
451
0
460
0
461
0
452
1
462
1
453
2
463
0
63
5
421
255
463
1
63
7
421
16777215
470
LINEAR
1001
ACAD
1010
0
1020
0
1030
0
0
HATCH
5
a08
100
AcDbEntity
8
Document
100
AcDbHatch
10
0
20
0
30
0
210
0
220
0
230
1
2
SOLID
70
1
71
0
91
1
92
7
72
0
73
1
93
6
10
10.832994665989418
20
-48.672999745999505
10
10.832994665989418
20
-49.51305562611128
10
10.553009906019724
20
-49.51303022606044
10
10.55298450596888
20
-48.67302514605035
10
10.553009906019724
20
-48.39304038608077
10
10.832994665989418
20
-48.3930657861315
97
1
330

75
0
76
1
47
0.4128176842155181
98
1
10
34.90568961886538
20
22.81183545379326
450
0
451
0
460
0
461
0
452
1
462
1
453
2
463
0
63
5
421
255
463
1
63
7
421
16777215
470
LINEAR
1001
ACAD
1010
0
1020
0
1030
0
0
HATCH
5
a0a
100
AcDbEntity
8
Document
100
AcDbHatch
10
0
20
0
30
0
210
0
220
0
230
1
2
SOLID
70
1
71
0
91
1
92
7
72
0
73
1
93
6
10
10.97299974599946
20
-49.093040386080816
10
10.133020066040217
20
-49.09309118618239
10
10.132969265938527
20
-48.81308102616208
10
10.97299974599946
20
-48.81308102616208
10
11.252984505968925
20
-48.81305562611135
10
11.252984505968925
20
-49.09309118618239
97
1
330

75
0
76
1
47
0.4128176842155181
98
1
10
34.90568961886538
20
22.81183545379326
450
0
451
0
460
0
461
0
452
1
462
1
453
2
463
0
63
5
421
255
463
1
63
7
421
16777215
470
LINEAR
1001
ACAD
1010
0
1020
0
1030
0
  0
ENDSEC
  0
SECTION
  2
OBJECTS
  0
DICTIONARY
  5
C
330
0
100
AcDbDictionary
281
     1
  3
ACAD_CIP_PREVIOUS_PRODUCT_INFO
350
216
  3
ACAD_COLOR
350
6B
  3
ACAD_DETAILVIEWSTYLE
350
21B
  3
ACAD_GROUP
350
D
  3
ACAD_LAYOUT
350
1A
  3
ACAD_MATERIAL
350
6A
  3
ACAD_MLEADERSTYLE
350
12D
  3
ACAD_MLINESTYLE
350
17
  3
ACAD_PLOTSETTINGS
350
19
  3
ACAD_PLOTSTYLENAME
350
E
  3
ACAD_SCALELIST
350
10C
  3
ACAD_SECTIONVIEWSTYLE
350
219
  3
ACAD_TABLESTYLE
350
7E
  3
ACAD_VISUALSTYLE
350
EF
  3
ACDB_RECOMPOSE_DATA
350
27D
  3
AcDbVariableDictionary
350
5E
  3
AcDsDecomposeData
350
283
  0
DICTIONARY
  5
1FF
330
2
100
AcDbDictionary
280
     1
281
     1
  3
ACAD_LAYERSTATES
360
200
  0
DICTIONARY
  5
13C
330
10
100
AcDbDictionary
280
     1
281
     1
  0
DICTIONARY
  5
1CE
330
1F
100
AcDbDictionary
280
     1
281
     1
  0
XRECORD
  5
216
102
{ACAD_REACTORS
330
C
102
}
330
C
100
AcDbXrecord
280
     1
300
ACD
300
2017
300
ACD_F_S
  0
DICTIONARY
  5
6B
102
{ACAD_REACTORS
330
C
102
}
330
C
100
AcDbDictionary
281
     1
  0
DICTIONARY
  5
21B
102
{ACAD_REACTORS
330
C
102
}
330
C
100
AcDbDictionary
281
     1
  3
Metric50
350
21C
  0
DICTIONARY
  5
D
102
{ACAD_REACTORS
330
C
102
}
330
C
100
AcDbDictionary
281
     1
  0
DICTIONARY
  5
1A
102
{ACAD_REACTORS
330
C
102
}
330
C
100
AcDbDictionary
281
     1
  3
Model
350
22
  3
布局1
350
D3
  3
布局2
350
D7
  0
DICTIONARY
  5
6A
102
{ACAD_REACTORS
330
C
102
}
330
C
100
AcDbDictionary
281
     1
  3
ByBlock
350
ED
  3
ByLayer
350
EC
  3
Global
350
EE
  0
DICTIONARY
  5
12D
102
{ACAD_REACTORS
330
C
102
}
330
C
100
AcDbDictionary
281
     1
  3
Annotative
350
13B
  3
Standard
350
12E
  0
DICTIONARY
  5
17
102
{ACAD_REACTORS
330
C
102
}
330
C
100
AcDbDictionary
281
     1
  3
Standard
350
18
  0
DICTIONARY
  5
19
102
{ACAD_REACTORS
330
C
102
}
330
C
100
AcDbDictionary
281
     1
  0
ACDBDICTIONARYWDFLT
  5
E
102
{ACAD_REACTORS
330
C
102
}
330
C
100
AcDbDictionary
281
     1
  3
Normal
350
F
100
AcDbDictionaryWithDefault
340
F
  0
DICTIONARY
  5
10C
102
{ACAD_REACTORS
330
C
102
}
330
C
100
AcDbDictionary
281
     1
  3
A0
350
10D
  3
A1
350
1BE
  3
A2
350
1BF
  3
A3
350
1C0
  3
A4
350
1C1
  3
A5
350
1C2
  3
A6
350
1C3
  3
A7
350
1C4
  3
A8
350
1C5
  3
A9
350
1C6
  3
B0
350
1C7
  3
B1
350
1C8
  3
B2
350
1C9
  3
B3
350
1CA
  3
B4
350
1CB
  3
B5
350
1CC
  3
B6
350
1CD
  0
DICTIONARY
  5
219
102
{ACAD_REACTORS
330
C
102
}
330
C
100
AcDbDictionary
281
     1
  3
Metric50
350
21A
  0
DICTIONARY
  5
7E
102
{ACAD_REACTORS
330
C
102
}
330
C
100
AcDbDictionary
281
     1
  3
Standard
350
7F
  0
DICTIONARY
  5
EF
102
{ACAD_REACTORS
330
C
102
}
330
C
100
AcDbDictionary
281
     1
  3
2dWireframe
350
F5
  3
Basic
350
F4
  3
Brighten
350
FB
  3
ColorChange
350
FF
  3
Conceptual
350
F8
  3
Dim
350
FA
  3
EdgeColorOff
350
1E6
  3
Facepattern
350
FE
  3
Flat
350
F0
  3
FlatWithEdges
350
F1
  3
Gouraud
350
F2
  3
GouraudWithEdges
350
F3
  3
Hidden
350
F7
  3
JitterOff
350
1E4
  3
Linepattern
350
FD
  3
OverhangOff
350
1E5
  3
Realistic
350
F9
  3
Shaded
350
1F3
  3
Shaded with edges
350
1F2
  3
Shades of Gray
350
1EF
  3
Sketchy
350
1F0
  3
Thicken
350
FC
  3
Wireframe
350
F6
  3
X-Ray
350
1F1
  0
XRECORD
  5
27D
102
{ACAD_REACTORS
330
C
102
}
330
C
100
AcDbXrecord
280
     1
 90
        1
330
7F
  0
DICTIONARY
  5
5E
102
{ACAD_REACTORS
330
C
102
}
330
C
100
AcDbDictionary
281
     1
  3
CANNOSCALE
350
146
  3
CENTEREXE
350
259
  3
CENTERLTYPEFILE
350
25A
  3
CMLEADERSTYLE
350
145
  3
CTABLESTYLE
350
84
  3
CVIEWDETAILSTYLE
350
227
  3
CVIEWSECTIONSTYLE
350
228
  3
DIMASSOC
350
5F
  3
HIDETEXT
350
63
  3
LAYEREVAL
350
1AE
  3
LAYERNOTIFY
350
1AF
  3
XCLIPFRAME
350
27B
  0
DICTIONARY
  5
283
102
{ACAD_REACTORS
330
C
102
}
330
C
100
AcDbDictionary
281
     1
  3
AcDsRecords
350
285
  3
AcDsSchemas
350
284
1001
ACAD
1070
     2
  0
DICTIONARY
  5
200
102
{ACAD_REACTORS
330
1FF
102
}
330
1FF
100
AcDbDictionary
281
     1
  0
ACDBDETAILVIEWSTYLE
  5
21C
102
{ACAD_XDICTIONARY
360
236
102
}
102
{ACAD_REACTORS
330
21B
102
}
330
21B
100
AcDbModelDocViewStyle
 70
     0
  3
Metric50
290
     0
100
AcDbDetailViewStyle
 70
     0
 71
     0
 90
        3
 71
     1
340
11
 62
   256
 40
5.0
340
0
 62
   256
 40
5.0
300

 40
0.0
280
     1
 71
     2
340
16
 90
       25
 62
   256
 71
     3
340
11
 62
   256
 40
5.0
 90
        0
 40
15.0
 90
        1
300
%<AcVar ViewDetailId>% (%<AcVar ViewScale  "%sn">%)
 71
     4
340
16
 90
       25
 62
   256
340
16
 90
       25
 62
   256
280
     0
  0
LAYOUT
  5
22
102
{ACAD_XDICTIONARY
360
205
102
}
102
{ACAD_REACTORS
330
1A
102
}
330
1A
100
AcDbPlotSettings
  1

  2
none_device
  4
ISO_A4_(210.00_x_297.00_MM)
  6

 40
7.5
 41
20.0
 42
7.5
 43
20.0
 44
210.0
 45
297.0
 46
11.54999923706054
 47
-13.65000009536743
 48
0.0
 49
0.0
140
0.0
141
0.0
142
1.0
143
8.704084754739808
 70
 11952
 72
     1
 73
     0
 74
     0
  7

 75
     0
147
0.1148885871608098
 76
     0
 77
     2
 78
   300
148
0.0
149
0.0
100
AcDbLayout
  1
Model
 70
     1
 71
     0
 10
0.0
 20
0.0
 11
12.0
 21
9.0
 12
0.0
 22
0.0
 32
0.0
 14
0.0
 24
0.0
 34
0.0
 15
0.0
 25
0.0
 35
0.0
146
0.0
 13
0.0
 23
0.0
 33
0.0
 16
1.0
 26
0.0
 36
0.0
 17
0.0
 27
1.0
 37
0.0
 76
     0
330
1F
331
EA
1001
ACAD_PSEXT
1000
None
1000
None
1000
Not applicable
1000
The layout will not be plotted unless a new plotter configuration name is selected.
1070
     0
  0
LAYOUT
  5
D3
102
{ACAD_REACTORS
330
1A
102
}
330
1A
100
AcDbPlotSettings
  1

  2
C:Documents and SettingsasasApplication DataAutodeskAutoCAD 2005R16.1enuplottersDefault Windows System Printer.pc3
  4

  6

 40
0.0
 41
0.0
 42
0.0
 43
0.0
 44
0.0
 45
0.0
 46
0.0
 47
0.0
 48
0.0
 49
0.0
140
0.0
141
0.0
142
1.0
143
1.0
 70
   688
 72
     0
 73
     0
 74
     5
  7

 75
    16
147
1.0
 76
     0
 77
     2
 78
   300
148
0.0
149
0.0
100
AcDbLayout
  1
布局1
 70
     1
 71
     1
 10
0.0
 20
0.0
 11
12.0
 21
9.0
 12
0.0
 22
0.0
 32
0.0
 14
0.0
 24
0.0
 34
0.0
 15
0.0
 25
0.0
 35
0.0
146
0.0
 13
0.0
 23
0.0
 33
0.0
 16
1.0
 26
0.0
 36
0.0
 17
0.0
 27
1.0
 37
0.0
 76
     0
330
D2
  0
LAYOUT
  5
D7
102
{ACAD_REACTORS
330
1A
102
}
330
1A
100
AcDbPlotSettings
  1

  2
C:Documents and SettingsasasApplication DataAutodeskAutoCAD 2005R16.1enuplottersDefault Windows System Printer.pc3
  4

  6

 40
0.0
 41
0.0
 42
0.0
 43
0.0
 44
0.0
 45
0.0
 46
0.0
 47
0.0
 48
0.0
 49
0.0
140
0.0
141
0.0
142
1.0
143
1.0
 70
   688
 72
     0
 73
     0
 74
     5
  7

 75
    16
147
1.0
 76
     0
 77
     2
 78
   300
148
0.0
149
0.0
100
AcDbLayout
  1
布局2
 70
     1
 71
     2
 10
0.0
 20
0.0
 11
12.0
 21
9.0
 12
0.0
 22
0.0
 32
0.0
 14
0.0
 24
0.0
 34
0.0
 15
0.0
 25
0.0
 35
0.0
146
0.0
 13
0.0
 23
0.0
 33
0.0
 16
1.0
 26
0.0
 36
0.0
 17
0.0
 27
1.0
 37
0.0
 76
     0
330
D6
  0
MATERIAL
  5
ED
102
{ACAD_XDICTIONARY
360
1F9
102
}
102
{ACAD_REACTORS
330
6A
102
}
330
6A
100
AcDbMaterial
  1
ByBlock
 94
       63
  0
MATERIAL
  5
EC
102
{ACAD_XDICTIONARY
360
1F7
102
}
102
{ACAD_REACTORS
330
6A
102
}
330
6A
100
AcDbMaterial
  1
ByLayer
 94
       63
  0
MATERIAL
  5
EE
102
{ACAD_XDICTIONARY
360
173
102
}
102
{ACAD_REACTORS
330
6A
102
}
330
6A
100
AcDbMaterial
  1
Global
 43
0.0007999999797903
 43
0.0
 43
0.0
 43
0.0
 43
0.0
 43
0.0007999999797903
 43
0.0
 43
0.0
 43
0.0
 43
0.0
 43
1.0
 43
0.0
 43
0.0
 43
0.0
 43
0.0
 43
1.0
 49
0.0007999999797903
 49
0.0
 49
0.0
 49
0.0
 49
0.0
 49
0.0007999999797903
 49
0.0
 49
0.0
 49
0.0
 49
0.0
 49
1.0
 49
0.0
 49
0.0
 49
0.0
 49
0.0
 49
1.0
142
0.0007999999797903
142
0.0
142
0.0
142
0.0
142
0.0
142
0.0007999999797903
142
0.0
142
0.0
142
0.0
142
0.0
142
1.0
142
0.0
142
0.0
142
0.0
142
0.0
142
1.0
144
0.0007999999797903
144
0.0
144
0.0
144
0.0
144
0.0
144
0.0007999999797903
144
0.0
144
0.0
144
0.0
144
0.0
144
1.0
144
0.0
144
0.0
144
0.0
144
0.0
144
1.0
 94
       63
1001
ACAD
1070
    -1
1070
     3
1070
     0
1000

1071
        0
1070
     0
  0
MLEADERSTYLE
  5
13B
102
{ACAD_REACTORS
330
12D
102
}
330
12D
100
AcDbMLeaderStyle
170
     2
171
     1
172
     0
 90
        2
 40
0.0
 41
0.0
173
     1
 91
-1056964608
340
14
 92
       -2
290
     1
 42
2.0
291
     1
 43
8.0
  3
Standard
 44
4.0
300

342
11
174
     1
178
     1
175
     1
176
     0
 93
-1056964608
 45
4.0
292
     0
297
     0
 46
4.0
 94
-1056964608
 47
1.0
 49
1.0
140
1.0
293
     1
141
0.0
294
     1
177
     0
142
1.0
295
     0
296
     1
143
3.75
1001
ACAD_MLEADERVER
1070
     2
  0
MLEADERSTYLE
  5
12E
102
{ACAD_REACTORS
330
12D
102
}
330
12D
100
AcDbMLeaderStyle
170
     2
171
     1
172
     0
 90
        2
 40
0.0
 41
0.0
173
     1
 91
-1056964608
340
14
 92
       -2
290
     1
 42
2.0
291
     1
 43
8.0
  3
Standard
 44
4.0
300

342
11
174
     1
178
     1
175
     1
176
     0
 93
-1056964608
 45
4.0
292
     0
297
     0
 46
4.0
 94
-1056964608
 47
1.0
 49
1.0
140
1.0
293
     1
141
0.0
294
     1
177
     0
142
1.0
295
     0
296
     0
143
3.75
1001
ACAD_MLEADERVER
1070
     2
  0
MLINESTYLE
  5
18
102
{ACAD_REACTORS
330
17
102
}
330
17
100
AcDbMlineStyle
  2
STANDARD
 70
     0
  3

 62
   256
 51
90.0
 52
90.0
 71
     2
 49
0.5
 62
   256
  6
BYLAYER
 49
-0.5
 62
   256
  6
BYLAYER
  0
ACDBPLACEHOLDER
  5
F
102
{ACAD_REACTORS
330
E
102
}
330
E
  0
SCALE
  5
10D
102
{ACAD_REACTORS
330
10C
102
}
330
10C
100
AcDbScale
 70
     0
300
1:1
140
1.0
141
1.0
290
     1
  0
SCALE
  5
1BE
102
{ACAD_REACTORS
330
10C
102
}
330
10C
100
AcDbScale
 70
     0
300
1:2
140
1.0
141
2.0
290
     0
  0
SCALE
  5
1BF
102
{ACAD_REACTORS
330
10C
102
}
330
10C
100
AcDbScale
 70
     0
300
1:4
140
1.0
141
4.0
290
     0
  0
SCALE
  5
1C0
102
{ACAD_REACTORS
330
10C
102
}
330
10C
100
AcDbScale
 70
     0
300
1:5
140
1.0
141
5.0
290
     0
  0
SCALE
  5
1C1
102
{ACAD_REACTORS
330
10C
102
}
330
10C
100
AcDbScale
 70
     0
300
1:8
140
1.0
141
8.0
290
     0
  0
SCALE
  5
1C2
102
{ACAD_REACTORS
330
10C
102
}
330
10C
100
AcDbScale
 70
     0
300
1:10
140
1.0
141
10.0
290
     0
  0
SCALE
  5
1C3
102
{ACAD_REACTORS
330
10C
102
}
330
10C
100
AcDbScale
 70
     0
300
1:16
140
1.0
141
16.0
290
     0
  0
SCALE
  5
1C4
102
{ACAD_REACTORS
330
10C
102
}
330
10C
100
AcDbScale
 70
     0
300
1:20
140
1.0
141
20.0
290
     0
  0
SCALE
  5
1C5
102
{ACAD_REACTORS
330
10C
102
}
330
10C
100
AcDbScale
 70
     0
300
1:30
140
1.0
141
30.0
290
     0
  0
SCALE
  5
1C6
102
{ACAD_REACTORS
330
10C
102
}
330
10C
100
AcDbScale
 70
     0
300
1:40
140
1.0
141
40.0
290
     0
  0
SCALE
  5
1C7
102
{ACAD_REACTORS
330
10C
102
}
330
10C
100
AcDbScale
 70
     0
300
1:50
140
1.0
141
50.0
290
     0
  0
SCALE
  5
1C8
102
{ACAD_REACTORS
330
10C
102
}
330
10C
100
AcDbScale
 70
     0
300
1:100
140
1.0
141
100.0
290
     0
  0
SCALE
  5
1C9
102
{ACAD_REACTORS
330
10C
102
}
330
10C
100
AcDbScale
 70
     0
300
2:1
140
2.0
141
1.0
290
     0
  0
SCALE
  5
1CA
102
{ACAD_REACTORS
330
10C
102
}
330
10C
100
AcDbScale
 70
     0
300
4:1
140
4.0
141
1.0
290
     0
  0
SCALE
  5
1CB
102
{ACAD_REACTORS
330
10C
102
}
330
10C
100
AcDbScale
 70
     0
300
8:1
140
8.0
141
1.0
290
     0
  0
SCALE
  5
1CC
102
{ACAD_REACTORS
330
10C
102
}
330
10C
100
AcDbScale
 70
     0
300
10:1
140
10.0
141
1.0
290
     0
  0
SCALE
  5
1CD
102
{ACAD_REACTORS
330
10C
102
}
330
10C
100
AcDbScale
 70
     0
300
100:1
140
100.0
141
1.0
290
     0
  0
ACDBSECTIONVIEWSTYLE
  5
21A
102
{ACAD_XDICTIONARY
360
234
102
}
102
{ACAD_REACTORS
330
219
102
}
330
219
100
AcDbModelDocViewStyle
 70
     0
  3
Metric50
290
     0
100
AcDbSectionViewStyle
 70
     0
 71
     0
 90
      102
 71
     1
340
11
 62
   256
 40
5.0
340
0
340
0
 62
   256
 40
5.0
300
I, O, Q, S, X, Z
 40
10.0
 90
        0
 40
2.5
 90
        0
 71
     2
340
16
 90
       25
 62
   256
340
16
 90
       50
 62
   256
 40
5.0
 40
2.5
 40
5.0
 71
     3
340
11
 62
   256
 40
5.0
 90
        0
 40
15.0
 90
        1
300
%<AcVar ViewSectionStartId>%-%<AcVar ViewSectionEndId>% (%<AcVar ViewScale  "%sn">%)
 71
     4
 62
   256
 62
   257
300
ANSI31
 40
1.0
 90
        0
290
     0
290
     0
 90
        6
 40
0.0
 40
1.570796326794896
 40
0.2617993877991494
 40
1.308996938995747
 40
-0.2617993877991494
 40
1.832595714594046
  0
TABLESTYLE
  5
7F
102
{ACAD_XDICTIONARY
360
162
102
}
102
{ACAD_REACTORS
330
7E
102
}
330
7E
100
AcDbTableStyle
  3
Standard
 70
     0
 71
     0
 40
1.5
 41
1.5
280
     0
281
     0
  7
Standard
140
4.5
170
     2
 62
     0
 63
     7
283
     0
 90
      512
 91
        0
  1

274
    -2
284
     1
 64
     0
275
    -2
285
     1
 65
     0
276
    -2
286
     1
 66
     0
277
    -2
287
     1
 67
     0
278
    -2
288
     1
 68
     0
279
    -2
289
     1
 69
     0
  7
Standard
140
6.0
170
     5
 62
     0
 63
     7
283
     0
 90
      512
 91
        0
  1

274
    -2
284
     1
 64
     0
275
    -2
285
     1
 65
     0
276
    -2
286
     1
 66
     0
277
    -2
287
     1
 67
     0
278
    -2
288
     1
 68
     0
279
    -2
289
     1
 69
     0
  7
Standard
140
4.5
170
     5
 62
     0
 63
     7
283
     0
 90
      512
 91
        0
  1

274
    -2
284
     1
 64
     0
275
    -2
285
     1
 65
     0
276
    -2
286
     1
 66
     0
277
    -2
287
     1
 67
     0
278
    -2
288
     1
 68
     0
279
    -2
289
     1
 69
     0
  0
VISUALSTYLE
  5
F5
102
{ACAD_XDICTIONARY
360
290
102
}
102
{ACAD_REACTORS
330
EF
102
}
330
EF
100
AcDbVisualStyle
  2
2dWireframe
 70
     4
 71
     0
 72
     2
 73
     1
 90
        0
 40
-0.6
 41
-30.0
 62
     5
 63
     7
421
 16777215
 74
     1
 91
        4
 64
     7
 65
   257
 75
     1
175
     1
 42
1.0
 92
        0
 66
   257
 43
1.0
 76
     1
 77
     6
 78
     2
 67
     7
 79
     5
170
     0
171
     0
290
     0
174
     0
 93
        1
 44
0.0
173
     0
291
     0
 45
0.0
1001
ACAD
1000
AcDbSavedByObjectVersion
1070
     0
  0
VISUALSTYLE
  5
F4
102
{ACAD_XDICTIONARY
360
28E
102
}
102
{ACAD_REACTORS
330
EF
102
}
330
EF
100
AcDbVisualStyle
  2
Basic
 70
     7
 71
     1
 72
     0
 73
     1
 90
        0
 40
-0.6
 41
-30.0
 62
     5
 63
     7
421
 16777215
 74
     0
 91
        4
 64
     7
 65
   257
 75
     1
175
     1
 42
1.0
 92
        8
 66
     7
 43
1.0
 76
     1
 77
     6
 78
     2
 67
     7
 79
     5
170
     0
171
     0
290
     0
174
     0
 93
        1
 44
0.0
173
     0
291
     1
 45
0.0
1001
ACAD
1000
AcDbSavedByObjectVersion
1070
     0
  0
VISUALSTYLE
  5
FB
102
{ACAD_XDICTIONARY
360
29C
102
}
102
{ACAD_REACTORS
330
EF
102
}
330
EF
100
AcDbVisualStyle
  2
Brighten
 70
    12
 71
     2
 72
     2
 73
     1
 90
        0
 40
-0.6
 41
-30.0
 62
     5
 63
     7
421
 16777215
 74
     1
 91
        4
 64
     7
 65
   257
 75
     1
175
     1
 42
1.0
 92
        8
 66
     7
 43
1.0
 76
     1
 77
     6
 78
     2
 67
     7
 79
     5
170
     0
171
     0
290
     0
174
     0
 93
        1
 44
50.0
173
     0
291
     1
 45
0.0
1001
ACAD
1000
AcDbSavedByObjectVersion
1070
     0
  0
VISUALSTYLE
  5
FF
102
{ACAD_XDICTIONARY
360
2A4
102
}
102
{ACAD_REACTORS
330
EF
102
}
330
EF
100
AcDbVisualStyle
  2
ColorChange
 70
    16
 71
     2
 72
     2
 73
     3
 90
        0
 40
-0.6
 41
-30.0
 62
     5
 63
     8
421
  8421504
 74
     1
 91
        4
 64
     7
 65
   257
 75
     1
175
     1
 42
1.0
 92
        8
 66
     8
424
  8421504
 43
1.0
 76
     1
 77
     6
 78
     2
 67
     7
 79
     5
170
     0
171
     0
290
     0
174
     0
 93
        1
 44
0.0
173
     0
291
     1
 45
0.0
1001
ACAD
1000
AcDbSavedByObjectVersion
1070
     0
  0
VISUALSTYLE
  5
F8
102
{ACAD_XDICTIONARY
360
296
102
}
102
{ACAD_REACTORS
330
EF
102
}
330
EF
100
AcDbVisualStyle
  2
Conceptual
 70
     9
 71
     3
 72
     2
 73
     1
 90
        0
 40
-0.6
 41
-30.0
 62
     5
 63
     7
421
 16777215
 74
     2
 91
        2
 64
     7
 65
   257
 75
     1
175
     1
 42
40.0
 92
        8
 66
     7
 43
1.0
 76
     1
 77
     6
 78
     2
 67
     7
 79
     3
170
     0
171
     0
290
     0
174
     0
 93
        1
 44
0.0
173
     0
291
     0
 45
0.0
1001
ACAD
1000
AcDbSavedByObjectVersion
1070
     0
  0
VISUALSTYLE
  5
FA
102
{ACAD_XDICTIONARY
360
29A
102
}
102
{ACAD_REACTORS
330
EF
102
}
330
EF
100
AcDbVisualStyle
  2
Dim
 70
    11
 71
     2
 72
     2
 73
     1
 90
        0
 40
-0.6
 41
-30.0
 62
     5
 63
     7
421
 16777215
 74
     1
 91
        4
 64
     7
 65
   257
 75
     1
175
     1
 42
1.0
 92
        8
 66
     7
 43
1.0
 76
     1
 77
     6
 78
     2
 67
     7
 79
     5
170
     0
171
     0
290
     0
174
     0
 93
        1
 44
-50.0
173
     0
291
     1
 45
0.0
1001
ACAD
1000
AcDbSavedByObjectVersion
1070
     0
  0
VISUALSTYLE
  5
1E6
102
{ACAD_XDICTIONARY
360
2AA
102
}
102
{ACAD_REACTORS
330
EF
102
}
330
EF
100
AcDbVisualStyle
  2
EdgeColorOff
 70
    22
 71
     2
 72
     2
 73
     0
 90
        0
 40
-0.6
 41
-30.0
 62
     5
 63
     7
421
 16777215
 74
     1
 91
        4
 64
     7
 65
   257
 75
     1
175
     1
 42
1.0
 92
        8
 66
     7
 43
1.0
 76
     1
 77
     6
 78
     2
 67
     7
 79
     5
170
     0
171
     0
290
     0
174
     0
 93
        1
 44
0.0
173
     0
291
     1
 45
0.0
1001
ACAD
1000
AcDbSavedByObjectVersion
1070
     0
  0
VISUALSTYLE
  5
FE
102
{ACAD_XDICTIONARY
360
2A2
102
}
102
{ACAD_REACTORS
330
EF
102
}
330
EF
100
AcDbVisualStyle
  2
Facepattern
 70
    15
 71
     2
 72
     2
 73
     1
 90
        0
 40
-0.6
 41
-30.0
 62
     5
 63
     7
421
 16777215
 74
     1
 91
        4
 64
     7
 65
   257
 75
     1
175
     1
 42
1.0
 92
        8
 66
     7
 43
1.0
 76
     1
 77
     6
 78
     2
 67
     7
 79
     5
170
     0
171
     0
290
     0
174
     0
 93
        1
 44
0.0
173
     0
291
     1
 45
0.0
1001
ACAD
1000
AcDbSavedByObjectVersion
1070
     0
  0
VISUALSTYLE
  5
F0
102
{ACAD_XDICTIONARY
360
286
102
}
102
{ACAD_REACTORS
330
EF
102
}
330
EF
100
AcDbVisualStyle
  2
Flat
 70
     0
 71
     2
 72
     1
 73
     1
 90
        2
 40
-0.6
 41
30.0
 62
     5
 63
     7
421
 16777215
 74
     0
 91
        0
 64
     7
 65
   257
 75
     1
175
     1
 42
1.0
 92
        8
 66
     7
 43
1.0
 76
     1
 77
     6
 78
     2
 67
     7
 79
     5
170
     0
171
     0
290
     0
174
     0
 93
       13
 44
0.0
173
     0
291
     1
 45
0.0
1001
ACAD
1000
AcDbSavedByObjectVersion
1070
     0
  0
VISUALSTYLE
  5
F1
102
{ACAD_XDICTIONARY
360
288
102
}
102
{ACAD_REACTORS
330
EF
102
}
330
EF
100
AcDbVisualStyle
  2
FlatWithEdges
 70
     1
 71
     2
 72
     1
 73
     1
 90
        2
 40
-0.6
 41
30.0
 62
     5
 63
     7
421
 16777215
 74
     1
 91
        0
 64
     7
 65
   257
 75
     1
175
     1
 42
1.0
 92
        0
 66
   257
 43
1.0
 76
     1
 77
     6
 78
     2
 67
     7
 79
     5
170
     0
171
     0
290
     0
174
     0
 93
       13
 44
0.0
173
     0
291
     1
 45
0.0
1001
ACAD
1000
AcDbSavedByObjectVersion
1070
     0
  0
VISUALSTYLE
  5
F2
102
{ACAD_XDICTIONARY
360
28A
102
}
102
{ACAD_REACTORS
330
EF
102
}
330
EF
100
AcDbVisualStyle
  2
Gouraud
 70
     2
 71
     2
 72
     2
 73
     1
 90
        2
 40
-0.6
 41
30.0
 62
     5
 63
     7
421
 16777215
 74
     0
 91
        0
 64
     7
 65
   257
 75
     1
175
     1
 42
1.0
 92
        0
 66
     7
 43
1.0
 76
     1
 77
     6
 78
     2
 67
     7
 79
     5
170
     0
171
     0
290
     0
174
     0
 93
       13
 44
0.0
173
     0
291
     1
 45
0.0
1001
ACAD
1000
AcDbSavedByObjectVersion
1070
     0
  0
VISUALSTYLE
  5
F3
102
{ACAD_XDICTIONARY
360
28C
102
}
102
{ACAD_REACTORS
330
EF
102
}
330
EF
100
AcDbVisualStyle
  2
GouraudWithEdges
 70
     3
 71
     2
 72
     2
 73
     1
 90
        2
 40
-0.6
 41
30.0
 62
     5
 63
     7
421
 16777215
 74
     1
 91
        0
 64
     7
 65
   257
 75
     1
175
     1
 42
1.0
 92
        0
 66
   257
 43
1.0
 76
     1
 77
     6
 78
     2
 67
     7
 79
     5
170
     0
171
     0
290
     0
174
     0
 93
       13
 44
0.0
173
     0
291
     1
 45
0.0
1001
ACAD
1000
AcDbSavedByObjectVersion
1070
     0
  0
VISUALSTYLE
  5
F7
102
{ACAD_XDICTIONARY
360
294
102
}
102
{ACAD_REACTORS
330
EF
102
}
330
EF
100
AcDbVisualStyle
  2
Hidden
 70
     6
 71
     1
 72
     2
 73
     2
 90
        0
 40
-0.6
 41
-30.0
 62
     5
 63
     7
421
 16777215
 74
     2
 91
        2
 64
     7
 65
   257
 75
     2
175
     1
 42
40.0
 92
        0
 66
   257
 43
1.0
 76
     1
 77
     6
 78
     2
 67
     7
 79
     3
170
     0
171
     0
290
     0
174
     0
 93
        1
 44
0.0
173
     0
291
     0
 45
0.0
1001
ACAD
1000
AcDbSavedByObjectVersion
1070
     0
  0
VISUALSTYLE
  5
1E4
102
{ACAD_XDICTIONARY
360
2A6
102
}
102
{ACAD_REACTORS
330
EF
102
}
330
EF
100
AcDbVisualStyle
  2
JitterOff
 70
    20
 71
     2
 72
     2
 73
     0
 90
        0
 40
-0.6
 41
-30.0
 62
     5
 63
     7
421
 16777215
 74
     1
 91
        4
 64
     7
 65
   257
 75
     1
175
     1
 42
1.0
 92
       10
 66
     7
 43
1.0
 76
     1
 77
     6
 78
     2
 67
     7
 79
     5
170
     0
171
     0
290
     0
174
     0
 93
        1
 44
0.0
173
     0
291
     1
 45
0.0
1001
ACAD
1000
AcDbSavedByObjectVersion
1070
     0
  0
VISUALSTYLE
  5
FD
102
{ACAD_XDICTIONARY
360
2A0
102
}
102
{ACAD_REACTORS
330
EF
102
}
330
EF
100
AcDbVisualStyle
  2
Linepattern
 70
    14
 71
     2
 72
     2
 73
     1
 90
        0
 40
-0.6
 41
-30.0
 62
     5
 63
     7
421
 16777215
 74
     1
 91
        4
 64
     7
 65
   257
 75
     7
175
     7
 42
1.0
 92
        8
 66
     7
 43
1.0
 76
     1
 77
     6
 78
     2
 67
     7
 79
     5
170
     0
171
     0
290
     0
174
     0
 93
        1
 44
0.0
173
     0
291
     1
 45
0.0
1001
ACAD
1000
AcDbSavedByObjectVersion
1070
     0
  0
VISUALSTYLE
  5
1E5
102
{ACAD_XDICTIONARY
360
2A8
102
}
102
{ACAD_REACTORS
330
EF
102
}
330
EF
100
AcDbVisualStyle
  2
OverhangOff
 70
    21
 71
     2
 72
     2
 73
     0
 90
        0
 40
-0.6
 41
-30.0
 62
     5
 63
     7
421
 16777215
 74
     1
 91
        4
 64
     7
 65
   257
 75
     1
175
     1
 42
1.0
 92
        9
 66
     7
 43
1.0
 76
     1
 77
     6
 78
     2
 67
     7
 79
     5
170
     0
171
     0
290
     0
174
     0
 93
        1
 44
0.0
173
     0
291
     1
 45
0.0
1001
ACAD
1000
AcDbSavedByObjectVersion
1070
     0
  0
VISUALSTYLE
  5
F9
102
{ACAD_XDICTIONARY
360
298
102
}
102
{ACAD_REACTORS
330
EF
102
}
330
EF
100
AcDbVisualStyle
  2
Realistic
 70
     8
 71
     2
 72
     3
 73
     0
 90
        2
 40
-0.6
 41
30.0
 62
     5
 63
     7
421
 16777215
 74
     0
 91
        0
 64
     7
 65
   257
 75
     1
175
     1
 42
1.0
 92
        8
 66
   257
 43
1.0
 76
     1
 77
     6
 78
     2
 67
     7
 79
     3
170
     0
171
     0
290
     0
174
     0
 93
       13
 44
0.0
173
     0
291
     0
 45
0.0
1001
ACAD
1000
AcDbSavedByObjectVersion
1070
     0
  0
VISUALSTYLE
  5
1F3
102
{ACAD_XDICTIONARY
360
2B4
102
}
102
{ACAD_REACTORS
330
EF
102
}
330
EF
100
AcDbVisualStyle
  2
Shaded
 70
    27
 71
     2
 72
     2
 73
     1
 90
        2
 40
-0.6
 41
30.0
 62
     5
 63
     7
421
 16777215
 74
     0
 91
        4
 64
     7
 65
   257
 75
     1
175
     1
 42
1.0
 92
        8
 66
   257
 43
1.0
 76
     1
 77
     6
 78
     2
 67
     8
425
  7895160
 79
     3
170
     0
171
     0
290
     0
174
     0
 93
        5
 44
0.0
173
     0
291
     0
 45
0.0
1001
ACAD
1000
AcDbSavedByObjectVersion
1070
     0
  0
VISUALSTYLE
  5
1F2
102
{ACAD_XDICTIONARY
360
2B2
102
}
102
{ACAD_REACTORS
330
EF
102
}
330
EF
100
AcDbVisualStyle
  2
Shaded with edges
 70
    26
 71
     2
 72
     2
 73
     1
 90
        2
 40
-0.6
 41
30.0
 62
     5
 63
     7
421
 16777215
 74
     1
 91
        2
 64
     7
 65
   257
 75
     2
175
     1
 42
1.0
 92
        8
 66
   257
 43
1.0
 76
     1
 77
     6
 78
     2
 67
     7
 79
     3
170
     0
171
     0
290
     0
174
     0
 93
        5
 44
0.0
173
     0
291
     0
 45
0.0
1001
ACAD
1000
AcDbSavedByObjectVersion
1070
     0
  0
VISUALSTYLE
  5
1EF
102
{ACAD_XDICTIONARY
360
2AC
102
}
102
{ACAD_REACTORS
330
EF
102
}
330
EF
100
AcDbVisualStyle
  2
Shades of Gray
 70
    23
 71
     2
 72
     2
 73
     3
 90
        0
 40
-0.6
 41
-30.0
 62
     5
 63
     7
421
 16777215
 74
     2
 91
        2
 64
     7
 65
     7
 75
     1
175
     1
 42
40.0
 92
        8
 66
     7
 43
1.0
 76
     1
 77
     6
 78
     2
 67
     7
 79
     3
170
     0
171
     0
290
     0
174
     0
 93
        1
 44
0.0
173
     0
291
     0
 45
0.0
1001
ACAD
1000
AcDbSavedByObjectVersion
1070
     0
  0
VISUALSTYLE
  5
1F0
102
{ACAD_XDICTIONARY
360
2AE
102
}
102
{ACAD_REACTORS
330
EF
102
}
330
EF
100
AcDbVisualStyle
  2
Sketchy
 70
    24
 71
     1
 72
     2
 73
     2
 90
        0
 40
-0.6
 41
-30.0
 62
     5
 63
     7
421
 16777215
 74
     2
 91
        2
 64
     7
 65
     7
 75
     1
175
     1
 42
40.0
 92
       11
 66
     7
 43
1.0
 76
     1
 77
     6
 78
     2
 67
     7
 79
     6
170
     0
171
     0
290
     0
174
     0
 93
        1
 44
0.0
173
     0
291
     0
 45
0.0
1001
ACAD
1000
AcDbSavedByObjectVersion
1070
     0
  0
VISUALSTYLE
  5
FC
102
{ACAD_XDICTIONARY
360
29E
102
}
102
{ACAD_REACTORS
330
EF
102
}
330
EF
100
AcDbVisualStyle
  2
Thicken
 70
    13
 71
     2
 72
     2
 73
     1
 90
        0
 40
-0.6
 41
-30.0
 62
     5
 63
     7
421
 16777215
 74
     1
 91
        4
 64
     7
 65
   257
 75
     1
175
     1
 42
1.0
 92
       12
 66
     7
 43
1.0
 76
     1
 77
     6
 78
     2
 67
     7
 79
     5
170
     0
171
     0
290
     0
174
     0
 93
        1
 44
0.0
173
     0
291
     1
 45
0.0
1001
ACAD
1000
AcDbSavedByObjectVersion
1070
     0
  0
VISUALSTYLE
  5
F6
102
{ACAD_XDICTIONARY
360
292
102
}
102
{ACAD_REACTORS
330
EF
102
}
330
EF
100
AcDbVisualStyle
  2
Wireframe
 70
     5
 71
     0
 72
     2
 73
     0
 90
        0
 40
-0.6
 41
-30.0
 62
     5
 63
     7
421
 16777215
 74
     1
 91
        4
 64
     7
 65
   257
 75
     1
175
     1
 42
1.0
 92
        0
 66
   257
 43
1.0
 76
     1
 77
     6
 78
     2
 67
     7
 79
     3
170
     0
171
     0
290
     0
174
     0
 93
        1
 44
0.0
173
     0
291
     0
 45
0.0
1001
ACAD
1000
AcDbSavedByObjectVersion
1070
     0
  0
VISUALSTYLE
  5
1F1
102
{ACAD_XDICTIONARY
360
2B0
102
}
102
{ACAD_REACTORS
330
EF
102
}
330
EF
100
AcDbVisualStyle
  2
X-Ray
 70
    25
 71
     2
 72
     2
 73
     1
 90
        1
 40
0.5
 41
-30.0
 62
     5
 63
     7
421
 16777215
 74
     1
 91
        0
 64
     7
 65
   257
 75
     1
175
     1
 42
1.0
 92
        8
 66
     7
 43
1.0
 76
     1
 77
     6
 78
     2
 67
     7
 79
     3
170
     0
171
     0
290
     0
174
     0
 93
       13
 44
0.0
173
     0
291
     0
 45
0.0
1001
ACAD
1000
AcDbSavedByObjectVersion
1070
     0
  0
DICTIONARYVAR
  5
146
102
{ACAD_REACTORS
330
5E
102
}
330
5E
100
DictionaryVariables
280
     0
  1
1:1
  0
DICTIONARYVAR
  5
259
102
{ACAD_REACTORS
330
5E
102
}
330
5E
100
DictionaryVariables
280
     0
  1
3.500000
  0
DICTIONARYVAR
  5
25A
102
{ACAD_REACTORS
330
5E
102
}
330
5E
100
DictionaryVariables
280
     0
  1
acadiso.lin
  0
DICTIONARYVAR
  5
145
102
{ACAD_REACTORS
330
5E
102
}
330
5E
100
DictionaryVariables
280
     0
  1
STANDARD
  0
DICTIONARYVAR
  5
84
102
{ACAD_REACTORS
330
5E
102
}
330
5E
100
DictionaryVariables
280
     0
  1
STANDARD
  0
DICTIONARYVAR
  5
227
102
{ACAD_REACTORS
330
5E
102
}
330
5E
100
DictionaryVariables
280
     0
  1
Metric50
  0
DICTIONARYVAR
  5
228
102
{ACAD_REACTORS
330
5E
102
}
330
5E
100
DictionaryVariables
280
     0
  1
Metric50
  0
DICTIONARYVAR
  5
5F
102
{ACAD_REACTORS
330
5E
102
}
330
5E
100
DictionaryVariables
280
     0
  1
2
  0
DICTIONARYVAR
  5
63
102
{ACAD_REACTORS
330
5E
102
}
330
5E
100
DictionaryVariables
280
     0
  1
1
  0
DICTIONARYVAR
  5
1AE
102
{ACAD_REACTORS
330
5E
102
}
330
5E
100
DictionaryVariables
280
     0
  1
0
  0
DICTIONARYVAR
  5
1AF
102
{ACAD_REACTORS
330
5E
102
}
330
5E
100
DictionaryVariables
280
     0
  1
0
  0
DICTIONARYVAR
  5
27B
102
{ACAD_REACTORS
330
5E
102
}
330
5E
100
DictionaryVariables
280
     0
  1
2
  0
DICTIONARY
  5
285
102
{ACAD_REACTORS
330
283
102
}
330
283
100
AcDbDictionary
281
     1
  0
DICTIONARY
  5
284
102
{ACAD_REACTORS
330
283
102
}
330
283
100
AcDbDictionary
281
     1
  3
1923465580128
350
27E
  3
1923465580144
350
27F
  3
1923465580160
350
280
  3
1923465580176
350
281
  3
1923465580192
350
282
  0
DICTIONARY
  5
236
330
21C
100
AcDbDictionary
280
     1
281
     1
  3
ACAD_XREC_ROUNDTRIP
360
2B7
  0
DICTIONARY
  5
205
330
22
100
AcDbDictionary
280
     1
281
     1
  0
DICTIONARY
  5
1F9
330
ED
100
AcDbDictionary
280
     1
281
     1
  3
FBXASSET
360
1FA
  0
DICTIONARY
  5
1F7
330
EC
100
AcDbDictionary
280
     1
281
     1
  3
FBXASSET
360
1F8
  0
DICTIONARY
  5
173
330
EE
100
AcDbDictionary
280
     1
281
     1
  3
BUMPTILE
360
175
  3
DIFFUSETILE
360
174
  3
FBXASSET
360
1FB
  3
OPACITYTILE
360
176
  3
REFLECTIONTILE
360
177
  0
DICTIONARY
  5
234
330
21A
100
AcDbDictionary
280
     1
281
     1
  3
ACAD_XREC_ROUNDTRIP
360
2B6
  0
DICTIONARY
  5
162
330
7F
100
AcDbDictionary
280
     1
281
     1
  3
ACAD_ROUNDTRIP_2008_TABLESTYLE_CELLSTYLEMAP
360
27C
  0
DICTIONARY
  5
290
330
F5
100
AcDbDictionary
280
     1
281
     1
  3
ACAD_XREC_ROUNDTRIP
360
291
  0
DICTIONARY
  5
28E
330
F4
100
AcDbDictionary
280
     1
281
     1
  3
ACAD_XREC_ROUNDTRIP
360
28F
  0
DICTIONARY
  5
29C
330
FB
100
AcDbDictionary
280
     1
281
     1
  3
ACAD_XREC_ROUNDTRIP
360
29D
  0
DICTIONARY
  5
2A4
330
FF
100
AcDbDictionary
280
     1
281
     1
  3
ACAD_XREC_ROUNDTRIP
360
2A5
  0
DICTIONARY
  5
296
330
F8
100
AcDbDictionary
280
     1
281
     1
  3
ACAD_XREC_ROUNDTRIP
360
297
  0
DICTIONARY
  5
29A
330
FA
100
AcDbDictionary
280
     1
281
     1
  3
ACAD_XREC_ROUNDTRIP
360
29B
  0
DICTIONARY
  5
2AA
330
1E6
100
AcDbDictionary
280
     1
281
     1
  3
ACAD_XREC_ROUNDTRIP
360
2AB
  0
DICTIONARY
  5
2A2
330
FE
100
AcDbDictionary
280
     1
281
     1
  3
ACAD_XREC_ROUNDTRIP
360
2A3
  0
DICTIONARY
  5
286
330
F0
100
AcDbDictionary
280
     1
281
     1
  3
ACAD_XREC_ROUNDTRIP
360
287
  0
DICTIONARY
  5
288
330
F1
100
AcDbDictionary
280
     1
281
     1
  3
ACAD_XREC_ROUNDTRIP
360
289
  0
DICTIONARY
  5
28A
330
F2
100
AcDbDictionary
280
     1
281
     1
  3
ACAD_XREC_ROUNDTRIP
360
28B
  0
DICTIONARY
  5
28C
330
F3
100
AcDbDictionary
280
     1
281
     1
  3
ACAD_XREC_ROUNDTRIP
360
28D
  0
DICTIONARY
  5
294
330
F7
100
AcDbDictionary
280
     1
281
     1
  3
ACAD_XREC_ROUNDTRIP
360
295
  0
DICTIONARY
  5
2A6
330
1E4
100
AcDbDictionary
280
     1
281
     1
  3
ACAD_XREC_ROUNDTRIP
360
2A7
  0
DICTIONARY
  5
2A0
330
FD
100
AcDbDictionary
280
     1
281
     1
  3
ACAD_XREC_ROUNDTRIP
360
2A1
  0
DICTIONARY
  5
2A8
330
1E5
100
AcDbDictionary
280
     1
281
     1
  3
ACAD_XREC_ROUNDTRIP
360
2A9
  0
DICTIONARY
  5
298
330
F9
100
AcDbDictionary
280
     1
281
     1
  3
ACAD_XREC_ROUNDTRIP
360
299
  0
DICTIONARY
  5
2B4
330
1F3
100
AcDbDictionary
280
     1
281
     1
  3
ACAD_XREC_ROUNDTRIP
360
2B5
  0
DICTIONARY
  5
2B2
330
1F2
100
AcDbDictionary
280
     1
281
     1
  3
ACAD_XREC_ROUNDTRIP
360
2B3
  0
DICTIONARY
  5
2AC
330
1EF
100
AcDbDictionary
280
     1
281
     1
  3
ACAD_XREC_ROUNDTRIP
360
2AD
  0
DICTIONARY
  5
2AE
330
1F0
100
AcDbDictionary
280
     1
281
     1
  3
ACAD_XREC_ROUNDTRIP
360
2AF
  0
DICTIONARY
  5
29E
330
FC
100
AcDbDictionary
280
     1
281
     1
  3
ACAD_XREC_ROUNDTRIP
360
29F
  0
DICTIONARY
  5
292
330
F6
100
AcDbDictionary
280
     1
281
     1
  3
ACAD_XREC_ROUNDTRIP
360
293
  0
DICTIONARY
  5
2B0
330
1F1
100
AcDbDictionary
280
     1
281
     1
  3
ACAD_XREC_ROUNDTRIP
360
2B1
  0
XRECORD
  5
27E
102
{ACAD_REACTORS
330
284
102
}
330
284
100
AcDbXrecord
280
     1
  1
AcDb_Thumbnail_Schema
102
{ATTRRECORD
341
27F
  2
AcDbDs::TreatedAsObjectData
280
     1
291
     1
102
ATTRRECORD}
102
{ATTRRECORD
341
280
  2
AcDbDs::Legacy
280
     1
291
     1
102
ATTRRECORD}
  2
AcDbDs::ID
280
    10
 91
        8
102
{ATTRRECORD
341
281
  2
AcDs:Indexable
280
     1
291
     1
102
ATTRRECORD}
102
{ATTRRECORD
341
282
  2
AcDbDs::HandleAttribute
280
     7
282
     1
102
ATTRRECORD}
  2
Thumbnail_Data
280
    15
 91
        0
  0
XRECORD
  5
27F
102
{ACAD_REACTORS
330
284
102
}
330
284
100
AcDbXrecord
280
     1
  1
AcDbDs::TreatedAsObjectDataSchema
  2
AcDbDs::TreatedAsObjectData
280
     1
 91
        0
  0
XRECORD
  5
280
102
{ACAD_REACTORS
330
284
102
}
330
284
100
AcDbXrecord
280
     1
  1
AcDbDs::LegacySchema
  2
AcDbDs::Legacy
280
     1
 91
        0
  0
XRECORD
  5
281
102
{ACAD_REACTORS
330
284
102
}
330
284
100
AcDbXrecord
280
     1
  1
AcDbDs::IndexedPropertySchema
  2
AcDs:Indexable
280
     1
 91
        0
  0
XRECORD
  5
282
102
{ACAD_REACTORS
330
284
102
}
330
284
100
AcDbXrecord
280
     1
  1
AcDbDs::HandleAttributeSchema
  2
AcDbDs::HandleAttribute
280
     7
 91
        1
284
     1
  0
XRECORD
  5
2B7
102
{ACAD_REACTORS
330
236
102
}
330
236
100
AcDbXrecord
280
     1
102
DISPLAYNAME
  1
Metric50
102
FLAGS
 90
        0
  0
XRECORD
  5
1FA
102
{ACAD_REACTORS
330
1F9
102
}
330
1F9
100
AcDbXrecord
280
     1
 70
     1
 90
429727718
  1
D62C5603-E3A1-4AEA-B7FB-FE5D8D0755AF
310
504B03040A0000080000CC70623B3DEE336E79000000790000001B0000006175746F6465736B2D64657369676E2D7061636B6167652E786D6C3C3F786D6C2076657273696F6E3D22312E302220656E636F64696E673D227574662D3822203F3E3C666F726D6174733E3C666F726D61743E687474703A2F2F736368656D612E
310
6175746F6465736B2E636F6D2F64657369676E2D7061636B6167652F323030393C2F666F726D61743E3C2F666F726D6174733E504B0304140006080800CC70623BD486FD9CA0000000F4000000130000005B436F6E74656E745F54797065735D2E786D6C7D8EC10E82300C865F65E91D8A1E8C310C0EEA1BF002731658846E
310
D98AC1B77784ABF1D8FE5FBFBF75BBCE937A534CCEB38643598122B6FEE978D0B0485F9C41B54DDD7D022595594E1A469170414C76A4D9A4D207E29CF43ECE46F218070CC6BECC4078ACAA135ACF422C856C0E68EA1BF5669944DDD7BCDE7B1F8E415D77AECB980613C2E4AC91FC167A2B244592486606FC29C8FD7F045B9A
310
EF7053A7E60B504B0304140006080800CC70623B853B8169EB0000007C01000008000000636F72652E786D6C8D90416EC3201045AF62CDB6C206821CC7C244919D9CA01740401C94182C03558F5F9C3852BBEB6A467FFE9B197D7EFC9E1EC5975982F5AE035262288C535E5B377690E21535501C055FBC8FBF6C503839990E
310
5619041F179FE64D52DE45E362569DD7661365082642A11EB9E920A89B99642953CC8E702F67A9EE7234257977194EC9EAE275C4EABCCF5EAD5940D4AC6F0E35A568B8F43562CD7046CD199FD07E60174276A7BE677B5EADB0E0D14EEFFB6A31321A0D82627C4084204C3F096B71DD52F6819B16635EADF63F509AF53FA164
310
5DDCD1EDDD17164090FCC8732078B56691CB33A85CD7DCC40F504B0304140006080800CC70623B55019EA25F0000007C00000007000000636E782E786D6C4DCB3B0E80201045D1AD90E915ED2CF8AC45050C11660C8261F98AB1B07AC9C97D42D718D865D3E909258CFD00CCE24AC6E326A164D74DC0B4128928FF32603847
310
2BA13128B1252AC747C6BAB984FC68F0B87FE8960A5C09FE86CFB69FBA01504B0304140006080800CC70623BDBABAAF470010000D40300000C0000006662782F636F72652E786D6CC553D16E823014FD95A6AF4B694182CC941A83FA05FB810A9511A125A5257EFE2E82712ECEB8A7F100CD39F7F69E734AF9FADC366850B6
310
AF8DCE7018308C942E4C59EB2AC3DE1D498AD15A706B8CFB56869196ADCAF00863C12B6B7C374385D14E6907A836A59A41D9F7CA615434B0C8705F7CAA5606D23BA8E84F41278B93AC54100640439DE0BDB320004D43C63716C7C399D30917DCFBBA9CD9BA8469F5B156168B24CED3F7248AC8769F27244EB73B92EED8862C
310
B7F13E0C179B3C8F979C8ECD82BBBABDAA2BAC924E9558448CBD9330242CFA08E3154B5651FCC6D215639C8EE5774DBE2B5F6CF2B5768B68963BB5F5588420E442FC700B1139D4CB01F450C1E918227C2E09DF070D8140C84E1E9AAB8F1340832A9CB13130A5F1376A908D57309505ECF2A0DF179C4E9D30F5B239B87E3823
310
7A79C6F31DE1A8A5AEC08474B03C7837EAE4938639B44E5932B833D2C6B6B279CDC613877FA26EE21F4A2A4C63EC7F29A2F301D1F9F7A0E37D145F504B0304140006080800CC70623B9C113CC27E0000009D0000000B0000006662782F636E782E786D6C4DCCDF0A83201C86E15B91DFB94BFB330DD428C8FB886521330DA7
310
6397BF1A1DECE883878F57749FCDA1B7892F1BBC047A23808C7F84D9FA55424E0BE6803A256208E9EF06C84F9B91703228B1C690F78B66B34CD9A5439DF5CF0BFBF65E35BCA1B8D6A5C6F540381E886698B5741C695F9503EBA150A2F8958E3DC3EA0B504B0304140006080800CC70623B7DF2F77C2A010000120200003100
310
00006662782F41393633353835312D344632462D344230382D423046372D3739314545314133324237412F636F72652E786D6C8D51DB8EC22014FC15C2939B0D2DB4B45643319AE817EC0F6041255A68B86CFCFC856D4D76DF7CE190393373060EDB3DC707F856CE6B6B7A480A0C81328395DA5C7B18C3057510EC3873D686
310
3F34088C18550F330C39BB3A1BA7051AAC09CA84841A2BD5020AEF55806078A44B0FFD7053A328440C89E1EFC52486BBB8AA8214A99D789CF9E05200300FC927E4FB4D5B375D43103D5527440FB843077C5AA3F5861C8F645F5787F59E95B390B318B55CE45AA638FAA2957BD7248B390B7A7CC51F9C124149C82B8C378810
310
84AB2F42B7B8DD56F413775B8C5999E9FF4471926F8AA236A1AE96B8B3CC434E5839373893369E1FAF30EA395917409EB7F26AF8801C171837A4A6AC9C89E9F9C9B1A58BA30FD6A5EF5DDDCF894B9AD9B6A59C957943A9FCAE2FD5BC4DFE03504B0304140006080800CC70623BAD7543B64E01000033030000300000006662
310
782F41393633353835312D344632462D344230382D423046372D3739314545314133324237412F636E782E786D6CD593CD6EC32010845F0571AD6CE3D48AD20813A9873E410FBD12D82434182C7EAAE6EDBB2424CD25871E7B41D6EC30B3FA84F9E67BB2E40B4234DE8DB46F1925E094D7C6ED479AD3AE5951B2113C789FEE
310
6C943839C1488B4C05DF079FE72A69D8C96C13AAD6B8631503449F83828872B949AC57D26200B826A308D316B4064D6E46FCDA41C05550DC9E483A00797BFD207EFB092A45DE9514C1BBD22178396BD39D891265658C238DEA00936C654E5E433CB65A26D9F6EDB5EBC14EBF49A45CB856E66048291F6939A9A81BB5C89177
310
38143CA680F4AA299D66A042CEB3354A2684DC9D8D178FE0D9B8B41CAAD720F880EE7EF93C0C18769E099ECC04D5A102C8049A8A05632F4DDF376CF1DE0F6BB65C2F8627B65A33C6BB62177CEBBDAD973006829F89F22E814B54F4BC2BE347F8AA8F681390B50FA73F804400B5F542E796F19FF974E7F78DB802FE05E20750
310
4B0304140006080800CC70623BE75B7789680500003C100000340000006662782F41393633353835312D344632462D344230382D423046372D3739314545314133324237412F6F626A656374732E786D6CAD575B8F9B3818FD2B887D06C22499CB8AA1CA655245D5B455A356FB305264C061D8018C6C3393D95FBFC7600890
310
A4CD5EF210B0B1BFEBF98E3F7B1FF6596ABC522E1296DF9BAE3D320D9A872C4AF2F8DE2CE5CEBA358D0FBEC719939D65A691938CDE9B6ADAF4BD98B3B2D05311DD91329583D9D5FC0F438434A7A611A644887B5384CF34233629258BA878B12322891DEFF6B66BD70BFB62634E8AE781D082709A4B588AF91C528CDA28B73F
310
1C998EEF39EABBEFA97FBD6A7C7E9553F9D3D79FE442923C3C523610337627CB87ABE99D359D4CC6D6E4FACAB5E6ABF9D2726FC6A3C5F56271377BB88362213924694B38DD99FE47C48627A1E7D49F5A8BB5E1A74C0A599ED3B0F21F1E56366B89112D681E218F0915D0D6F17AD41FBA2A369DCF6335D62ABBD39779D5DDD1
310
11D4D8DE3CBB96B2E04FB8202E41051754A1AA8E8F76B4C6DFE810B580B1547F4B84911149794252234D024EF8BBE963A95AE27B3D310A9D5C215C7960FAEE415ED75694C6AFB17BCACA5D99A60A9AA65F217B0BFC53292ACB92BF283FAD0D3621576592CB5BED907C2FA8E9DF794E35E97BEA31BED21FEB401ABB94C44839
310
DCACBF0E1C5DA8DA5B2F4DFFD32AD86F543D9E565E7056502E157C00AD2671CD534549AB752FCA9CDA00677A313F04E51B22FF19E57B300579E3C97EB29F682D92935CEC18CF901B7B54FD8C51F362B56FC72FE0B3C1EAE335EDCCBF5AEC39ADB17DC238973F804BA5E6F6BFE7AF1FB32E523BE9F3BD571418E3631DCA4D48
310
5250CF639223210A9446CA30052EDF057BD35F8329C1ECD84552BF0DC8D18BE7BCE23BFE6BD960AB4A7DE79923A103BEBD80F911CBAA2C60DB19B01CF164A5583B772EE6D3FFA56666CBCDA74DC97724A48F9A58967497E489C4D979006FD7A05E227A1EBDD0F737C623387A9C844D3709995625106D157315F8B8392CD4E0
310
A0B9A720C4BE9829CEF37EA1E13111214D53925356365ADA634861B52519DD27A00AEB808EAF0628E6F435519D446F45CF2C9CF5214F0A15B2F6D06B79DA3EE3CBF7F56780D2F4E7EF73A0F5E5B02A38D07DC852C6B7C1FBB6664213E0C39E3EBA7FF4E1AD23EA2829407C85E586727488B751B2DB9502BC7B228A3FD68B6E
310
A65A22397E690AA8D158D7E404EC8CDA235CC3B7D1898680131CEC2CDF2638C65196279577750F15884AEE19F94199155B92B13297978469D4F8D358DF0AEF7631E28DC8F0D9F437D5D39A83B2231A1D52D543813A824EF8D44BCFF2FA6A31BD1E8DAD87F1CCB526B3879935BF59CDADD5C37479BB1CDD4CA7B3556B516589
310
EF352754B706114D9C885EC9131DE6EFEB43D99AFE2391C2F958179413D7CFEF6B1B6DB1E7600F00DE6E5C67454A339A4BA2E0FBA85ED26F045D454F463DBFCE484C2F90F2E5E3666003662ED8F755951A7D1BECD5B30B550B2785C8E7320B7292A4838DDA71BBC863ED7613CAF659337A3354231D4FF4A182A54904C2898C
310
98B28C4AD0CE056CCF332A80986E571EE9DBC305BB5FEB7E509220A58D25CF042D712A806AC0AD0C657FDEF80D2D9CEAA2EE4D1C76F60BFE74219A06527D6F82DF6412526107381E55E353090704D085B52408A8913C4ED159D79BDA71BB4BC506F4831350EB6F975CD22D69BF7AC49B91A2C0A9DDA3D5CA36AD20FC478E37
310
E61844E2352865EBCB61A275A65283CAAA9DD27703B4102F5AF51EF5F573B75CBB5AD38BC845F7A49F82A0966A49C2E3EA5EA0ECD326CD965F1DB402C6FA8B51A4658C5C5E2EC9E214602E55810345408596591009A82E7E7FFACA19EEA299B14A0081A705CB3296EBC14CDF658DCD336EA6D1136881AAEB87B81AB9EE53D5
310
F5EB8BC8362082DA24122F98680A4E7930C01A0079749CEA14382A0783E5EBA5A10F8C098456A03D6A4AEB6BB881E2513747552A5DB22C7EDAF83BD5528081A365F7FF06504B0304140006080000CC70623B000000000000000000000000350000006662782F41393633353835312D344632462D344230382D423046372D37
310
39314545314133324237412F76657274696365732E62696E504B0304140006080800CC70623BF270F1330600000004000000360000006662782F41393633353835312D344632462D344230382D423046372D3739314545314133324237412F747269616E676C65732E62696E636660600000504B0304140006080000CC7062
310
3B000000000000000000000000370000006662782F41393633353835312D344632462D344230382D423046372D3739314545314133324237412F617474726962757465732E62696E504B0304140006080800CC70623B08DA0BD19000000041010000360000006662782F41393633353835312D344632462D344230382D4230
310
46372D3739314545314133324237412F6469726563746F72792E786D6C858F410AC3201045AF22B36F53E9A60B35CBEEBAE80D244E44489C6234F4F835464A48035D0DF398FF9F8AF63D0E6CC63039F212F8F9020C7D47C6792B21C5FE7403D62A1188E2E60C98D7234A5830286103A55745067B9D86B8A3CF9C7F90C11DE6
310
07FB144396D7B6A82D282E9A152AD114D5EF2CB866EEE831B8EEA07A7BB5A8D7D61A2BAAEB7FD5F70921FF497D00504B0304140006080800CC70623BEDD1DC58FD000000A00100003B0000006662782F41393633353835312D344632462D344230382D423046372D3739314545314133324237412F7265736F75726365732F
310
636F72652E786D6C8D504B6E833010BD0A9A6D65B00922041947112427E8052C33A156828DFCA97AFC9A40A576D7CDCCE87D344F8F9FBFE667F689CE6B6B3A6039850C8DB2A336530731DC4903D95970676DF82583CCC8193B5861107C72362E3BA4AC096842428D1D7107A5F7182053CF7474E0D507CE32973124857FE48B
310
540F3961CEF244279DE03EB81420DB9EAC1384436FA353E879B1B182C7A8C75DA3C7F453DF353A1075D537A7BA6464B8F535A99AE14A9A2BBD90E350DD183B5CFABE3AF262350B1EF4FC9351399401471025A527C218A1E53BAB5A5AB765F5469B96525EACF23FA6B88CFF34456DC2A1DCE36E360F82A5202F42F062ED2BAD
310
579969AFDD8A6F504B010214000A0000080000CC70623B3DEE336E79000000790000001B00000000000000000000000000000000006175746F6465736B2D64657369676E2D7061636B6167652E786D6C504B01021400140006080800CC70623BD486FD9CA0000000F40000001300000000000000000000000000B20000005B
310
436F6E74656E745F54797065735D2E786D6C504B01021400140006080800CC70623B853B8169EB0000007C010000080000000000000000000000000083010000636F72652E786D6C504B01021400140006080800CC70623B55019EA25F0000007C000000070000000000000000000000000094020000636E782E786D6C504B
310
01021400140006080800CC70623BDBABAAF470010000D40300000C00000000000000000000000000180300006662782F636F72652E786D6C504B01021400140006080800CC70623B9C113CC27E0000009D0000000B00000000000000000000000000B20400006662782F636E782E786D6C504B01021400140006080800CC70
310
623B7DF2F77C2A010000120200003100000000000000000000000000590500006662782F41393633353835312D344632462D344230382D423046372D3739314545314133324237412F636F72652E786D6C504B01021400140006080800CC70623BAD7543B64E010000330300003000000000000000000000000000D2060000
310
6662782F41393633353835312D344632462D344230382D423046372D3739314545314133324237412F636E782E786D6C504B01021400140006080800CC70623BE75B7789680500003C10000034000000000000000000000000006E0800006662782F41393633353835312D344632462D344230382D423046372D3739314545
310
314133324237412F6F626A656374732E786D6C504B01021400140006080000CC70623B0000000000000000000000003500000000000000000000000000280E00006662782F41393633353835312D344632462D344230382D423046372D3739314545314133324237412F76657274696365732E62696E504B01021400140006
310
080800CC70623BF270F133060000000400000036000000000000000000000000007B0E00006662782F41393633353835312D344632462D344230382D423046372D3739314545314133324237412F747269616E676C65732E62696E504B01021400140006080000CC70623B0000000000000000000000003700000000000000
310
000000000000D50E00006662782F41393633353835312D344632462D344230382D423046372D3739314545314133324237412F617474726962757465732E62696E504B01021400140006080800CC70623B08DA0BD1900000004101000036000000000000000000000000002A0F00006662782F41393633353835312D344632
310
462D344230382D423046372D3739314545314133324237412F6469726563746F72792E786D6C504B01021400140006080800CC70623BEDD1DC58FD000000A00100003B000000000000000000000000000E1000006662782F41393633353835312D344632462D344230382D423046372D3739314545314133324237412F7265
310
736F75726365732F636F72652E786D6C504B0506000000000E000E0080040000641100000000
  0
XRECORD
  5
1F8
102
{ACAD_REACTORS
330
1F7
102
}
330
1F7
100
AcDbXrecord
280
     1
 70
     1
 90
429727718
  1
30362254-06B7-45E0-A893-8CFA70E3D6BC
310
504B03040A0000080000CC70623B3DEE336E79000000790000001B0000006175746F6465736B2D64657369676E2D7061636B6167652E786D6C3C3F786D6C2076657273696F6E3D22312E302220656E636F64696E673D227574662D3822203F3E3C666F726D6174733E3C666F726D61743E687474703A2F2F736368656D612E
310
6175746F6465736B2E636F6D2F64657369676E2D7061636B6167652F323030393C2F666F726D61743E3C2F666F726D6174733E504B0304140006080800CC70623BD486FD9CA0000000F4000000130000005B436F6E74656E745F54797065735D2E786D6C7D8EC10E82300C865F65E91D8A1E8C310C0EEA1BF002731658846E
310
D98AC1B77784ABF1D8FE5FBFBF75BBCE937A534CCEB38643598122B6FEE978D0B0485F9C41B54DDD7D022595594E1A469170414C76A4D9A4D207E29CF43ECE46F218070CC6BECC4078ACAA135ACF422C856C0E68EA1BF5669944DDD7BCDE7B1F8E415D77AECB980613C2E4AC91FC167A2B244592486606FC29C8FD7F045B9A
310
EF7053A7E60B504B0304140006080800CC70623B1EC5D7A3EB0000007C01000008000000636F72652E786D6C8D90416EC3201045AF82665B6103C6756C6122AB4D4ED00B204C5C94182C03558F5F9C3852BBEB6A467FFE9B197D71FC9E6FE8CBACC17AD7032D0820E3B41FAD9B7A48F1820F808E52ACDEC75F36404ECDA687
310
4D0629A6D5A76597B477D1B89855E747B38B2A041301E95B6E7A08FAD3CCAA50296647B8168BD2573599823EBB0CA76447F43862C7BCCF5EAC59410E4DDD9C7973C2755553CCCFA4C603E3040F1565ED3B1FDE4E432BCA0D9622DAF9795FAF464533826484B498524CD807E51D79ED187F21878E10516EF63F505AC67F42C9
310
BA58B1FDDD071640D2FCC87D2045B96591CB3DA85CB7DCE40F504B0304140006080800CC70623B55019EA25F0000007C00000007000000636E782E786D6C4DCB3B0E80201045D1AD90E915ED2CF8AC45050C11660C8261F98AB1B07AC9C97D42D718D865D3E909258CFD00CCE24AC6E326A164D74DC0B4128928FF32603847
310
2BA13128B1252AC747C6BAB984FC68F0B87FE8960A5C09FE86CFB69FBA01504B0304140006080800CC70623B8C9102E971010000D40300000C0000006662782F636F72652E786D6CC5535B6E833010BC8AE5DF0A6C08340F1947A84D4ED00B38C6A128602363A31CBFCB234A53A551FA553EC09AD9F5CE8C31DB9E9B1AF5CA
310
7695D1198E428A91D2D214952E33ECDD315861B4E5CC1AE3BE9561A445A3323CC098B3D21ADFCE9034DA29ED00D5A6503328BA4E398C640D8B0C77F253352214DE4145770A5B214FA2546114020D759C75CE8200340D19DE981F0F6746269C33EFAB6266AB02A655C74A59CCF365BADC27CB5D902ED22848F6340DF238A141
310
BE88E2F57B92BFEDF23523433367AE6A2EEAA455C2A902F398D2751045018D3FA264435F3771F242571B4A1919CA6F9A7C5B3CD9E42BED16F12C776AEB308F40C848FC700B1139D4891EF410CEC810227CC6846F8386402064270EF5C5C709A05E49676C024C61FC95EA45ED154CA5211D1FF4FB8291A913A68E9B83EBBB33
310
E2A7673CDE118E5AE8124C0807CB8377834E366998436B950D7A7746DAD846D4CFD978E0F04FD455FC5D49D2D4C6FE9722321F10997F0F32DC47FE05504B0304140006080800CC70623BFFEA85907E0000009D0000000B0000006662782F636E782E786D6C4DCCD10A83201886E15B91FFDC95D95A811AB6F23E625948A6C3
310
E9D8E5AF46073BFAE0E1E365ED67B3E8ADC3CB78C7815C7240DA3DFC64DCC221C519D7805AC182F7F1EF06C88D9BE6703008B6049F9E274D7A1E938DBB5AE3D6131B2589BA0D3D965551E0B2EA732C9B9A624AAEB41E3A557677029960D9AFB4EF11165F504B0304140006080800CC70623B4FEEA4082C0100001202000031
310
0000006662782F39464131463745442D413632322D343644302D413938332D3331353338454246344243312F636F72652E786D6C8D515B6EC32010BC0AE2AB55850DD871ED0813254D72825EC00192A2C460F1A872FC42ED48ED5F7E00CDCECCCEB26C731F6FE05B39AFADE921293004CA082BB5B9F43086336A21D870E6AC
310
0D7F68109861543DCC30E4ECE26C9C164858139409093556AA051CBC570102714B8F1E7AF1A5C6A11862480C7F2DA6415C878B2A4891CA89C7990F2E050073937C42DE1DB7E4F87ED8A36D4329AA9B3D46DBAEAD504556557BD81DEBDD0761E52CE42C462D17B996298E3E6BE59E35C962CE821E1FF18553435012728A7187
310
0841987E927A8D9B35ADDF70BBC6989599FE4F1427F9A4286A132ABAC49D651EF234CD5CE04CDA78BA3DC2A8FB645D00B9DF8B57E215725C60BCA2A463E54C4CE327C7A65E1C7DB02E7DEFCBF594B864C5CA6CDBD49C957943E9FA5D5FBAF336F90F504B0304140006080800CC70623BAD7543B64E01000033030000300000
310
006662782F39464131463745442D413632322D343644302D413938332D3331353338454246344243312F636E782E786D6CD593CD6EC32010845F0571AD6CE3D48AD20813A9873E410FBD12D82434182C7EAAE6EDBB2424CD25871E7B41D6EC30B3FA84F9E67BB2E40B4234DE8DB46F1925E094D7C6ED479AD3AE5951B2113C
310
789FEE6C943839C1488B4C05DF079FE72A69D8C96C13AAD6B8631503449F83828872B949AC57D26200B826A308D316B4064D6E46FCDA41C05550DC9E483A00797BFD207EFB092A45DE9514C1BBD22178396BD39D891265658C238DEA00936C654E5E433CB65A26D9F6EDB5EBC14EBF49A45CB856E66048291F6939A9A81BB5
310
C8917738143CA680F4AA299D66A042CEB3354A2684DC9D8D178FE0D9B8B41CAAD720F880EE7EF93C0C18769E099ECC04D5A102C8049A8A05632F4DDF376CF1DE0F6BB65C2F8627B65A33C6BB62177CEBBDAD973006829F89F22E814B54F4BC2BE347F8AA8F681390B50FA73F804400B5F542E796F19FF974E7F78DB802FE05
310
E207504B0304140006080800CC70623B16AB87BA640500003C100000340000006662782F39464131463745442D413632322D343644302D413938332D3331353338454246344243312F6F626A656374732E786D6CAD575B6FA33818FD2B887DE6924B3BED8A326A92B68A663B534DD4D13E548A0C38942D60649B369D5FBFC7
310
600890A493BDE42160637FD7F31D7FF63E6FB3D478A55C242CBF3247B66B1A340F5994E4F19559CA8D75611A9F7D8F33263BCB4C232719BD32D5B4E97B316765A1A722BA21652A07B3B7B33F0D11D29C9A46981221AE4C113ED38CD8A4942CA2E2C58E882476BCD9DA23BB5ED8171B73523C0F841684D35CC252CCE79062D4
310
468DFA43D7747CCF51DF7D4FFDEB5593E3AB9CCA9FBEFE241792E4E19EB28198C968BAB8199F5D5A67D3E9C49A9E8F47D6EC76B6B0469F26EEFC7C3EBFBCBEB98462213924694B38DD98FE1D62C393D073EA4FADC5DAF04326852CCF6958F90F0F2B9BB5C48816348F90C7840A68EB78EDF68723159BCEE7891A6B95DDE9D3
310
BCEAEEE8086A6C6F9E5D4B59F0175C10A7A0820BAA5055C7473B5AE3CFDD452D602CD5DF12616444529E90D448938013FE6EFA58AA96F85E4F8C42275708571E98FE6827AF6B2B4AE3D7D83D64E5A64C53054DD3AF90BD06FEA9149565C94FCA0F6B834DC85599E4F2423B24DF0B6AFA979E534DFA9E7A4CC6FA631D486393
310
921829879BF5D781A373557BCB85E97FB90DB62B558F8795179C15944B051F40AB495CF35451D26A4727654E6D8033BD98EF82F21D91FF8AF2DD9982BCF1643BDD4EB516C9492E368C67C88DED563FC36D5EACF66DFF057C3658BDBFA69DF9578B3DA735B64F18C7F20770A9D45CFCF7FCF563D6456A277DBEF78A02637CA2
310
43B90A490AEAB94F72244481D24819A6C0E59B606BFA4B3025981DBB48EAB701D97BF19C577CC77F2D1B6C55A9EF3C732474C0B727303F625995056C3B02963D9EAC146BE78EC5FCEC7FA999EBC5EACBAAE41B12D27B4D2C0BBA49F244E2ECDC81B76B502F113D8F5EE8FB1BE3111CDD4FC2AA9B844CAB1288B68AB90A7CDC
310
1C166AB0D3DC5310625FCC14E779BFD0709F8890A629C9292B1B2DED31A4B0DA928CEE135085754027E3018A397D4D5427D15BD1330B677DC8934285AC3DF45A9EB68FF8F2B8FC0A509AFEECFD0FF2DE25CC6047F7214B195F07EFEB9A094D800F7BFAE8FED187B78EA8A3A400F115961BCAD1215E47C966530AF0EE8128FE
310
58CEBB996A8964FFA529A046635D9353B0336A8F700DDF46271A024E70B0B37C9DE01847591E54DED53D54202AB947E4076556AC49C6CA5C9E1226B7F1A7B1BE15DEED62C41B91E1B3E9AFAAA735036547343A925075041DF0A9979E893B391F8FCFA6967B3EFB644DCF6E5CEBFAE272625DCC6FAF3FB93793C5F90CE1EF57
310
407342756B10D1C489E8953CD1617E5CEECAD6F4EF8914CE5D5D504E5C3F1F9736DA62CFC11E00BCDDB8CC8A9466349744C1F75EBDA4DF09BA8A9E8C7A7E9991989E20E5DBDD6A6003664ED8F7A04A8DBE0DF6EAD9B9AA858342E47399053949D2C146EDB85DE4B176BB0965FBAC19BD19AA918E27FA50C1D22402E144464C
310
59462568E704B6E71915404CB72B8FF4EDE184DDAF753F284990D2C6926782963815403548A70C657FDEF80D2D9CEAA2AE4C1C76F60BFE74219A06527D6582DF6412526107381E55E353090704D085B52408D0933C4ED159D79BDA71BB4BC506F4831350EB6F979CD22D69BF7AC49B91A2C0A9DDA3D5CA36AD20FC478E37E6
310
1844E2352865EBCB6EA275A652E3836BE04EFB400BF1A2556F515F1FBB35B2AB35BD889C744FFA1004B5544B121E57F70215746DD2F5E2C1412B602CBF19455AC6C8E5E9922C4E01E65215385004546899059180EAFCF7A707CE7017CD8CDB0410789AB32C63B91E5CEBBBACB17AC6CD347A022D5075FD106377347AAABA7E
310
7D11590744509B44E205134DC1290F06580320F78E537D3D73540E06CB970B431F185308AD40BBD794D6D77003C5A36E8EAA54BA64597CD8F83BD552A080A365F7FF06504B0304140006080000CC70623B000000000000000000000000350000006662782F39464131463745442D413632322D343644302D413938332D3331
310
353338454246344243312F76657274696365732E62696E504B0304140006080800CC70623BF270F1330600000004000000360000006662782F39464131463745442D413632322D343644302D413938332D3331353338454246344243312F747269616E676C65732E62696E636660600000504B0304140006080000CC70623B
310
000000000000000000000000370000006662782F39464131463745442D413632322D343644302D413938332D3331353338454246344243312F617474726962757465732E62696E504B0304140006080800CC70623B08DA0BD19000000041010000360000006662782F39464131463745442D413632322D343644302D413938
310
332D3331353338454246344243312F6469726563746F72792E786D6C858F410AC3201045AF22B36F53E9A60B35CBEEBAE80D244E44489C6234F4F835464A48035D0DF398FF9F8AF63D0E6CC63039F212F8F9020C7D47C6792B21C5FE7403D62A1188E2E60C98D7234A5830286103A55745067B9D86B8A3CF9C7F90C11DE607
310
FB144396D7B6A82D282E9A152AD114D5EF2CB866EEE831B8EEA07A7BB5A8D7D61A2BAAEB7FD5F70921FF497D00504B0304140006080800CC70623B0D6EF93BFE000000A00100003B0000006662782F39464131463745442D413632322D343644302D413938332D3331353338454246344243312F7265736F75726365732F63
310
6F72652E786D6C8D50596E833010BD0A9ADFCA60B334011947A8694ED00B586642AC041B79A97AFC9A40A5F6AF3F33A3B7689E1E3F7DCD8FEC139DD7D6F4C0720A191A65476DA61E62B892236427C19DB5E1970C322367EC618541F0C9D9B8EC90B226A009093576C41D94DE63804C3DD2D18357379C652E63480A7FCF17A9
310
EE72C29CE5894E3AC17D702940B63D59270887DE46A7D0F36263058F518FBB468FE9A7BE6A7420864373B8D4873369AA8691FA421B3294352543C5CAF65C0F6FEF43CB8BD52C78D0F34F46E550061C419494B6843142CB0F5677F4B52BEB177AEC28E5C52AFF638ACBF84F53D42654E51E77B379102C05791282176B5F693D
310
CB4C7BED567C03504B010214000A0000080000CC70623B3DEE336E79000000790000001B00000000000000000000000000000000006175746F6465736B2D64657369676E2D7061636B6167652E786D6C504B01021400140006080800CC70623BD486FD9CA0000000F40000001300000000000000000000000000B20000005B
310
436F6E74656E745F54797065735D2E786D6C504B01021400140006080800CC70623B1EC5D7A3EB0000007C010000080000000000000000000000000083010000636F72652E786D6C504B01021400140006080800CC70623B55019EA25F0000007C000000070000000000000000000000000094020000636E782E786D6C504B
310
01021400140006080800CC70623B8C9102E971010000D40300000C00000000000000000000000000180300006662782F636F72652E786D6C504B01021400140006080800CC70623BFFEA85907E0000009D0000000B00000000000000000000000000B30400006662782F636E782E786D6C504B01021400140006080800CC70
310
623B4FEEA4082C0100001202000031000000000000000000000000005A0500006662782F39464131463745442D413632322D343644302D413938332D3331353338454246344243312F636F72652E786D6C504B01021400140006080800CC70623BAD7543B64E010000330300003000000000000000000000000000D5060000
310
6662782F39464131463745442D413632322D343644302D413938332D3331353338454246344243312F636E782E786D6C504B01021400140006080800CC70623B16AB87BA640500003C1000003400000000000000000000000000710800006662782F39464131463745442D413632322D343644302D413938332D3331353338
310
454246344243312F6F626A656374732E786D6C504B01021400140006080000CC70623B0000000000000000000000003500000000000000000000000000270E00006662782F39464131463745442D413632322D343644302D413938332D3331353338454246344243312F76657274696365732E62696E504B01021400140006
310
080800CC70623BF270F133060000000400000036000000000000000000000000007A0E00006662782F39464131463745442D413632322D343644302D413938332D3331353338454246344243312F747269616E676C65732E62696E504B01021400140006080000CC70623B0000000000000000000000003700000000000000
310
000000000000D40E00006662782F39464131463745442D413632322D343644302D413938332D3331353338454246344243312F617474726962757465732E62696E504B01021400140006080800CC70623B08DA0BD190000000410100003600000000000000000000000000290F00006662782F39464131463745442D413632
310
322D343644302D413938332D3331353338454246344243312F6469726563746F72792E786D6C504B01021400140006080800CC70623B0D6EF93BFE000000A00100003B000000000000000000000000000D1000006662782F39464131463745442D413632322D343644302D413938332D3331353338454246344243312F7265
310
736F75726365732F636F72652E786D6C504B0506000000000E000E0080040000641100000000
  0
XRECORD
  5
175
102
{ACAD_REACTORS
330
173
102
}
330
173
100
AcDbXrecord
280
     1
270
     1
271
     1
  0
XRECORD
  5
174
102
{ACAD_REACTORS
330
173
102
}
330
173
100
AcDbXrecord
280
     1
270
     1
271
     1
  0
XRECORD
  5
1FB
102
{ACAD_REACTORS
330
173
102
}
330
173
100
AcDbXrecord
280
     1
 70
     0
 90
1673772943
  1
ECE7A1D2-D628-4531-984C-D00F80459256
310
504B03040A0000080000CC70623B3DEE336E79000000790000001B0000006175746F6465736B2D64657369676E2D7061636B6167652E786D6C3C3F786D6C2076657273696F6E3D22312E302220656E636F64696E673D227574662D3822203F3E3C666F726D6174733E3C666F726D61743E687474703A2F2F736368656D612E
310
6175746F6465736B2E636F6D2F64657369676E2D7061636B6167652F323030393C2F666F726D61743E3C2F666F726D6174733E504B0304140006080800CC70623BD486FD9CA0000000F4000000130000005B436F6E74656E745F54797065735D2E786D6C7D8EC10E82300C865F65E91D8A1E8C310C0EEA1BF002731658846E
310
D98AC1B77784ABF1D8FE5FBFBF75BBCE937A534CCEB38643598122B6FEE978D0B0485F9C41B54DDD7D022595594E1A469170414C76A4D9A4D207E29CF43ECE46F218070CC6BECC4078ACAA135ACF422C856C0E68EA1BF5669944DDD7BCDE7B1F8E415D77AECB980613C2E4AC91FC167A2B244592486606FC29C8FD7F045B9A
310
EF7053A7E60B504B0304140006080800CC70623BD9DDAED0EC0000007C01000008000000636F72652E786D6C8D90416EC3201045AF82665B61836D9CD8C2444DD39CA01740405C94182C03558F5F9C3852BBEB6A467FFE9B197D7EF89E6EE8CB2CC17A37002D0820E394D7D68D03A478C17B4007C117EFE32F1B20272733C0
310
2A83E0E3E2D3BC49CABB685CCCAAF3DA6CA20CC14440EA969B0182FA34932C648AD911AEC52CD5558EA6A0CF2EC329598D1E47ACCEFBECC59A050463A7EA5833865FEBDD0E37353BE3EE8DBDE3F6786A48D375FBF6CC78B9C282473B3DEFABC5C86834888A900E538A49F5419B9EB47DD5BC907D4F082F57FB1F28CDFA9F50
310
B22ED6D5F6EE030B20687EE43E10BC5CB3C8E51E54AE6B6EE207504B0304140006080800CC70623B55019EA25F0000007C00000007000000636E782E786D6C4DCB3B0E80201045D1AD90E915ED2CF8AC45050C11660C8261F98AB1B07AC9C97D42D718D865D3E909258CFD00CCE24AC6E326A164D74DC0B4128928FF326038
310
472BA13128B1252AC747C6BAB984FC68F0B87FE8960A5C09FE86CFB69FBA01504B0304140006080800CC70623BA24EB22D72010000D40300000C0000006662782F636F72652E786D6CC5535B6E833010BC8AE5DF0A6C5E49888CA3A6694ED00B38E05014B091B1518EDFE511A5A9D228FD2A1F60CDEC7A67C6986DCE4D8D7A
310
69BA4AAB0C073EC548AA5C17952A33ECECD15B61B4E1CC686DBF9561A44423333CC098B3D268D7CE50AE9595CA02AA74216750749DB418E5352C32DCE59FB211BE70162ABA93DF8AFC244AE9073ED050C759670D0840D390E18DF9F1706664C23973AE2A66B62A605A75ACA4C13C4976E1364A12EF355A2EBD384AF65EFA96
310
BC7B8BED2EA6719AAE16FB8491A199335B351775B991C2CA02F390D2D40B028F861F41BCA68B7518BFD0D59A524686F29B26D7164F36B94AD9289CE54E6D1DE6010819891F6E21228B3AD1831EC219194284CF98F06DD01008846CC5A1BEF83801D4CBDC6A1303536877A57A513B0953A94FC707FDBE6064EA84A9E3E6E0FA
310
EE8CF0E9198F7784A316AA0413C2C2F2E0ECA0934D1AE6D05A69BCDE9E91D2A611F573361E38FC1375157F5752AE6B6DFE4B11990F88CCBF0719EE23FF02504B0304140006080800CC70623B408A7D3B7C0000009D0000000B0000006662782F636E782E786D6C4DCCD10A83201886E15B91FFDC552A92A0064DBC8F581632
310
D3703A76F9ABD1C18E3E78F878E5F0D9027ABBFCF2292AE86E2D20171F69F6715550CB827B40839639A5F2770314A7CD293819B45C73AAFB45B35BA61ACAA1C1C7E7855C58C15BC331339661262CC762340413D68D77DA5B42298546CBE6573AF60CEB2F504B0304140006080800CC70623B449FB9BD290100001202000031
310
0000006662782F36394639363044362D344446342D343946362D394244322D3234314243333846323333332F636F72652E786D6C8D515B6EC32010BC0AE22B55850D98B871848994463E412FE002495162B07854397EA176A4F62F3F2C9A9D991D587EB84F37F0AD7D30CEF6905418026DA553C65E7A98E219ED203808EE9D
310
8B7F6810D871D23D2C3014FCE25D9A57483A1BB58D19B54EE9151C43D0110279CB971E06F9A5A7B11A53CC8C70ADE6515EC78BAE4895DB992778883E0700CB907242D17643D7E2538BD869608875438BBAE38922CAC8F1BDD90DB4691A5E2F42C153326A951B95E398B3D1FE599322163C9AE9115F7A3D46ADA0A018778810
310
84E907617BDCEE297BC5BB3DC6BC2EF47FA234AB2745C9D8D8D035EE220B50105E2F0DC1954B9FB747187D9F9D8FA0CCDB042D5FA0C015C65B42DF78BD10F3F3B363CB56C7109DCFDFBBB97E662ED92EB62D13BC2E1BCAE5777DB9966D8A1F504B0304140006080800CC70623BAD7543B64E01000033030000300000006662
310
782F36394639363044362D344446342D343946362D394244322D3234314243333846323333332F636E782E786D6CD593CD6EC32010845F0571AD6CE3D48AD20813A9873E410FBD12D82434182C7EAAE6EDBB2424CD25871E7B41D6EC30B3FA84F9E67BB2E40B4234DE8DB46F1925E094D7C6ED479AD3AE5951B2113C789FEE
310
6C943839C1488B4C05DF079FE72A69D8C96C13AAD6B8631503449F83828872B949AC57D26200B826A308D316B4064D6E46FCDA41C05550DC9E483A00797BFD207EFB092A45DE9514C1BBD22178396BD39D891265658C238DEA00936C654E5E433CB65A26D9F6EDB5EBC14EBF49A45CB856E66048291F6939A9A81BB5C89177
310
38143CA680F4AA299D66A042CEB3354A2684DC9D8D178FE0D9B8B41CAAD720F880EE7EF93C0C18769E099ECC04D5A102C8049A8A05632F4DDF376CF1DE0F6BB65C2F8627B65A33C6BB62177CEBBDAD973006829F89F22E814B54F4BC2BE347F8AA8F681390B50FA73F804400B5F542E796F19FF974E7F78DB802FE05E20750
310
4B0304140006080800CC70623B8D05915C650500003B100000340000006662782F36394639363044362D344446342D343946362D394244322D3234314243333846323333332F6F626A656374732E786D6CAD575B6FA33814FE2B887D06429276DA1565D4266D158D3A339A6846FB502932E050B66023DB74D2FDF5FB190C01
310
9276B2973C046C8ECFF53B17071F77456EBD502133CEAE6CDF9DD81665314F32965ED995DA3A17B6F5310C04E7AA47665B8C14F4CAD6DB7618A48257A5D94AE89654B91AEDDEDDFC61C998326A5B714EA4BCB265FC440BE2924AF184CA6737218AB8E976E7FA6E4338649B0A523E8D98964450A6A029F619B8588D52FE7039
310
B1BD30F0F4F730D0FF866AF6369557DB33949F31A9088B0F848DD8CCFCF9F2767A76E99CCDE733677E3EF59D9BBB9BA5E37F984D16E78BC5E5F5ED25044B25C0C96822E8D60EEFE11B91C581D77CEA34368A1F5329E68CD1B8B61F16D63A1B8E092D294B10C78C4A48EB593D192E7DED9BDEE7995E1B91FDEDD3ACEA9FE831
310
6A756F9F7D4D79F4274C90A7A04248AA51D5F8C718DAE06FB2F75AC4796EBE65D22A88A22223B995679120E2D50E41AA49C260C046A35368846B0BECD0DFF3EBEB8AD4F835768F69B9ADF25C43D30E6B646F807FAA64AD59F61715C7A54127C4AACA98BA3006A9D792DAE165E0D59B61A01FB3A9F9D838D2DAE62445C86166
310
F37564E842E7DE6A69879FEEA2DD5AE7E371E1A5E025154AC307D06A03D73EB5978C58FFA4C8E9033066E0F3BD53BEC1F39F91BE7B55103791EDE6BBB991A2046172CB4581D8B893FA674DDA17A77B3B7C413D1B511FD2743BFF8A38F03A658705E3ADF8015C3A3417FF3D7E439FF591DA0B5F18BC20C1B8981957AE6392A3
310
F43C640C01D1A0B4728E2DD4F26DB4B3C3152A252A3B4E913CEC1C72F012782FF88EFF8637AA552DBEF76408E8A8DE9E50F9E1CB3A2DA0DB1B6039A893B56063DC5B3E3FFB5F72E67AB9FEB4AEC496C4F4C1149625DD662C53E89D7BF0F6151A046260D1337DFDC94502430F83B0EE07A130A224BCAD7DAE1D9FB6CD422FF6
310
920702629C4BB9AE79C12F243C6432A6794E18E5552BA56B431AAB5D91317302B2B071E86C3A42B1A02F999E24061403B5D0EB639195DA655DD3EBEAB4FB862DDF579F014AD0E73C22F99E28DA57FB98E75C6CA2D74D53086D600F4786E0FE3144B771A8A7B900F03594DB8A633CBC49B2EDB69228BB479CF863B5E807AAAB
310
23872F6DFEB4129B949CA33823F58830E86D65621E10047D9DB34D862E8EAC3C2ABC2F7B2C40D67CDFE01F5545B92105AF983AC54D93D69E56FB8E797F88913F898A9FEC705D3F9D1B54EC8426FB500D40A03BD0119B06E1B95DDC7EB8F6975367793EBD70E66733DFB9BC982F9CE564727731999F5D4ECFCE3B8D6A4DC2A0
310
6D50FD148437D110834A64C6CDDF57FBACB5C307A2A477DFE4939736CFEF2B175371E0E10CF0DD1D5C15654E0BCA14D1E87DD02FF93782A162C0A3D95F1524A52770F972BF1EE9809D13CE7DD599467F8ECE9ADD85CE85A34CD45355448C64F9E8A031DC2D596ACC6E5DD93D9B82DE2EF5CAF81363A8E47996A0DE24564A79
310
4115AACE09C55E14540231FDA13C319787134EBF34E3A022514E5B4D9E0826E25C02D5805B15ABE1BEF51B26383D445DD9E875EE33FE4C22DA16427D65A3BCA92CA6D28DD01DF5DC53330704308475351050232CCD31583787BA75774AFB06E5070DD0C8EF484E19968C5D83BA5B90B244D31E54D55A372320FE4786B7EA58
310
44E135AA5467CB7EA333A61683CC6A8C3257034C10CF46F40EF9F5BE59BE5BD30C3C72D235E95D10345C1D45445A5F0BB47E46A5EBE5570F9380B5FA629579952296A773720405982B9DE04011506178964401AA8BDF1FBF0A8EAB6861DD6580C0E38217056766716DAEB2D6FA0917D3E4116581EADB879C4E7CFFB11EFACD
310
3D641311495D92C8676CB409A72D18610D803CE8A626049E8EC1887CB5B44CC39883690DDA8399B4B9855B481E7D71D4A9D22F96E5BB73BF5793020C02137BF837504B0304140006080000CC70623B000000000000000000000000350000006662782F36394639363044362D344446342D343946362D394244322D32343142
310
43333846323333332F76657274696365732E62696E504B0304140006080800CC70623BF270F1330600000004000000360000006662782F36394639363044362D344446342D343946362D394244322D3234314243333846323333332F747269616E676C65732E62696E636660600000504B0304140006080000CC70623B0000
310
00000000000000000000370000006662782F36394639363044362D344446342D343946362D394244322D3234314243333846323333332F617474726962757465732E62696E504B0304140006080800CC70623B08DA0BD19000000041010000360000006662782F36394639363044362D344446342D343946362D394244322D
310
3234314243333846323333332F6469726563746F72792E786D6C858F410AC3201045AF22B36F53E9A60B35CBEEBAE80D244E44489C6234F4F835464A48035D0DF398FF9F8AF63D0E6CC63039F212F8F9020C7D47C6792B21C5FE7403D62A1188E2E60C98D7234A5830286103A55745067B9D86B8A3CF9C7F90C11DE607FB14
310
4396D7B6A82D282E9A152AD114D5EF2CB866EEE831B8EEA07A7BB5A8D7D61A2BAAEB7FD5F70921FF497D00504B0304140006080800CC70623BCA768048FE000000A00100003B0000006662782F36394639363044362D344446342D343946362D394244322D3234314243333846323333332F7265736F75726365732F636F72
310
652E786D6C8D50596E833010BD0A9ADFCA60D600328E9AA639412F609909B1126CE4A5EAF16B0295DABFFECC8CDEA2797AECF8353F924FB44E193D409E5248504B332A3D0D10FC95B4901C39B3C6F85F3248B49871801506CE266BC2B243D2688FDA47549B11775038871E12F988C7004EDE7016A9083E2ADC3D5D84BC8B09
310
D33C8D74D471E6BC8D0192EDC93A815B742658898E651BCB59086ADC356A8C3FD555A1055ED7E7E254D615792D0F075295F585746FF53B694EE78A565DD736979A65AB9933AFE69F8CD2A2F038022F28ED489E135A7CE4554F9BBEA85E68DB53CAB255FEC71496F19FA6A0B42F8B3DEE6673C0F318E4497096AD7DC5F52C33
310
EEB55BFE0D504B010214000A0000080000CC70623B3DEE336E79000000790000001B00000000000000000000000000000000006175746F6465736B2D64657369676E2D7061636B6167652E786D6C504B01021400140006080800CC70623BD486FD9CA0000000F40000001300000000000000000000000000B20000005B436F
310
6E74656E745F54797065735D2E786D6C504B01021400140006080800CC70623BD9DDAED0EC0000007C010000080000000000000000000000000083010000636F72652E786D6C504B01021400140006080800CC70623B55019EA25F0000007C000000070000000000000000000000000095020000636E782E786D6C504B0102
310
1400140006080800CC70623BA24EB22D72010000D40300000C00000000000000000000000000190300006662782F636F72652E786D6C504B01021400140006080800CC70623B408A7D3B7C0000009D0000000B00000000000000000000000000B50400006662782F636E782E786D6C504B01021400140006080800CC70623B
310
449FB9BD290100001202000031000000000000000000000000005A0500006662782F36394639363044362D344446342D343946362D394244322D3234314243333846323333332F636F72652E786D6C504B01021400140006080800CC70623BAD7543B64E010000330300003000000000000000000000000000D20600006662
310
782F36394639363044362D344446342D343946362D394244322D3234314243333846323333332F636E782E786D6C504B01021400140006080800CC70623B8D05915C650500003B10000034000000000000000000000000006E0800006662782F36394639363044362D344446342D343946362D394244322D32343142433338
310
46323333332F6F626A656374732E786D6C504B01021400140006080000CC70623B0000000000000000000000003500000000000000000000000000250E00006662782F36394639363044362D344446342D343946362D394244322D3234314243333846323333332F76657274696365732E62696E504B010214001400060808
310
00CC70623BF270F13306000000040000003600000000000000000000000000780E00006662782F36394639363044362D344446342D343946362D394244322D3234314243333846323333332F747269616E676C65732E62696E504B01021400140006080000CC70623B00000000000000000000000037000000000000000000
310
00000000D20E00006662782F36394639363044362D344446342D343946362D394244322D3234314243333846323333332F617474726962757465732E62696E504B01021400140006080800CC70623B08DA0BD190000000410100003600000000000000000000000000270F00006662782F36394639363044362D344446342D
310
343946362D394244322D3234314243333846323333332F6469726563746F72792E786D6C504B01021400140006080800CC70623BCA768048FE000000A00100003B000000000000000000000000000B1000006662782F36394639363044362D344446342D343946362D394244322D3234314243333846323333332F7265736F
310
75726365732F636F72652E786D6C504B0506000000000E000E0080040000621100000000
  0
XRECORD
  5
176
102
{ACAD_REACTORS
330
173
102
}
330
173
100
AcDbXrecord
280
     1
270
     1
271
     1
  0
XRECORD
  5
177
102
{ACAD_REACTORS
330
173
102
}
330
173
100
AcDbXrecord
280
     1
270
     1
271
     1
  0
XRECORD
  5
2B6
102
{ACAD_REACTORS
330
234
102
}
330
234
100
AcDbXrecord
280
     1
102
DISPLAYNAME
  1
Metric50
102
FLAGS
 90
        0
  0
CELLSTYLEMAP
  5
27C
102
{ACAD_REACTORS
330
162
102
}
330
162
100
AcDbCellStyleMap
 90
        3
300
CELLSTYLE
  1
TABLEFORMAT_BEGIN
 90
        5
170
     1
 91
        0
 92
    32768
 62
   257
 93
        1
300
CONTENTFORMAT
  1
CONTENTFORMAT_BEGIN
 90
        0
 91
        0
 92
      512
 93
        0
300

 40
0.0
140
1.0
 94
        5
 62
     0
340
11
144
6.0
309
CONTENTFORMAT_END
171
     1
301
MARGIN
  1
CELLMARGIN_BEGIN
 40
1.5
 40
1.5
 40
1.5
 40
1.5
 40
4.5
 40
4.5
309
CELLMARGIN_END
 94
        6
 95
        1
302
GRIDFORMAT
  1
GRIDFORMAT_BEGIN
 90
        0
 91
        1
 62
     0
 92
       -2
340
14
 93
        0
 40
1.125
309
GRIDFORMAT_END
 95
        2
302
GRIDFORMAT
  1
GRIDFORMAT_BEGIN
 90
        0
 91
        1
 62
     0
 92
       -2
340
14
 93
        0
 40
1.125
309
GRIDFORMAT_END
 95
        4
302
GRIDFORMAT
  1
GRIDFORMAT_BEGIN
 90
        0
 91
        1
 62
     0
 92
       -2
340
14
 93
        0
 40
1.125
309
GRIDFORMAT_END
 95
        8
302
GRIDFORMAT
  1
GRIDFORMAT_BEGIN
 90
        0
 91
        1
 62
     0
 92
       -2
340
14
 93
        0
 40
1.125
309
GRIDFORMAT_END
 95
       16
302
GRIDFORMAT
  1
GRIDFORMAT_BEGIN
 90
        0
 91
        1
 62
     0
 92
       -2
340
14
 93
        0
 40
1.125
309
GRIDFORMAT_END
 95
       32
302
GRIDFORMAT
  1
GRIDFORMAT_BEGIN
 90
        0
 91
        1
 62
     0
 92
       -2
340
14
 93
        0
 40
1.125
309
GRIDFORMAT_END
309
TABLEFORMAT_END
  1
CELLSTYLE_BEGIN
 90
        1
 91
        1
300
_TITLE
309
CELLSTYLE_END
300
CELLSTYLE
  1
TABLEFORMAT_BEGIN
 90
        5
170
     1
 91
        0
 92
        0
 62
   257
 93
        1
300
CONTENTFORMAT
  1
CONTENTFORMAT_BEGIN
 90
        0
 91
        0
 92
      512
 93
        0
300

 40
0.0
140
1.0
 94
        5
 62
     0
340
11
144
4.5
309
CONTENTFORMAT_END
171
     1
301
MARGIN
  1
CELLMARGIN_BEGIN
 40
1.5
 40
1.5
 40
1.5
 40
1.5
 40
4.5
 40
4.5
309
CELLMARGIN_END
 94
        6
 95
        1
302
GRIDFORMAT
  1
GRIDFORMAT_BEGIN
 90
        0
 91
        1
 62
     0
 92
       -2
340
14
 93
        0
 40
1.125
309
GRIDFORMAT_END
 95
        2
302
GRIDFORMAT
  1
GRIDFORMAT_BEGIN
 90
        0
 91
        1
 62
     0
 92
       -2
340
14
 93
        0
 40
1.125
309
GRIDFORMAT_END
 95
        4
302
GRIDFORMAT
  1
GRIDFORMAT_BEGIN
 90
        0
 91
        1
 62
     0
 92
       -2
340
14
 93
        0
 40
1.125
309
GRIDFORMAT_END
 95
        8
302
GRIDFORMAT
  1
GRIDFORMAT_BEGIN
 90
        0
 91
        1
 62
     0
 92
       -2
340
14
 93
        0
 40
1.125
309
GRIDFORMAT_END
 95
       16
302
GRIDFORMAT
  1
GRIDFORMAT_BEGIN
 90
        0
 91
        1
 62
     0
 92
       -2
340
14
 93
        0
 40
1.125
309
GRIDFORMAT_END
 95
       32
302
GRIDFORMAT
  1
GRIDFORMAT_BEGIN
 90
        0
 91
        1
 62
     0
 92
       -2
340
14
 93
        0
 40
1.125
309
GRIDFORMAT_END
309
TABLEFORMAT_END
  1
CELLSTYLE_BEGIN
 90
        2
 91
        1
300
_HEADER
309
CELLSTYLE_END
300
CELLSTYLE
  1
TABLEFORMAT_BEGIN
 90
        5
170
     1
 91
        0
 92
        0
 62
   257
 93
        1
300
CONTENTFORMAT
  1
CONTENTFORMAT_BEGIN
 90
        0
 91
        0
 92
      512
 93
        0
300

 40
0.0
140
1.0
 94
        2
 62
     0
340
11
144
4.5
309
CONTENTFORMAT_END
171
     1
301
MARGIN
  1
CELLMARGIN_BEGIN
 40
1.5
 40
1.5
 40
1.5
 40
1.5
 40
4.5
 40
4.5
309
CELLMARGIN_END
 94
        6
 95
        1
302
GRIDFORMAT
  1
GRIDFORMAT_BEGIN
 90
        0
 91
        1
 62
     0
 92
       -2
340
14
 93
        0
 40
1.125
309
GRIDFORMAT_END
 95
        2
302
GRIDFORMAT
  1
GRIDFORMAT_BEGIN
 90
        0
 91
        1
 62
     0
 92
       -2
340
14
 93
        0
 40
1.125
309
GRIDFORMAT_END
 95
        4
302
GRIDFORMAT
  1
GRIDFORMAT_BEGIN
 90
        0
 91
        1
 62
     0
 92
       -2
340
14
 93
        0
 40
1.125
309
GRIDFORMAT_END
 95
        8
302
GRIDFORMAT
  1
GRIDFORMAT_BEGIN
 90
        0
 91
        1
 62
     0
 92
       -2
340
14
 93
        0
 40
1.125
309
GRIDFORMAT_END
 95
       16
302
GRIDFORMAT
  1
GRIDFORMAT_BEGIN
 90
        0
 91
        1
 62
     0
 92
       -2
340
14
 93
        0
 40
1.125
309
GRIDFORMAT_END
 95
       32
302
GRIDFORMAT
  1
GRIDFORMAT_BEGIN
 90
        0
 91
        1
 62
     0
 92
       -2
340
14
 93
        0
 40
1.125
309
GRIDFORMAT_END
309
TABLEFORMAT_END
  1
CELLSTYLE_BEGIN
 90
        3
 91
        2
300
_DATA
309
CELLSTYLE_END
  0
XRECORD
  5
291
102
{ACAD_REACTORS
330
290
102
}
330
290
100
AcDbXrecord
280
     1
102
RTVSPost2010Prop28
280
     1
102
RTVSPost2010PropOp28
 70
     1
102
RTVSPost2010Prop29
280
     1
102
RTVSPost2010PropOp29
 70
     1
102
RTVSPost2010Prop30
280
     0
102
RTVSPost2010PropOp30
 70
     1
102
RTVSPost2010Prop31
280
     0
102
RTVSPost2010PropOp31
 70
     1
102
RTVSPost2010Prop32
280
     0
102
RTVSPost2010PropOp32
 70
     1
102
RTVSPost2010Prop33
280
     0
102
RTVSPost2010PropOp33
 70
     1
102
RTVSPost2010Prop34
280
     0
102
RTVSPost2010PropOp34
 70
     1
102
RTVSPost2010Prop35
280
     0
102
RTVSPost2010PropOp35
 70
     1
102
RTVSPost2010Prop36
280
     0
102
RTVSPost2010PropOp36
 70
     1
102
RTVSPost2010Prop37
 90
       50
102
RTVSPost2010PropOp37
 70
     1
102
RTVSPost2010Prop38
140
0.0
102
RTVSPost2010PropOp38
 70
     1
102
RTVSPost2010Prop39
140
1.0
102
RTVSPost2010PropOp39
 70
     1
102
RTVSPost2010Prop40
 90
        0
102
RTVSPost2010PropOp40
 70
     1
102
RTVSPost2010Prop41ColorIndex
 90
       18
102
RTVSPost2010Prop41ColorRGB
 90
        0
102
RTVSPost2010PropOp41
 70
     1
102
RTVSPost2010Prop42
 90
       50
102
RTVSPost2010PropOp42
 70
     1
102
RTVSPost2010Prop43
 90
        3
102
RTVSPost2010PropOp43
 70
     1
102
RTVSPost2010Prop44ColorIndex
 90
        5
102
RTVSPost2010Prop44ColorRGB
 90
      255
102
RTVSPost2010PropOp44
 70
     1
102
RTVSPost2010Prop45
280
     0
102
RTVSPost2010PropOp45
 70
     1
102
RTVSPost2010Prop46
 90
       50
102
RTVSPost2010PropOp46
 70
     1
102
RTVSPost2010Prop47
 90
       50
102
RTVSPost2010PropOp47
 70
     1
102
RTVSPost2010Prop48
 90
       50
102
RTVSPost2010PropOp48
 70
     1
102
RTVSPost2010Prop49
280
     0
102
RTVSPost2010PropOp49
 70
     1
102
RTVSPost2010Prop50
 90
       50
102
RTVSPost2010PropOp50
 70
     1
102
RTVSPost2010Prop51ColorIndex
 90
      256
102
RTVSPost2010Prop51ColorRGB
 90
-16777216
102
RTVSPost2010PropOp51
 70
     0
102
RTVSPost2010Prop52
140
1.0
102
RTVSPost2010PropOp52
 70
     0
102
RTVSPost2010Prop53
 90
        2
102
RTVSPost2010PropOp53
 70
     1
102
RTVSPost2010Prop54
  1
strokes_ogs.tif
102
RTVSPost2010PropOp54
 70
     1
102
RTVSPost2010Prop55
280
     0
102
RTVSPost2010PropOp55
 70
     1
102
RTVSPost2010Prop56
140
1.0
102
RTVSPost2010PropOp56
 70
     1
102
RTVSPost2010Prop57
140
1.0
102
RTVSPost2010PropOp57
 70
     1
102
RTVSPropertyOp0
 70
     1
102
RTVSPropertyOp1
 70
     1
102
RTVSPropertyOp2
 70
     1
102
RTVSPropertyOp3
 70
     1
102
RTVSPropertyOp4
 70
     1
102
RTVSPropertyOp5
 70
     1
102
RTVSPropertyOp6
 70
     1
102
RTVSPropertyOp7
 70
     1
102
RTVSPropertyOp8
 70
     1
102
RTVSPropertyOp9
 70
     1
102
RTVSPropertyOp10
 70
     1
102
RTVSPropertyOp11
 70
     1
102
RTVSPropertyOp12
 70
     1
102
RTVSPropertyOp13
 70
     1
102
RTVSPropertyOp14
 70
     1
102
RTVSPropertyOp15
 70
     1
102
RTVSPropertyOp16
 70
     1
102
RTVSPropertyOp17
 70
     1
102
RTVSPropertyOp18
 70
     1
102
RTVSPropertyOp19
 70
     1
102
RTVSPropertyOp20
 70
     1
102
RTVSPropertyOp21
 70
     1
102
RTVSPropertyOp22
 70
     1
102
RTVSPropertyOp23
 70
     1
102
RTVSPropertyOp24
 70
     1
102
RTVSPropertyOp25
 70
     1
102
RTVSPropertyOp26
 70
     1
102
RTVSPropertyOp27
 70
     1
102
RTVSPropertyOp28
 70
     1
102
RTVSPropertyOp29
 70
     1
102
RTVSPropertyOp30
 70
     1
102
RTVSPropertyOp31
 70
     1
102
RTVSPropertyOp32
 70
     1
102
RTVSPropertyOp33
 70
     1
102
RTVSPropertyOp34
 70
     1
102
RTVSPropertyOp35
 70
     1
102
RTVSPropertyOp36
 70
     1
102
RTVSPropertyOp37
 70
     1
102
RTVSPropertyOp38
 70
     1
102
RTVSPropertyOp39
 70
     1
102
RTVSPropertyOp40
 70
     1
102
RTVSPropertyOp41
 70
     1
102
RTVSPropertyOp42
 70
     1
102
RTVSPropertyOp43
 70
     1
102
RTVSPropertyOp44
 70
     1
102
RTVSPropertyOp45
 70
     1
102
RTVSPropertyOp46
 70
     1
102
RTVSPropertyOp47
 70
     1
102
RTVSPropertyOp48
 70
     1
102
RTVSPropertyOp49
 70
     1
102
RTVSPropertyOp50
 70
     1
102
RTVSPropertyOp51
 70
     0
102
RTVSPropertyOp52
 70
     0
102
RTVSPropertyOp53
 70
     1
102
RTVSPropertyOp54
 70
     1
102
RTVSPropertyOp55
 70
     1
102
RTVSPropertyOp56
 70
     1
102
RTVSPropertyOp57
 70
     1
102
RTVSPropertyOp58
 70
     1
102
RTVSPropertyOp59
 70
     1
102
RTVSPropertyOp60
 70
     1
102
RTVSPropertyOp61
 70
     1
102
RTVSPropertyOp62
 70
     1
  0
XRECORD
  5
28F
102
{ACAD_REACTORS
330
28E
102
}
330
28E
100
AcDbXrecord
280
     1
102
RTVSPost2010Prop28
280
     0
102
RTVSPost2010PropOp28
 70
     1
102
RTVSPost2010Prop29
280
     1
102
RTVSPost2010PropOp29
 70
     1
102
RTVSPost2010Prop30
280
     1
102
RTVSPost2010PropOp30
 70
     1
102
RTVSPost2010Prop31
280
     0
102
RTVSPost2010PropOp31
 70
     1
102
RTVSPost2010Prop32
280
     0
102
RTVSPost2010PropOp32
 70
     1
102
RTVSPost2010Prop33
280
     0
102
RTVSPost2010PropOp33
 70
     1
102
RTVSPost2010Prop34
280
     0
102
RTVSPost2010PropOp34
 70
     1
102
RTVSPost2010Prop35
280
     0
102
RTVSPost2010PropOp35
 70
     1
102
RTVSPost2010Prop36
280
     0
102
RTVSPost2010PropOp36
 70
     1
102
RTVSPost2010Prop37
 90
       50
102
RTVSPost2010PropOp37
 70
     1
102
RTVSPost2010Prop38
140
0.0
102
RTVSPost2010PropOp38
 70
     1
102
RTVSPost2010Prop39
140
1.0
102
RTVSPost2010PropOp39
 70
     1
102
RTVSPost2010Prop40
 90
        0
102
RTVSPost2010PropOp40
 70
     1
102
RTVSPost2010Prop41ColorIndex
 90
       18
102
RTVSPost2010Prop41ColorRGB
 90
        0
102
RTVSPost2010PropOp41
 70
     1
102
RTVSPost2010Prop42
 90
       50
102
RTVSPost2010PropOp42
 70
     1
102
RTVSPost2010Prop43
 90
        3
102
RTVSPost2010PropOp43
 70
     1
102
RTVSPost2010Prop44ColorIndex
 90
        5
102
RTVSPost2010Prop44ColorRGB
 90
      255
102
RTVSPost2010PropOp44
 70
     1
102
RTVSPost2010Prop45
280
     0
102
RTVSPost2010PropOp45
 70
     1
102
RTVSPost2010Prop46
 90
       50
102
RTVSPost2010PropOp46
 70
     1
102
RTVSPost2010Prop47
 90
       50
102
RTVSPost2010PropOp47
 70
     1
102
RTVSPost2010Prop48
 90
       50
102
RTVSPost2010PropOp48
 70
     1
102
RTVSPost2010Prop49
280
     0
102
RTVSPost2010PropOp49
 70
     1
102
RTVSPost2010Prop50
 90
       50
102
RTVSPost2010PropOp50
 70
     1
102
RTVSPost2010Prop51ColorIndex
 90
      256
102
RTVSPost2010Prop51ColorRGB
 90
-16777216
102
RTVSPost2010PropOp51
 70
     0
102
RTVSPost2010Prop52
140
1.0
102
RTVSPost2010PropOp52
 70
     0
102
RTVSPost2010Prop53
 90
        2
102
RTVSPost2010PropOp53
 70
     1
102
RTVSPost2010Prop54
  1
strokes_ogs.tif
102
RTVSPost2010PropOp54
 70
     1
102
RTVSPost2010Prop55
280
     0
102
RTVSPost2010PropOp55
 70
     1
102
RTVSPost2010Prop56
140
1.0
102
RTVSPost2010PropOp56
 70
     1
102
RTVSPost2010Prop57
140
1.0
102
RTVSPost2010PropOp57
 70
     1
102
RTVSPropertyOp0
 70
     1
102
RTVSPropertyOp1
 70
     1
102
RTVSPropertyOp2
 70
     1
102
RTVSPropertyOp3
 70
     1
102
RTVSPropertyOp4
 70
     1
102
RTVSPropertyOp5
 70
     1
102
RTVSPropertyOp6
 70
     1
102
RTVSPropertyOp7
 70
     1
102
RTVSPropertyOp8
 70
     1
102
RTVSPropertyOp9
 70
     1
102
RTVSPropertyOp10
 70
     1
102
RTVSPropertyOp11
 70
     1
102
RTVSPropertyOp12
 70
     1
102
RTVSPropertyOp13
 70
     1
102
RTVSPropertyOp14
 70
     1
102
RTVSPropertyOp15
 70
     1
102
RTVSPropertyOp16
 70
     1
102
RTVSPropertyOp17
 70
     1
102
RTVSPropertyOp18
 70
     1
102
RTVSPropertyOp19
 70
     1
102
RTVSPropertyOp20
 70
     1
102
RTVSPropertyOp21
 70
     1
102
RTVSPropertyOp22
 70
     1
102
RTVSPropertyOp23
 70
     1
102
RTVSPropertyOp24
 70
     1
102
RTVSPropertyOp25
 70
     1
102
RTVSPropertyOp26
 70
     1
102
RTVSPropertyOp27
 70
     1
102
RTVSPropertyOp28
 70
     1
102
RTVSPropertyOp29
 70
     1
102
RTVSPropertyOp30
 70
     1
102
RTVSPropertyOp31
 70
     1
102
RTVSPropertyOp32
 70
     1
102
RTVSPropertyOp33
 70
     1
102
RTVSPropertyOp34
 70
     1
102
RTVSPropertyOp35
 70
     1
102
RTVSPropertyOp36
 70
     1
102
RTVSPropertyOp37
 70
     1
102
RTVSPropertyOp38
 70
     1
102
RTVSPropertyOp39
 70
     1
102
RTVSPropertyOp40
 70
     1
102
RTVSPropertyOp41
 70
     1
102
RTVSPropertyOp42
 70
     1
102
RTVSPropertyOp43
 70
     1
102
RTVSPropertyOp44
 70
     1
102
RTVSPropertyOp45
 70
     1
102
RTVSPropertyOp46
 70
     1
102
RTVSPropertyOp47
 70
     1
102
RTVSPropertyOp48
 70
     1
102
RTVSPropertyOp49
 70
     1
102
RTVSPropertyOp50
 70
     1
102
RTVSPropertyOp51
 70
     0
102
RTVSPropertyOp52
 70
     0
102
RTVSPropertyOp53
 70
     1
102
RTVSPropertyOp54
 70
     1
102
RTVSPropertyOp55
 70
     1
102
RTVSPropertyOp56
 70
     1
102
RTVSPropertyOp57
 70
     1
102
RTVSPropertyOp58
 70
     1
102
RTVSPropertyOp59
 70
     1
102
RTVSPropertyOp60
 70
     1
102
RTVSPropertyOp61
 70
     1
102
RTVSPropertyOp62
 70
     1
  0
XRECORD
  5
29D
102
{ACAD_REACTORS
330
29C
102
}
330
29C
100
AcDbXrecord
280
     1
102
RTVSPost2010Prop28
280
     0
102
RTVSPost2010PropOp28
 70
     1
102
RTVSPost2010Prop29
280
     1
102
RTVSPost2010PropOp29
 70
     1
102
RTVSPost2010Prop30
280
     1
102
RTVSPost2010PropOp30
 70
     1
102
RTVSPost2010Prop31
280
     0
102
RTVSPost2010PropOp31
 70
     1
102
RTVSPost2010Prop32
280
     0
102
RTVSPost2010PropOp32
 70
     1
102
RTVSPost2010Prop33
280
     0
102
RTVSPost2010PropOp33
 70
     1
102
RTVSPost2010Prop34
280
     0
102
RTVSPost2010PropOp34
 70
     1
102
RTVSPost2010Prop35
280
     0
102
RTVSPost2010PropOp35
 70
     1
102
RTVSPost2010Prop36
280
     0
102
RTVSPost2010PropOp36
 70
     1
102
RTVSPost2010Prop37
 90
       50
102
RTVSPost2010PropOp37
 70
     1
102
RTVSPost2010Prop38
140
0.0
102
RTVSPost2010PropOp38
 70
     1
102
RTVSPost2010Prop39
140
1.0
102
RTVSPost2010PropOp39
 70
     1
102
RTVSPost2010Prop40
 90
        0
102
RTVSPost2010PropOp40
 70
     1
102
RTVSPost2010Prop41ColorIndex
 90
       18
102
RTVSPost2010Prop41ColorRGB
 90
        0
102
RTVSPost2010PropOp41
 70
     1
102
RTVSPost2010Prop42
 90
       50
102
RTVSPost2010PropOp42
 70
     1
102
RTVSPost2010Prop43
 90
        3
102
RTVSPost2010PropOp43
 70
     1
102
RTVSPost2010Prop44ColorIndex
 90
        5
102
RTVSPost2010Prop44ColorRGB
 90
      255
102
RTVSPost2010PropOp44
 70
     1
102
RTVSPost2010Prop45
280
     0
102
RTVSPost2010PropOp45
 70
     1
102
RTVSPost2010Prop46
 90
       50
102
RTVSPost2010PropOp46
 70
     1
102
RTVSPost2010Prop47
 90
       50
102
RTVSPost2010PropOp47
 70
     1
102
RTVSPost2010Prop48
 90
       50
102
RTVSPost2010PropOp48
 70
     1
102
RTVSPost2010Prop49
280
     0
102
RTVSPost2010PropOp49
 70
     1
102
RTVSPost2010Prop50
 90
       50
102
RTVSPost2010PropOp50
 70
     1
102
RTVSPost2010Prop51ColorIndex
 90
      256
102
RTVSPost2010Prop51ColorRGB
 90
-16777216
102
RTVSPost2010PropOp51
 70
     0
102
RTVSPost2010Prop52
140
1.0
102
RTVSPost2010PropOp52
 70
     0
102
RTVSPost2010Prop53
 90
        2
102
RTVSPost2010PropOp53
 70
     1
102
RTVSPost2010Prop54
  1
strokes_ogs.tif
102
RTVSPost2010PropOp54
 70
     1
102
RTVSPost2010Prop55
280
     0
102
RTVSPost2010PropOp55
 70
     1
102
RTVSPost2010Prop56
140
1.0
102
RTVSPost2010PropOp56
 70
     1
102
RTVSPost2010Prop57
140
1.0
102
RTVSPost2010PropOp57
 70
     1
102
RTVSPropertyOp0
 70
     1
102
RTVSPropertyOp1
 70
     1
102
RTVSPropertyOp2
 70
     1
102
RTVSPropertyOp3
 70
     1
102
RTVSPropertyOp4
 70
     1
102
RTVSPropertyOp5
 70
     1
102
RTVSPropertyOp6
 70
     1
102
RTVSPropertyOp7
 70
     1
102
RTVSPropertyOp8
 70
     1
102
RTVSPropertyOp9
 70
     1
102
RTVSPropertyOp10
 70
     1
102
RTVSPropertyOp11
 70
     1
102
RTVSPropertyOp12
 70
     1
102
RTVSPropertyOp13
 70
     1
102
RTVSPropertyOp14
 70
     1
102
RTVSPropertyOp15
 70
     1
102
RTVSPropertyOp16
 70
     1
102
RTVSPropertyOp17
 70
     1
102
RTVSPropertyOp18
 70
     1
102
RTVSPropertyOp19
 70
     1
102
RTVSPropertyOp20
 70
     1
102
RTVSPropertyOp21
 70
     1
102
RTVSPropertyOp22
 70
     1
102
RTVSPropertyOp23
 70
     1
102
RTVSPropertyOp24
 70
     1
102
RTVSPropertyOp25
 70
     1
102
RTVSPropertyOp26
 70
     1
102
RTVSPropertyOp27
 70
     1
102
RTVSPropertyOp28
 70
     1
102
RTVSPropertyOp29
 70
     1
102
RTVSPropertyOp30
 70
     1
102
RTVSPropertyOp31
 70
     1
102
RTVSPropertyOp32
 70
     1
102
RTVSPropertyOp33
 70
     1
102
RTVSPropertyOp34
 70
     1
102
RTVSPropertyOp35
 70
     1
102
RTVSPropertyOp36
 70
     1
102
RTVSPropertyOp37
 70
     1
102
RTVSPropertyOp38
 70
     1
102
RTVSPropertyOp39
 70
     1
102
RTVSPropertyOp40
 70
     1
102
RTVSPropertyOp41
 70
     1
102
RTVSPropertyOp42
 70
     1
102
RTVSPropertyOp43
 70
     1
102
RTVSPropertyOp44
 70
     1
102
RTVSPropertyOp45
 70
     1
102
RTVSPropertyOp46
 70
     1
102
RTVSPropertyOp47
 70
     1
102
RTVSPropertyOp48
 70
     1
102
RTVSPropertyOp49
 70
     1
102
RTVSPropertyOp50
 70
     1
102
RTVSPropertyOp51
 70
     0
102
RTVSPropertyOp52
 70
     0
102
RTVSPropertyOp53
 70
     1
102
RTVSPropertyOp54
 70
     1
102
RTVSPropertyOp55
 70
     1
102
RTVSPropertyOp56
 70
     1
102
RTVSPropertyOp57
 70
     1
102
RTVSPropertyOp58
 70
     1
102
RTVSPropertyOp59
 70
     1
102
RTVSPropertyOp60
 70
     1
102
RTVSPropertyOp61
 70
     1
102
RTVSPropertyOp62
 70
     1
  0
XRECORD
  5
2A5
102
{ACAD_REACTORS
330
2A4
102
}
330
2A4
100
AcDbXrecord
280
     1
102
RTVSPost2010Prop28
280
     0
102
RTVSPost2010PropOp28
 70
     1
102
RTVSPost2010Prop29
280
     1
102
RTVSPost2010PropOp29
 70
     1
102
RTVSPost2010Prop30
280
     1
102
RTVSPost2010PropOp30
 70
     1
102
RTVSPost2010Prop31
280
     0
102
RTVSPost2010PropOp31
 70
     1
102
RTVSPost2010Prop32
280
     0
102
RTVSPost2010PropOp32
 70
     1
102
RTVSPost2010Prop33
280
     0
102
RTVSPost2010PropOp33
 70
     1
102
RTVSPost2010Prop34
280
     0
102
RTVSPost2010PropOp34
 70
     1
102
RTVSPost2010Prop35
280
     0
102
RTVSPost2010PropOp35
 70
     1
102
RTVSPost2010Prop36
280
     0
102
RTVSPost2010PropOp36
 70
     1
102
RTVSPost2010Prop37
 90
       50
102
RTVSPost2010PropOp37
 70
     1
102
RTVSPost2010Prop38
140
0.0
102
RTVSPost2010PropOp38
 70
     1
102
RTVSPost2010Prop39
140
1.0
102
RTVSPost2010PropOp39
 70
     1
102
RTVSPost2010Prop40
 90
        0
102
RTVSPost2010PropOp40
 70
     1
102
RTVSPost2010Prop41ColorIndex
 90
       18
102
RTVSPost2010Prop41ColorRGB
 90
        0
102
RTVSPost2010PropOp41
 70
     1
102
RTVSPost2010Prop42
 90
       50
102
RTVSPost2010PropOp42
 70
     1
102
RTVSPost2010Prop43
 90
        3
102
RTVSPost2010PropOp43
 70
     1
102
RTVSPost2010Prop44ColorIndex
 90
        5
102
RTVSPost2010Prop44ColorRGB
 90
      255
102
RTVSPost2010PropOp44
 70
     1
102
RTVSPost2010Prop45
280
     0
102
RTVSPost2010PropOp45
 70
     1
102
RTVSPost2010Prop46
 90
       50
102
RTVSPost2010PropOp46
 70
     1
102
RTVSPost2010Prop47
 90
       50
102
RTVSPost2010PropOp47
 70
     1
102
RTVSPost2010Prop48
 90
       50
102
RTVSPost2010PropOp48
 70
     1
102
RTVSPost2010Prop49
280
     0
102
RTVSPost2010PropOp49
 70
     1
102
RTVSPost2010Prop50
 90
       50
102
RTVSPost2010PropOp50
 70
     1
102
RTVSPost2010Prop51ColorIndex
 90
      256
102
RTVSPost2010Prop51ColorRGB
 90
-16777216
102
RTVSPost2010PropOp51
 70
     0
102
RTVSPost2010Prop52
140
1.0
102
RTVSPost2010PropOp52
 70
     0
102
RTVSPost2010Prop53
 90
        2
102
RTVSPost2010PropOp53
 70
     1
102
RTVSPost2010Prop54
  1
strokes_ogs.tif
102
RTVSPost2010PropOp54
 70
     1
102
RTVSPost2010Prop55
280
     0
102
RTVSPost2010PropOp55
 70
     1
102
RTVSPost2010Prop56
140
1.0
102
RTVSPost2010PropOp56
 70
     1
102
RTVSPost2010Prop57
140
1.0
102
RTVSPost2010PropOp57
 70
     1
102
RTVSPropertyOp0
 70
     1
102
RTVSPropertyOp1
 70
     1
102
RTVSPropertyOp2
 70
     1
102
RTVSPropertyOp3
 70
     1
102
RTVSPropertyOp4
 70
     1
102
RTVSPropertyOp5
 70
     1
102
RTVSPropertyOp6
 70
     1
102
RTVSPropertyOp7
 70
     1
102
RTVSPropertyOp8
 70
     1
102
RTVSPropertyOp9
 70
     1
102
RTVSPropertyOp10
 70
     1
102
RTVSPropertyOp11
 70
     1
102
RTVSPropertyOp12
 70
     1
102
RTVSPropertyOp13
 70
     1
102
RTVSPropertyOp14
 70
     1
102
RTVSPropertyOp15
 70
     1
102
RTVSPropertyOp16
 70
     1
102
RTVSPropertyOp17
 70
     1
102
RTVSPropertyOp18
 70
     1
102
RTVSPropertyOp19
 70
     1
102
RTVSPropertyOp20
 70
     1
102
RTVSPropertyOp21
 70
     1
102
RTVSPropertyOp22
 70
     1
102
RTVSPropertyOp23
 70
     1
102
RTVSPropertyOp24
 70
     1
102
RTVSPropertyOp25
 70
     1
102
RTVSPropertyOp26
 70
     1
102
RTVSPropertyOp27
 70
     1
102
RTVSPropertyOp28
 70
     1
102
RTVSPropertyOp29
 70
     1
102
RTVSPropertyOp30
 70
     1
102
RTVSPropertyOp31
 70
     1
102
RTVSPropertyOp32
 70
     1
102
RTVSPropertyOp33
 70
     1
102
RTVSPropertyOp34
 70
     1
102
RTVSPropertyOp35
 70
     1
102
RTVSPropertyOp36
 70
     1
102
RTVSPropertyOp37
 70
     1
102
RTVSPropertyOp38
 70
     1
102
RTVSPropertyOp39
 70
     1
102
RTVSPropertyOp40
 70
     1
102
RTVSPropertyOp41
 70
     1
102
RTVSPropertyOp42
 70
     1
102
RTVSPropertyOp43
 70
     1
102
RTVSPropertyOp44
 70
     1
102
RTVSPropertyOp45
 70
     1
102
RTVSPropertyOp46
 70
     1
102
RTVSPropertyOp47
 70
     1
102
RTVSPropertyOp48
 70
     1
102
RTVSPropertyOp49
 70
     1
102
RTVSPropertyOp50
 70
     1
102
RTVSPropertyOp51
 70
     0
102
RTVSPropertyOp52
 70
     0
102
RTVSPropertyOp53
 70
     1
102
RTVSPropertyOp54
 70
     1
102
RTVSPropertyOp55
 70
     1
102
RTVSPropertyOp56
 70
     1
102
RTVSPropertyOp57
 70
     1
102
RTVSPropertyOp58
 70
     1
102
RTVSPropertyOp59
 70
     1
102
RTVSPropertyOp60
 70
     1
102
RTVSPropertyOp61
 70
     1
102
RTVSPropertyOp62
 70
     1
  0
XRECORD
  5
297
102
{ACAD_REACTORS
330
296
102
}
330
296
100
AcDbXrecord
280
     1
102
RTVSPost2010Prop28
280
     0
102
RTVSPost2010PropOp28
 70
     1
102
RTVSPost2010Prop29
280
     1
102
RTVSPost2010PropOp29
 70
     1
102
RTVSPost2010Prop30
280
     1
102
RTVSPost2010PropOp30
 70
     1
102
RTVSPost2010Prop31
280
     0
102
RTVSPost2010PropOp31
 70
     1
102
RTVSPost2010Prop32
280
     0
102
RTVSPost2010PropOp32
 70
     1
102
RTVSPost2010Prop33
280
     0
102
RTVSPost2010PropOp33
 70
     1
102
RTVSPost2010Prop34
280
     0
102
RTVSPost2010PropOp34
 70
     1
102
RTVSPost2010Prop35
280
     0
102
RTVSPost2010PropOp35
 70
     1
102
RTVSPost2010Prop36
280
     0
102
RTVSPost2010PropOp36
 70
     1
102
RTVSPost2010Prop37
 90
       50
102
RTVSPost2010PropOp37
 70
     1
102
RTVSPost2010Prop38
140
0.0
102
RTVSPost2010PropOp38
 70
     1
102
RTVSPost2010Prop39
140
1.0
102
RTVSPost2010PropOp39
 70
     1
102
RTVSPost2010Prop40
 90
        0
102
RTVSPost2010PropOp40
 70
     1
102
RTVSPost2010Prop41ColorIndex
 90
       18
102
RTVSPost2010Prop41ColorRGB
 90
        0
102
RTVSPost2010PropOp41
 70
     1
102
RTVSPost2010Prop42
 90
       50
102
RTVSPost2010PropOp42
 70
     1
102
RTVSPost2010Prop43
 90
        3
102
RTVSPost2010PropOp43
 70
     1
102
RTVSPost2010Prop44ColorIndex
 90
        5
102
RTVSPost2010Prop44ColorRGB
 90
      255
102
RTVSPost2010PropOp44
 70
     1
102
RTVSPost2010Prop45
280
     0
102
RTVSPost2010PropOp45
 70
     1
102
RTVSPost2010Prop46
 90
       50
102
RTVSPost2010PropOp46
 70
     1
102
RTVSPost2010Prop47
 90
       50
102
RTVSPost2010PropOp47
 70
     1
102
RTVSPost2010Prop48
 90
       50
102
RTVSPost2010PropOp48
 70
     1
102
RTVSPost2010Prop49
280
     0
102
RTVSPost2010PropOp49
 70
     1
102
RTVSPost2010Prop50
 90
       50
102
RTVSPost2010PropOp50
 70
     1
102
RTVSPost2010Prop51ColorIndex
 90
      256
102
RTVSPost2010Prop51ColorRGB
 90
-16777216
102
RTVSPost2010PropOp51
 70
     0
102
RTVSPost2010Prop52
140
1.0
102
RTVSPost2010PropOp52
 70
     0
102
RTVSPost2010Prop53
 90
        2
102
RTVSPost2010PropOp53
 70
     1
102
RTVSPost2010Prop54
  1
strokes_ogs.tif
102
RTVSPost2010PropOp54
 70
     1
102
RTVSPost2010Prop55
280
     0
102
RTVSPost2010PropOp55
 70
     1
102
RTVSPost2010Prop56
140
1.0
102
RTVSPost2010PropOp56
 70
     1
102
RTVSPost2010Prop57
140
1.0
102
RTVSPost2010PropOp57
 70
     1
102
RTVSPropertyOp0
 70
     1
102
RTVSPropertyOp1
 70
     1
102
RTVSPropertyOp2
 70
     1
102
RTVSPropertyOp3
 70
     1
102
RTVSPropertyOp4
 70
     1
102
RTVSPropertyOp5
 70
     1
102
RTVSPropertyOp6
 70
     1
102
RTVSPropertyOp7
 70
     1
102
RTVSPropertyOp8
 70
     1
102
RTVSPropertyOp9
 70
     1
102
RTVSPropertyOp10
 70
     1
102
RTVSPropertyOp11
 70
     1
102
RTVSPropertyOp12
 70
     1
102
RTVSPropertyOp13
 70
     1
102
RTVSPropertyOp14
 70
     1
102
RTVSPropertyOp15
 70
     1
102
RTVSPropertyOp16
 70
     1
102
RTVSPropertyOp17
 70
     1
102
RTVSPropertyOp18
 70
     1
102
RTVSPropertyOp19
 70
     1
102
RTVSPropertyOp20
 70
     1
102
RTVSPropertyOp21
 70
     1
102
RTVSPropertyOp22
 70
     1
102
RTVSPropertyOp23
 70
     1
102
RTVSPropertyOp24
 70
     1
102
RTVSPropertyOp25
 70
     1
102
RTVSPropertyOp26
 70
     1
102
RTVSPropertyOp27
 70
     1
102
RTVSPropertyOp28
 70
     1
102
RTVSPropertyOp29
 70
     1
102
RTVSPropertyOp30
 70
     1
102
RTVSPropertyOp31
 70
     1
102
RTVSPropertyOp32
 70
     1
102
RTVSPropertyOp33
 70
     1
102
RTVSPropertyOp34
 70
     1
102
RTVSPropertyOp35
 70
     1
102
RTVSPropertyOp36
 70
     1
102
RTVSPropertyOp37
 70
     1
102
RTVSPropertyOp38
 70
     1
102
RTVSPropertyOp39
 70
     1
102
RTVSPropertyOp40
 70
     1
102
RTVSPropertyOp41
 70
     1
102
RTVSPropertyOp42
 70
     1
102
RTVSPropertyOp43
 70
     1
102
RTVSPropertyOp44
 70
     1
102
RTVSPropertyOp45
 70
     1
102
RTVSPropertyOp46
 70
     1
102
RTVSPropertyOp47
 70
     1
102
RTVSPropertyOp48
 70
     1
102
RTVSPropertyOp49
 70
     1
102
RTVSPropertyOp50
 70
     1
102
RTVSPropertyOp51
 70
     0
102
RTVSPropertyOp52
 70
     0
102
RTVSPropertyOp53
 70
     1
102
RTVSPropertyOp54
 70
     1
102
RTVSPropertyOp55
 70
     1
102
RTVSPropertyOp56
 70
     1
102
RTVSPropertyOp57
 70
     1
102
RTVSPropertyOp58
 70
     1
102
RTVSPropertyOp59
 70
     1
102
RTVSPropertyOp60
 70
     1
102
RTVSPropertyOp61
 70
     1
102
RTVSPropertyOp62
 70
     1
  0
XRECORD
  5
29B
102
{ACAD_REACTORS
330
29A
102
}
330
29A
100
AcDbXrecord
280
     1
102
RTVSPost2010Prop28
280
     0
102
RTVSPost2010PropOp28
 70
     1
102
RTVSPost2010Prop29
280
     1
102
RTVSPost2010PropOp29
 70
     1
102
RTVSPost2010Prop30
280
     1
102
RTVSPost2010PropOp30
 70
     1
102
RTVSPost2010Prop31
280
     0
102
RTVSPost2010PropOp31
 70
     1
102
RTVSPost2010Prop32
280
     0
102
RTVSPost2010PropOp32
 70
     1
102
RTVSPost2010Prop33
280
     0
102
RTVSPost2010PropOp33
 70
     1
102
RTVSPost2010Prop34
280
     0
102
RTVSPost2010PropOp34
 70
     1
102
RTVSPost2010Prop35
280
     0
102
RTVSPost2010PropOp35
 70
     1
102
RTVSPost2010Prop36
280
     0
102
RTVSPost2010PropOp36
 70
     1
102
RTVSPost2010Prop37
 90
       50
102
RTVSPost2010PropOp37
 70
     1
102
RTVSPost2010Prop38
140
0.0
102
RTVSPost2010PropOp38
 70
     1
102
RTVSPost2010Prop39
140
1.0
102
RTVSPost2010PropOp39
 70
     1
102
RTVSPost2010Prop40
 90
        0
102
RTVSPost2010PropOp40
 70
     1
102
RTVSPost2010Prop41ColorIndex
 90
       18
102
RTVSPost2010Prop41ColorRGB
 90
        0
102
RTVSPost2010PropOp41
 70
     1
102
RTVSPost2010Prop42
 90
       50
102
RTVSPost2010PropOp42
 70
     1
102
RTVSPost2010Prop43
 90
        3
102
RTVSPost2010PropOp43
 70
     1
102
RTVSPost2010Prop44ColorIndex
 90
        5
102
RTVSPost2010Prop44ColorRGB
 90
      255
102
RTVSPost2010PropOp44
 70
     1
102
RTVSPost2010Prop45
280
     0
102
RTVSPost2010PropOp45
 70
     1
102
RTVSPost2010Prop46
 90
       50
102
RTVSPost2010PropOp46
 70
     1
102
RTVSPost2010Prop47
 90
       50
102
RTVSPost2010PropOp47
 70
     1
102
RTVSPost2010Prop48
 90
       50
102
RTVSPost2010PropOp48
 70
     1
102
RTVSPost2010Prop49
280
     0
102
RTVSPost2010PropOp49
 70
     1
102
RTVSPost2010Prop50
 90
       50
102
RTVSPost2010PropOp50
 70
     1
102
RTVSPost2010Prop51ColorIndex
 90
      256
102
RTVSPost2010Prop51ColorRGB
 90
-16777216
102
RTVSPost2010PropOp51
 70
     0
102
RTVSPost2010Prop52
140
1.0
102
RTVSPost2010PropOp52
 70
     0
102
RTVSPost2010Prop53
 90
        2
102
RTVSPost2010PropOp53
 70
     1
102
RTVSPost2010Prop54
  1
strokes_ogs.tif
102
RTVSPost2010PropOp54
 70
     1
102
RTVSPost2010Prop55
280
     0
102
RTVSPost2010PropOp55
 70
     1
102
RTVSPost2010Prop56
140
1.0
102
RTVSPost2010PropOp56
 70
     1
102
RTVSPost2010Prop57
140
1.0
102
RTVSPost2010PropOp57
 70
     1
102
RTVSPropertyOp0
 70
     1
102
RTVSPropertyOp1
 70
     1
102
RTVSPropertyOp2
 70
     1
102
RTVSPropertyOp3
 70
     1
102
RTVSPropertyOp4
 70
     1
102
RTVSPropertyOp5
 70
     1
102
RTVSPropertyOp6
 70
     1
102
RTVSPropertyOp7
 70
     1
102
RTVSPropertyOp8
 70
     1
102
RTVSPropertyOp9
 70
     1
102
RTVSPropertyOp10
 70
     1
102
RTVSPropertyOp11
 70
     1
102
RTVSPropertyOp12
 70
     1
102
RTVSPropertyOp13
 70
     1
102
RTVSPropertyOp14
 70
     1
102
RTVSPropertyOp15
 70
     1
102
RTVSPropertyOp16
 70
     1
102
RTVSPropertyOp17
 70
     1
102
RTVSPropertyOp18
 70
     1
102
RTVSPropertyOp19
 70
     1
102
RTVSPropertyOp20
 70
     1
102
RTVSPropertyOp21
 70
     1
102
RTVSPropertyOp22
 70
     1
102
RTVSPropertyOp23
 70
     1
102
RTVSPropertyOp24
 70
     1
102
RTVSPropertyOp25
 70
     1
102
RTVSPropertyOp26
 70
     1
102
RTVSPropertyOp27
 70
     1
102
RTVSPropertyOp28
 70
     1
102
RTVSPropertyOp29
 70
     1
102
RTVSPropertyOp30
 70
     1
102
RTVSPropertyOp31
 70
     1
102
RTVSPropertyOp32
 70
     1
102
RTVSPropertyOp33
 70
     1
102
RTVSPropertyOp34
 70
     1
102
RTVSPropertyOp35
 70
     1
102
RTVSPropertyOp36
 70
     1
102
RTVSPropertyOp37
 70
     1
102
RTVSPropertyOp38
 70
     1
102
RTVSPropertyOp39
 70
     1
102
RTVSPropertyOp40
 70
     1
102
RTVSPropertyOp41
 70
     1
102
RTVSPropertyOp42
 70
     1
102
RTVSPropertyOp43
 70
     1
102
RTVSPropertyOp44
 70
     1
102
RTVSPropertyOp45
 70
     1
102
RTVSPropertyOp46
 70
     1
102
RTVSPropertyOp47
 70
     1
102
RTVSPropertyOp48
 70
     1
102
RTVSPropertyOp49
 70
     1
102
RTVSPropertyOp50
 70
     1
102
RTVSPropertyOp51
 70
     0
102
RTVSPropertyOp52
 70
     0
102
RTVSPropertyOp53
 70
     1
102
RTVSPropertyOp54
 70
     1
102
RTVSPropertyOp55
 70
     1
102
RTVSPropertyOp56
 70
     1
102
RTVSPropertyOp57
 70
     1
102
RTVSPropertyOp58
 70
     1
102
RTVSPropertyOp59
 70
     1
102
RTVSPropertyOp60
 70
     1
102
RTVSPropertyOp61
 70
     1
102
RTVSPropertyOp62
 70
     1
  0
XRECORD
  5
2AB
102
{ACAD_REACTORS
330
2AA
102
}
330
2AA
100
AcDbXrecord
280
     1
102
RTVSPost2010Prop28
280
     0
102
RTVSPost2010PropOp28
 70
     1
102
RTVSPost2010Prop29
280
     1
102
RTVSPost2010PropOp29
 70
     1
102
RTVSPost2010Prop30
280
     1
102
RTVSPost2010PropOp30
 70
     1
102
RTVSPost2010Prop31
280
     0
102
RTVSPost2010PropOp31
 70
     1
102
RTVSPost2010Prop32
280
     0
102
RTVSPost2010PropOp32
 70
     1
102
RTVSPost2010Prop33
280
     0
102
RTVSPost2010PropOp33
 70
     1
102
RTVSPost2010Prop34
280
     0
102
RTVSPost2010PropOp34
 70
     1
102
RTVSPost2010Prop35
280
     0
102
RTVSPost2010PropOp35
 70
     1
102
RTVSPost2010Prop36
280
     0
102
RTVSPost2010PropOp36
 70
     1
102
RTVSPost2010Prop37
 90
       50
102
RTVSPost2010PropOp37
 70
     1
102
RTVSPost2010Prop38
140
0.0
102
RTVSPost2010PropOp38
 70
     1
102
RTVSPost2010Prop39
140
1.0
102
RTVSPost2010PropOp39
 70
     1
102
RTVSPost2010Prop40
 90
        0
102
RTVSPost2010PropOp40
 70
     1
102
RTVSPost2010Prop41ColorIndex
 90
       18
102
RTVSPost2010Prop41ColorRGB
 90
        0
102
RTVSPost2010PropOp41
 70
     1
102
RTVSPost2010Prop42
 90
       50
102
RTVSPost2010PropOp42
 70
     1
102
RTVSPost2010Prop43
 90
        3
102
RTVSPost2010PropOp43
 70
     1
102
RTVSPost2010Prop44ColorIndex
 90
        5
102
RTVSPost2010Prop44ColorRGB
 90
      255
102
RTVSPost2010PropOp44
 70
     1
102
RTVSPost2010Prop45
280
     0
102
RTVSPost2010PropOp45
 70
     1
102
RTVSPost2010Prop46
 90
       50
102
RTVSPost2010PropOp46
 70
     1
102
RTVSPost2010Prop47
 90
       50
102
RTVSPost2010PropOp47
 70
     1
102
RTVSPost2010Prop48
 90
       50
102
RTVSPost2010PropOp48
 70
     1
102
RTVSPost2010Prop49
280
     0
102
RTVSPost2010PropOp49
 70
     1
102
RTVSPost2010Prop50
 90
       50
102
RTVSPost2010PropOp50
 70
     1
102
RTVSPost2010Prop51ColorIndex
 90
      256
102
RTVSPost2010Prop51ColorRGB
 90
-16777216
102
RTVSPost2010PropOp51
 70
     0
102
RTVSPost2010Prop52
140
1.0
102
RTVSPost2010PropOp52
 70
     0
102
RTVSPost2010Prop53
 90
        2
102
RTVSPost2010PropOp53
 70
     1
102
RTVSPost2010Prop54
  1
strokes_ogs.tif
102
RTVSPost2010PropOp54
 70
     1
102
RTVSPost2010Prop55
280
     0
102
RTVSPost2010PropOp55
 70
     1
102
RTVSPost2010Prop56
140
1.0
102
RTVSPost2010PropOp56
 70
     1
102
RTVSPost2010Prop57
140
1.0
102
RTVSPost2010PropOp57
 70
     1
102
RTVSPropertyOp0
 70
     0
102
RTVSPropertyOp1
 70
     0
102
RTVSPropertyOp2
 70
     0
102
RTVSPropertyOp3
 70
     0
102
RTVSPropertyOp4
 70
     0
102
RTVSPropertyOp5
 70
     0
102
RTVSPropertyOp6
 70
     0
102
RTVSPropertyOp7
 70
     0
102
RTVSPropertyOp8
 70
     0
102
RTVSPropertyOp9
 70
     0
102
RTVSPropertyOp10
 70
     0
102
RTVSPropertyOp11
 70
     0
102
RTVSPropertyOp12
 70
     0
102
RTVSPropertyOp13
 70
     0
102
RTVSPropertyOp14
 70
     2
102
RTVSPropertyOp15
 70
     0
102
RTVSPropertyOp16
 70
     0
102
RTVSPropertyOp17
 70
     0
102
RTVSPropertyOp18
 70
     0
102
RTVSPropertyOp19
 70
     0
102
RTVSPropertyOp20
 70
     0
102
RTVSPropertyOp21
 70
     0
102
RTVSPropertyOp22
 70
     0
102
RTVSPropertyOp23
 70
     0
102
RTVSPropertyOp24
 70
     0
102
RTVSPropertyOp25
 70
     0
102
RTVSPropertyOp26
 70
     0
102
RTVSPropertyOp27
 70
     0
102
RTVSPropertyOp28
 70
     1
102
RTVSPropertyOp29
 70
     1
102
RTVSPropertyOp30
 70
     1
102
RTVSPropertyOp31
 70
     1
102
RTVSPropertyOp32
 70
     1
102
RTVSPropertyOp33
 70
     1
102
RTVSPropertyOp34
 70
     1
102
RTVSPropertyOp35
 70
     1
102
RTVSPropertyOp36
 70
     1
102
RTVSPropertyOp37
 70
     1
102
RTVSPropertyOp38
 70
     1
102
RTVSPropertyOp39
 70
     1
102
RTVSPropertyOp40
 70
     1
102
RTVSPropertyOp41
 70
     1
102
RTVSPropertyOp42
 70
     1
102
RTVSPropertyOp43
 70
     1
102
RTVSPropertyOp44
 70
     1
102
RTVSPropertyOp45
 70
     1
102
RTVSPropertyOp46
 70
     1
102
RTVSPropertyOp47
 70
     1
102
RTVSPropertyOp48
 70
     1
102
RTVSPropertyOp49
 70
     1
102
RTVSPropertyOp50
 70
     1
102
RTVSPropertyOp51
 70
     0
102
RTVSPropertyOp52
 70
     0
102
RTVSPropertyOp53
 70
     1
102
RTVSPropertyOp54
 70
     1
102
RTVSPropertyOp55
 70
     1
102
RTVSPropertyOp56
 70
     1
102
RTVSPropertyOp57
 70
     1
102
RTVSPropertyOp58
 70
     1
102
RTVSPropertyOp59
 70
     1
102
RTVSPropertyOp60
 70
     1
102
RTVSPropertyOp61
 70
     1
102
RTVSPropertyOp62
 70
     1
  0
XRECORD
  5
2A3
102
{ACAD_REACTORS
330
2A2
102
}
330
2A2
100
AcDbXrecord
280
     1
102
RTVSPost2010Prop28
280
     0
102
RTVSPost2010PropOp28
 70
     1
102
RTVSPost2010Prop29
280
     1
102
RTVSPost2010PropOp29
 70
     1
102
RTVSPost2010Prop30
280
     1
102
RTVSPost2010PropOp30
 70
     1
102
RTVSPost2010Prop31
280
     0
102
RTVSPost2010PropOp31
 70
     1
102
RTVSPost2010Prop32
280
     0
102
RTVSPost2010PropOp32
 70
     1
102
RTVSPost2010Prop33
280
     0
102
RTVSPost2010PropOp33
 70
     1
102
RTVSPost2010Prop34
280
     0
102
RTVSPost2010PropOp34
 70
     1
102
RTVSPost2010Prop35
280
     0
102
RTVSPost2010PropOp35
 70
     1
102
RTVSPost2010Prop36
280
     0
102
RTVSPost2010PropOp36
 70
     1
102
RTVSPost2010Prop37
 90
       50
102
RTVSPost2010PropOp37
 70
     1
102
RTVSPost2010Prop38
140
0.0
102
RTVSPost2010PropOp38
 70
     1
102
RTVSPost2010Prop39
140
1.0
102
RTVSPost2010PropOp39
 70
     1
102
RTVSPost2010Prop40
 90
        0
102
RTVSPost2010PropOp40
 70
     1
102
RTVSPost2010Prop41ColorIndex
 90
       18
102
RTVSPost2010Prop41ColorRGB
 90
        0
102
RTVSPost2010PropOp41
 70
     1
102
RTVSPost2010Prop42
 90
       50
102
RTVSPost2010PropOp42
 70
     1
102
RTVSPost2010Prop43
 90
        3
102
RTVSPost2010PropOp43
 70
     1
102
RTVSPost2010Prop44ColorIndex
 90
        5
102
RTVSPost2010Prop44ColorRGB
 90
      255
102
RTVSPost2010PropOp44
 70
     1
102
RTVSPost2010Prop45
280
     0
102
RTVSPost2010PropOp45
 70
     1
102
RTVSPost2010Prop46
 90
       50
102
RTVSPost2010PropOp46
 70
     1
102
RTVSPost2010Prop47
 90
       50
102
RTVSPost2010PropOp47
 70
     1
102
RTVSPost2010Prop48
 90
       50
102
RTVSPost2010PropOp48
 70
     1
102
RTVSPost2010Prop49
280
     0
102
RTVSPost2010PropOp49
 70
     1
102
RTVSPost2010Prop50
 90
       50
102
RTVSPost2010PropOp50
 70
     1
102
RTVSPost2010Prop51ColorIndex
 90
      256
102
RTVSPost2010Prop51ColorRGB
 90
-16777216
102
RTVSPost2010PropOp51
 70
     0
102
RTVSPost2010Prop52
140
1.0
102
RTVSPost2010PropOp52
 70
     0
102
RTVSPost2010Prop53
 90
        2
102
RTVSPost2010PropOp53
 70
     1
102
RTVSPost2010Prop54
  1
strokes_ogs.tif
102
RTVSPost2010PropOp54
 70
     1
102
RTVSPost2010Prop55
280
     0
102
RTVSPost2010PropOp55
 70
     1
102
RTVSPost2010Prop56
140
1.0
102
RTVSPost2010PropOp56
 70
     1
102
RTVSPost2010Prop57
140
1.0
102
RTVSPost2010PropOp57
 70
     1
102
RTVSPropertyOp0
 70
     1
102
RTVSPropertyOp1
 70
     1
102
RTVSPropertyOp2
 70
     1
102
RTVSPropertyOp3
 70
     1
102
RTVSPropertyOp4
 70
     1
102
RTVSPropertyOp5
 70
     1
102
RTVSPropertyOp6
 70
     1
102
RTVSPropertyOp7
 70
     1
102
RTVSPropertyOp8
 70
     1
102
RTVSPropertyOp9
 70
     1
102
RTVSPropertyOp10
 70
     1
102
RTVSPropertyOp11
 70
     1
102
RTVSPropertyOp12
 70
     1
102
RTVSPropertyOp13
 70
     1
102
RTVSPropertyOp14
 70
     1
102
RTVSPropertyOp15
 70
     1
102
RTVSPropertyOp16
 70
     1
102
RTVSPropertyOp17
 70
     1
102
RTVSPropertyOp18
 70
     1
102
RTVSPropertyOp19
 70
     1
102
RTVSPropertyOp20
 70
     1
102
RTVSPropertyOp21
 70
     1
102
RTVSPropertyOp22
 70
     1
102
RTVSPropertyOp23
 70
     1
102
RTVSPropertyOp24
 70
     1
102
RTVSPropertyOp25
 70
     1
102
RTVSPropertyOp26
 70
     1
102
RTVSPropertyOp27
 70
     1
102
RTVSPropertyOp28
 70
     1
102
RTVSPropertyOp29
 70
     1
102
RTVSPropertyOp30
 70
     1
102
RTVSPropertyOp31
 70
     1
102
RTVSPropertyOp32
 70
     1
102
RTVSPropertyOp33
 70
     1
102
RTVSPropertyOp34
 70
     1
102
RTVSPropertyOp35
 70
     1
102
RTVSPropertyOp36
 70
     1
102
RTVSPropertyOp37
 70
     1
102
RTVSPropertyOp38
 70
     1
102
RTVSPropertyOp39
 70
     1
102
RTVSPropertyOp40
 70
     1
102
RTVSPropertyOp41
 70
     1
102
RTVSPropertyOp42
 70
     1
102
RTVSPropertyOp43
 70
     1
102
RTVSPropertyOp44
 70
     1
102
RTVSPropertyOp45
 70
     1
102
RTVSPropertyOp46
 70
     1
102
RTVSPropertyOp47
 70
     1
102
RTVSPropertyOp48
 70
     1
102
RTVSPropertyOp49
 70
     1
102
RTVSPropertyOp50
 70
     1
102
RTVSPropertyOp51
 70
     0
102
RTVSPropertyOp52
 70
     0
102
RTVSPropertyOp53
 70
     1
102
RTVSPropertyOp54
 70
     1
102
RTVSPropertyOp55
 70
     1
102
RTVSPropertyOp56
 70
     1
102
RTVSPropertyOp57
 70
     1
102
RTVSPropertyOp58
 70
     1
102
RTVSPropertyOp59
 70
     1
102
RTVSPropertyOp60
 70
     1
102
RTVSPropertyOp61
 70
     1
102
RTVSPropertyOp62
 70
     1
  0
XRECORD
  5
287
102
{ACAD_REACTORS
330
286
102
}
330
286
100
AcDbXrecord
280
     1
102
RTVSPost2010Prop28
280
     0
102
RTVSPost2010PropOp28
 70
     1
102
RTVSPost2010Prop29
280
     1
102
RTVSPost2010PropOp29
 70
     1
102
RTVSPost2010Prop30
280
     1
102
RTVSPost2010PropOp30
 70
     1
102
RTVSPost2010Prop31
280
     0
102
RTVSPost2010PropOp31
 70
     1
102
RTVSPost2010Prop32
280
     0
102
RTVSPost2010PropOp32
 70
     1
102
RTVSPost2010Prop33
280
     0
102
RTVSPost2010PropOp33
 70
     1
102
RTVSPost2010Prop34
280
     0
102
RTVSPost2010PropOp34
 70
     1
102
RTVSPost2010Prop35
280
     0
102
RTVSPost2010PropOp35
 70
     1
102
RTVSPost2010Prop36
280
     0
102
RTVSPost2010PropOp36
 70
     1
102
RTVSPost2010Prop37
 90
       50
102
RTVSPost2010PropOp37
 70
     1
102
RTVSPost2010Prop38
140
0.0
102
RTVSPost2010PropOp38
 70
     1
102
RTVSPost2010Prop39
140
1.0
102
RTVSPost2010PropOp39
 70
     1
102
RTVSPost2010Prop40
 90
        0
102
RTVSPost2010PropOp40
 70
     1
102
RTVSPost2010Prop41ColorIndex
 90
       18
102
RTVSPost2010Prop41ColorRGB
 90
        0
102
RTVSPost2010PropOp41
 70
     1
102
RTVSPost2010Prop42
 90
       50
102
RTVSPost2010PropOp42
 70
     1
102
RTVSPost2010Prop43
 90
        3
102
RTVSPost2010PropOp43
 70
     1
102
RTVSPost2010Prop44ColorIndex
 90
        5
102
RTVSPost2010Prop44ColorRGB
 90
      255
102
RTVSPost2010PropOp44
 70
     1
102
RTVSPost2010Prop45
280
     0
102
RTVSPost2010PropOp45
 70
     1
102
RTVSPost2010Prop46
 90
       50
102
RTVSPost2010PropOp46
 70
     1
102
RTVSPost2010Prop47
 90
       50
102
RTVSPost2010PropOp47
 70
     1
102
RTVSPost2010Prop48
 90
       50
102
RTVSPost2010PropOp48
 70
     1
102
RTVSPost2010Prop49
280
     0
102
RTVSPost2010PropOp49
 70
     1
102
RTVSPost2010Prop50
 90
       50
102
RTVSPost2010PropOp50
 70
     1
102
RTVSPost2010Prop51ColorIndex
 90
      256
102
RTVSPost2010Prop51ColorRGB
 90
-16777216
102
RTVSPost2010PropOp51
 70
     0
102
RTVSPost2010Prop52
140
1.0
102
RTVSPost2010PropOp52
 70
     0
102
RTVSPost2010Prop53
 90
        2
102
RTVSPost2010PropOp53
 70
     1
102
RTVSPost2010Prop54
  1
strokes_ogs.tif
102
RTVSPost2010PropOp54
 70
     1
102
RTVSPost2010Prop55
280
     0
102
RTVSPost2010PropOp55
 70
     1
102
RTVSPost2010Prop56
140
1.0
102
RTVSPost2010PropOp56
 70
     1
102
RTVSPost2010Prop57
140
1.0
102
RTVSPost2010PropOp57
 70
     1
102
RTVSPropertyOp0
 70
     1
102
RTVSPropertyOp1
 70
     1
102
RTVSPropertyOp2
 70
     1
102
RTVSPropertyOp3
 70
     1
102
RTVSPropertyOp4
 70
     1
102
RTVSPropertyOp5
 70
     1
102
RTVSPropertyOp6
 70
     1
102
RTVSPropertyOp7
 70
     1
102
RTVSPropertyOp8
 70
     1
102
RTVSPropertyOp9
 70
     1
102
RTVSPropertyOp10
 70
     1
102
RTVSPropertyOp11
 70
     1
102
RTVSPropertyOp12
 70
     1
102
RTVSPropertyOp13
 70
     1
102
RTVSPropertyOp14
 70
     1
102
RTVSPropertyOp15
 70
     1
102
RTVSPropertyOp16
 70
     1
102
RTVSPropertyOp17
 70
     1
102
RTVSPropertyOp18
 70
     1
102
RTVSPropertyOp19
 70
     1
102
RTVSPropertyOp20
 70
     1
102
RTVSPropertyOp21
 70
     1
102
RTVSPropertyOp22
 70
     1
102
RTVSPropertyOp23
 70
     1
102
RTVSPropertyOp24
 70
     1
102
RTVSPropertyOp25
 70
     1
102
RTVSPropertyOp26
 70
     1
102
RTVSPropertyOp27
 70
     1
102
RTVSPropertyOp28
 70
     1
102
RTVSPropertyOp29
 70
     1
102
RTVSPropertyOp30
 70
     1
102
RTVSPropertyOp31
 70
     1
102
RTVSPropertyOp32
 70
     1
102
RTVSPropertyOp33
 70
     1
102
RTVSPropertyOp34
 70
     1
102
RTVSPropertyOp35
 70
     1
102
RTVSPropertyOp36
 70
     1
102
RTVSPropertyOp37
 70
     1
102
RTVSPropertyOp38
 70
     1
102
RTVSPropertyOp39
 70
     1
102
RTVSPropertyOp40
 70
     1
102
RTVSPropertyOp41
 70
     1
102
RTVSPropertyOp42
 70
     1
102
RTVSPropertyOp43
 70
     1
102
RTVSPropertyOp44
 70
     1
102
RTVSPropertyOp45
 70
     1
102
RTVSPropertyOp46
 70
     1
102
RTVSPropertyOp47
 70
     1
102
RTVSPropertyOp48
 70
     1
102
RTVSPropertyOp49
 70
     1
102
RTVSPropertyOp50
 70
     1
102
RTVSPropertyOp51
 70
     0
102
RTVSPropertyOp52
 70
     0
102
RTVSPropertyOp53
 70
     1
102
RTVSPropertyOp54
 70
     1
102
RTVSPropertyOp55
 70
     1
102
RTVSPropertyOp56
 70
     1
102
RTVSPropertyOp57
 70
     1
102
RTVSPropertyOp58
 70
     1
102
RTVSPropertyOp59
 70
     1
102
RTVSPropertyOp60
 70
     1
102
RTVSPropertyOp61
 70
     1
102
RTVSPropertyOp62
 70
     1
  0
XRECORD
  5
289
102
{ACAD_REACTORS
330
288
102
}
330
288
100
AcDbXrecord
280
     1
102
RTVSPost2010Prop28
280
     0
102
RTVSPost2010PropOp28
 70
     1
102
RTVSPost2010Prop29
280
     1
102
RTVSPost2010PropOp29
 70
     1
102
RTVSPost2010Prop30
280
     1
102
RTVSPost2010PropOp30
 70
     1
102
RTVSPost2010Prop31
280
     0
102
RTVSPost2010PropOp31
 70
     1
102
RTVSPost2010Prop32
280
     0
102
RTVSPost2010PropOp32
 70
     1
102
RTVSPost2010Prop33
280
     0
102
RTVSPost2010PropOp33
 70
     1
102
RTVSPost2010Prop34
280
     0
102
RTVSPost2010PropOp34
 70
     1
102
RTVSPost2010Prop35
280
     0
102
RTVSPost2010PropOp35
 70
     1
102
RTVSPost2010Prop36
280
     0
102
RTVSPost2010PropOp36
 70
     1
102
RTVSPost2010Prop37
 90
       50
102
RTVSPost2010PropOp37
 70
     1
102
RTVSPost2010Prop38
140
0.0
102
RTVSPost2010PropOp38
 70
     1
102
RTVSPost2010Prop39
140
1.0
102
RTVSPost2010PropOp39
 70
     1
102
RTVSPost2010Prop40
 90
        0
102
RTVSPost2010PropOp40
 70
     1
102
RTVSPost2010Prop41ColorIndex
 90
       18
102
RTVSPost2010Prop41ColorRGB
 90
        0
102
RTVSPost2010PropOp41
 70
     1
102
RTVSPost2010Prop42
 90
       50
102
RTVSPost2010PropOp42
 70
     1
102
RTVSPost2010Prop43
 90
        3
102
RTVSPost2010PropOp43
 70
     1
102
RTVSPost2010Prop44ColorIndex
 90
        5
102
RTVSPost2010Prop44ColorRGB
 90
      255
102
RTVSPost2010PropOp44
 70
     1
102
RTVSPost2010Prop45
280
     0
102
RTVSPost2010PropOp45
 70
     1
102
RTVSPost2010Prop46
 90
       50
102
RTVSPost2010PropOp46
 70
     1
102
RTVSPost2010Prop47
 90
       50
102
RTVSPost2010PropOp47
 70
     1
102
RTVSPost2010Prop48
 90
       50
102
RTVSPost2010PropOp48
 70
     1
102
RTVSPost2010Prop49
280
     0
102
RTVSPost2010PropOp49
 70
     1
102
RTVSPost2010Prop50
 90
       50
102
RTVSPost2010PropOp50
 70
     1
102
RTVSPost2010Prop51ColorIndex
 90
      256
102
RTVSPost2010Prop51ColorRGB
 90
-16777216
102
RTVSPost2010PropOp51
 70
     0
102
RTVSPost2010Prop52
140
1.0
102
RTVSPost2010PropOp52
 70
     0
102
RTVSPost2010Prop53
 90
        2
102
RTVSPost2010PropOp53
 70
     1
102
RTVSPost2010Prop54
  1
strokes_ogs.tif
102
RTVSPost2010PropOp54
 70
     1
102
RTVSPost2010Prop55
280
     0
102
RTVSPost2010PropOp55
 70
     1
102
RTVSPost2010Prop56
140
1.0
102
RTVSPost2010PropOp56
 70
     1
102
RTVSPost2010Prop57
140
1.0
102
RTVSPost2010PropOp57
 70
     1
102
RTVSPropertyOp0
 70
     1
102
RTVSPropertyOp1
 70
     1
102
RTVSPropertyOp2
 70
     1
102
RTVSPropertyOp3
 70
     1
102
RTVSPropertyOp4
 70
     1
102
RTVSPropertyOp5
 70
     1
102
RTVSPropertyOp6
 70
     1
102
RTVSPropertyOp7
 70
     1
102
RTVSPropertyOp8
 70
     1
102
RTVSPropertyOp9
 70
     1
102
RTVSPropertyOp10
 70
     1
102
RTVSPropertyOp11
 70
     1
102
RTVSPropertyOp12
 70
     1
102
RTVSPropertyOp13
 70
     1
102
RTVSPropertyOp14
 70
     1
102
RTVSPropertyOp15
 70
     1
102
RTVSPropertyOp16
 70
     1
102
RTVSPropertyOp17
 70
     1
102
RTVSPropertyOp18
 70
     1
102
RTVSPropertyOp19
 70
     1
102
RTVSPropertyOp20
 70
     1
102
RTVSPropertyOp21
 70
     1
102
RTVSPropertyOp22
 70
     1
102
RTVSPropertyOp23
 70
     1
102
RTVSPropertyOp24
 70
     1
102
RTVSPropertyOp25
 70
     1
102
RTVSPropertyOp26
 70
     1
102
RTVSPropertyOp27
 70
     1
102
RTVSPropertyOp28
 70
     1
102
RTVSPropertyOp29
 70
     1
102
RTVSPropertyOp30
 70
     1
102
RTVSPropertyOp31
 70
     1
102
RTVSPropertyOp32
 70
     1
102
RTVSPropertyOp33
 70
     1
102
RTVSPropertyOp34
 70
     1
102
RTVSPropertyOp35
 70
     1
102
RTVSPropertyOp36
 70
     1
102
RTVSPropertyOp37
 70
     1
102
RTVSPropertyOp38
 70
     1
102
RTVSPropertyOp39
 70
     1
102
RTVSPropertyOp40
 70
     1
102
RTVSPropertyOp41
 70
     1
102
RTVSPropertyOp42
 70
     1
102
RTVSPropertyOp43
 70
     1
102
RTVSPropertyOp44
 70
     1
102
RTVSPropertyOp45
 70
     1
102
RTVSPropertyOp46
 70
     1
102
RTVSPropertyOp47
 70
     1
102
RTVSPropertyOp48
 70
     1
102
RTVSPropertyOp49
 70
     1
102
RTVSPropertyOp50
 70
     1
102
RTVSPropertyOp51
 70
     0
102
RTVSPropertyOp52
 70
     0
102
RTVSPropertyOp53
 70
     1
102
RTVSPropertyOp54
 70
     1
102
RTVSPropertyOp55
 70
     1
102
RTVSPropertyOp56
 70
     1
102
RTVSPropertyOp57
 70
     1
102
RTVSPropertyOp58
 70
     1
102
RTVSPropertyOp59
 70
     1
102
RTVSPropertyOp60
 70
     1
102
RTVSPropertyOp61
 70
     1
102
RTVSPropertyOp62
 70
     1
  0
XRECORD
  5
28B
102
{ACAD_REACTORS
330
28A
102
}
330
28A
100
AcDbXrecord
280
     1
102
RTVSPost2010Prop28
280
     0
102
RTVSPost2010PropOp28
 70
     1
102
RTVSPost2010Prop29
280
     1
102
RTVSPost2010PropOp29
 70
     1
102
RTVSPost2010Prop30
280
     1
102
RTVSPost2010PropOp30
 70
     1
102
RTVSPost2010Prop31
280
     0
102
RTVSPost2010PropOp31
 70
     1
102
RTVSPost2010Prop32
280
     0
102
RTVSPost2010PropOp32
 70
     1
102
RTVSPost2010Prop33
280
     0
102
RTVSPost2010PropOp33
 70
     1
102
RTVSPost2010Prop34
280
     0
102
RTVSPost2010PropOp34
 70
     1
102
RTVSPost2010Prop35
280
     0
102
RTVSPost2010PropOp35
 70
     1
102
RTVSPost2010Prop36
280
     0
102
RTVSPost2010PropOp36
 70
     1
102
RTVSPost2010Prop37
 90
       50
102
RTVSPost2010PropOp37
 70
     1
102
RTVSPost2010Prop38
140
0.0
102
RTVSPost2010PropOp38
 70
     1
102
RTVSPost2010Prop39
140
1.0
102
RTVSPost2010PropOp39
 70
     1
102
RTVSPost2010Prop40
 90
        0
102
RTVSPost2010PropOp40
 70
     1
102
RTVSPost2010Prop41ColorIndex
 90
       18
102
RTVSPost2010Prop41ColorRGB
 90
        0
102
RTVSPost2010PropOp41
 70
     1
102
RTVSPost2010Prop42
 90
       50
102
RTVSPost2010PropOp42
 70
     1
102
RTVSPost2010Prop43
 90
        3
102
RTVSPost2010PropOp43
 70
     1
102
RTVSPost2010Prop44ColorIndex
 90
        5
102
RTVSPost2010Prop44ColorRGB
 90
      255
102
RTVSPost2010PropOp44
 70
     1
102
RTVSPost2010Prop45
280
     0
102
RTVSPost2010PropOp45
 70
     1
102
RTVSPost2010Prop46
 90
       50
102
RTVSPost2010PropOp46
 70
     1
102
RTVSPost2010Prop47
 90
       50
102
RTVSPost2010PropOp47
 70
     1
102
RTVSPost2010Prop48
 90
       50
102
RTVSPost2010PropOp48
 70
     1
102
RTVSPost2010Prop49
280
     0
102
RTVSPost2010PropOp49
 70
     1
102
RTVSPost2010Prop50
 90
       50
102
RTVSPost2010PropOp50
 70
     1
102
RTVSPost2010Prop51ColorIndex
 90
      256
102
RTVSPost2010Prop51ColorRGB
 90
-16777216
102
RTVSPost2010PropOp51
 70
     0
102
RTVSPost2010Prop52
140
1.0
102
RTVSPost2010PropOp52
 70
     0
102
RTVSPost2010Prop53
 90
        2
102
RTVSPost2010PropOp53
 70
     1
102
RTVSPost2010Prop54
  1
strokes_ogs.tif
102
RTVSPost2010PropOp54
 70
     1
102
RTVSPost2010Prop55
280
     0
102
RTVSPost2010PropOp55
 70
     1
102
RTVSPost2010Prop56
140
1.0
102
RTVSPost2010PropOp56
 70
     1
102
RTVSPost2010Prop57
140
1.0
102
RTVSPost2010PropOp57
 70
     1
102
RTVSPropertyOp0
 70
     1
102
RTVSPropertyOp1
 70
     1
102
RTVSPropertyOp2
 70
     1
102
RTVSPropertyOp3
 70
     1
102
RTVSPropertyOp4
 70
     1
102
RTVSPropertyOp5
 70
     1
102
RTVSPropertyOp6
 70
     1
102
RTVSPropertyOp7
 70
     1
102
RTVSPropertyOp8
 70
     1
102
RTVSPropertyOp9
 70
     1
102
RTVSPropertyOp10
 70
     1
102
RTVSPropertyOp11
 70
     1
102
RTVSPropertyOp12
 70
     1
102
RTVSPropertyOp13
 70
     1
102
RTVSPropertyOp14
 70
     1
102
RTVSPropertyOp15
 70
     1
102
RTVSPropertyOp16
 70
     1
102
RTVSPropertyOp17
 70
     1
102
RTVSPropertyOp18
 70
     1
102
RTVSPropertyOp19
 70
     1
102
RTVSPropertyOp20
 70
     1
102
RTVSPropertyOp21
 70
     1
102
RTVSPropertyOp22
 70
     1
102
RTVSPropertyOp23
 70
     1
102
RTVSPropertyOp24
 70
     1
102
RTVSPropertyOp25
 70
     1
102
RTVSPropertyOp26
 70
     1
102
RTVSPropertyOp27
 70
     1
102
RTVSPropertyOp28
 70
     1
102
RTVSPropertyOp29
 70
     1
102
RTVSPropertyOp30
 70
     1
102
RTVSPropertyOp31
 70
     1
102
RTVSPropertyOp32
 70
     1
102
RTVSPropertyOp33
 70
     1
102
RTVSPropertyOp34
 70
     1
102
RTVSPropertyOp35
 70
     1
102
RTVSPropertyOp36
 70
     1
102
RTVSPropertyOp37
 70
     1
102
RTVSPropertyOp38
 70
     1
102
RTVSPropertyOp39
 70
     1
102
RTVSPropertyOp40
 70
     1
102
RTVSPropertyOp41
 70
     1
102
RTVSPropertyOp42
 70
     1
102
RTVSPropertyOp43
 70
     1
102
RTVSPropertyOp44
 70
     1
102
RTVSPropertyOp45
 70
     1
102
RTVSPropertyOp46
 70
     1
102
RTVSPropertyOp47
 70
     1
102
RTVSPropertyOp48
 70
     1
102
RTVSPropertyOp49
 70
     1
102
RTVSPropertyOp50
 70
     1
102
RTVSPropertyOp51
 70
     0
102
RTVSPropertyOp52
 70
     0
102
RTVSPropertyOp53
 70
     1
102
RTVSPropertyOp54
 70
     1
102
RTVSPropertyOp55
 70
     1
102
RTVSPropertyOp56
 70
     1
102
RTVSPropertyOp57
 70
     1
102
RTVSPropertyOp58
 70
     1
102
RTVSPropertyOp59
 70
     1
102
RTVSPropertyOp60
 70
     1
102
RTVSPropertyOp61
 70
     1
102
RTVSPropertyOp62
 70
     1
  0
XRECORD
  5
28D
102
{ACAD_REACTORS
330
28C
102
}
330
28C
100
AcDbXrecord
280
     1
102
RTVSPost2010Prop28
280
     0
102
RTVSPost2010PropOp28
 70
     1
102
RTVSPost2010Prop29
280
     1
102
RTVSPost2010PropOp29
 70
     1
102
RTVSPost2010Prop30
280
     1
102
RTVSPost2010PropOp30
 70
     1
102
RTVSPost2010Prop31
280
     0
102
RTVSPost2010PropOp31
 70
     1
102
RTVSPost2010Prop32
280
     0
102
RTVSPost2010PropOp32
 70
     1
102
RTVSPost2010Prop33
280
     0
102
RTVSPost2010PropOp33
 70
     1
102
RTVSPost2010Prop34
280
     0
102
RTVSPost2010PropOp34
 70
     1
102
RTVSPost2010Prop35
280
     0
102
RTVSPost2010PropOp35
 70
     1
102
RTVSPost2010Prop36
280
     0
102
RTVSPost2010PropOp36
 70
     1
102
RTVSPost2010Prop37
 90
       50
102
RTVSPost2010PropOp37
 70
     1
102
RTVSPost2010Prop38
140
0.0
102
RTVSPost2010PropOp38
 70
     1
102
RTVSPost2010Prop39
140
1.0
102
RTVSPost2010PropOp39
 70
     1
102
RTVSPost2010Prop40
 90
        0
102
RTVSPost2010PropOp40
 70
     1
102
RTVSPost2010Prop41ColorIndex
 90
       18
102
RTVSPost2010Prop41ColorRGB
 90
        0
102
RTVSPost2010PropOp41
 70
     1
102
RTVSPost2010Prop42
 90
       50
102
RTVSPost2010PropOp42
 70
     1
102
RTVSPost2010Prop43
 90
        3
102
RTVSPost2010PropOp43
 70
     1
102
RTVSPost2010Prop44ColorIndex
 90
        5
102
RTVSPost2010Prop44ColorRGB
 90
      255
102
RTVSPost2010PropOp44
 70
     1
102
RTVSPost2010Prop45
280
     0
102
RTVSPost2010PropOp45
 70
     1
102
RTVSPost2010Prop46
 90
       50
102
RTVSPost2010PropOp46
 70
     1
102
RTVSPost2010Prop47
 90
       50
102
RTVSPost2010PropOp47
 70
     1
102
RTVSPost2010Prop48
 90
       50
102
RTVSPost2010PropOp48
 70
     1
102
RTVSPost2010Prop49
280
     0
102
RTVSPost2010PropOp49
 70
     1
102
RTVSPost2010Prop50
 90
       50
102
RTVSPost2010PropOp50
 70
     1
102
RTVSPost2010Prop51ColorIndex
 90
      256
102
RTVSPost2010Prop51ColorRGB
 90
-16777216
102
RTVSPost2010PropOp51
 70
     0
102
RTVSPost2010Prop52
140
1.0
102
RTVSPost2010PropOp52
 70
     0
102
RTVSPost2010Prop53
 90
        2
102
RTVSPost2010PropOp53
 70
     1
102
RTVSPost2010Prop54
  1
strokes_ogs.tif
102
RTVSPost2010PropOp54
 70
     1
102
RTVSPost2010Prop55
280
     0
102
RTVSPost2010PropOp55
 70
     1
102
RTVSPost2010Prop56
140
1.0
102
RTVSPost2010PropOp56
 70
     1
102
RTVSPost2010Prop57
140
1.0
102
RTVSPost2010PropOp57
 70
     1
102
RTVSPropertyOp0
 70
     1
102
RTVSPropertyOp1
 70
     1
102
RTVSPropertyOp2
 70
     1
102
RTVSPropertyOp3
 70
     1
102
RTVSPropertyOp4
 70
     1
102
RTVSPropertyOp5
 70
     1
102
RTVSPropertyOp6
 70
     1
102
RTVSPropertyOp7
 70
     1
102
RTVSPropertyOp8
 70
     1
102
RTVSPropertyOp9
 70
     1
102
RTVSPropertyOp10
 70
     1
102
RTVSPropertyOp11
 70
     1
102
RTVSPropertyOp12
 70
     1
102
RTVSPropertyOp13
 70
     1
102
RTVSPropertyOp14
 70
     1
102
RTVSPropertyOp15
 70
     1
102
RTVSPropertyOp16
 70
     1
102
RTVSPropertyOp17
 70
     1
102
RTVSPropertyOp18
 70
     1
102
RTVSPropertyOp19
 70
     1
102
RTVSPropertyOp20
 70
     1
102
RTVSPropertyOp21
 70
     1
102
RTVSPropertyOp22
 70
     1
102
RTVSPropertyOp23
 70
     1
102
RTVSPropertyOp24
 70
     1
102
RTVSPropertyOp25
 70
     1
102
RTVSPropertyOp26
 70
     1
102
RTVSPropertyOp27
 70
     1
102
RTVSPropertyOp28
 70
     1
102
RTVSPropertyOp29
 70
     1
102
RTVSPropertyOp30
 70
     1
102
RTVSPropertyOp31
 70
     1
102
RTVSPropertyOp32
 70
     1
102
RTVSPropertyOp33
 70
     1
102
RTVSPropertyOp34
 70
     1
102
RTVSPropertyOp35
 70
     1
102
RTVSPropertyOp36
 70
     1
102
RTVSPropertyOp37
 70
     1
102
RTVSPropertyOp38
 70
     1
102
RTVSPropertyOp39
 70
     1
102
RTVSPropertyOp40
 70
     1
102
RTVSPropertyOp41
 70
     1
102
RTVSPropertyOp42
 70
     1
102
RTVSPropertyOp43
 70
     1
102
RTVSPropertyOp44
 70
     1
102
RTVSPropertyOp45
 70
     1
102
RTVSPropertyOp46
 70
     1
102
RTVSPropertyOp47
 70
     1
102
RTVSPropertyOp48
 70
     1
102
RTVSPropertyOp49
 70
     1
102
RTVSPropertyOp50
 70
     1
102
RTVSPropertyOp51
 70
     0
102
RTVSPropertyOp52
 70
     0
102
RTVSPropertyOp53
 70
     1
102
RTVSPropertyOp54
 70
     1
102
RTVSPropertyOp55
 70
     1
102
RTVSPropertyOp56
 70
     1
102
RTVSPropertyOp57
 70
     1
102
RTVSPropertyOp58
 70
     1
102
RTVSPropertyOp59
 70
     1
102
RTVSPropertyOp60
 70
     1
102
RTVSPropertyOp61
 70
     1
102
RTVSPropertyOp62
 70
     1
  0
XRECORD
  5
295
102
{ACAD_REACTORS
330
294
102
}
330
294
100
AcDbXrecord
280
     1
102
RTVSPost2010Prop28
280
     0
102
RTVSPost2010PropOp28
 70
     1
102
RTVSPost2010Prop29
280
     1
102
RTVSPost2010PropOp29
 70
     1
102
RTVSPost2010Prop30
280
     1
102
RTVSPost2010PropOp30
 70
     1
102
RTVSPost2010Prop31
280
     0
102
RTVSPost2010PropOp31
 70
     1
102
RTVSPost2010Prop32
280
     0
102
RTVSPost2010PropOp32
 70
     1
102
RTVSPost2010Prop33
280
     0
102
RTVSPost2010PropOp33
 70
     1
102
RTVSPost2010Prop34
280
     0
102
RTVSPost2010PropOp34
 70
     1
102
RTVSPost2010Prop35
280
     0
102
RTVSPost2010PropOp35
 70
     1
102
RTVSPost2010Prop36
280
     0
102
RTVSPost2010PropOp36
 70
     1
102
RTVSPost2010Prop37
 90
       50
102
RTVSPost2010PropOp37
 70
     1
102
RTVSPost2010Prop38
140
0.0
102
RTVSPost2010PropOp38
 70
     1
102
RTVSPost2010Prop39
140
1.0
102
RTVSPost2010PropOp39
 70
     1
102
RTVSPost2010Prop40
 90
        0
102
RTVSPost2010PropOp40
 70
     1
102
RTVSPost2010Prop41ColorIndex
 90
       18
102
RTVSPost2010Prop41ColorRGB
 90
        0
102
RTVSPost2010PropOp41
 70
     1
102
RTVSPost2010Prop42
 90
       50
102
RTVSPost2010PropOp42
 70
     1
102
RTVSPost2010Prop43
 90
        3
102
RTVSPost2010PropOp43
 70
     1
102
RTVSPost2010Prop44ColorIndex
 90
        5
102
RTVSPost2010Prop44ColorRGB
 90
      255
102
RTVSPost2010PropOp44
 70
     1
102
RTVSPost2010Prop45
280
     0
102
RTVSPost2010PropOp45
 70
     1
102
RTVSPost2010Prop46
 90
       50
102
RTVSPost2010PropOp46
 70
     1
102
RTVSPost2010Prop47
 90
       50
102
RTVSPost2010PropOp47
 70
     1
102
RTVSPost2010Prop48
 90
       50
102
RTVSPost2010PropOp48
 70
     1
102
RTVSPost2010Prop49
280
     0
102
RTVSPost2010PropOp49
 70
     1
102
RTVSPost2010Prop50
 90
       50
102
RTVSPost2010PropOp50
 70
     1
102
RTVSPost2010Prop51ColorIndex
 90
      256
102
RTVSPost2010Prop51ColorRGB
 90
-16777216
102
RTVSPost2010PropOp51
 70
     0
102
RTVSPost2010Prop52
140
1.0
102
RTVSPost2010PropOp52
 70
     0
102
RTVSPost2010Prop53
 90
        2
102
RTVSPost2010PropOp53
 70
     1
102
RTVSPost2010Prop54
  1
strokes_ogs.tif
102
RTVSPost2010PropOp54
 70
     1
102
RTVSPost2010Prop55
280
     0
102
RTVSPost2010PropOp55
 70
     1
102
RTVSPost2010Prop56
140
1.0
102
RTVSPost2010PropOp56
 70
     1
102
RTVSPost2010Prop57
140
1.0
102
RTVSPost2010PropOp57
 70
     1
102
RTVSPropertyOp0
 70
     1
102
RTVSPropertyOp1
 70
     1
102
RTVSPropertyOp2
 70
     1
102
RTVSPropertyOp3
 70
     1
102
RTVSPropertyOp4
 70
     1
102
RTVSPropertyOp5
 70
     1
102
RTVSPropertyOp6
 70
     1
102
RTVSPropertyOp7
 70
     1
102
RTVSPropertyOp8
 70
     1
102
RTVSPropertyOp9
 70
     1
102
RTVSPropertyOp10
 70
     1
102
RTVSPropertyOp11
 70
     1
102
RTVSPropertyOp12
 70
     1
102
RTVSPropertyOp13
 70
     1
102
RTVSPropertyOp14
 70
     1
102
RTVSPropertyOp15
 70
     1
102
RTVSPropertyOp16
 70
     1
102
RTVSPropertyOp17
 70
     1
102
RTVSPropertyOp18
 70
     1
102
RTVSPropertyOp19
 70
     1
102
RTVSPropertyOp20
 70
     1
102
RTVSPropertyOp21
 70
     1
102
RTVSPropertyOp22
 70
     1
102
RTVSPropertyOp23
 70
     1
102
RTVSPropertyOp24
 70
     1
102
RTVSPropertyOp25
 70
     1
102
RTVSPropertyOp26
 70
     1
102
RTVSPropertyOp27
 70
     1
102
RTVSPropertyOp28
 70
     1
102
RTVSPropertyOp29
 70
     1
102
RTVSPropertyOp30
 70
     1
102
RTVSPropertyOp31
 70
     1
102
RTVSPropertyOp32
 70
     1
102
RTVSPropertyOp33
 70
     1
102
RTVSPropertyOp34
 70
     1
102
RTVSPropertyOp35
 70
     1
102
RTVSPropertyOp36
 70
     1
102
RTVSPropertyOp37
 70
     1
102
RTVSPropertyOp38
 70
     1
102
RTVSPropertyOp39
 70
     1
102
RTVSPropertyOp40
 70
     1
102
RTVSPropertyOp41
 70
     1
102
RTVSPropertyOp42
 70
     1
102
RTVSPropertyOp43
 70
     1
102
RTVSPropertyOp44
 70
     1
102
RTVSPropertyOp45
 70
     1
102
RTVSPropertyOp46
 70
     1
102
RTVSPropertyOp47
 70
     1
102
RTVSPropertyOp48
 70
     1
102
RTVSPropertyOp49
 70
     1
102
RTVSPropertyOp50
 70
     1
102
RTVSPropertyOp51
 70
     0
102
RTVSPropertyOp52
 70
     0
102
RTVSPropertyOp53
 70
     1
102
RTVSPropertyOp54
 70
     1
102
RTVSPropertyOp55
 70
     1
102
RTVSPropertyOp56
 70
     1
102
RTVSPropertyOp57
 70
     1
102
RTVSPropertyOp58
 70
     1
102
RTVSPropertyOp59
 70
     1
102
RTVSPropertyOp60
 70
     1
102
RTVSPropertyOp61
 70
     1
102
RTVSPropertyOp62
 70
     1
  0
XRECORD
  5
2A7
102
{ACAD_REACTORS
330
2A6
102
}
330
2A6
100
AcDbXrecord
280
     1
102
RTVSPost2010Prop28
280
     0
102
RTVSPost2010PropOp28
 70
     1
102
RTVSPost2010Prop29
280
     1
102
RTVSPost2010PropOp29
 70
     1
102
RTVSPost2010Prop30
280
     1
102
RTVSPost2010PropOp30
 70
     1
102
RTVSPost2010Prop31
280
     0
102
RTVSPost2010PropOp31
 70
     1
102
RTVSPost2010Prop32
280
     0
102
RTVSPost2010PropOp32
 70
     1
102
RTVSPost2010Prop33
280
     0
102
RTVSPost2010PropOp33
 70
     1
102
RTVSPost2010Prop34
280
     0
102
RTVSPost2010PropOp34
 70
     1
102
RTVSPost2010Prop35
280
     0
102
RTVSPost2010PropOp35
 70
     1
102
RTVSPost2010Prop36
280
     0
102
RTVSPost2010PropOp36
 70
     1
102
RTVSPost2010Prop37
 90
       50
102
RTVSPost2010PropOp37
 70
     1
102
RTVSPost2010Prop38
140
0.0
102
RTVSPost2010PropOp38
 70
     1
102
RTVSPost2010Prop39
140
1.0
102
RTVSPost2010PropOp39
 70
     1
102
RTVSPost2010Prop40
 90
        0
102
RTVSPost2010PropOp40
 70
     1
102
RTVSPost2010Prop41ColorIndex
 90
       18
102
RTVSPost2010Prop41ColorRGB
 90
        0
102
RTVSPost2010PropOp41
 70
     1
102
RTVSPost2010Prop42
 90
       50
102
RTVSPost2010PropOp42
 70
     1
102
RTVSPost2010Prop43
 90
        3
102
RTVSPost2010PropOp43
 70
     1
102
RTVSPost2010Prop44ColorIndex
 90
        5
102
RTVSPost2010Prop44ColorRGB
 90
      255
102
RTVSPost2010PropOp44
 70
     1
102
RTVSPost2010Prop45
280
     0
102
RTVSPost2010PropOp45
 70
     1
102
RTVSPost2010Prop46
 90
       50
102
RTVSPost2010PropOp46
 70
     1
102
RTVSPost2010Prop47
 90
       50
102
RTVSPost2010PropOp47
 70
     1
102
RTVSPost2010Prop48
 90
       50
102
RTVSPost2010PropOp48
 70
     1
102
RTVSPost2010Prop49
280
     0
102
RTVSPost2010PropOp49
 70
     1
102
RTVSPost2010Prop50
 90
       50
102
RTVSPost2010PropOp50
 70
     1
102
RTVSPost2010Prop51ColorIndex
 90
      256
102
RTVSPost2010Prop51ColorRGB
 90
-16777216
102
RTVSPost2010PropOp51
 70
     0
102
RTVSPost2010Prop52
140
1.0
102
RTVSPost2010PropOp52
 70
     0
102
RTVSPost2010Prop53
 90
        2
102
RTVSPost2010PropOp53
 70
     1
102
RTVSPost2010Prop54
  1
strokes_ogs.tif
102
RTVSPost2010PropOp54
 70
     1
102
RTVSPost2010Prop55
280
     0
102
RTVSPost2010PropOp55
 70
     1
102
RTVSPost2010Prop56
140
1.0
102
RTVSPost2010PropOp56
 70
     1
102
RTVSPost2010Prop57
140
1.0
102
RTVSPost2010PropOp57
 70
     1
102
RTVSPropertyOp0
 70
     0
102
RTVSPropertyOp1
 70
     0
102
RTVSPropertyOp2
 70
     0
102
RTVSPropertyOp3
 70
     0
102
RTVSPropertyOp4
 70
     0
102
RTVSPropertyOp5
 70
     0
102
RTVSPropertyOp6
 70
     0
102
RTVSPropertyOp7
 70
     0
102
RTVSPropertyOp8
 70
     0
102
RTVSPropertyOp9
 70
     0
102
RTVSPropertyOp10
 70
     0
102
RTVSPropertyOp11
 70
     0
102
RTVSPropertyOp12
 70
     0
102
RTVSPropertyOp13
 70
     0
102
RTVSPropertyOp14
 70
     2
102
RTVSPropertyOp15
 70
     0
102
RTVSPropertyOp16
 70
     0
102
RTVSPropertyOp17
 70
     0
102
RTVSPropertyOp18
 70
     0
102
RTVSPropertyOp19
 70
     0
102
RTVSPropertyOp20
 70
     0
102
RTVSPropertyOp21
 70
     0
102
RTVSPropertyOp22
 70
     0
102
RTVSPropertyOp23
 70
     0
102
RTVSPropertyOp24
 70
     0
102
RTVSPropertyOp25
 70
     0
102
RTVSPropertyOp26
 70
     0
102
RTVSPropertyOp27
 70
     0
102
RTVSPropertyOp28
 70
     1
102
RTVSPropertyOp29
 70
     1
102
RTVSPropertyOp30
 70
     1
102
RTVSPropertyOp31
 70
     1
102
RTVSPropertyOp32
 70
     1
102
RTVSPropertyOp33
 70
     1
102
RTVSPropertyOp34
 70
     1
102
RTVSPropertyOp35
 70
     1
102
RTVSPropertyOp36
 70
     1
102
RTVSPropertyOp37
 70
     1
102
RTVSPropertyOp38
 70
     1
102
RTVSPropertyOp39
 70
     1
102
RTVSPropertyOp40
 70
     1
102
RTVSPropertyOp41
 70
     1
102
RTVSPropertyOp42
 70
     1
102
RTVSPropertyOp43
 70
     1
102
RTVSPropertyOp44
 70
     1
102
RTVSPropertyOp45
 70
     1
102
RTVSPropertyOp46
 70
     1
102
RTVSPropertyOp47
 70
     1
102
RTVSPropertyOp48
 70
     1
102
RTVSPropertyOp49
 70
     1
102
RTVSPropertyOp50
 70
     1
102
RTVSPropertyOp51
 70
     0
102
RTVSPropertyOp52
 70
     0
102
RTVSPropertyOp53
 70
     1
102
RTVSPropertyOp54
 70
     1
102
RTVSPropertyOp55
 70
     1
102
RTVSPropertyOp56
 70
     1
102
RTVSPropertyOp57
 70
     1
102
RTVSPropertyOp58
 70
     1
102
RTVSPropertyOp59
 70
     1
102
RTVSPropertyOp60
 70
     1
102
RTVSPropertyOp61
 70
     1
102
RTVSPropertyOp62
 70
     1
  0
XRECORD
  5
2A1
102
{ACAD_REACTORS
330
2A0
102
}
330
2A0
100
AcDbXrecord
280
     1
102
RTVSPost2010Prop28
280
     0
102
RTVSPost2010PropOp28
 70
     1
102
RTVSPost2010Prop29
280
     1
102
RTVSPost2010PropOp29
 70
     1
102
RTVSPost2010Prop30
280
     1
102
RTVSPost2010PropOp30
 70
     1
102
RTVSPost2010Prop31
280
     0
102
RTVSPost2010PropOp31
 70
     1
102
RTVSPost2010Prop32
280
     0
102
RTVSPost2010PropOp32
 70
     1
102
RTVSPost2010Prop33
280
     0
102
RTVSPost2010PropOp33
 70
     1
102
RTVSPost2010Prop34
280
     0
102
RTVSPost2010PropOp34
 70
     1
102
RTVSPost2010Prop35
280
     0
102
RTVSPost2010PropOp35
 70
     1
102
RTVSPost2010Prop36
280
     0
102
RTVSPost2010PropOp36
 70
     1
102
RTVSPost2010Prop37
 90
       50
102
RTVSPost2010PropOp37
 70
     1
102
RTVSPost2010Prop38
140
0.0
102
RTVSPost2010PropOp38
 70
     1
102
RTVSPost2010Prop39
140
1.0
102
RTVSPost2010PropOp39
 70
     1
102
RTVSPost2010Prop40
 90
        0
102
RTVSPost2010PropOp40
 70
     1
102
RTVSPost2010Prop41ColorIndex
 90
       18
102
RTVSPost2010Prop41ColorRGB
 90
        0
102
RTVSPost2010PropOp41
 70
     1
102
RTVSPost2010Prop42
 90
       50
102
RTVSPost2010PropOp42
 70
     1
102
RTVSPost2010Prop43
 90
        3
102
RTVSPost2010PropOp43
 70
     1
102
RTVSPost2010Prop44ColorIndex
 90
        5
102
RTVSPost2010Prop44ColorRGB
 90
      255
102
RTVSPost2010PropOp44
 70
     1
102
RTVSPost2010Prop45
280
     0
102
RTVSPost2010PropOp45
 70
     1
102
RTVSPost2010Prop46
 90
       50
102
RTVSPost2010PropOp46
 70
     1
102
RTVSPost2010Prop47
 90
       50
102
RTVSPost2010PropOp47
 70
     1
102
RTVSPost2010Prop48
 90
       50
102
RTVSPost2010PropOp48
 70
     1
102
RTVSPost2010Prop49
280
     0
102
RTVSPost2010PropOp49
 70
     1
102
RTVSPost2010Prop50
 90
       50
102
RTVSPost2010PropOp50
 70
     1
102
RTVSPost2010Prop51ColorIndex
 90
      256
102
RTVSPost2010Prop51ColorRGB
 90
-16777216
102
RTVSPost2010PropOp51
 70
     0
102
RTVSPost2010Prop52
140
1.0
102
RTVSPost2010PropOp52
 70
     0
102
RTVSPost2010Prop53
 90
        2
102
RTVSPost2010PropOp53
 70
     1
102
RTVSPost2010Prop54
  1
strokes_ogs.tif
102
RTVSPost2010PropOp54
 70
     1
102
RTVSPost2010Prop55
280
     0
102
RTVSPost2010PropOp55
 70
     1
102
RTVSPost2010Prop56
140
1.0
102
RTVSPost2010PropOp56
 70
     1
102
RTVSPost2010Prop57
140
1.0
102
RTVSPost2010PropOp57
 70
     1
102
RTVSPropertyOp0
 70
     1
102
RTVSPropertyOp1
 70
     1
102
RTVSPropertyOp2
 70
     1
102
RTVSPropertyOp3
 70
     1
102
RTVSPropertyOp4
 70
     1
102
RTVSPropertyOp5
 70
     1
102
RTVSPropertyOp6
 70
     1
102
RTVSPropertyOp7
 70
     1
102
RTVSPropertyOp8
 70
     1
102
RTVSPropertyOp9
 70
     1
102
RTVSPropertyOp10
 70
     1
102
RTVSPropertyOp11
 70
     1
102
RTVSPropertyOp12
 70
     1
102
RTVSPropertyOp13
 70
     1
102
RTVSPropertyOp14
 70
     1
102
RTVSPropertyOp15
 70
     1
102
RTVSPropertyOp16
 70
     1
102
RTVSPropertyOp17
 70
     1
102
RTVSPropertyOp18
 70
     1
102
RTVSPropertyOp19
 70
     1
102
RTVSPropertyOp20
 70
     1
102
RTVSPropertyOp21
 70
     1
102
RTVSPropertyOp22
 70
     1
102
RTVSPropertyOp23
 70
     1
102
RTVSPropertyOp24
 70
     1
102
RTVSPropertyOp25
 70
     1
102
RTVSPropertyOp26
 70
     1
102
RTVSPropertyOp27
 70
     1
102
RTVSPropertyOp28
 70
     1
102
RTVSPropertyOp29
 70
     1
102
RTVSPropertyOp30
 70
     1
102
RTVSPropertyOp31
 70
     1
102
RTVSPropertyOp32
 70
     1
102
RTVSPropertyOp33
 70
     1
102
RTVSPropertyOp34
 70
     1
102
RTVSPropertyOp35
 70
     1
102
RTVSPropertyOp36
 70
     1
102
RTVSPropertyOp37
 70
     1
102
RTVSPropertyOp38
 70
     1
102
RTVSPropertyOp39
 70
     1
102
RTVSPropertyOp40
 70
     1
102
RTVSPropertyOp41
 70
     1
102
RTVSPropertyOp42
 70
     1
102
RTVSPropertyOp43
 70
     1
102
RTVSPropertyOp44
 70
     1
102
RTVSPropertyOp45
 70
     1
102
RTVSPropertyOp46
 70
     1
102
RTVSPropertyOp47
 70
     1
102
RTVSPropertyOp48
 70
     1
102
RTVSPropertyOp49
 70
     1
102
RTVSPropertyOp50
 70
     1
102
RTVSPropertyOp51
 70
     0
102
RTVSPropertyOp52
 70
     0
102
RTVSPropertyOp53
 70
     1
102
RTVSPropertyOp54
 70
     1
102
RTVSPropertyOp55
 70
     1
102
RTVSPropertyOp56
 70
     1
102
RTVSPropertyOp57
 70
     1
102
RTVSPropertyOp58
 70
     1
102
RTVSPropertyOp59
 70
     1
102
RTVSPropertyOp60
 70
     1
102
RTVSPropertyOp61
 70
     1
102
RTVSPropertyOp62
 70
     1
  0
XRECORD
  5
2A9
102
{ACAD_REACTORS
330
2A8
102
}
330
2A8
100
AcDbXrecord
280
     1
102
RTVSPost2010Prop28
280
     0
102
RTVSPost2010PropOp28
 70
     1
102
RTVSPost2010Prop29
280
     1
102
RTVSPost2010PropOp29
 70
     1
102
RTVSPost2010Prop30
280
     1
102
RTVSPost2010PropOp30
 70
     1
102
RTVSPost2010Prop31
280
     0
102
RTVSPost2010PropOp31
 70
     1
102
RTVSPost2010Prop32
280
     0
102
RTVSPost2010PropOp32
 70
     1
102
RTVSPost2010Prop33
280
     0
102
RTVSPost2010PropOp33
 70
     1
102
RTVSPost2010Prop34
280
     0
102
RTVSPost2010PropOp34
 70
     1
102
RTVSPost2010Prop35
280
     0
102
RTVSPost2010PropOp35
 70
     1
102
RTVSPost2010Prop36
280
     0
102
RTVSPost2010PropOp36
 70
     1
102
RTVSPost2010Prop37
 90
       50
102
RTVSPost2010PropOp37
 70
     1
102
RTVSPost2010Prop38
140
0.0
102
RTVSPost2010PropOp38
 70
     1
102
RTVSPost2010Prop39
140
1.0
102
RTVSPost2010PropOp39
 70
     1
102
RTVSPost2010Prop40
 90
        0
102
RTVSPost2010PropOp40
 70
     1
102
RTVSPost2010Prop41ColorIndex
 90
       18
102
RTVSPost2010Prop41ColorRGB
 90
        0
102
RTVSPost2010PropOp41
 70
     1
102
RTVSPost2010Prop42
 90
       50
102
RTVSPost2010PropOp42
 70
     1
102
RTVSPost2010Prop43
 90
        3
102
RTVSPost2010PropOp43
 70
     1
102
RTVSPost2010Prop44ColorIndex
 90
        5
102
RTVSPost2010Prop44ColorRGB
 90
      255
102
RTVSPost2010PropOp44
 70
     1
102
RTVSPost2010Prop45
280
     0
102
RTVSPost2010PropOp45
 70
     1
102
RTVSPost2010Prop46
 90
       50
102
RTVSPost2010PropOp46
 70
     1
102
RTVSPost2010Prop47
 90
       50
102
RTVSPost2010PropOp47
 70
     1
102
RTVSPost2010Prop48
 90
       50
102
RTVSPost2010PropOp48
 70
     1
102
RTVSPost2010Prop49
280
     0
102
RTVSPost2010PropOp49
 70
     1
102
RTVSPost2010Prop50
 90
       50
102
RTVSPost2010PropOp50
 70
     1
102
RTVSPost2010Prop51ColorIndex
 90
      256
102
RTVSPost2010Prop51ColorRGB
 90
-16777216
102
RTVSPost2010PropOp51
 70
     0
102
RTVSPost2010Prop52
140
1.0
102
RTVSPost2010PropOp52
 70
     0
102
RTVSPost2010Prop53
 90
        2
102
RTVSPost2010PropOp53
 70
     1
102
RTVSPost2010Prop54
  1
strokes_ogs.tif
102
RTVSPost2010PropOp54
 70
     1
102
RTVSPost2010Prop55
280
     0
102
RTVSPost2010PropOp55
 70
     1
102
RTVSPost2010Prop56
140
1.0
102
RTVSPost2010PropOp56
 70
     1
102
RTVSPost2010Prop57
140
1.0
102
RTVSPost2010PropOp57
 70
     1
102
RTVSPropertyOp0
 70
     0
102
RTVSPropertyOp1
 70
     0
102
RTVSPropertyOp2
 70
     0
102
RTVSPropertyOp3
 70
     0
102
RTVSPropertyOp4
 70
     0
102
RTVSPropertyOp5
 70
     0
102
RTVSPropertyOp6
 70
     0
102
RTVSPropertyOp7
 70
     0
102
RTVSPropertyOp8
 70
     0
102
RTVSPropertyOp9
 70
     0
102
RTVSPropertyOp10
 70
     0
102
RTVSPropertyOp11
 70
     0
102
RTVSPropertyOp12
 70
     0
102
RTVSPropertyOp13
 70
     0
102
RTVSPropertyOp14
 70
     2
102
RTVSPropertyOp15
 70
     0
102
RTVSPropertyOp16
 70
     0
102
RTVSPropertyOp17
 70
     0
102
RTVSPropertyOp18
 70
     0
102
RTVSPropertyOp19
 70
     0
102
RTVSPropertyOp20
 70
     0
102
RTVSPropertyOp21
 70
     0
102
RTVSPropertyOp22
 70
     0
102
RTVSPropertyOp23
 70
     0
102
RTVSPropertyOp24
 70
     0
102
RTVSPropertyOp25
 70
     0
102
RTVSPropertyOp26
 70
     0
102
RTVSPropertyOp27
 70
     0
102
RTVSPropertyOp28
 70
     1
102
RTVSPropertyOp29
 70
     1
102
RTVSPropertyOp30
 70
     1
102
RTVSPropertyOp31
 70
     1
102
RTVSPropertyOp32
 70
     1
102
RTVSPropertyOp33
 70
     1
102
RTVSPropertyOp34
 70
     1
102
RTVSPropertyOp35
 70
     1
102
RTVSPropertyOp36
 70
     1
102
RTVSPropertyOp37
 70
     1
102
RTVSPropertyOp38
 70
     1
102
RTVSPropertyOp39
 70
     1
102
RTVSPropertyOp40
 70
     1
102
RTVSPropertyOp41
 70
     1
102
RTVSPropertyOp42
 70
     1
102
RTVSPropertyOp43
 70
     1
102
RTVSPropertyOp44
 70
     1
102
RTVSPropertyOp45
 70
     1
102
RTVSPropertyOp46
 70
     1
102
RTVSPropertyOp47
 70
     1
102
RTVSPropertyOp48
 70
     1
102
RTVSPropertyOp49
 70
     1
102
RTVSPropertyOp50
 70
     1
102
RTVSPropertyOp51
 70
     0
102
RTVSPropertyOp52
 70
     0
102
RTVSPropertyOp53
 70
     1
102
RTVSPropertyOp54
 70
     1
102
RTVSPropertyOp55
 70
     1
102
RTVSPropertyOp56
 70
     1
102
RTVSPropertyOp57
 70
     1
102
RTVSPropertyOp58
 70
     1
102
RTVSPropertyOp59
 70
     1
102
RTVSPropertyOp60
 70
     1
102
RTVSPropertyOp61
 70
     1
102
RTVSPropertyOp62
 70
     1
  0
XRECORD
  5
299
102
{ACAD_REACTORS
330
298
102
}
330
298
100
AcDbXrecord
280
     1
102
RTVSPost2010Prop28
280
     0
102
RTVSPost2010PropOp28
 70
     1
102
RTVSPost2010Prop29
280
     1
102
RTVSPost2010PropOp29
 70
     1
102
RTVSPost2010Prop30
280
     1
102
RTVSPost2010PropOp30
 70
     1
102
RTVSPost2010Prop31
280
     0
102
RTVSPost2010PropOp31
 70
     1
102
RTVSPost2010Prop32
280
     0
102
RTVSPost2010PropOp32
 70
     1
102
RTVSPost2010Prop33
280
     0
102
RTVSPost2010PropOp33
 70
     1
102
RTVSPost2010Prop34
280
     0
102
RTVSPost2010PropOp34
 70
     1
102
RTVSPost2010Prop35
280
     0
102
RTVSPost2010PropOp35
 70
     1
102
RTVSPost2010Prop36
280
     0
102
RTVSPost2010PropOp36
 70
     1
102
RTVSPost2010Prop37
 90
       50
102
RTVSPost2010PropOp37
 70
     1
102
RTVSPost2010Prop38
140
0.0
102
RTVSPost2010PropOp38
 70
     1
102
RTVSPost2010Prop39
140
1.0
102
RTVSPost2010PropOp39
 70
     1
102
RTVSPost2010Prop40
 90
        0
102
RTVSPost2010PropOp40
 70
     1
102
RTVSPost2010Prop41ColorIndex
 90
       18
102
RTVSPost2010Prop41ColorRGB
 90
        0
102
RTVSPost2010PropOp41
 70
     1
102
RTVSPost2010Prop42
 90
       50
102
RTVSPost2010PropOp42
 70
     1
102
RTVSPost2010Prop43
 90
        3
102
RTVSPost2010PropOp43
 70
     1
102
RTVSPost2010Prop44ColorIndex
 90
        5
102
RTVSPost2010Prop44ColorRGB
 90
      255
102
RTVSPost2010PropOp44
 70
     1
102
RTVSPost2010Prop45
280
     0
102
RTVSPost2010PropOp45
 70
     1
102
RTVSPost2010Prop46
 90
       50
102
RTVSPost2010PropOp46
 70
     1
102
RTVSPost2010Prop47
 90
       50
102
RTVSPost2010PropOp47
 70
     1
102
RTVSPost2010Prop48
 90
       50
102
RTVSPost2010PropOp48
 70
     1
102
RTVSPost2010Prop49
280
     0
102
RTVSPost2010PropOp49
 70
     1
102
RTVSPost2010Prop50
 90
       50
102
RTVSPost2010PropOp50
 70
     1
102
RTVSPost2010Prop51ColorIndex
 90
      256
102
RTVSPost2010Prop51ColorRGB
 90
-16777216
102
RTVSPost2010PropOp51
 70
     0
102
RTVSPost2010Prop52
140
1.0
102
RTVSPost2010PropOp52
 70
     0
102
RTVSPost2010Prop53
 90
        2
102
RTVSPost2010PropOp53
 70
     1
102
RTVSPost2010Prop54
  1
strokes_ogs.tif
102
RTVSPost2010PropOp54
 70
     1
102
RTVSPost2010Prop55
280
     0
102
RTVSPost2010PropOp55
 70
     1
102
RTVSPost2010Prop56
140
1.0
102
RTVSPost2010PropOp56
 70
     1
102
RTVSPost2010Prop57
140
1.0
102
RTVSPost2010PropOp57
 70
     1
102
RTVSPropertyOp0
 70
     1
102
RTVSPropertyOp1
 70
     1
102
RTVSPropertyOp2
 70
     1
102
RTVSPropertyOp3
 70
     1
102
RTVSPropertyOp4
 70
     1
102
RTVSPropertyOp5
 70
     1
102
RTVSPropertyOp6
 70
     1
102
RTVSPropertyOp7
 70
     1
102
RTVSPropertyOp8
 70
     1
102
RTVSPropertyOp9
 70
     1
102
RTVSPropertyOp10
 70
     1
102
RTVSPropertyOp11
 70
     1
102
RTVSPropertyOp12
 70
     1
102
RTVSPropertyOp13
 70
     1
102
RTVSPropertyOp14
 70
     1
102
RTVSPropertyOp15
 70
     1
102
RTVSPropertyOp16
 70
     1
102
RTVSPropertyOp17
 70
     1
102
RTVSPropertyOp18
 70
     1
102
RTVSPropertyOp19
 70
     1
102
RTVSPropertyOp20
 70
     1
102
RTVSPropertyOp21
 70
     1
102
RTVSPropertyOp22
 70
     1
102
RTVSPropertyOp23
 70
     1
102
RTVSPropertyOp24
 70
     1
102
RTVSPropertyOp25
 70
     1
102
RTVSPropertyOp26
 70
     1
102
RTVSPropertyOp27
 70
     1
102
RTVSPropertyOp28
 70
     1
102
RTVSPropertyOp29
 70
     1
102
RTVSPropertyOp30
 70
     1
102
RTVSPropertyOp31
 70
     1
102
RTVSPropertyOp32
 70
     1
102
RTVSPropertyOp33
 70
     1
102
RTVSPropertyOp34
 70
     1
102
RTVSPropertyOp35
 70
     1
102
RTVSPropertyOp36
 70
     1
102
RTVSPropertyOp37
 70
     1
102
RTVSPropertyOp38
 70
     1
102
RTVSPropertyOp39
 70
     1
102
RTVSPropertyOp40
 70
     1
102
RTVSPropertyOp41
 70
     1
102
RTVSPropertyOp42
 70
     1
102
RTVSPropertyOp43
 70
     1
102
RTVSPropertyOp44
 70
     1
102
RTVSPropertyOp45
 70
     1
102
RTVSPropertyOp46
 70
     1
102
RTVSPropertyOp47
 70
     1
102
RTVSPropertyOp48
 70
     1
102
RTVSPropertyOp49
 70
     1
102
RTVSPropertyOp50
 70
     1
102
RTVSPropertyOp51
 70
     0
102
RTVSPropertyOp52
 70
     0
102
RTVSPropertyOp53
 70
     1
102
RTVSPropertyOp54
 70
     1
102
RTVSPropertyOp55
 70
     1
102
RTVSPropertyOp56
 70
     1
102
RTVSPropertyOp57
 70
     1
102
RTVSPropertyOp58
 70
     1
102
RTVSPropertyOp59
 70
     1
102
RTVSPropertyOp60
 70
     1
102
RTVSPropertyOp61
 70
     1
102
RTVSPropertyOp62
 70
     1
  0
XRECORD
  5
2B5
102
{ACAD_REACTORS
330
2B4
102
}
330
2B4
100
AcDbXrecord
280
     1
102
RTVSPost2010Prop28
280
     0
102
RTVSPost2010PropOp28
 70
     1
102
RTVSPost2010Prop29
280
     1
102
RTVSPost2010PropOp29
 70
     1
102
RTVSPost2010Prop30
280
     1
102
RTVSPost2010PropOp30
 70
     1
102
RTVSPost2010Prop31
280
     0
102
RTVSPost2010PropOp31
 70
     1
102
RTVSPost2010Prop32
280
     0
102
RTVSPost2010PropOp32
 70
     1
102
RTVSPost2010Prop33
280
     0
102
RTVSPost2010PropOp33
 70
     1
102
RTVSPost2010Prop34
280
     0
102
RTVSPost2010PropOp34
 70
     1
102
RTVSPost2010Prop35
280
     0
102
RTVSPost2010PropOp35
 70
     1
102
RTVSPost2010Prop36
280
     0
102
RTVSPost2010PropOp36
 70
     1
102
RTVSPost2010Prop37
 90
       50
102
RTVSPost2010PropOp37
 70
     1
102
RTVSPost2010Prop38
140
0.0
102
RTVSPost2010PropOp38
 70
     1
102
RTVSPost2010Prop39
140
1.0
102
RTVSPost2010PropOp39
 70
     1
102
RTVSPost2010Prop40
 90
        0
102
RTVSPost2010PropOp40
 70
     1
102
RTVSPost2010Prop41ColorIndex
 90
       18
102
RTVSPost2010Prop41ColorRGB
 90
        0
102
RTVSPost2010PropOp41
 70
     1
102
RTVSPost2010Prop42
 90
       50
102
RTVSPost2010PropOp42
 70
     1
102
RTVSPost2010Prop43
 90
        3
102
RTVSPost2010PropOp43
 70
     1
102
RTVSPost2010Prop44ColorIndex
 90
        5
102
RTVSPost2010Prop44ColorRGB
 90
      255
102
RTVSPost2010PropOp44
 70
     1
102
RTVSPost2010Prop45
280
     0
102
RTVSPost2010PropOp45
 70
     1
102
RTVSPost2010Prop46
 90
       50
102
RTVSPost2010PropOp46
 70
     1
102
RTVSPost2010Prop47
 90
       50
102
RTVSPost2010PropOp47
 70
     1
102
RTVSPost2010Prop48
 90
       50
102
RTVSPost2010PropOp48
 70
     1
102
RTVSPost2010Prop49
280
     0
102
RTVSPost2010PropOp49
 70
     1
102
RTVSPost2010Prop50
 90
       50
102
RTVSPost2010PropOp50
 70
     1
102
RTVSPost2010Prop51ColorIndex
 90
      256
102
RTVSPost2010Prop51ColorRGB
 90
-16777216
102
RTVSPost2010PropOp51
 70
     0
102
RTVSPost2010Prop52
140
1.0
102
RTVSPost2010PropOp52
 70
     0
102
RTVSPost2010Prop53
 90
        2
102
RTVSPost2010PropOp53
 70
     1
102
RTVSPost2010Prop54
  1
strokes_ogs.tif
102
RTVSPost2010PropOp54
 70
     1
102
RTVSPost2010Prop55
280
     0
102
RTVSPost2010PropOp55
 70
     1
102
RTVSPost2010Prop56
140
1.0
102
RTVSPost2010PropOp56
 70
     1
102
RTVSPost2010Prop57
140
1.0
102
RTVSPost2010PropOp57
 70
     1
102
RTVSPropertyOp0
 70
     1
102
RTVSPropertyOp1
 70
     1
102
RTVSPropertyOp2
 70
     1
102
RTVSPropertyOp3
 70
     1
102
RTVSPropertyOp4
 70
     1
102
RTVSPropertyOp5
 70
     1
102
RTVSPropertyOp6
 70
     1
102
RTVSPropertyOp7
 70
     1
102
RTVSPropertyOp8
 70
     1
102
RTVSPropertyOp9
 70
     1
102
RTVSPropertyOp10
 70
     1
102
RTVSPropertyOp11
 70
     1
102
RTVSPropertyOp12
 70
     1
102
RTVSPropertyOp13
 70
     1
102
RTVSPropertyOp14
 70
     1
102
RTVSPropertyOp15
 70
     1
102
RTVSPropertyOp16
 70
     1
102
RTVSPropertyOp17
 70
     1
102
RTVSPropertyOp18
 70
     1
102
RTVSPropertyOp19
 70
     1
102
RTVSPropertyOp20
 70
     1
102
RTVSPropertyOp21
 70
     1
102
RTVSPropertyOp22
 70
     1
102
RTVSPropertyOp23
 70
     1
102
RTVSPropertyOp24
 70
     1
102
RTVSPropertyOp25
 70
     1
102
RTVSPropertyOp26
 70
     1
102
RTVSPropertyOp27
 70
     1
102
RTVSPropertyOp28
 70
     1
102
RTVSPropertyOp29
 70
     1
102
RTVSPropertyOp30
 70
     1
102
RTVSPropertyOp31
 70
     1
102
RTVSPropertyOp32
 70
     1
102
RTVSPropertyOp33
 70
     1
102
RTVSPropertyOp34
 70
     1
102
RTVSPropertyOp35
 70
     1
102
RTVSPropertyOp36
 70
     1
102
RTVSPropertyOp37
 70
     1
102
RTVSPropertyOp38
 70
     1
102
RTVSPropertyOp39
 70
     1
102
RTVSPropertyOp40
 70
     1
102
RTVSPropertyOp41
 70
     1
102
RTVSPropertyOp42
 70
     1
102
RTVSPropertyOp43
 70
     1
102
RTVSPropertyOp44
 70
     1
102
RTVSPropertyOp45
 70
     1
102
RTVSPropertyOp46
 70
     1
102
RTVSPropertyOp47
 70
     1
102
RTVSPropertyOp48
 70
     1
102
RTVSPropertyOp49
 70
     1
102
RTVSPropertyOp50
 70
     1
102
RTVSPropertyOp51
 70
     0
102
RTVSPropertyOp52
 70
     0
102
RTVSPropertyOp53
 70
     1
102
RTVSPropertyOp54
 70
     1
102
RTVSPropertyOp55
 70
     1
102
RTVSPropertyOp56
 70
     1
102
RTVSPropertyOp57
 70
     1
102
RTVSPropertyOp58
 70
     1
102
RTVSPropertyOp59
 70
     1
102
RTVSPropertyOp60
 70
     1
102
RTVSPropertyOp61
 70
     1
102
RTVSPropertyOp62
 70
     1
  0
XRECORD
  5
2B3
102
{ACAD_REACTORS
330
2B2
102
}
330
2B2
100
AcDbXrecord
280
     1
102
RTVSPost2010Prop28
280
     0
102
RTVSPost2010PropOp28
 70
     1
102
RTVSPost2010Prop29
280
     1
102
RTVSPost2010PropOp29
 70
     1
102
RTVSPost2010Prop30
280
     1
102
RTVSPost2010PropOp30
 70
     1
102
RTVSPost2010Prop31
280
     0
102
RTVSPost2010PropOp31
 70
     1
102
RTVSPost2010Prop32
280
     0
102
RTVSPost2010PropOp32
 70
     1
102
RTVSPost2010Prop33
280
     0
102
RTVSPost2010PropOp33
 70
     1
102
RTVSPost2010Prop34
280
     0
102
RTVSPost2010PropOp34
 70
     1
102
RTVSPost2010Prop35
280
     0
102
RTVSPost2010PropOp35
 70
     1
102
RTVSPost2010Prop36
280
     0
102
RTVSPost2010PropOp36
 70
     1
102
RTVSPost2010Prop37
 90
       50
102
RTVSPost2010PropOp37
 70
     1
102
RTVSPost2010Prop38
140
0.0
102
RTVSPost2010PropOp38
 70
     1
102
RTVSPost2010Prop39
140
1.0
102
RTVSPost2010PropOp39
 70
     1
102
RTVSPost2010Prop40
 90
        0
102
RTVSPost2010PropOp40
 70
     1
102
RTVSPost2010Prop41ColorIndex
 90
       18
102
RTVSPost2010Prop41ColorRGB
 90
        0
102
RTVSPost2010PropOp41
 70
     1
102
RTVSPost2010Prop42
 90
       50
102
RTVSPost2010PropOp42
 70
     1
102
RTVSPost2010Prop43
 90
        3
102
RTVSPost2010PropOp43
 70
     1
102
RTVSPost2010Prop44ColorIndex
 90
        5
102
RTVSPost2010Prop44ColorRGB
 90
      255
102
RTVSPost2010PropOp44
 70
     1
102
RTVSPost2010Prop45
280
     0
102
RTVSPost2010PropOp45
 70
     1
102
RTVSPost2010Prop46
 90
       50
102
RTVSPost2010PropOp46
 70
     1
102
RTVSPost2010Prop47
 90
       50
102
RTVSPost2010PropOp47
 70
     1
102
RTVSPost2010Prop48
 90
       50
102
RTVSPost2010PropOp48
 70
     1
102
RTVSPost2010Prop49
280
     0
102
RTVSPost2010PropOp49
 70
     1
102
RTVSPost2010Prop50
 90
       50
102
RTVSPost2010PropOp50
 70
     1
102
RTVSPost2010Prop51ColorIndex
 90
      256
102
RTVSPost2010Prop51ColorRGB
 90
-16777216
102
RTVSPost2010PropOp51
 70
     0
102
RTVSPost2010Prop52
140
1.0
102
RTVSPost2010PropOp52
 70
     0
102
RTVSPost2010Prop53
 90
        2
102
RTVSPost2010PropOp53
 70
     1
102
RTVSPost2010Prop54
  1
strokes_ogs.tif
102
RTVSPost2010PropOp54
 70
     1
102
RTVSPost2010Prop55
280
     0
102
RTVSPost2010PropOp55
 70
     1
102
RTVSPost2010Prop56
140
1.0
102
RTVSPost2010PropOp56
 70
     1
102
RTVSPost2010Prop57
140
1.0
102
RTVSPost2010PropOp57
 70
     1
102
RTVSPropertyOp0
 70
     1
102
RTVSPropertyOp1
 70
     1
102
RTVSPropertyOp2
 70
     1
102
RTVSPropertyOp3
 70
     1
102
RTVSPropertyOp4
 70
     1
102
RTVSPropertyOp5
 70
     1
102
RTVSPropertyOp6
 70
     1
102
RTVSPropertyOp7
 70
     1
102
RTVSPropertyOp8
 70
     1
102
RTVSPropertyOp9
 70
     1
102
RTVSPropertyOp10
 70
     1
102
RTVSPropertyOp11
 70
     1
102
RTVSPropertyOp12
 70
     1
102
RTVSPropertyOp13
 70
     1
102
RTVSPropertyOp14
 70
     1
102
RTVSPropertyOp15
 70
     1
102
RTVSPropertyOp16
 70
     1
102
RTVSPropertyOp17
 70
     1
102
RTVSPropertyOp18
 70
     1
102
RTVSPropertyOp19
 70
     1
102
RTVSPropertyOp20
 70
     1
102
RTVSPropertyOp21
 70
     1
102
RTVSPropertyOp22
 70
     1
102
RTVSPropertyOp23
 70
     1
102
RTVSPropertyOp24
 70
     1
102
RTVSPropertyOp25
 70
     1
102
RTVSPropertyOp26
 70
     1
102
RTVSPropertyOp27
 70
     1
102
RTVSPropertyOp28
 70
     1
102
RTVSPropertyOp29
 70
     1
102
RTVSPropertyOp30
 70
     1
102
RTVSPropertyOp31
 70
     1
102
RTVSPropertyOp32
 70
     1
102
RTVSPropertyOp33
 70
     1
102
RTVSPropertyOp34
 70
     1
102
RTVSPropertyOp35
 70
     1
102
RTVSPropertyOp36
 70
     1
102
RTVSPropertyOp37
 70
     1
102
RTVSPropertyOp38
 70
     1
102
RTVSPropertyOp39
 70
     1
102
RTVSPropertyOp40
 70
     1
102
RTVSPropertyOp41
 70
     1
102
RTVSPropertyOp42
 70
     1
102
RTVSPropertyOp43
 70
     1
102
RTVSPropertyOp44
 70
     1
102
RTVSPropertyOp45
 70
     1
102
RTVSPropertyOp46
 70
     1
102
RTVSPropertyOp47
 70
     1
102
RTVSPropertyOp48
 70
     1
102
RTVSPropertyOp49
 70
     1
102
RTVSPropertyOp50
 70
     1
102
RTVSPropertyOp51
 70
     0
102
RTVSPropertyOp52
 70
     0
102
RTVSPropertyOp53
 70
     1
102
RTVSPropertyOp54
 70
     1
102
RTVSPropertyOp55
 70
     1
102
RTVSPropertyOp56
 70
     1
102
RTVSPropertyOp57
 70
     1
102
RTVSPropertyOp58
 70
     1
102
RTVSPropertyOp59
 70
     1
102
RTVSPropertyOp60
 70
     1
102
RTVSPropertyOp61
 70
     1
102
RTVSPropertyOp62
 70
     1
  0
XRECORD
  5
2AD
102
{ACAD_REACTORS
330
2AC
102
}
330
2AC
100
AcDbXrecord
280
     1
102
RTVSPost2010Prop28
280
     0
102
RTVSPost2010PropOp28
 70
     1
102
RTVSPost2010Prop29
280
     1
102
RTVSPost2010PropOp29
 70
     1
102
RTVSPost2010Prop30
280
     1
102
RTVSPost2010PropOp30
 70
     1
102
RTVSPost2010Prop31
280
     0
102
RTVSPost2010PropOp31
 70
     1
102
RTVSPost2010Prop32
280
     0
102
RTVSPost2010PropOp32
 70
     1
102
RTVSPost2010Prop33
280
     0
102
RTVSPost2010PropOp33
 70
     1
102
RTVSPost2010Prop34
280
     0
102
RTVSPost2010PropOp34
 70
     1
102
RTVSPost2010Prop35
280
     0
102
RTVSPost2010PropOp35
 70
     1
102
RTVSPost2010Prop36
280
     0
102
RTVSPost2010PropOp36
 70
     1
102
RTVSPost2010Prop37
 90
       50
102
RTVSPost2010PropOp37
 70
     1
102
RTVSPost2010Prop38
140
0.0
102
RTVSPost2010PropOp38
 70
     1
102
RTVSPost2010Prop39
140
1.0
102
RTVSPost2010PropOp39
 70
     1
102
RTVSPost2010Prop40
 90
        0
102
RTVSPost2010PropOp40
 70
     1
102
RTVSPost2010Prop41ColorIndex
 90
       18
102
RTVSPost2010Prop41ColorRGB
 90
        0
102
RTVSPost2010PropOp41
 70
     1
102
RTVSPost2010Prop42
 90
       50
102
RTVSPost2010PropOp42
 70
     1
102
RTVSPost2010Prop43
 90
        3
102
RTVSPost2010PropOp43
 70
     1
102
RTVSPost2010Prop44ColorIndex
 90
        5
102
RTVSPost2010Prop44ColorRGB
 90
      255
102
RTVSPost2010PropOp44
 70
     1
102
RTVSPost2010Prop45
280
     0
102
RTVSPost2010PropOp45
 70
     1
102
RTVSPost2010Prop46
 90
       50
102
RTVSPost2010PropOp46
 70
     1
102
RTVSPost2010Prop47
 90
       50
102
RTVSPost2010PropOp47
 70
     1
102
RTVSPost2010Prop48
 90
       50
102
RTVSPost2010PropOp48
 70
     1
102
RTVSPost2010Prop49
280
     0
102
RTVSPost2010PropOp49
 70
     1
102
RTVSPost2010Prop50
 90
       50
102
RTVSPost2010PropOp50
 70
     1
102
RTVSPost2010Prop51ColorIndex
 90
      256
102
RTVSPost2010Prop51ColorRGB
 90
-16777216
102
RTVSPost2010PropOp51
 70
     0
102
RTVSPost2010Prop52
140
1.0
102
RTVSPost2010PropOp52
 70
     0
102
RTVSPost2010Prop53
 90
        2
102
RTVSPost2010PropOp53
 70
     1
102
RTVSPost2010Prop54
  1
strokes_ogs.tif
102
RTVSPost2010PropOp54
 70
     1
102
RTVSPost2010Prop55
280
     0
102
RTVSPost2010PropOp55
 70
     1
102
RTVSPost2010Prop56
140
1.0
102
RTVSPost2010PropOp56
 70
     1
102
RTVSPost2010Prop57
140
1.0
102
RTVSPost2010PropOp57
 70
     1
102
RTVSPropertyOp0
 70
     1
102
RTVSPropertyOp1
 70
     1
102
RTVSPropertyOp2
 70
     1
102
RTVSPropertyOp3
 70
     1
102
RTVSPropertyOp4
 70
     1
102
RTVSPropertyOp5
 70
     1
102
RTVSPropertyOp6
 70
     1
102
RTVSPropertyOp7
 70
     1
102
RTVSPropertyOp8
 70
     1
102
RTVSPropertyOp9
 70
     1
102
RTVSPropertyOp10
 70
     1
102
RTVSPropertyOp11
 70
     1
102
RTVSPropertyOp12
 70
     1
102
RTVSPropertyOp13
 70
     1
102
RTVSPropertyOp14
 70
     1
102
RTVSPropertyOp15
 70
     1
102
RTVSPropertyOp16
 70
     1
102
RTVSPropertyOp17
 70
     1
102
RTVSPropertyOp18
 70
     1
102
RTVSPropertyOp19
 70
     1
102
RTVSPropertyOp20
 70
     1
102
RTVSPropertyOp21
 70
     1
102
RTVSPropertyOp22
 70
     1
102
RTVSPropertyOp23
 70
     1
102
RTVSPropertyOp24
 70
     1
102
RTVSPropertyOp25
 70
     1
102
RTVSPropertyOp26
 70
     1
102
RTVSPropertyOp27
 70
     1
102
RTVSPropertyOp28
 70
     1
102
RTVSPropertyOp29
 70
     1
102
RTVSPropertyOp30
 70
     1
102
RTVSPropertyOp31
 70
     1
102
RTVSPropertyOp32
 70
     1
102
RTVSPropertyOp33
 70
     1
102
RTVSPropertyOp34
 70
     1
102
RTVSPropertyOp35
 70
     1
102
RTVSPropertyOp36
 70
     1
102
RTVSPropertyOp37
 70
     1
102
RTVSPropertyOp38
 70
     1
102
RTVSPropertyOp39
 70
     1
102
RTVSPropertyOp40
 70
     1
102
RTVSPropertyOp41
 70
     1
102
RTVSPropertyOp42
 70
     1
102
RTVSPropertyOp43
 70
     1
102
RTVSPropertyOp44
 70
     1
102
RTVSPropertyOp45
 70
     1
102
RTVSPropertyOp46
 70
     1
102
RTVSPropertyOp47
 70
     1
102
RTVSPropertyOp48
 70
     1
102
RTVSPropertyOp49
 70
     1
102
RTVSPropertyOp50
 70
     1
102
RTVSPropertyOp51
 70
     0
102
RTVSPropertyOp52
 70
     0
102
RTVSPropertyOp53
 70
     1
102
RTVSPropertyOp54
 70
     1
102
RTVSPropertyOp55
 70
     1
102
RTVSPropertyOp56
 70
     1
102
RTVSPropertyOp57
 70
     1
102
RTVSPropertyOp58
 70
     1
102
RTVSPropertyOp59
 70
     1
102
RTVSPropertyOp60
 70
     1
102
RTVSPropertyOp61
 70
     1
102
RTVSPropertyOp62
 70
     1
  0
XRECORD
  5
2AF
102
{ACAD_REACTORS
330
2AE
102
}
330
2AE
100
AcDbXrecord
280
     1
102
RTVSPost2010Prop28
280
     0
102
RTVSPost2010PropOp28
 70
     1
102
RTVSPost2010Prop29
280
     1
102
RTVSPost2010PropOp29
 70
     1
102
RTVSPost2010Prop30
280
     1
102
RTVSPost2010PropOp30
 70
     1
102
RTVSPost2010Prop31
280
     0
102
RTVSPost2010PropOp31
 70
     1
102
RTVSPost2010Prop32
280
     0
102
RTVSPost2010PropOp32
 70
     1
102
RTVSPost2010Prop33
280
     0
102
RTVSPost2010PropOp33
 70
     1
102
RTVSPost2010Prop34
280
     0
102
RTVSPost2010PropOp34
 70
     1
102
RTVSPost2010Prop35
280
     0
102
RTVSPost2010PropOp35
 70
     1
102
RTVSPost2010Prop36
280
     0
102
RTVSPost2010PropOp36
 70
     1
102
RTVSPost2010Prop37
 90
       50
102
RTVSPost2010PropOp37
 70
     1
102
RTVSPost2010Prop38
140
0.0
102
RTVSPost2010PropOp38
 70
     1
102
RTVSPost2010Prop39
140
1.0
102
RTVSPost2010PropOp39
 70
     1
102
RTVSPost2010Prop40
 90
        0
102
RTVSPost2010PropOp40
 70
     1
102
RTVSPost2010Prop41ColorIndex
 90
       18
102
RTVSPost2010Prop41ColorRGB
 90
        0
102
RTVSPost2010PropOp41
 70
     1
102
RTVSPost2010Prop42
 90
       50
102
RTVSPost2010PropOp42
 70
     1
102
RTVSPost2010Prop43
 90
        3
102
RTVSPost2010PropOp43
 70
     1
102
RTVSPost2010Prop44ColorIndex
 90
        5
102
RTVSPost2010Prop44ColorRGB
 90
      255
102
RTVSPost2010PropOp44
 70
     1
102
RTVSPost2010Prop45
280
     0
102
RTVSPost2010PropOp45
 70
     1
102
RTVSPost2010Prop46
 90
       50
102
RTVSPost2010PropOp46
 70
     1
102
RTVSPost2010Prop47
 90
       50
102
RTVSPost2010PropOp47
 70
     1
102
RTVSPost2010Prop48
 90
       50
102
RTVSPost2010PropOp48
 70
     1
102
RTVSPost2010Prop49
280
     0
102
RTVSPost2010PropOp49
 70
     1
102
RTVSPost2010Prop50
 90
       50
102
RTVSPost2010PropOp50
 70
     1
102
RTVSPost2010Prop51ColorIndex
 90
      256
102
RTVSPost2010Prop51ColorRGB
 90
-16777216
102
RTVSPost2010PropOp51
 70
     0
102
RTVSPost2010Prop52
140
1.0
102
RTVSPost2010PropOp52
 70
     0
102
RTVSPost2010Prop53
 90
        2
102
RTVSPost2010PropOp53
 70
     1
102
RTVSPost2010Prop54
  1
strokes_ogs.tif
102
RTVSPost2010PropOp54
 70
     1
102
RTVSPost2010Prop55
280
     0
102
RTVSPost2010PropOp55
 70
     1
102
RTVSPost2010Prop56
140
1.0
102
RTVSPost2010PropOp56
 70
     1
102
RTVSPost2010Prop57
140
1.0
102
RTVSPost2010PropOp57
 70
     1
102
RTVSPropertyOp0
 70
     1
102
RTVSPropertyOp1
 70
     1
102
RTVSPropertyOp2
 70
     1
102
RTVSPropertyOp3
 70
     1
102
RTVSPropertyOp4
 70
     1
102
RTVSPropertyOp5
 70
     1
102
RTVSPropertyOp6
 70
     1
102
RTVSPropertyOp7
 70
     1
102
RTVSPropertyOp8
 70
     1
102
RTVSPropertyOp9
 70
     1
102
RTVSPropertyOp10
 70
     1
102
RTVSPropertyOp11
 70
     1
102
RTVSPropertyOp12
 70
     1
102
RTVSPropertyOp13
 70
     1
102
RTVSPropertyOp14
 70
     1
102
RTVSPropertyOp15
 70
     1
102
RTVSPropertyOp16
 70
     1
102
RTVSPropertyOp17
 70
     1
102
RTVSPropertyOp18
 70
     1
102
RTVSPropertyOp19
 70
     1
102
RTVSPropertyOp20
 70
     1
102
RTVSPropertyOp21
 70
     1
102
RTVSPropertyOp22
 70
     1
102
RTVSPropertyOp23
 70
     1
102
RTVSPropertyOp24
 70
     1
102
RTVSPropertyOp25
 70
     1
102
RTVSPropertyOp26
 70
     1
102
RTVSPropertyOp27
 70
     1
102
RTVSPropertyOp28
 70
     1
102
RTVSPropertyOp29
 70
     1
102
RTVSPropertyOp30
 70
     1
102
RTVSPropertyOp31
 70
     1
102
RTVSPropertyOp32
 70
     1
102
RTVSPropertyOp33
 70
     1
102
RTVSPropertyOp34
 70
     1
102
RTVSPropertyOp35
 70
     1
102
RTVSPropertyOp36
 70
     1
102
RTVSPropertyOp37
 70
     1
102
RTVSPropertyOp38
 70
     1
102
RTVSPropertyOp39
 70
     1
102
RTVSPropertyOp40
 70
     1
102
RTVSPropertyOp41
 70
     1
102
RTVSPropertyOp42
 70
     1
102
RTVSPropertyOp43
 70
     1
102
RTVSPropertyOp44
 70
     1
102
RTVSPropertyOp45
 70
     1
102
RTVSPropertyOp46
 70
     1
102
RTVSPropertyOp47
 70
     1
102
RTVSPropertyOp48
 70
     1
102
RTVSPropertyOp49
 70
     1
102
RTVSPropertyOp50
 70
     1
102
RTVSPropertyOp51
 70
     0
102
RTVSPropertyOp52
 70
     0
102
RTVSPropertyOp53
 70
     1
102
RTVSPropertyOp54
 70
     1
102
RTVSPropertyOp55
 70
     1
102
RTVSPropertyOp56
 70
     1
102
RTVSPropertyOp57
 70
     1
102
RTVSPropertyOp58
 70
     1
102
RTVSPropertyOp59
 70
     1
102
RTVSPropertyOp60
 70
     1
102
RTVSPropertyOp61
 70
     1
102
RTVSPropertyOp62
 70
     1
  0
XRECORD
  5
29F
102
{ACAD_REACTORS
330
29E
102
}
330
29E
100
AcDbXrecord
280
     1
102
RTVSPost2010Prop28
280
     0
102
RTVSPost2010PropOp28
 70
     1
102
RTVSPost2010Prop29
280
     1
102
RTVSPost2010PropOp29
 70
     1
102
RTVSPost2010Prop30
280
     1
102
RTVSPost2010PropOp30
 70
     1
102
RTVSPost2010Prop31
280
     0
102
RTVSPost2010PropOp31
 70
     1
102
RTVSPost2010Prop32
280
     0
102
RTVSPost2010PropOp32
 70
     1
102
RTVSPost2010Prop33
280
     0
102
RTVSPost2010PropOp33
 70
     1
102
RTVSPost2010Prop34
280
     0
102
RTVSPost2010PropOp34
 70
     1
102
RTVSPost2010Prop35
280
     0
102
RTVSPost2010PropOp35
 70
     1
102
RTVSPost2010Prop36
280
     0
102
RTVSPost2010PropOp36
 70
     1
102
RTVSPost2010Prop37
 90
       50
102
RTVSPost2010PropOp37
 70
     1
102
RTVSPost2010Prop38
140
0.0
102
RTVSPost2010PropOp38
 70
     1
102
RTVSPost2010Prop39
140
1.0
102
RTVSPost2010PropOp39
 70
     1
102
RTVSPost2010Prop40
 90
        0
102
RTVSPost2010PropOp40
 70
     1
102
RTVSPost2010Prop41ColorIndex
 90
       18
102
RTVSPost2010Prop41ColorRGB
 90
        0
102
RTVSPost2010PropOp41
 70
     1
102
RTVSPost2010Prop42
 90
       50
102
RTVSPost2010PropOp42
 70
     1
102
RTVSPost2010Prop43
 90
        3
102
RTVSPost2010PropOp43
 70
     1
102
RTVSPost2010Prop44ColorIndex
 90
        5
102
RTVSPost2010Prop44ColorRGB
 90
      255
102
RTVSPost2010PropOp44
 70
     1
102
RTVSPost2010Prop45
280
     0
102
RTVSPost2010PropOp45
 70
     1
102
RTVSPost2010Prop46
 90
       50
102
RTVSPost2010PropOp46
 70
     1
102
RTVSPost2010Prop47
 90
       50
102
RTVSPost2010PropOp47
 70
     1
102
RTVSPost2010Prop48
 90
       50
102
RTVSPost2010PropOp48
 70
     1
102
RTVSPost2010Prop49
280
     0
102
RTVSPost2010PropOp49
 70
     1
102
RTVSPost2010Prop50
 90
       50
102
RTVSPost2010PropOp50
 70
     1
102
RTVSPost2010Prop51ColorIndex
 90
      256
102
RTVSPost2010Prop51ColorRGB
 90
-16777216
102
RTVSPost2010PropOp51
 70
     0
102
RTVSPost2010Prop52
140
1.0
102
RTVSPost2010PropOp52
 70
     0
102
RTVSPost2010Prop53
 90
        2
102
RTVSPost2010PropOp53
 70
     1
102
RTVSPost2010Prop54
  1
strokes_ogs.tif
102
RTVSPost2010PropOp54
 70
     1
102
RTVSPost2010Prop55
280
     0
102
RTVSPost2010PropOp55
 70
     1
102
RTVSPost2010Prop56
140
1.0
102
RTVSPost2010PropOp56
 70
     1
102
RTVSPost2010Prop57
140
1.0
102
RTVSPost2010PropOp57
 70
     1
102
RTVSPropertyOp0
 70
     1
102
RTVSPropertyOp1
 70
     1
102
RTVSPropertyOp2
 70
     1
102
RTVSPropertyOp3
 70
     1
102
RTVSPropertyOp4
 70
     1
102
RTVSPropertyOp5
 70
     1
102
RTVSPropertyOp6
 70
     1
102
RTVSPropertyOp7
 70
     1
102
RTVSPropertyOp8
 70
     1
102
RTVSPropertyOp9
 70
     1
102
RTVSPropertyOp10
 70
     1
102
RTVSPropertyOp11
 70
     1
102
RTVSPropertyOp12
 70
     1
102
RTVSPropertyOp13
 70
     1
102
RTVSPropertyOp14
 70
     1
102
RTVSPropertyOp15
 70
     1
102
RTVSPropertyOp16
 70
     1
102
RTVSPropertyOp17
 70
     1
102
RTVSPropertyOp18
 70
     1
102
RTVSPropertyOp19
 70
     1
102
RTVSPropertyOp20
 70
     1
102
RTVSPropertyOp21
 70
     1
102
RTVSPropertyOp22
 70
     1
102
RTVSPropertyOp23
 70
     1
102
RTVSPropertyOp24
 70
     1
102
RTVSPropertyOp25
 70
     1
102
RTVSPropertyOp26
 70
     1
102
RTVSPropertyOp27
 70
     1
102
RTVSPropertyOp28
 70
     1
102
RTVSPropertyOp29
 70
     1
102
RTVSPropertyOp30
 70
     1
102
RTVSPropertyOp31
 70
     1
102
RTVSPropertyOp32
 70
     1
102
RTVSPropertyOp33
 70
     1
102
RTVSPropertyOp34
 70
     1
102
RTVSPropertyOp35
 70
     1
102
RTVSPropertyOp36
 70
     1
102
RTVSPropertyOp37
 70
     1
102
RTVSPropertyOp38
 70
     1
102
RTVSPropertyOp39
 70
     1
102
RTVSPropertyOp40
 70
     1
102
RTVSPropertyOp41
 70
     1
102
RTVSPropertyOp42
 70
     1
102
RTVSPropertyOp43
 70
     1
102
RTVSPropertyOp44
 70
     1
102
RTVSPropertyOp45
 70
     1
102
RTVSPropertyOp46
 70
     1
102
RTVSPropertyOp47
 70
     1
102
RTVSPropertyOp48
 70
     1
102
RTVSPropertyOp49
 70
     1
102
RTVSPropertyOp50
 70
     1
102
RTVSPropertyOp51
 70
     0
102
RTVSPropertyOp52
 70
     0
102
RTVSPropertyOp53
 70
     1
102
RTVSPropertyOp54
 70
     1
102
RTVSPropertyOp55
 70
     1
102
RTVSPropertyOp56
 70
     1
102
RTVSPropertyOp57
 70
     1
102
RTVSPropertyOp58
 70
     1
102
RTVSPropertyOp59
 70
     1
102
RTVSPropertyOp60
 70
     1
102
RTVSPropertyOp61
 70
     1
102
RTVSPropertyOp62
 70
     1
  0
XRECORD
  5
293
102
{ACAD_REACTORS
330
292
102
}
330
292
100
AcDbXrecord
280
     1
102
RTVSPost2010Prop28
280
     0
102
RTVSPost2010PropOp28
 70
     1
102
RTVSPost2010Prop29
280
     1
102
RTVSPost2010PropOp29
 70
     1
102
RTVSPost2010Prop30
280
     1
102
RTVSPost2010PropOp30
 70
     1
102
RTVSPost2010Prop31
280
     0
102
RTVSPost2010PropOp31
 70
     1
102
RTVSPost2010Prop32
280
     0
102
RTVSPost2010PropOp32
 70
     1
102
RTVSPost2010Prop33
280
     0
102
RTVSPost2010PropOp33
 70
     1
102
RTVSPost2010Prop34
280
     0
102
RTVSPost2010PropOp34
 70
     1
102
RTVSPost2010Prop35
280
     0
102
RTVSPost2010PropOp35
 70
     1
102
RTVSPost2010Prop36
280
     0
102
RTVSPost2010PropOp36
 70
     1
102
RTVSPost2010Prop37
 90
       50
102
RTVSPost2010PropOp37
 70
     1
102
RTVSPost2010Prop38
140
0.0
102
RTVSPost2010PropOp38
 70
     1
102
RTVSPost2010Prop39
140
1.0
102
RTVSPost2010PropOp39
 70
     1
102
RTVSPost2010Prop40
 90
        0
102
RTVSPost2010PropOp40
 70
     1
102
RTVSPost2010Prop41ColorIndex
 90
       18
102
RTVSPost2010Prop41ColorRGB
 90
        0
102
RTVSPost2010PropOp41
 70
     1
102
RTVSPost2010Prop42
 90
       50
102
RTVSPost2010PropOp42
 70
     1
102
RTVSPost2010Prop43
 90
        3
102
RTVSPost2010PropOp43
 70
     1
102
RTVSPost2010Prop44ColorIndex
 90
        5
102
RTVSPost2010Prop44ColorRGB
 90
      255
102
RTVSPost2010PropOp44
 70
     1
102
RTVSPost2010Prop45
280
     0
102
RTVSPost2010PropOp45
 70
     1
102
RTVSPost2010Prop46
 90
       50
102
RTVSPost2010PropOp46
 70
     1
102
RTVSPost2010Prop47
 90
       50
102
RTVSPost2010PropOp47
 70
     1
102
RTVSPost2010Prop48
 90
       50
102
RTVSPost2010PropOp48
 70
     1
102
RTVSPost2010Prop49
280
     0
102
RTVSPost2010PropOp49
 70
     1
102
RTVSPost2010Prop50
 90
       50
102
RTVSPost2010PropOp50
 70
     1
102
RTVSPost2010Prop51ColorIndex
 90
      256
102
RTVSPost2010Prop51ColorRGB
 90
-16777216
102
RTVSPost2010PropOp51
 70
     0
102
RTVSPost2010Prop52
140
1.0
102
RTVSPost2010PropOp52
 70
     0
102
RTVSPost2010Prop53
 90
        2
102
RTVSPost2010PropOp53
 70
     1
102
RTVSPost2010Prop54
  1
strokes_ogs.tif
102
RTVSPost2010PropOp54
 70
     1
102
RTVSPost2010Prop55
280
     0
102
RTVSPost2010PropOp55
 70
     1
102
RTVSPost2010Prop56
140
1.0
102
RTVSPost2010PropOp56
 70
     1
102
RTVSPost2010Prop57
140
1.0
102
RTVSPost2010PropOp57
 70
     1
102
RTVSPropertyOp0
 70
     1
102
RTVSPropertyOp1
 70
     1
102
RTVSPropertyOp2
 70
     1
102
RTVSPropertyOp3
 70
     1
102
RTVSPropertyOp4
 70
     1
102
RTVSPropertyOp5
 70
     1
102
RTVSPropertyOp6
 70
     1
102
RTVSPropertyOp7
 70
     1
102
RTVSPropertyOp8
 70
     1
102
RTVSPropertyOp9
 70
     1
102
RTVSPropertyOp10
 70
     1
102
RTVSPropertyOp11
 70
     1
102
RTVSPropertyOp12
 70
     1
102
RTVSPropertyOp13
 70
     1
102
RTVSPropertyOp14
 70
     1
102
RTVSPropertyOp15
 70
     1
102
RTVSPropertyOp16
 70
     1
102
RTVSPropertyOp17
 70
     1
102
RTVSPropertyOp18
 70
     1
102
RTVSPropertyOp19
 70
     1
102
RTVSPropertyOp20
 70
     1
102
RTVSPropertyOp21
 70
     1
102
RTVSPropertyOp22
 70
     1
102
RTVSPropertyOp23
 70
     1
102
RTVSPropertyOp24
 70
     1
102
RTVSPropertyOp25
 70
     1
102
RTVSPropertyOp26
 70
     1
102
RTVSPropertyOp27
 70
     1
102
RTVSPropertyOp28
 70
     1
102
RTVSPropertyOp29
 70
     1
102
RTVSPropertyOp30
 70
     1
102
RTVSPropertyOp31
 70
     1
102
RTVSPropertyOp32
 70
     1
102
RTVSPropertyOp33
 70
     1
102
RTVSPropertyOp34
 70
     1
102
RTVSPropertyOp35
 70
     1
102
RTVSPropertyOp36
 70
     1
102
RTVSPropertyOp37
 70
     1
102
RTVSPropertyOp38
 70
     1
102
RTVSPropertyOp39
 70
     1
102
RTVSPropertyOp40
 70
     1
102
RTVSPropertyOp41
 70
     1
102
RTVSPropertyOp42
 70
     1
102
RTVSPropertyOp43
 70
     1
102
RTVSPropertyOp44
 70
     1
102
RTVSPropertyOp45
 70
     1
102
RTVSPropertyOp46
 70
     1
102
RTVSPropertyOp47
 70
     1
102
RTVSPropertyOp48
 70
     1
102
RTVSPropertyOp49
 70
     1
102
RTVSPropertyOp50
 70
     1
102
RTVSPropertyOp51
 70
     0
102
RTVSPropertyOp52
 70
     0
102
RTVSPropertyOp53
 70
     1
102
RTVSPropertyOp54
 70
     1
102
RTVSPropertyOp55
 70
     1
102
RTVSPropertyOp56
 70
     1
102
RTVSPropertyOp57
 70
     1
102
RTVSPropertyOp58
 70
     1
102
RTVSPropertyOp59
 70
     1
102
RTVSPropertyOp60
 70
     1
102
RTVSPropertyOp61
 70
     1
102
RTVSPropertyOp62
 70
     1
  0
XRECORD
  5
2B1
102
{ACAD_REACTORS
330
2B0
102
}
330
2B0
100
AcDbXrecord
280
     1
102
RTVSPost2010Prop28
280
     0
102
RTVSPost2010PropOp28
 70
     1
102
RTVSPost2010Prop29
280
     1
102
RTVSPost2010PropOp29
 70
     1
102
RTVSPost2010Prop30
280
     1
102
RTVSPost2010PropOp30
 70
     1
102
RTVSPost2010Prop31
280
     0
102
RTVSPost2010PropOp31
 70
     1
102
RTVSPost2010Prop32
280
     0
102
RTVSPost2010PropOp32
 70
     1
102
RTVSPost2010Prop33
280
     0
102
RTVSPost2010PropOp33
 70
     1
102
RTVSPost2010Prop34
280
     0
102
RTVSPost2010PropOp34
 70
     1
102
RTVSPost2010Prop35
280
     0
102
RTVSPost2010PropOp35
 70
     1
102
RTVSPost2010Prop36
280
     0
102
RTVSPost2010PropOp36
 70
     1
102
RTVSPost2010Prop37
 90
       50
102
RTVSPost2010PropOp37
 70
     1
102
RTVSPost2010Prop38
140
0.0
102
RTVSPost2010PropOp38
 70
     1
102
RTVSPost2010Prop39
140
1.0
102
RTVSPost2010PropOp39
 70
     1
102
RTVSPost2010Prop40
 90
        0
102
RTVSPost2010PropOp40
 70
     1
102
RTVSPost2010Prop41ColorIndex
 90
       18
102
RTVSPost2010Prop41ColorRGB
 90
        0
102
RTVSPost2010PropOp41
 70
     1
102
RTVSPost2010Prop42
 90
       50
102
RTVSPost2010PropOp42
 70
     1
102
RTVSPost2010Prop43
 90
        3
102
RTVSPost2010PropOp43
 70
     1
102
RTVSPost2010Prop44ColorIndex
 90
        5
102
RTVSPost2010Prop44ColorRGB
 90
      255
102
RTVSPost2010PropOp44
 70
     1
102
RTVSPost2010Prop45
280
     0
102
RTVSPost2010PropOp45
 70
     1
102
RTVSPost2010Prop46
 90
       50
102
RTVSPost2010PropOp46
 70
     1
102
RTVSPost2010Prop47
 90
       50
102
RTVSPost2010PropOp47
 70
     1
102
RTVSPost2010Prop48
 90
       50
102
RTVSPost2010PropOp48
 70
     1
102
RTVSPost2010Prop49
280
     0
102
RTVSPost2010PropOp49
 70
     1
102
RTVSPost2010Prop50
 90
       50
102
RTVSPost2010PropOp50
 70
     1
102
RTVSPost2010Prop51ColorIndex
 90
      256
102
RTVSPost2010Prop51ColorRGB
 90
-16777216
102
RTVSPost2010PropOp51
 70
     0
102
RTVSPost2010Prop52
140
1.0
102
RTVSPost2010PropOp52
 70
     0
102
RTVSPost2010Prop53
 90
        2
102
RTVSPost2010PropOp53
 70
     1
102
RTVSPost2010Prop54
  1
strokes_ogs.tif
102
RTVSPost2010PropOp54
 70
     1
102
RTVSPost2010Prop55
280
     0
102
RTVSPost2010PropOp55
 70
     1
102
RTVSPost2010Prop56
140
1.0
102
RTVSPost2010PropOp56
 70
     1
102
RTVSPost2010Prop57
140
1.0
102
RTVSPost2010PropOp57
 70
     1
102
RTVSPropertyOp0
 70
     1
102
RTVSPropertyOp1
 70
     1
102
RTVSPropertyOp2
 70
     1
102
RTVSPropertyOp3
 70
     1
102
RTVSPropertyOp4
 70
     1
102
RTVSPropertyOp5
 70
     1
102
RTVSPropertyOp6
 70
     1
102
RTVSPropertyOp7
 70
     1
102
RTVSPropertyOp8
 70
     1
102
RTVSPropertyOp9
 70
     1
102
RTVSPropertyOp10
 70
     1
102
RTVSPropertyOp11
 70
     1
102
RTVSPropertyOp12
 70
     1
102
RTVSPropertyOp13
 70
     1
102
RTVSPropertyOp14
 70
     1
102
RTVSPropertyOp15
 70
     1
102
RTVSPropertyOp16
 70
     1
102
RTVSPropertyOp17
 70
     1
102
RTVSPropertyOp18
 70
     1
102
RTVSPropertyOp19
 70
     1
102
RTVSPropertyOp20
 70
     1
102
RTVSPropertyOp21
 70
     1
102
RTVSPropertyOp22
 70
     1
102
RTVSPropertyOp23
 70
     1
102
RTVSPropertyOp24
 70
     1
102
RTVSPropertyOp25
 70
     1
102
RTVSPropertyOp26
 70
     1
102
RTVSPropertyOp27
 70
     1
102
RTVSPropertyOp28
 70
     1
102
RTVSPropertyOp29
 70
     1
102
RTVSPropertyOp30
 70
     1
102
RTVSPropertyOp31
 70
     1
102
RTVSPropertyOp32
 70
     1
102
RTVSPropertyOp33
 70
     1
102
RTVSPropertyOp34
 70
     1
102
RTVSPropertyOp35
 70
     1
102
RTVSPropertyOp36
 70
     1
102
RTVSPropertyOp37
 70
     1
102
RTVSPropertyOp38
 70
     1
102
RTVSPropertyOp39
 70
     1
102
RTVSPropertyOp40
 70
     1
102
RTVSPropertyOp41
 70
     1
102
RTVSPropertyOp42
 70
     1
102
RTVSPropertyOp43
 70
     1
102
RTVSPropertyOp44
 70
     1
102
RTVSPropertyOp45
 70
     1
102
RTVSPropertyOp46
 70
     1
102
RTVSPropertyOp47
 70
     1
102
RTVSPropertyOp48
 70
     1
102
RTVSPropertyOp49
 70
     1
102
RTVSPropertyOp50
 70
     1
102
RTVSPropertyOp51
 70
     0
102
RTVSPropertyOp52
 70
     0
102
RTVSPropertyOp53
 70
     1
102
RTVSPropertyOp54
 70
     1
102
RTVSPropertyOp55
 70
     1
102
RTVSPropertyOp56
 70
     1
102
RTVSPropertyOp57
 70
     1
102
RTVSPropertyOp58
 70
     1
102
RTVSPropertyOp59
 70
     1
102
RTVSPropertyOp60
 70
     1
102
RTVSPropertyOp61
 70
     1
102
RTVSPropertyOp62
 70
     1
  0
ENDSEC
  0
EOF