  0
SECTION
  2
HEADER
  9
$ACADVER
  1
AC1021
  9
$ACADMAINTVER
 70
    50
  9
$DWGCODEPAGE
  3
ANSI_936
  9
$LASTSAVEDBY
  1
win10
  9
$INSBASE
 10
0.0
 20
0.0
 30
0.0
  9
$EXTMIN
 10
-3.083330976318947
 20
-68.55251785135624
 30
0.0
  9
$EXTMAX
 10
243.0101934157901
 20
119.8244141966261
 30
0.0
  9
$LIMMIN
 10
0.0
 20
0.0
  9
$LIMMAX
 10
420.0
 20
297.0
  9
$ORTHOMODE
 70
     0
  9
$REGENMODE
 70
     1
  9
$FILLMODE
 70
     1
  9
$QTEXTMODE
 70
     0
  9
$MIRRTEXT
 70
     0
  9
$LTSCALE
 40
1.0
  9
$ATTMODE
 70
     1
  9
$TEXTSIZE
 40
2.5
  9
$TRACEWID
 40
1.0
  9
$TEXTSTYLE
  7
Standard
  9
$CLAYER
  8
0
  9
$CELTYPE
  6
ByLayer
  9
$CECOLOR
 62
   256
  9
$CELTSCALE
 40
1.0
  9
$DISPSILH
 70
     0
  9
$DIMSCALE
 40
1.0
  9
$DIMASZ
 40
2.5
  9
$DIMEXO
 40
0.625
  9
$DIMDLI
 40
3.75
  9
$DIMRND
 40
0.0
  9
$DIMDLE
 40
0.0
  9
$DIMEXE
 40
1.25
  9
$DIMTP
 40
0.0
  9
$DIMTM
 40
0.0
  9
$DIMTXT
 40
2.5
  9
$DIMCEN
 40
2.5
  9
$DIMTSZ
 40
0.0
  9
$DIMTOL
 70
     0
  9
$DIMLIM
 70
     0
  9
$DIMTIH
 70
     0
  9
$DIMTOH
 70
     0
  9
$DIMSE1
 70
     0
  9
$DIMSE2
 70
     0
  9
$DIMTAD
 70
     1
  9
$DIMZIN
 70
     8
  9
$DIMBLK
  1

  9
$DIMASO
 70
     1
  9
$DIMSHO
 70
     1
  9
$DIMPOST
  1

  9
$DIMAPOST
  1

  9
$DIMALT
 70
     0
  9
$DIMALTD
 70
     3
  9
$DIMALTF
 40
0.03937007874016
  9
$DIMLFAC
 40
1.0
  9
$DIMTOFL
 70
     1
  9
$DIMTVP
 40
0.0
  9
$DIMTIX
 70
     0
  9
$DIMSOXD
 70
     0
  9
$DIMSAH
 70
     0
  9
$DIMBLK1
  1

  9
$DIMBLK2
  1

  9
$DIMSTYLE
  2
ISO-25
  9
$DIMCLRD
 70
     0
  9
$DIMCLRE
 70
     0
  9
$DIMCLRT
 70
     0
  9
$DIMTFAC
 40
1.0
  9
$DIMGAP
 40
0.625
  9
$DIMJUST
 70
     0
  9
$DIMSD1
 70
     0
  9
$DIMSD2
 70
     0
  9
$DIMTOLJ
 70
     0
  9
$DIMTZIN
 70
     8
  9
$DIMALTZ
 70
     0
  9
$DIMALTTZ
 70
     0
  9
$DIMUPT
 70
     0
  9
$DIMDEC
 70
     2
  9
$DIMTDEC
 70
     2
  9
$DIMALTU
 70
     2
  9
$DIMALTTD
 70
     3
  9
$DIMTXSTY
  7
Standard
  9
$DIMAUNIT
 70
     0
  9
$DIMADEC
 70
     0
  9
$DIMALTRND
 40
0.0
  9
$DIMAZIN
 70
     0
  9
$DIMDSEP
 70
    44
  9
$DIMATFIT
 70
     3
  9
$DIMFRAC
 70
     0
  9
$DIMLDRBLK
  1

  9
$DIMLUNIT
 70
     2
  9
$DIMLWD
 70
    -2
  9
$DIMLWE
 70
    -2
  9
$DIMTMOVE
 70
     0
  9
$DIMFXL
 40
1.0
  9
$DIMFXLON
 70
     0
  9
$DIMJOGANG
 40
0.7853981633974483
  9
$DIMTFILL
 70
     0
  9
$DIMTFILLCLR
 70
     0
  9
$DIMARCSYM
 70
     0
  9
$DIMLTYPE
  6

  9
$DIMLTEX1
  6

  9
$DIMLTEX2
  6

  9
$LUNITS
 70
     2
  9
$LUPREC
 70
     4
  9
$SKETCHINC
 40
1.0
  9
$FILLETRAD
 40
0.0
  9
$AUNITS
 70
     0
  9
$AUPREC
 70
     0
  9
$MENU
  1
.
  9
$ELEVATION
 40
0.0
  9
$PELEVATION
 40
0.0
  9
$THICKNESS
 40
0.0
  9
$LIMCHECK
 70
     0
  9
$CHAMFERA
 40
0.0
  9
$CHAMFERB
 40
0.0
  9
$CHAMFERC
 40
0.0
  9
$CHAMFERD
 40
0.0
  9
$SKPOLY
 70
     0
  9
$TDCREATE
 40
2458590.383113426
  9
$TDUCREATE
 40
2458590.049780092
  9
$TDUPDATE
 40
2458590.384224537
  9
$TDUUPDATE
 40
2458590.050891204
  9
$TDINDWG
 40
0.0011111111
  9
$TDUSRTIMER
 40
0.0011111111
  9
$USRTIMER
 70
     1
  9
$ANGBASE
 50
0.0
  9
$ANGDIR
 70
     0
  9
$PDMODE
 70
     0
  9
$PDSIZE
 40
0.0
  9
$PLINEWID
 40
0.0
  9
$SPLFRAME
 70
     0
  9
$SPLINETYPE
 70
     6
  9
$SPLINESEGS
 70
     8
  9
$HANDSEED
  5
2B8
  9
$SURFTAB1
 70
     6
  9
$SURFTAB2
 70
     6
  9
$SURFTYPE
 70
     6
  9
$SURFU
 70
     6
  9
$SURFV
 70
     6
  9
$UCSBASE
  2

  9
$UCSNAME
  2

  9
$UCSORG
 10
0.0
 20
0.0
 30
0.0
  9
$UCSXDIR
 10
1.0
 20
0.0
 30
0.0
  9
$UCSYDIR
 10
0.0
 20
1.0
 30
0.0
  9
$UCSORTHOREF
  2

  9
$UCSORTHOVIEW
 70
     0
  9
$UCSORGTOP
 10
0.0
 20
0.0
 30
0.0
  9
$UCSORGBOTTOM
 10
0.0
 20
0.0
 30
0.0
  9
$UCSORGLEFT
 10
0.0
 20
0.0
 30
0.0
  9
$UCSORGRIGHT
 10
0.0
 20
0.0
 30
0.0
  9
$UCSORGFRONT
 10
0.0
 20
0.0
 30
0.0
  9
$UCSORGBACK
 10
0.0
 20
0.0
 30
0.0
  9
$PUCSBASE
  2

  9
$PUCSNAME
  2

  9
$PUCSORG
 10
0.0
 20
0.0
 30
0.0
  9
$PUCSXDIR
 10
1.0
 20
0.0
 30
0.0
  9
$PUCSYDIR
 10
0.0
 20
1.0
 30
0.0
  9
$PUCSORTHOREF
  2

  9
$PUCSORTHOVIEW
 70
     0
  9
$PUCSORGTOP
 10
0.0
 20
0.0
 30
0.0
  9
$PUCSORGBOTTOM
 10
0.0
 20
0.0
 30
0.0
  9
$PUCSORGLEFT
 10
0.0
 20
0.0
 30
0.0
  9
$PUCSORGRIGHT
 10
0.0
 20
0.0
 30
0.0
  9
$PUCSORGFRONT
 10
0.0
 20
0.0
 30
0.0
  9
$PUCSORGBACK
 10
0.0
 20
0.0
 30
0.0
  9
$USERI1
 70
     0
  9
$USERI2
 70
     0
  9
$USERI3
 70
     0
  9
$USERI4
 70
     0
  9
$USERI5
 70
     0
  9
$USERR1
 40
0.0
  9
$USERR2
 40
0.0
  9
$USERR3
 40
0.0
  9
$USERR4
 40
0.0
  9
$USERR5
 40
0.0
  9
$WORLDVIEW
 70
     1
  9
$SHADEDGE
 70
     3
  9
$SHADEDIF
 70
    70
  9
$TILEMODE
 70
     1
  9
$MAXACTVP
 70
    64
  9
$PINSBASE
 10
0.0
 20
0.0
 30
0.0
  9
$PLIMCHECK
 70
     0
  9
$PEXTMIN
 10
0.0
 20
0.0
 30
0.0
  9
$PEXTMAX
 10
0.0
 20
0.0
 30
0.0
  9
$PLIMMIN
 10
0.0
 20
0.0
  9
$PLIMMAX
 10
12.0
 20
9.0
  9
$UNITMODE
 70
     0
  9
$VISRETAIN
 70
     1
  9
$PLINEGEN
 70
     0
  9
$PSLTSCALE
 70
     1
  9
$TREEDEPTH
 70
  3020
  9
$CMLSTYLE
  2
Standard
  9
$CMLJUST
 70
     0
  9
$CMLSCALE
 40
20.0
  9
$PROXYGRAPHICS
 70
     1
  9
$MEASUREMENT
 70
     1
  9
$CELWEIGHT
370
    -1
  9
$ENDCAPS
280
     0
  9
$JOINSTYLE
280
     0
  9
$LWDISPLAY
290
     0
  9
$INSUNITS
 70
     4
  9
$HYPERLINKBASE
  1

  9
$STYLESHEET
  1

  9
$XEDIT
290
     1
  9
$CEPSNTYPE
380
     0
  9
$PSTYLEMODE
290
     1
  9
$FINGERPRINTGUID
  2
{96A53CC7-ACDD-234C-B0F9-88300B14E85D}
  9
$VERSIONGUID
  2
{FDA5A254-6150-FA48-A4B8-168CBCE559AD}
  9
$EXTNAMES
290
     1
  9
$PSVPSCALE
 40
0.0
  9
$OLESTARTUP
290
     0
  9
$SORTENTS
280
   127
  9
$INDEXCTL
280
     0
  9
$HIDETEXT
280
     1
  9
$XCLIPFRAME
290
     0
  9
$HALOGAP
280
     0
  9
$OBSCOLOR
 70
   257
  9
$OBSLTYPE
280
     0
  9
$INTERSECTIONDISPLAY
280
     0
  9
$INTERSECTIONCOLOR
 70
   257
  9
$DIMASSOC
280
     2
  9
$PROJECTNAME
  1

  9
$CAMERADISPLAY
290
     0
  9
$LENSLENGTH
 40
50.0
  9
$CAMERAHEIGHT
 40
0.0
  9
$STEPSPERSEC
 40
2.0
  9
$STEPSIZE
 40
6.0
  9
$3DDWFPREC
 40
2.0
  9
$PSOLWIDTH
 40
5.0
  9
$PSOLHEIGHT
 40
80.0
  9
$LOFTANG1
 40
1.570796326794896
  9
$LOFTANG2
 40
1.570796326794896
  9
$LOFTMAG1
 40
0.0
  9
$LOFTMAG2
 40
0.0
  9
$LOFTPARAM
 70
     7
  9
$LOFTNORMALS
280
     1
  9
$LATITUDE
 40
37.795
  9
$LONGITUDE
 40
-122.394
  9
$NORTHDIRECTION
 40
0.0
  9
$TIMEZONE
 70
 -8000
  9
$LIGHTGLYPHDISPLAY
280
     1
  9
$TILEMODELIGHTSYNCH
280
     1
  9
$CMATERIAL
347
EC
  9
$SOLIDHIST
280
     0
  9
$SHOWHIST
280
     1
  9
$DWFFRAME
280
     2
  9
$DGNFRAME
280
     0
  9
$REALWORLDSCALE
290
     1
  9
$INTERFERECOLOR
 62
     1
  9
$INTERFEREOBJVS
345
F9
  9
$INTERFEREVPVS
346
F6
  9
$CSHADOW
280
     0
  9
$SHADOWPLANELOCATION
 40
0.0
  0
ENDSEC
  0
SECTION
  2
CLASSES
  0
CLASS
  1
ACDBDICTIONARYWDFLT
  2
AcDbDictionaryWithDefault
  3
ObjectDBX Classes
 90
        0
 91
        1
280
     0
281
     0
  0
CLASS
  1
DICTIONARYVAR
  2
AcDbDictionaryVar
  3
ObjectDBX Classes
 90
        0
 91
       12
280
     0
281
     0
  0
CLASS
  1
TABLESTYLE
  2
AcDbTableStyle
  3
ObjectDBX Classes
 90
     4095
 91
        1
280
     0
281
     0
  0
CLASS
  1
MATERIAL
  2
AcDbMaterial
  3
ObjectDBX Classes
 90
     1153
 91
        3
280
     0
281
     0
  0
CLASS
  1
VISUALSTYLE
  2
AcDbVisualStyle
  3
ObjectDBX Classes
 90
     4095
 91
       24
280
     0
281
     0
  0
CLASS
  1
SCALE
  2
AcDbScale
  3
ObjectDBX Classes
 90
     1153
 91
       17
280
     0
281
     0
  0
CLASS
  1
MLEADERSTYLE
  2
AcDbMLeaderStyle
  3
ACDB_MLEADERSTYLE_CLASS
 90
     4095
 91
        2
280
     0
281
     0
  0
CLASS
  1
CELLSTYLEMAP
  2
AcDbCellStyleMap
  3
ObjectDBX Classes
 90
     1152
 91
        1
280
     0
281
     0
  0
CLASS
  1
EXACXREFPANELOBJECT
  2
ExAcXREFPanelObject
  3
EXAC_ESW
 90
     1025
 91
        0
280
     0
281
     0
  0
CLASS
  1
NPOCOLLECTION
  2
AcDbImpNonPersistentObjectsCollection
  3
ObjectDBX Classes
 90
     1153
 91
        0
280
     0
281
     0
  0
CLASS
  1
LAYER_INDEX
  2
AcDbLayerIndex
  3
ObjectDBX Classes
 90
        0
 91
        0
280
     0
281
     0
  0
CLASS
  1
SPATIAL_INDEX
  2
AcDbSpatialIndex
  3
ObjectDBX Classes
 90
        0
 91
        0
280
     0
281
     0
  0
CLASS
  1
IDBUFFER
  2
AcDbIdBuffer
  3
ObjectDBX Classes
 90
        0
 91
        0
280
     0
281
     0
  0
CLASS
  1
ACDBSECTIONVIEWSTYLE
  2
AcDbSectionViewStyle
  3
ObjectDBX Classes
 90
     1025
 91
        1
280
     0
281
     0
  0
CLASS
  1
ACDBDETAILVIEWSTYLE
  2
AcDbDetailViewStyle
  3
ObjectDBX Classes
 90
     1025
 91
        1
280
     0
281
     0
  0
ENDSEC
  0
SECTION
  2
TABLES
  0
TABLE
  2
VPORT
  5
8
330
0
100
AcDbSymbolTable
 70
     1
  0
VPORT
  5
EA
330
8
100
AcDbSymbolTableRecord
100
AcDbViewportTableRecord
  2
*Active
 70
     0
 10
0.0
 20
0.0
 11
1.0
 21
1.0
 12
26.13531116233776
 22
8.376287332784158
 13
0.0
 23
0.0
 14
10.0
 24
10.0
 15
10.0
 25
10.0
 16
0.0
 26
0.0
 36
1.0
 17
0.0
 27
0.0
 37
0.0
 40
393.0272442228397
 41
2.104271356783919
 42
50.0
 43
0.0
 44
0.0
 50
0.0
 51
0.0
 71
     0
 72
  1000
 73
     1
 74
     3
 75
     0
 76
     1
 77
     0
 78
     0
281
     0
 65
     1
110
0.0
120
0.0
130
0.0
111
1.0
121
0.0
131
0.0
112
0.0
122
1.0
132
0.0
 79
     0
146
0.0
348
F5
 60
     3
 61
     5
292
     1
282
     1
141
0.0
142
0.0
 63
   250
421
  3355443
1001
ACAD_NAV_VCDISPLAY
1070
     3
  0
ENDTAB
  0
TABLE
  2
LTYPE
  5
5
330
0
100
AcDbSymbolTable
 70
     2
  0
LTYPE
  5
14
330
5
100
AcDbSymbolTableRecord
100
AcDbLinetypeTableRecord
  2
ByBlock
 70
     0
  3

 72
    65
 73
     0
 40
0.0
  0
LTYPE
  5
15
330
5
100
AcDbSymbolTableRecord
100
AcDbLinetypeTableRecord
  2
ByLayer
 70
     0
  3

 72
    65
 73
     0
 40
0.0
  0
LTYPE
  5
16
330
5
100
AcDbSymbolTableRecord
100
AcDbLinetypeTableRecord
  2
Continuous
 70
     0
  3
Solid line
 72
    65
 73
     0
 40
0.0
  0
ENDTAB
  0
TABLE
  2
LAYER
  5
2
102
{ACAD_XDICTIONARY
360
1FF
102
}
330
0
100
AcDbSymbolTable
 70
     1
0
LAYER
5
b02
100
AcDbSymbolTableRecord
100
AcDbLayerTableRecord
2
TopLayer
70
0
420
16711680
6
Continuous
370
-3
390
F
347
21
0
LAYER
5
b03
100
AcDbSymbolTableRecord
100
AcDbLayerTableRecord
2
BottomLayer
70
0
420
255
6
Continuous
370
-3
390
F
347
21
0
LAYER
5
b04
100
AcDbSymbolTableRecord
100
AcDbLayerTableRecord
2
TopSilkLayer
70
0
420
16763904
6
Continuous
370
-3
390
F
347
21
0
LAYER
5
b05
100
AcDbSymbolTableRecord
100
AcDbLayerTableRecord
2
BottomSilkLayer
70
0
420
6736947
6
Continuous
370
-3
390
F
347
21
0
LAYER
5
b06
100
AcDbSymbolTableRecord
100
AcDbLayerTableRecord
2
TopPasteMaskLayer
70
0
420
8421504
6
Continuous
370
-3
390
F
347
21
0
LAYER
5
b07
100
AcDbSymbolTableRecord
100
AcDbLayerTableRecord
2
TopSolderMaskLayer
70
0
420
8388736
6
Continuous
370
-3
390
F
347
21
0
LAYER
5
b08
100
AcDbSymbolTableRecord
100
AcDbLayerTableRecord
2
BottomSolderMaskLayer
70
0
420
11141375
6
Continuous
370
-3
390
F
347
21
0
LAYER
5
b09
100
AcDbSymbolTableRecord
100
AcDbLayerTableRecord
2
BoardOutLine
70
0
420
16711935
6
Continuous
370
-3
390
F
347
21
0
LAYER
5
b0a
100
AcDbSymbolTableRecord
100
AcDbLayerTableRecord
2
Multi-Layer
70
0
420
12632256
6
Continuous
370
-3
390
F
347
21
0
LAYER
5
b0b
100
AcDbSymbolTableRecord
100
AcDbLayerTableRecord
2
Document
70
0
420
16777215
6
Continuous
370
-3
390
F
347
21
0
LAYER
5
b0c
100
AcDbSymbolTableRecord
100
AcDbLayerTableRecord
2
Hole
70
0
420
2236962
6
Continuous
370
-3
390
F
347
21
  0
LAYER
  5
10
102
{ACAD_XDICTIONARY
360
13C
102
}
330
2
100
AcDbSymbolTableRecord
100
AcDbLayerTableRecord
  2
0
 70
     0
 62
     7
  6
Continuous
370
    -3
390
F
347
EE
  0
ENDTAB
  0
TABLE
  2
STYLE
  5
3
330
0
100
AcDbSymbolTable
 70
     2
  0
STYLE
  5
11
330
3
100
AcDbSymbolTableRecord
100
AcDbTextStyleTableRecord
  2
Standard
 70
     0
 40
0.0
 41
1.0
 50
0.0
 71
     0
 42
2.5
  3
arial.ttf
  4

1001
ACAD
1000
Arial
1071
       34
  0
STYLE
  5
132
330
3
100
AcDbSymbolTableRecord
100
AcDbTextStyleTableRecord
  2
Annotative
 70
     0
 40
0.0
 41
1.0
 50
0.0
 71
     0
 42
2.5
  3
arial.ttf
  4

1001
AcadAnnotative
1000
AnnotativeData
1002
{
1070
     1
1070
     1
1002
}
1001
ACAD
1000
Arial
1071
       34
  0
ENDTAB
  0
TABLE
  2
VIEW
  5
6
330
0
100
AcDbSymbolTable
 70
     0
  0
ENDTAB
  0
TABLE
  2
UCS
  5
7
330
0
100
AcDbSymbolTable
 70
     0
  0
ENDTAB
  0
TABLE
  2
APPID
  5
9
330
0
100
AcDbSymbolTable
 70
     9
  0
APPID
  5
12
330
9
100
AcDbSymbolTableRecord
100
AcDbRegAppTableRecord
  2
ACAD
 70
     0
  0
APPID
  5
9E
330
9
100
AcDbSymbolTableRecord
100
AcDbRegAppTableRecord
  2
ACAD_PSEXT
 70
     0
  0
APPID
  5
133
330
9
100
AcDbSymbolTableRecord
100
AcDbRegAppTableRecord
  2
AcadAnnoPO
 70
     0
  0
APPID
  5
134
330
9
100
AcDbSymbolTableRecord
100
AcDbRegAppTableRecord
  2
AcadAnnotative
 70
     0
  0
APPID
  5
135
330
9
100
AcDbSymbolTableRecord
100
AcDbRegAppTableRecord
  2
ACAD_DSTYLE_DIMJAG
 70
     0
  0
APPID
  5
136
330
9
100
AcDbSymbolTableRecord
100
AcDbRegAppTableRecord
  2
ACAD_DSTYLE_DIMTALN
 70
     0
  0
APPID
  5
165
330
9
100
AcDbSymbolTableRecord
100
AcDbRegAppTableRecord
  2
ACAD_MLEADERVER
 70
     0
  0
APPID
  5
217
330
9
100
AcDbSymbolTableRecord
100
AcDbRegAppTableRecord
  2
ACAD_NAV_VCDISPLAY
 70
     0
  0
APPID
  5
26E
330
9
100
AcDbSymbolTableRecord
100
AcDbRegAppTableRecord
  2
ACAD_EXEMPT_FROM_CAD_STANDARDS
 70
     0
  0
ENDTAB
  0
TABLE
  2
DIMSTYLE
  5
A
330
0
100
AcDbSymbolTable
 70
     4
100
AcDbDimStyleTable
 71
     2
340
27
340
137
  0
DIMSTYLE
105
1B0
330
A
100
AcDbSymbolTableRecord
100
AcDbDimStyleTableRecord
  2
Standard
 70
     0
340
11
  0
DIMSTYLE
105
137
330
A
100
AcDbSymbolTableRecord
100
AcDbDimStyleTableRecord
  2
Annotative
 70
     0
 40
0.0
 41
2.5
 42
0.625
 43
3.75
 44
1.25
 73
     0
 74
     0
 77
     1
 78
     8
140
2.5
141
2.5
143
0.03937007874016
147
0.625
171
     3
172
     1
271
     2
272
     2
274
     3
278
    44
283
     0
284
     8
340
11
1001
AcadAnnotative
1000
AnnotativeData
1002
{
1070
     1
1070
     1
1002
}
1001
ACAD_DSTYLE_DIMJAG
1070
   388
1040
1.5
1001
ACAD_DSTYLE_DIMTALN
1070
   392
1070
     0
  0
DIMSTYLE
105
27
330
A
100
AcDbSymbolTableRecord
100
AcDbDimStyleTableRecord
  2
ISO-25
 70
     0
 41
2.5
 42
0.625
 43
3.75
 44
1.25
 73
     0
 74
     0
 77
     1
 78
     8
140
2.5
141
2.5
143
0.03937007874016
147
0.625
171
     3
172
     1
271
     2
272
     2
274
     3
278
    44
283
     0
284
     8
340
11
  0
ENDTAB
  0
TABLE
  2
BLOCK_RECORD
  5
1
330
0
100
AcDbSymbolTable
 70
     2
  0
BLOCK_RECORD
  5
1F
102
{ACAD_XDICTIONARY
360
1CE
102
}
330
1
100
AcDbSymbolTableRecord
100
AcDbBlockTableRecord
  2
*Model_Space
340
22
 70
     0
280
     1
281
     0
  0
BLOCK_RECORD
  5
D2
330
1
100
AcDbSymbolTableRecord
100
AcDbBlockTableRecord
  2
*Paper_Space
340
D3
 70
     0
280
     1
281
     0
  0
BLOCK_RECORD
  5
D6
330
1
100
AcDbSymbolTableRecord
100
AcDbBlockTableRecord
  2
*Paper_Space0
340
D7
 70
     0
280
     1
281
     0
  0
ENDTAB
  0
ENDSEC
  0
SECTION
  2
BLOCKS
  0
BLOCK
  5
20
330
1F
100
AcDbEntity
  8
0
100
AcDbBlockBegin
  2
*Model_Space
 70
     0
 10
0.0
 20
0.0
 30
0.0
  3
*Model_Space
  1

  0
ENDBLK
  5
21
330
1F
100
AcDbEntity
  8
0
100
AcDbBlockEnd
  0
BLOCK
  5
D4
330
D2
100
AcDbEntity
 67
     1
  8
0
100
AcDbBlockBegin
  2
*Paper_Space
 70
     0
 10
0.0
 20
0.0
 30
0.0
  3
*Paper_Space
  1

  0
ENDBLK
  5
D5
330
D2
100
AcDbEntity
 67
     1
  8
0
100
AcDbBlockEnd
  0
BLOCK
  5
D8
330
D6
100
AcDbEntity
 67
     1
  8
0
100
AcDbBlockBegin
  2
*Paper_Space0
 70
     0
 10
0.0
 20
0.0
 30
0.0
  3
*Paper_Space0
  1

  0
ENDBLK
  5
D9
330
D6
100
AcDbEntity
 67
     1
  8
0
100
AcDbBlockEnd
  0
ENDSEC
  0
SECTION
  2
ENTITIES
  0
LWPOLYLINE
  5
3e8
330
1F
100
AcDbEntity
  8
BottomLayer
100
AcDbPolyline
 90
6
 70
 0
 43
0.25400050800101603 
 10
-0.11137922275838719
 20
72.16103632207273
 10
-1.2797815595631619
 20
70.99263398526807
 10
-1.2797815595631619
 20
67.58394716789451
 10
8.704978409956766
 20
57.599187198374466
 10
8.704978409956766
 20
5.887223774447648
 10
6.645034290068679
 20
3.8272796545594474
 10
6.170053340106733
 20
3.8272796545594474
  0
LWPOLYLINE
  5
3e9
330
1F
100
AcDbEntity
  8
BottomLayer
100
AcDbPolyline
 90
2
 70
 0
 43
1 
 10
-15.359994919989731
 20
65.28001016002042
 10
-19.95643891287773
 20
61.36601473202961
 10
-19.95844551689106
 20
4.3298958597918045
  0
LWPOLYLINE
  5
3ea
330
1F
100
AcDbEntity
  8
BottomLayer
100
AcDbPolyline
 90
3
 70
 0
 43
0.25400050800101603 
 10
6.170053340106733
 20
11.828295656591422
 10
7.678816357632741
 20
13.33705867411743
 10
7.678816357632741
 20
56.832105664211326
 10
-3.583566167132176
 20
68.09702819405652
  0
LWPOLYLINE
  5
3eb
330
1F
100
AcDbEntity
  8
BottomLayer
100
AcDbPolyline
 90
7
 70
 0
 43
0.25400050800101603 
 10
11.52438404876807
 20
82.16103632207273
 10
11.02400304800608
 20
82.16103632207273
 10
2.560706121412295
 20
90.62433324866652
 10
0.7674625349250164
 20
90.62433324866652
 10
-6.400431800863544
 20
97.7922275844553
 10
-6.400431800863544
 20
102.39979679959367
 10
-8.0412750825501
 20
104.04064008128023
 10
-8.0412750825501
 20
110.72339344678699
  0
LWPOLYLINE
  5
3ec
330
1F
100
AcDbEntity
  8
BottomLayer
100
AcDbPolyline
 90
1
 70
 0
 43
1 
 10
-19.967386334772527
 20
12.358623317246725
 10
-12.957988315976536
 20
12.36624333248676
  0
LWPOLYLINE
  5
3ed
330
1F
100
AcDbEntity
  8
BottomLayer
100
AcDbPolyline
 90
1
 70
 0
 43
1 
 10
-19.967386334772527
 20
32.399288798577686
 10
-12.957988315976536
 20
32.36624333248676
  0
LWPOLYLINE
  5
3ee
330
1F
100
AcDbEntity
  8
BottomLayer
100
AcDbPolyline
 90
1
 70
 0
 43
1 
 10
-19.95844551689106
 20
48.35041910083828
 10
-12.957937515875074
 20
48.36629413258834
  0
LWPOLYLINE
  5
3ef
330
1F
100
AcDbEntity
  8
BottomLayer
100
AcDbPolyline
 90
1
 70
 0
 43
1 
 10
-19.95844551689106
 20
44.34086868173745
 10
-12.957937515875074
 20
44.36629413258834
  0
LWPOLYLINE
  5
3f0
330
1F
100
AcDbEntity
  8
BottomLayer
100
AcDbPolyline
 90
1
 70
 0
 43
1 
 10
-19.95844551689106
 20
40.370916941834025
 10
-12.957937515875074
 20
40.36626873253749
  0
LWPOLYLINE
  5
3f1
330
1F
100
AcDbEntity
  8
BottomLayer
100
AcDbPolyline
 90
1
 70
 0
 43
1 
 10
-19.957454914909704
 20
36.36167132334276
 10
-12.957988315976536
 20
36.366268732537606
  0
LWPOLYLINE
  5
3f2
330
1F
100
AcDbEntity
  8
BottomLayer
100
AcDbPolyline
 90
1
 70
 0
 43
1 
 10
-19.95844551689106
 20
28.356692913385814
 10
-12.957937515875074
 20
28.366294132588337
  0
LWPOLYLINE
  5
3f3
330
1F
100
AcDbEntity
  8
BottomLayer
100
AcDbPolyline
 90
1
 70
 0
 43
1 
 10
-19.95844551689106
 20
24.351968503937087
 10
-12.957937515875074
 20
24.366294132588337
  0
LWPOLYLINE
  5
3f4
330
1F
100
AcDbEntity
  8
BottomLayer
100
AcDbPolyline
 90
1
 70
 0
 43
1 
 10
-19.95844551689106
 20
20.35567691135384
 10
-12.957937515875074
 20
20.366268732537606
  0
LWPOLYLINE
  5
3f5
330
1F
100
AcDbEntity
  8
BottomLayer
100
AcDbPolyline
 90
1
 70
 0
 43
1 
 10
-19.95844551689106
 20
16.32235204470419
 10
-12.957937515875074
 20
16.366268732537492
  0
LWPOLYLINE
  5
3f6
330
1F
100
AcDbEntity
  8
BottomLayer
100
AcDbPolyline
 90
1
 70
 0
 43
1 
 10
-19.95844551689106
 20
8.339497078994214
 10
-12.957937515875074
 20
8.36624333248676
  0
LWPOLYLINE
  5
3f7
330
1F
100
AcDbEntity
  8
BottomLayer
100
AcDbPolyline
 90
1
 70
 0
 43
1 
 10
-19.95844551689106
 20
4.3298958597918045
 10
-12.957937515875074
 20
4.366294132588337
  0
LWPOLYLINE
  5
3f8
330
1F
100
AcDbEntity
  8
BottomLayer
100
AcDbPolyline
 90
1
 70
 0
 43
1 
 10
-10.958470916941678
 20
46.37287274574555
 10
-17.957937515875074
 20
46.36629413258834
  0
LWPOLYLINE
  5
3f9
330
1F
100
AcDbEntity
  8
BottomLayer
100
AcDbPolyline
 90
1
 70
 0
 43
1 
 10
-10.958470916941678
 20
42.35214630429266
 10
-17.957937515875074
 20
42.366268732537606
  0
LWPOLYLINE
  5
3fa
330
1F
100
AcDbEntity
  8
BottomLayer
100
AcDbPolyline
 90
1
 70
 0
 43
1 
 10
-10.958470916941678
 20
38.338912877825805
 10
-17.957937515875074
 20
38.366268732537606
  0
LWPOLYLINE
  5
3fb
330
1F
100
AcDbEntity
  8
BottomLayer
100
AcDbPolyline
 90
1
 70
 0
 43
1 
 10
-10.958470916941678
 20
34.351130302260685
 10
-17.957937515875074
 20
34.36624333248676
  0
LWPOLYLINE
  5
3fc
330
1F
100
AcDbEntity
  8
BottomLayer
100
AcDbPolyline
 90
1
 70
 0
 43
1 
 10
-10.958470916941678
 20
30.388696977394034
 10
-17.957937515875074
 20
30.36624333248676
  0
LWPOLYLINE
  5
3fd
330
1F
100
AcDbEntity
  8
BottomLayer
100
AcDbPolyline
 90
1
 70
 0
 43
1 
 10
-10.958470916941678
 20
26.35011430022871
 10
-17.957937515875074
 20
26.366294132588337
  0
LWPOLYLINE
  5
3fe
330
1F
100
AcDbEntity
  8
BottomLayer
100
AcDbPolyline
 90
1
 70
 0
 43
1 
 10
-10.958470916941678
 20
22.353822707645463
 10
-17.957937515875074
 20
22.366268732537492
  0
LWPOLYLINE
  5
3ff
330
1F
100
AcDbEntity
  8
BottomLayer
100
AcDbPolyline
 90
1
 70
 0
 43
1 
 10
-10.958470916941678
 20
18.336195072390183
 10
-17.957937515875074
 20
18.366268732537492
  0
LWPOLYLINE
  5
400
330
1F
100
AcDbEntity
  8
BottomLayer
100
AcDbPolyline
 90
1
 70
 0
 43
1 
 10
-10.958470916941678
 20
14.344729489459041
 10
-17.957937515875074
 20
14.36624333248676
  0
LWPOLYLINE
  5
401
330
1F
100
AcDbEntity
  8
BottomLayer
100
AcDbPolyline
 90
1
 70
 0
 43
1 
 10
-10.957988315976536
 20
10.353848107696308
 10
-17.957937515875074
 20
10.36624333248676
  0
LWPOLYLINE
  5
402
330
1F
100
AcDbEntity
  8
BottomLayer
100
AcDbPolyline
 90
1
 70
 0
 43
1 
 10
-10.958470916941678
 20
6.343713487427067
 10
-17.957937515875074
 20
6.366294132588337
  0
LWPOLYLINE
  5
403
330
1F
100
AcDbEntity
  8
BottomLayer
100
AcDbPolyline
 90
1
 70
 0
 43
1 
 10
-10.957988315976536
 20
2.3850139700280124
 10
-17.957937515875074
 20
2.3662687325376055
  0
LWPOLYLINE
  5
404
330
1F
100
AcDbEntity
  8
BottomLayer
100
AcDbPolyline
 90
1
 70
 0
 43
1 
 10
-10.958470916941678
 20
50.34615189230385
 10
-17.957937515875074
 20
50.36624333248676
  0
LWPOLYLINE
  5
405
330
1F
100
AcDbEntity
  8
BottomLayer
100
AcDbPolyline
 90
1
 70
 0
 43
1 
 10
-11.008001016002027
 20
65.28001016002042
 10
-10.957988315976536
 20
2.3662687325376055
  0
LWPOLYLINE
  5
406
330
1F
100
AcDbEntity
  8
BottomLayer
100
AcDbPolyline
 90
3
 70
 0
 43
0.25400050800101603 
 10
-16.886334772669443
 20
128.65963931927877
 10
-15.753949707899437
 20
129.7920243840489
 10
2.0579883159766723
 20
129.7920243840489
 10
3.1898653797306906
 20
128.66014732029475
  0
LWPOLYLINE
  5
407
330
1F
100
AcDbEntity
  8
BottomLayer
100
AcDbPolyline
 90
2
 70
 0
 43
0.25400050800101603 
 10
-16.470027940055843
 20
93.96901193802398
 10
-20.54013208026413
 20
89.8989077978157
 10
-20.54013208026413
 20
87.93002286004582
  0
LWPOLYLINE
  5
408
330
1F
100
AcDbEntity
  8
BottomLayer
100
AcDbPolyline
 90
2
 70
 0
 43
0.25400050800101603 
 10
-0.2560071120142311
 20
87.15989331978676
 10
-2.2557531115062375
 20
85.16014732029475
 10
-8.990068580137176
 20
85.16014732029475
  0
LWPOLYLINE
  5
409
330
1F
100
AcDbEntity
  8
BottomLayer
100
AcDbPolyline
 90
7
 70
 0
 43
0.25400050800101603 
 10
-20.540640081280117
 20
87.92938785877584
 10
-17.274193548387075
 20
87.92938785877584
 10
-13.055245110490205
 20
83.71297942595902
 10
-10.751460502920963
 20
83.71297942595902
 10
-9.727838455676874
 20
84.736601473203
 10
-0.5127000254001359
 20
84.736601473203
 10
0.9605029210058547
 20
83.26339852679712
 10
0.9605029210058547
 20
83.15925831851666
  0
LWPOLYLINE
  5
40a
330
1F
100
AcDbEntity
  8
BottomLayer
100
AcDbPolyline
 90
4
 70
 0
 43
0.25400050800101603 
 10
-8.990068580137176
 20
85.16014732029475
 10
-8.44800609601225
 20
84.61808483616983
 10
-8.44800609601225
 20
73.47200914401833
 10
-9.970002540004998
 20
71.95001270002547
 10
-10.130124460248908
 20
71.95001270002547
  0
LWPOLYLINE
  5
40b
330
1F
100
AcDbEntity
  8
BottomLayer
100
AcDbPolyline
 90
2
 70
 0
 43
0.25400050800101603 
 10
-10.130124460248908
 20
71.95001270002547
 10
-12.340182880365774
 20
74.16007112014233
 10
-21.040005080010133
 20
74.16007112014233
  0
LWPOLYLINE
  5
40c
330
1F
100
AcDbEntity
  8
BottomLayer
100
AcDbPolyline
 90
4
 70
 0
 43
0.25400050800101603 
 10
-21.040005080010133
 20
79.16007112014233
 10
-19.44795529591056
 20
77.56802133604276
 10
-14.336017272034496
 20
77.56802133604276
 10
-12.67012954025904
 20
79.23390906781822
 10
-12.67012954025904
 20
79.57002794005598
  0
LWPOLYLINE
  5
40d
330
1F
100
AcDbEntity
  8
BottomLayer
100
AcDbPolyline
 90
2
 70
 0
 43
0.25400050800101603 
 10
-5.310007620015313
 20
69.16002032004076
 10
-2.782016764033642
 20
71.68801117602243
 10
-2.2400050800099507
 20
71.68801117602243
  0
LWPOLYLINE
  5
40e
330
1F
100
AcDbEntity
  8
BottomLayer
100
AcDbPolyline
 90
4
 70
 0
 43
0.25400050800101603 
 10
-5.310007620015313
 20
69.16002032004076
 10
-6.806019812039494
 20
70.65603251206517
 10
-13.824003048006034
 20
70.65603251206517
 10
-15.117983235966449
 20
71.95001270002547
 10
-15.210134620269173
 20
71.95001270002547
  0
LWPOLYLINE
  5
40f
330
1F
100
AcDbEntity
  8
BottomLayer
100
AcDbPolyline
 90
1
 70
 0
 43
0.25400050800101603 
 10
-2.2399034798067987
 20
80.3246126492254
 10
-4.739268478536815
 20
80.33223266446532
  0
LWPOLYLINE
  5
410
330
1F
100
AcDbEntity
  8
BottomLayer
100
AcDbPolyline
 90
1
 70
 0
 43
0.25400050800101603 
 10
3.0331470662940774
 20
106.65938531877066
 10
6.391033782067552
 20
106.66954533909075
  0
LWPOLYLINE
  5
411
330
1F
100
AcDbEntity
  8
BottomLayer
100
AcDbPolyline
 90
2
 70
 0
 43
0.25400050800101603 
 10
3.032004064008106
 20
109.16002032004076
 10
3.0810261620522397
 20
109.20904241808489
 10
6.390017780035578
 20
109.20904241808489
  0
LWPOLYLINE
  5
412
330
1F
100
AcDbEntity
  8
BottomLayer
100
AcDbPolyline
 90
2
 70
 0
 43
0.25400050800101603 
 10
3.0240030480060796
 20
104.16002032004076
 10
3.054991109982211
 20
104.12903225806463
 10
6.390017780035578
 20
104.12903225806463
  0
LWPOLYLINE
  5
413
330
1F
100
AcDbEntity
  8
BottomLayer
100
AcDbPolyline
 90
4
 70
 0
 43
0.25400050800101603 
 10
3.032004064008106
 20
109.16002032004076
 10
4.208001016002299
 20
110.33601727203461
 10
8.44800609601225
 20
110.33601727203461
 10
8.894005588011169
 20
109.89001778003569
 10
10.459994919989867
 20
109.89001778003569
  0
LWPOLYLINE
  5
414
330
1F
100
AcDbEntity
  8
BottomLayer
100
AcDbPolyline
 90
2
 70
 0
 43
0.25400050800101603 
 10
3.032004064008106
 20
109.16002032004076
 10
3.032004064008106
 20
123.42227584455179
 10
8.269875539751183
 20
128.66014732029475
  0
LWPOLYLINE
  5
415
330
1F
100
AcDbEntity
  8
BottomLayer
100
AcDbPolyline
 90
4
 70
 0
 43
0.25400050800101603 
 10
3.032004064008106
 20
106.66002032004076
 10
1.535991871983697
 20
108.15603251206505
 10
1.535991871983697
 20
125.18402336804684
 10
3.1898653797306906
 20
126.83789687579394
 10
3.1898653797306906
 20
128.66014732029475
  0
LWPOLYLINE
  5
416
330
1F
100
AcDbEntity
  8
BottomLayer
100
AcDbPolyline
 90
2
 70
 0
 43
0.25400050800101603 
 10
0.5119888239776174
 20
85.24803149606305
 10
1.1000000000001364
 20
84.66002032004076
 10
2.8879857759714014
 20
84.66002032004076
  0
LWPOLYLINE
  5
417
330
1F
100
AcDbEntity
  8
BottomLayer
100
AcDbPolyline
 90
2
 70
 0
 43
0.25400050800101603 
 10
2.8879857759714014
 20
84.66002032004076
 10
7.659994919989913
 20
79.88801117602247
 10
7.659994919989913
 20
79.66002032004076
  0
LWPOLYLINE
  5
418
330
1F
100
AcDbEntity
  8
BottomLayer
100
AcDbPolyline
 90
2
 70
 0
 43
0.25400050800101603 
 10
2.8879857759714014
 20
82.16002032004076
 10
4.359994919989958
 20
80.68801117602243
 10
4.359994919989958
 20
79.66002032004076
  0
LWPOLYLINE
  5
419
330
1F
100
AcDbEntity
  8
BottomLayer
100
AcDbPolyline
 90
2
 70
 0
 43
0.25400050800101603 
 10
2.8879857759714014
 20
87.16002032004076
 10
10.387985775971629
 20
79.66002032004076
 10
10.95986791973587
 20
79.66002032004076
  0
LWPOLYLINE
  5
41a
330
1F
100
AcDbEntity
  8
BottomLayer
100
AcDbPolyline
 90
1
 70
 0
 43
0.25400050800101603 
 10
0.9599949199898674
 20
78.43002286004571
 10
0.9599949199898674
 20
83.16002032004076
  0
LWPOLYLINE
  5
41b
330
1F
100
AcDbEntity
  8
BottomLayer
100
AcDbPolyline
 90
1
 70
 0
 43
0.25400050800101603 
 10
-8.0412750825501
 20
110.72339344678699
 10
-10.540640081280117
 20
110.73355346710696
  0
LWPOLYLINE
  5
41c
330
1F
100
AcDbEntity
  8
BottomLayer
100
AcDbPolyline
 90
4
 70
 0
 43
0.25400050800101603 
 10
-6.1439928879856325
 20
120.06400812801633
 10
-4.3519939039877045
 20
118.2720091440184
 10
-4.3519939039877045
 20
112.640030480061
 10
-5.604013208026345
 20
111.38801117602247
 10
-5.604013208026345
 20
109.16002032004076
  0
LWPOLYLINE
  5
41d
330
1F
100
AcDbEntity
  8
BottomLayer
100
AcDbPolyline
 90
4
 70
 0
 43
0.25400050800101603 
 10
-16.470027940055843
 20
99.04902209804425
 10
-14.591998983997883
 20
100.92705105410221
 10
-14.591998983997883
 20
114.43202946405893
 10
-7.936017272034633
 20
121.0880111760224
 10
0.7679959359920758
 20
121.0880111760224
  0
LWPOLYLINE
  5
41e
330
1F
100
AcDbEntity
  8
BottomLayer
100
AcDbPolyline
 90
6
 70
 0
 43
0.25400050800101603 
 10
10.459994919989867
 20
99.22402844805708
 10
9.33200406400806
 20
100.35201930403866
 10
4.863982727965549
 20
100.35201930403866
 10
3.583972567945011
 20
99.07200914401847
 10
1.7919989839981554
 20
99.07200914401847
 10
0.24064008128016212
 20
100.62336804673623
 10
-2.703708407416798
 20
100.62336804673623
  0
LWPOLYLINE
  5
41f
330
1F
100
AcDbEntity
  8
BottomLayer
100
AcDbPolyline
 90
3
 70
 0
 43
0.25400050800101603 
 10
-0.5120142240284622
 20
94.97602235204488
 10
1.7919989839981554
 20
94.97602235204488
 10
2.445110490220941
 20
94.32291084582187
 10
3.8684785369571273
 20
94.32291084582187
  0
LWPOLYLINE
  5
420
330
1F
100
AcDbEntity
  8
BottomLayer
100
AcDbPolyline
 90
3
 70
 0
 43
0.25400050800101603 
 10
-1.0240030480060796
 20
93.44003048006107
 10
1.2799847599696932
 20
93.44003048006107
 10
2.8964693929387977
 20
91.82354584709174
 10
3.8684785369571273
 20
91.82354584709174
  0
LWPOLYLINE
  5
421
330
1F
100
AcDbEntity
  8
BottomLayer
100
AcDbPolyline
 90
4
 70
 0
 43
0.25400050800101603 
 10
8.532004064008106
 20
69.66002032004076
 10
5.887985775971629
 20
72.30403860807724
 10
5.887985775971629
 20
80.12801625603265
 10
5.11998983997978
 20
80.8960121920245
 10
5.11998983997978
 20
81.40802641605285
  0
LWPOLYLINE
  5
422
330
1F
100
AcDbEntity
  8
BottomLayer
100
AcDbPolyline
 90
2
 70
 0
 43
0.25400050800101603 
 10
-15.359994919989731
 20
65.28001016002042
 10
-18.540055880111595
 20
68.46007112014229
 10
-18.540055880111595
 20
69.55994411988831
  0
LWPOLYLINE
  5
423
330
1F
100
AcDbEntity
  8
BottomLayer
100
AcDbPolyline
 90
2
 70
 0
 43
0.25400050800101603 
 10
-15.359994919989731
 20
65.28001016002042
 10
-13.05598171196334
 20
67.58402336804681
 10
-9.47200914401833
 20
67.58402336804681
  0
LWPOLYLINE
  5
424
330
1F
100
AcDbEntity
  8
BottomLayer
100
AcDbPolyline
 90
3
 70
 0
 43
0.25400050800101603 
 10
-4.608001016001936
 20
98.048031496063
 10
-4.608001016001936
 20
99.84003048006105
 10
-3.824663449326863
 20
100.62336804673623
 10
-2.703708407416798
 20
100.62336804673623
  0
LWPOLYLINE
  5
425
330
1F
100
AcDbEntity
  8
BottomLayer
100
AcDbPolyline
 90
2
 70
 0
 43
0.25400050800101603 
 10
-4.739370078740194
 20
71.69626619253256
 10
-5.742062484124972
 20
72.69895859791734
 10
-9.221056642113126
 20
72.69895859791734
  0
LWPOLYLINE
  5
426
330
1F
100
AcDbEntity
  8
BottomLayer
100
AcDbPolyline
 90
4
 70
 0
 43
0.25400050800101603 
 10
-14.080010160020265
 20
87.55201930403871
 10
-9.47200914401833
 20
92.16002032004076
 10
-9.47200914401833
 20
97.53601727203466
 10
-7.4240030480061705
 20
99.58402336804681
 10
-7.4240030480061705
 20
99.84003048006105
  0
LWPOLYLINE
  5
427
330
1F
100
AcDbEntity
  8
BottomLayer
100
AcDbPolyline
 90
2
 70
 0
 43
0.25400050800101603 
 10
-4.864008128016167
 20
102.40002540005082
 10
-3.1040132080263447
 20
104.16002032004076
 10
3.0240030480060796
 20
104.16002032004076
  0
LWPOLYLINE
  5
428
330
1F
100
AcDbEntity
  8
BottomLayer
100
AcDbPolyline
 90
4
 70
 0
 43
0.25400050800101603 
 10
-11.040005080010133
 20
114.16002032004076
 10
-12.032004064008106
 20
113.16802133604267
 10
-12.032004064008106
 20
96.7680213360428
 10
-10.49601219202441
 20
95.232029464059
 10
-10.49601219202441
 20
92.41602743205499
  0
LWPOLYLINE
  5
429
330
1F
100
AcDbEntity
  8
BottomLayer
100
AcDbPolyline
 90
4
 70
 0
 43
0.25400050800101603 
 10
-9.47200914401833
 20
90.62400304800622
 10
-8.959969519939023
 20
90.11198882397775
 10
-8.703987807975636
 20
90.11198882397775
 10
-8.447980695961405
 20
89.85598171196352
 10
2.048133096266156
 20
89.85598171196352
  0
LWPOLYLINE
  5
42a
330
1F
100
AcDbEntity
  8
BottomLayer
100
AcDbPolyline
 90
3
 70
 0
 43
0.25400050800101603 
 10
4.095885191770321
 20
90.36804673609356
 10
4.352070104140239
 20
90.36804673609356
 10
6.390068580137267
 20
92.40604521209048
 10
6.390068580137267
 20
93.96898653797325
  0
LWPOLYLINE
  5
42b
330
1F
100
AcDbEntity
  8
BottomLayer
100
AcDbPolyline
 90
6
 70
 0
 43
0.5080010160020321 
 10
-11.008001016002027
 20
65.28016256032527
 10
-9.471297942595811
 20
66.81686563373125
 10
-8.191135382270659
 20
66.81686563373125
 10
-7.16751333502657
 20
67.84048768097546
 10
-4.863728727457328
 20
67.84048768097546
 10
-3.5429260858520593
 20
69.16129032258073
 10
-2.7707645415289335
 20
69.16129032258073
  0
LWPOLYLINE
  5
42c
330
1F
100
AcDbEntity
  8
BoardOutLine
100
AcDbPolyline
 90
5
 70
 0
 43
0.25400050800101603 
 10
-9.539878079756136
 20
-0.8412496824993241
 10
-9.539878079756136
 20
-3.8409956819913305
 10
-12.099999999999909
 20
-7.899999999999977
 10
-23.04051308102612
 20
1.6962153924308723
 10
-23.040005080010133
 20
128.16052832105674
 10
-21.041021082042107
 20
130.15951231902466
  0
LWPOLYLINE
  5
42d
330
1F
100
AcDbEntity
  8
BoardOutLine
100
AcDbPolyline
 90
11
 70
 0
 43
0.25400050800101603 
 10
-21.041021082042107
 20
130.15951231902466
 10
10.960502921005855
 20
130.15951231902466
 10
12.25082550165098
 20
128.86918973837953
 10
12.95948691897388
 20
128.16052832105674
 10
12.95948691897388
 20
66.15900431800878
 10
12.95948691897388
 20
1.6962153924308723
 10
2.0000000000002274
 20
-7.899999999999977
 10
-0.5406400812801166
 20
-3.8409956819913305
 10
-0.5406400812801166
 20
-0.8412496824993241
 10
-0.5406400812801166
 20
64.16002032004076
 10
-2.539624079248142
 20
66.15900431800878
 10
-7.54089408178811
 20
66.15900431800878
  0
LWPOLYLINE
  5
42e
330
1F
100
AcDbEntity
  8
BoardOutLine
100
AcDbPolyline
 90
2
 70
 0
 43
0.25400050800101603 
 10
-7.540005080010133
 20
66.16002032004076
 10
-9.540005080010133
 20
64.16002032004076
 10
-9.540005080010133
 20
-0.8399796799592423
  0
LWPOLYLINE
  5
42f
330
1F
100
AcDbEntity
  8
TopLayer
100
AcDbPolyline
 90
4
 70
 0
 43
0.25400050800101603 
 10
1.460883921767845
 20
-2.840233680467236
 10
6.632334264668543
 20
-2.840233680467236
 10
12.032385064770097
 20
2.559817119634431
 10
12.032385064770097
 20
58.11226822453648
 10
4.595250190500565
 20
65.53599187198381
  0
LWPOLYLINE
  5
430
330
1F
100
AcDbEntity
  8
TopLayer
100
AcDbPolyline
 90
3
 70
 0
 43
0.25400050800101603 
 10
-0.10401320802634473
 20
69.65989331978676
 10
-0.10401320802634473
 20
69.48001016002036
 10
3.8400050800103145
 20
65.53599187198381
 10
4.595250190500565
 20
65.53599187198381
  0
LWPOLYLINE
  5
431
330
1F
100
AcDbEntity
  8
TopLayer
100
AcDbPolyline
 90
2
 70
 0
 43
1 
 10
-15.359029718059446
 20
65.28016256032527
 10
-20.040259080518126
 20
60.598933197866586
 10
-19.967995935991894
 20
4.351993903987818
  0
LWPOLYLINE
  5
432
330
1F
100
AcDbEntity
  8
TopLayer
100
AcDbPolyline
 90
19
 70
 0
 43
0.25400050800101603 
 10
-11.538862077724161
 20
-2.840233680467236
 10
-12.074803149606169
 20
-2.304292608585115
 10
-17.297053594107183
 20
-2.304292608585115
 10
-22.01638303276593
 20
2.4150368300737455
 10
-22.01638303276593
 20
65.28016256032527
 10
-19.712598425196802
 20
67.58394716789451
 10
-11.008001016002027
 20
67.58394716789451
 10
-8.447675895351722
 20
70.1442722885447
 10
-8.447675895351722
 20
73.98475996952004
 10
-3.32702565405134
 20
79.10287020574049
 10
-3.32702565405134
 20
81.40919481838978
 10
-2.81648463296915
 20
81.91973583947174
 10
-2.046863093726188
 20
81.91973583947174
 10
-1.0232410464818713
 20
80.89611379222765
 10
3.071247142494485
 20
80.89611379222765
 10
4.607950215900473
 20
82.43281686563375
 10
4.607950215900473
 20
83.45643891287796
 10
7.678816357632741
 20
86.52730505461022
 10
7.678816357632741
 20
97.75920751841511
 10
6.391033782067552
 20
99.04953009906023
  0
LWPOLYLINE
  5
433
330
1F
100
AcDbEntity
  8
TopLayer
100
AcDbPolyline
 90
2
 70
 0
 43
0.25400050800101603 
 10
2.047625095250396
 20
89.85725171450349
 10
2.560706121412295
 20
90.36779273558557
 10
4.094869189738347
 20
90.36779273558557
  0
LWPOLYLINE
  5
434
330
1F
100
AcDbEntity
  8
TopLayer
100
AcDbPolyline
 90
6
 70
 0
 43
0.25400050800101603 
 10
3.0331470662940774
 20
106.65938531877066
 10
4.864490728981309
 20
104.82804165608343
 10
4.864490728981309
 20
89.34417068834148
 10
3.8408686817374473
 20
88.32054864109739
 10
2.304165608331232
 20
88.32054864109739
 10
1.643764287528711
 20
87.66014732029475
 10
0.8106426212852966
 20
87.66014732029475
  0
LWPOLYLINE
  5
435
330
1F
100
AcDbEntity
  8
TopLayer
100
AcDbPolyline
 90
1
 70
 0
 43
1 
 10
-19.95796291592569
 20
44.3413512827027
 10
-12.957937515875074
 20
44.36629413258834
  0
LWPOLYLINE
  5
436
330
1F
100
AcDbEntity
  8
TopLayer
100
AcDbPolyline
 90
1
 70
 0
 43
1 
 10
-19.95796291592569
 20
48.35092710185427
 10
-12.957937515875074
 20
48.36629413258834
  0
LWPOLYLINE
  5
437
330
1F
100
AcDbEntity
  8
TopLayer
100
AcDbPolyline
 90
1
 70
 0
 43
1 
 10
-19.95796291592569
 20
4.330378460757061
 10
-12.957937515875074
 20
4.366294132588337
  0
LWPOLYLINE
  5
438
330
1F
100
AcDbEntity
  8
TopLayer
100
AcDbPolyline
 90
1
 70
 0
 43
1 
 10
-19.95796291592569
 20
8.3400050800102
 10
-12.957937515875074
 20
8.36624333248676
  0
LWPOLYLINE
  5
439
330
1F
100
AcDbEntity
  8
TopLayer
100
AcDbPolyline
 90
1
 70
 0
 43
1 
 10
-19.95796291592569
 20
12.331394462789035
 10
-12.957937515875074
 20
12.36624333248676
  0
LWPOLYLINE
  5
43a
330
1F
100
AcDbEntity
  8
TopLayer
100
AcDbPolyline
 90
1
 70
 0
 43
1 
 10
-19.95796291592569
 20
16.322860045720176
 10
-12.957937515875074
 20
16.366268732537492
  0
LWPOLYLINE
  5
43b
330
1F
100
AcDbEntity
  8
TopLayer
100
AcDbPolyline
 90
1
 70
 0
 43
1 
 10
-19.95796291592569
 20
20.356159512319095
 10
-12.957937515875074
 20
20.366268732537606
  0
LWPOLYLINE
  5
43c
330
1F
100
AcDbEntity
  8
TopLayer
100
AcDbPolyline
 90
1
 70
 0
 43
1 
 10
-19.95796291592569
 20
24.352451104902343
 10
-12.957937515875074
 20
24.366294132588337
  0
LWPOLYLINE
  5
43d
330
1F
100
AcDbEntity
  8
TopLayer
100
AcDbPolyline
 90
1
 70
 0
 43
1 
 10
-19.95796291592569
 20
28.35717551435107
 10
-12.957937515875074
 20
28.366294132588337
  0
LWPOLYLINE
  5
43e
330
1F
100
AcDbEntity
  8
TopLayer
100
AcDbPolyline
 90
1
 70
 0
 43
1 
 10
-19.95796291592569
 20
32.370408940817924
 10
-12.957937515875074
 20
32.36624333248676
  0
LWPOLYLINE
  5
43f
330
1F
100
AcDbEntity
  8
TopLayer
100
AcDbPolyline
 90
1
 70
 0
 43
1 
 10
-19.95796291592569
 20
36.35819151638316
 10
-12.957937515875074
 20
36.366268732537606
  0
LWPOLYLINE
  5
440
330
1F
100
AcDbEntity
  8
TopLayer
100
AcDbPolyline
 90
1
 70
 0
 43
1 
 10
-19.95796291592569
 20
40.37142494285001
 10
-12.957937515875074
 20
40.36626873253749
  0
LWPOLYLINE
  5
441
330
1F
100
AcDbEntity
  8
TopLayer
100
AcDbPolyline
 90
1
 70
 0
 43
1 
 10
-10.957988315976536
 20
10.353848107696308
 10
-17.957937515875074
 20
10.36624333248676
  0
LWPOLYLINE
  5
442
330
1F
100
AcDbEntity
  8
TopLayer
100
AcDbPolyline
 90
1
 70
 0
 43
1 
 10
-10.957988315976536
 20
14.345237490475029
 10
-17.957937515875074
 20
14.36624333248676
  0
LWPOLYLINE
  5
443
330
1F
100
AcDbEntity
  8
TopLayer
100
AcDbPolyline
 90
1
 70
 0
 43
1 
 10
-10.957988315976536
 20
18.33667767335544
 10
-17.957937515875074
 20
18.366268732537492
  0
LWPOLYLINE
  5
444
330
1F
100
AcDbEntity
  8
TopLayer
100
AcDbPolyline
 90
1
 70
 0
 43
1 
 10
-10.957429514858859
 20
22.35356870713747
 10
-17.957937515875074
 20
22.366268732537492
  0
LWPOLYLINE
  5
445
330
1F
100
AcDbEntity
  8
TopLayer
100
AcDbPolyline
 90
1
 70
 0
 43
1 
 10
-10.957988315976536
 20
26.350596901193967
 10
-17.957937515875074
 20
26.366294132588337
  0
LWPOLYLINE
  5
446
330
1F
100
AcDbEntity
  8
TopLayer
100
AcDbPolyline
 90
1
 70
 0
 43
1 
 10
-10.957988315976536
 20
30.38917957835929
 10
-17.957937515875074
 20
30.36624333248676
  0
LWPOLYLINE
  5
447
330
1F
100
AcDbEntity
  8
TopLayer
100
AcDbPolyline
 90
1
 70
 0
 43
1 
 10
-10.957988315976536
 20
34.35161290322594
 10
-17.957937515875074
 20
34.36624333248676
  0
LWPOLYLINE
  5
448
330
1F
100
AcDbEntity
  8
TopLayer
100
AcDbPolyline
 90
1
 70
 0
 43
1 
 10
-10.957988315976536
 20
38.33942087884179
 10
-17.957937515875074
 20
38.366268732537606
  0
LWPOLYLINE
  5
449
330
1F
100
AcDbEntity
  8
TopLayer
100
AcDbPolyline
 90
1
 70
 0
 43
1 
 10
-10.957429514858859
 20
42.35356870713747
 10
-17.957937515875074
 20
42.366268732537606
  0
LWPOLYLINE
  5
44a
330
1F
100
AcDbEntity
  8
TopLayer
100
AcDbPolyline
 90
1
 70
 0
 43
1 
 10
-10.957429514858859
 20
46.37442214884436
 10
-17.957937515875074
 20
46.36629413258834
  0
LWPOLYLINE
  5
44b
330
1F
100
AcDbEntity
  8
TopLayer
100
AcDbPolyline
 90
1
 70
 0
 43
1 
 10
-10.957429514858859
 20
50.34693929387868
 10
-17.957937515875074
 20
50.36624333248676
  0
LWPOLYLINE
  5
44c
330
1F
100
AcDbEntity
  8
TopLayer
100
AcDbPolyline
 90
1
 70
 0
 43
1 
 10
-10.957988315976536
 20
2.3662687325376055
 10
-17.957937515875074
 20
2.3662687325376055
  0
LWPOLYLINE
  5
44d
330
1F
100
AcDbEntity
  8
TopLayer
100
AcDbPolyline
 90
1
 70
 0
 43
1 
 10
-11.008001016002027
 20
65.28001016002042
 10
-10.957988315976536
 20
2.3662687325376055
  0
LWPOLYLINE
  5
44e
330
1F
100
AcDbEntity
  8
TopLayer
100
AcDbPolyline
 90
1
 70
 0
 43
1 
 10
-10.957429514858859
 20
6.3439166878334845
 10
-17.957937515875074
 20
6.366294132588337
  0
LWPOLYLINE
  5
44f
330
1F
100
AcDbEntity
  8
TopLayer
100
AcDbPolyline
 90
1
 70
 0
 43
0.25400050800101603 
 10
-9.265557531115064
 20
128.66090932181874
 10
0.6506223012447663
 20
128.66090932181874
  0
LWPOLYLINE
  5
450
330
1F
100
AcDbEntity
  8
TopLayer
100
AcDbPolyline
 90
4
 70
 0
 43
0.25400050800101603 
 10
-14.34632969265931
 20
128.65963931927877
 10
-14.188392176784191
 20
128.65963931927877
 10
-13.056007112014186
 20
129.7920243840489
 10
7.1379984759969375
 20
129.7920243840489
 10
8.269875539751183
 20
128.66014732029475
  0
LWPOLYLINE
  5
451
330
1F
100
AcDbEntity
  8
TopLayer
100
AcDbPolyline
 90
2
 70
 0
 43
0.25400050800101603 
 10
-4.66510033020063
 20
127.16002032004076
 10
-4.66510033020063
 20
115.03505207010414
 10
-5.540132080264129
 20
114.16002032004076
  0
LWPOLYLINE
  5
452
330
1F
100
AcDbEntity
  8
TopLayer
100
AcDbPolyline
 90
1
 70
 0
 43
0.25400050800101603 
 10
-2.0400050800101326
 20
114.16002032004076
 10
-5.540132080264129
 20
114.16002032004076
  0
LWPOLYLINE
  5
453
330
1F
100
AcDbEntity
  8
TopLayer
100
AcDbPolyline
 90
2
 70
 0
 43
0.25400050800101603 
 10
-5.540132080264129
 20
114.16002032004076
 10
-12.040005080010133
 20
120.65989331978665
 10
-17.539878079756136
 20
120.65989331978665
  0
LWPOLYLINE
  5
454
330
1F
100
AcDbEntity
  8
TopLayer
100
AcDbPolyline
 90
5
 70
 0
 43
0.25400050800101603 
 10
-19.539878079756136
 20
120.66014732029475
 10
-18.431750063500203
 20
119.55201930403871
 10
-13.567995935991803
 20
119.55201930403871
 10
-11.008001016002027
 20
116.99202438404882
 10
-11.008001016002027
 20
114.19202438404886
 10
-11.040005080010133
 20
114.16002032004076
  0
LWPOLYLINE
  5
455
330
1F
100
AcDbEntity
  8
TopLayer
100
AcDbPolyline
 90
3
 70
 0
 43
0.25400050800101603 
 10
-20.54013208026413
 20
117.6998983997969
 10
-18.43200406400797
 20
115.59177038354085
 10
-18.43200406400797
 20
111.17101854203713
 10
-16.470027940055843
 20
109.20904241808489
  0
LWPOLYLINE
  5
456
330
1F
100
AcDbEntity
  8
TopLayer
100
AcDbPolyline
 90
4
 70
 0
 43
0.25400050800101603 
 10
-20.54013208026413
 20
115.16014732029475
 10
-19.928117856235758
 20
115.16014732029475
 10
-18.943992887985587
 20
114.17602235204481
 10
-18.943992887985587
 20
109.14300228600473
 10
-16.470027940055843
 20
106.66903733807476
  0
LWPOLYLINE
  5
457
330
1F
100
AcDbEntity
  8
TopLayer
100
AcDbPolyline
 90
3
 70
 0
 43
0.25400050800101603 
 10
-20.54000508001002
 20
96.59601219202455
 10
-20.54000508001002
 20
96.45201930403869
 10
-21.589966979933934
 20
95.40205740411488
 10
-21.589966979933934
 20
94.16009652019318
  0
LWPOLYLINE
  5
458
330
1F
100
AcDbEntity
  8
TopLayer
100
AcDbPolyline
 90
4
 70
 0
 43
0.25400050800101603 
 10
-20.54000508001002
 20
105.23202946405911
 10
-20.54000508001002
 20
100.41201422402855
 10
-19.45600711201405
 20
99.32801625603258
 10
-19.45600711201405
 20
94.39413258826528
 10
-19.690043180086377
 20
94.16009652019318
  0
LWPOLYLINE
  5
459
330
1F
100
AcDbEntity
  8
TopLayer
100
AcDbPolyline
 90
1
 70
 0
 43
0.25400050800101603 
 10
0.8100076200153126
 20
87.15989331978676
 10
-0.2560071120142311
 20
87.15989331978676
  0
LWPOLYLINE
  5
45a
330
1F
100
AcDbEntity
  8
TopLayer
100
AcDbPolyline
 90
4
 70
 0
 43
0.5080010160020321 
 10
-19.690043180086377
 20
91.9599441198884
 10
-16.562128524256877
 20
88.83202946405902
 10
-13.056007112014186
 20
88.83202946405902
 10
-9.384124968250035
 20
85.16014732029475
 10
-8.990068580137176
 20
85.16014732029475
  0
LWPOLYLINE
  5
45b
330
1F
100
AcDbEntity
  8
TopLayer
100
AcDbPolyline
 90
2
 70
 0
 43
0.25400050800101603 
 10
-8.040005080010133
 20
102.0880111760224
 10
-11.18402336804661
 20
105.23202946405911
 10
-20.54000508001002
 20
105.23202946405911
  0
LWPOLYLINE
  5
45c
330
1F
100
AcDbEntity
  8
TopLayer
100
AcDbPolyline
 90
6
 70
 0
 43
0.5080010160020321 
 10
-8.990068580137176
 20
85.16014732029475
 10
-7.680010160020402
 20
86.47020574041164
 10
-7.680010160020402
 20
96.00002540005096
 10
-4.864008128016167
 20
98.81602743205497
 10
0
 20
98.81602743205497
 10
1.4924053848108088
 20
97.32362204724416
 10
2.296418592837199
 20
97.32362204724416
  0
LWPOLYLINE
  5
45d
330
1F
100
AcDbEntity
  8
TopLayer
100
AcDbPolyline
 90
2
 70
 0
 43
0.25400050800101603 
 10
-19.690043180086377
 20
91.9599441198884
 10
-17.680975361950686
 20
93.96901193802398
 10
-16.470027940055843
 20
93.96901193802398
  0
LWPOLYLINE
  5
45e
330
1F
100
AcDbEntity
  8
TopLayer
100
AcDbPolyline
 90
4
 70
 0
 43
0.25400050800101603 
 10
-21.41000762001522
 20
82.16014732029464
 10
-22.528016256032515
 20
81.04213868427746
 10
-22.528016256032515
 20
77.56802133604276
 10
-17.750139700279306
 20
72.79014478028967
 10
-17.750139700279306
 20
71.95001270002547
  0
LWPOLYLINE
  5
45f
330
1F
100
AcDbEntity
  8
TopLayer
100
AcDbPolyline
 90
2
 70
 0
 43
0.25400050800101603 
 10
-12.67012954025904
 20
71.95001270002547
 10
-4.739370078740194
 20
79.88077216154443
 10
-4.739370078740194
 20
80.33228346456713
  0
LWPOLYLINE
  5
460
330
1F
100
AcDbEntity
  8
TopLayer
100
AcDbPolyline
 90
2
 70
 0
 43
0.25400050800101603 
 10
0.8100076200153126
 20
86.66002032004076
 10
2.3879857759716288
 20
86.66002032004076
 10
2.8879857759714014
 20
87.16002032004076
  0
LWPOLYLINE
  5
461
330
1F
100
AcDbEntity
  8
TopLayer
100
AcDbPolyline
 90
4
 70
 0
 43
0.25400050800101603 
 10
0.8100076200153126
 20
86.16014732029475
 10
1.7919989839981554
 20
85.17815595631203
 10
1.7919989839981554
 20
84.22402844805697
 10
2.8879857759714014
 20
83.12804165608338
 10
2.8879857759714014
 20
82.16002032004076
  0
LWPOLYLINE
  5
462
330
1F
100
AcDbEntity
  8
TopLayer
100
AcDbPolyline
 90
2
 70
 0
 43
0.25400050800101603 
 10
-3.8900177800355777
 20
86.15989331978676
 10
-2.9781559563118662
 20
85.24803149606305
 10
0.5119888239776174
 20
85.24803149606305
  0
LWPOLYLINE
  5
463
330
1F
100
AcDbEntity
  8
TopLayer
100
AcDbPolyline
 90
4
 70
 0
 43
0.25400050800101603 
 10
-0.11201422402837125
 20
72.16002032004064
 10
5.887985775971629
 20
78.16002032004076
 10
5.887985775971629
 20
81.40802641605285
 10
9.139979679959424
 20
84.66002032004076
 10
11.52400304800608
 20
84.66002032004076
  0
LWPOLYLINE
  5
464
330
1F
100
AcDbEntity
  8
TopLayer
100
AcDbPolyline
 90
6
 70
 0
 43
0.25400050800101603 
 10
-0.10401320802634473
 20
69.66002032004076
 10
3.451993903987841
 20
73.21602743205494
 10
11.263982727965413
 20
73.21602743205494
 10
12.543992887985723
 20
74.49603759207537
 10
12.543992887985723
 20
86.27200914401828
 10
11.655981711963477
 20
87.16002032004076
 10
11.52400304800608
 20
87.16002032004076
  0
LWPOLYLINE
  5
465
330
1F
100
AcDbEntity
  8
TopLayer
100
AcDbPolyline
 90
4
 70
 0
 43
0.25400050800101603 
 10
-5.540132080264129
 20
114.16002032004076
 10
-6.912014224028326
 20
112.78813817627645
 10
-6.912014224028326
 20
105.47200914401833
 10
-8.040005080010133
 20
104.34401828803664
 10
-8.040005080010133
 20
102.0880111760224
  0
LWPOLYLINE
  5
466
330
1F
100
AcDbEntity
  8
TopLayer
100
AcDbPolyline
 90
6
 70
 0
 43
0.25400050800101603 
 10
-8.990068580137176
 20
85.16014732029475
 10
-8.704013208026481
 20
85.44620269240556
 10
-8.704013208026481
 20
97.02402844805692
 10
-4.096012192024318
 20
101.63202946405897
 10
-4.096012192024318
 20
105.21602743205494
 10
-5.540005080010133
 20
106.66002032004076
 10
-5.604013208026345
 20
106.66002032004076
  0
LWPOLYLINE
  5
467
330
1F
100
AcDbEntity
  8
TopLayer
100
AcDbPolyline
 90
1
 70
 0
 43
0.25400050800101603 
 10
-5.604013208026345
 20
109.16002032004076
 10
-5.604013208026345
 20
106.66002032004076
  0
LWPOLYLINE
  5
468
330
1F
100
AcDbEntity
  8
TopLayer
100
AcDbPolyline
 90
2
 70
 0
 43
0.25400050800101603 
 10
-9.266319532639045
 20
128.65963931927877
 10
-6.1439928879856325
 20
125.53731267462547
 10
-6.1439928879856325
 20
120.06400812801633
  0
LWPOLYLINE
  5
469
330
1F
100
AcDbEntity
  8
TopLayer
100
AcDbPolyline
 90
2
 70
 0
 43
0.25400050800101603 
 10
0.7679959359920758
 20
121.0880111760224
 10
4.466116332232559
 20
117.3898907797817
 10
10.45986791973587
 20
117.3898907797817
  0
LWPOLYLINE
  5
46a
330
1F
100
AcDbEntity
  8
TopLayer
100
AcDbPolyline
 90
4
 70
 0
 43
0.25400050800101603 
 10
10.45986791973587
 20
104.43002286004582
 10
11.775996951993875
 20
103.1138938277877
 10
11.775996951993875
 20
100.09601219202455
 10
10.904013208026527
 20
99.22402844805708
 10
10.459994919989867
 20
99.22402844805708
  0
LWPOLYLINE
  5
46b
330
1F
100
AcDbEntity
  8
TopLayer
100
AcDbPolyline
 90
4
 70
 0
 43
0.25400050800101603 
 10
-3.8900177800355777
 20
88.15989331978676
 10
-2.048006096012159
 20
90.00190500381007
 10
-2.048006096012159
 20
92.67200914401838
 10
-2.048006096012159
 20
93.44003048006107
 10
-0.5120142240284622
 20
94.97602235204488
  0
LWPOLYLINE
  5
46c
330
1F
100
AcDbEntity
  8
TopLayer
100
AcDbPolyline
 90
4
 70
 0
 43
0.25400050800101603 
 10
-3.8900177800355777
 20
87.66002032004076
 10
-2.8160020320040076
 20
87.66002032004076
 10
-1.5360172720345417
 20
88.94000508001022
 10
-1.5360172720345417
 20
92.9280162560326
 10
-1.0240030480060796
 20
93.44003048006107
  0
LWPOLYLINE
  5
46d
330
1F
100
AcDbEntity
  8
TopLayer
100
AcDbPolyline
 90
10
 70
 0
 43
0.25400050800101603 
 10
0.8106426212852966
 20
88.16052832105674
 10
-0.25615951231907275
 20
89.227330454661
 10
-0.25615951231907275
 20
94.20828041656091
 10
1.2805435610871427
 20
95.74498348996713
 10
3.3277876555755483
 20
95.74498348996713
 10
3.8408686817374473
 20
96.25552451104909
 10
3.8408686817374473
 20
101.88925577851171
 10
1.2805435610871427
 20
104.44704089408185
 10
1.2805435610871427
 20
108.80060960121932
 10
1.6412242824485475
 20
109.16129032258073
 10
3.0331470662940774
 20
109.16129032258073
  0
LWPOLYLINE
  5
46e
330
1F
100
AcDbEntity
  8
TopLayer
100
AcDbPolyline
 90
4
 70
 0
 43
0.25400050800101603 
 10
5.1210312420626
 20
81.40919481838978
 10
5.1210312420626
 20
82.43281686563375
 10
8.958978917957666
 20
86.27330454660921
 10
8.958978917957666
 20
99.0190500381002
 10
6.391033782067552
 20
101.58953517907037
  0
LWPOLYLINE
  5
46f
330
1F
100
AcDbEntity
  8
TopLayer
100
AcDbPolyline
 90
2
 70
 0
 43
0.25400050800101603 
 10
-9.47200914401833
 20
67.58402336804681
 10
-7.240005080010178
 20
69.81602743205497
 10
-7.240005080010178
 20
71.69601219202445
  0
LWPOLYLINE
  5
470
330
1F
100
AcDbEntity
  8
TopLayer
100
AcDbPolyline
 90
9
 70
 0
 43
0.25400050800101603 
 10
-10.540640081280117
 20
69.56007112014231
 10
-11.381381762763567
 20
70.40081280162565
 10
-13.568326136652331
 20
70.40081280162565
 10
-13.939166878333708
 20
70.77165354330714
 10
-13.939166878333708
 20
73.76123952247917
 10
-9.727838455676874
 20
77.97256794513589
 10
-9.727838455676874
 20
78.0792481584964
 10
-7.937134874269759
 20
78.0792481584964
 10
-5.887350774701417
 20
80.12903225806463
 10
-5.887350774701417
 20
85.50368300736613
  0
LWPOLYLINE
  5
471
330
1F
100
AcDbEntity
  8
TopLayer
100
AcDbPolyline
 90
2
 70
 0
 43
0.25400050800101603 
 10
-3.8900177800355777
 20
86.66002032004076
 10
-4.7310134620267945
 20
86.66002032004076
 10
-5.887350774701417
 20
85.50368300736613
  0
LWPOLYLINE
  5
472
330
1F
100
AcDbEntity
  8
TopLayer
100
AcDbPolyline
 90
6
 70
 0
 43
0.25400050800101603 
 10
-3.8900177800355777
 20
86.66002032004076
 10
-4.740005080010178
 20
86.66002032004076
 10
-5.632004064008015
 20
87.55201930403871
 10
-6.1439928879856325
 20
88.06400812801633
 10
-6.1439928879856325
 20
95.74401828803673
 10
-4.608001016001936
 20
97.28001016002042
 10
-4.608001016001936
 20
98.048031496063
  0
LWPOLYLINE
  5
473
330
1F
100
AcDbEntity
  8
TopLayer
100
AcDbPolyline
 90
3
 70
 0
 43
0.25400050800101603 
 10
-3.5839979679960834
 20
68.09601219202443
 10
-4.096012192024318
 20
68.6080264160529
 10
-4.096012192024318
 20
71.05290830581669
 10
-4.739370078740194
 20
71.69626619253256
  0
LWPOLYLINE
  5
474
330
1F
100
AcDbEntity
  8
TopLayer
100
AcDbPolyline
 90
2
 70
 0
 43
0.25400050800101603 
 10
-15.210134620269173
 20
71.95001270002547
 10
-15.210134620269173
 20
77.03002286004585
 10
-12.67012954025904
 20
79.57002794005598
  0
LWPOLYLINE
  5
475
330
1F
100
AcDbEntity
  8
TopLayer
100
AcDbPolyline
 90
2
 70
 0
 43
0.25400050800101603 
 10
-17.750139700279306
 20
79.57002794005598
 10
-14.080010160020265
 20
83.24015748031502
 10
-14.080010160020265
 20
87.55201930403871
  0
LWPOLYLINE
  5
476
330
1F
100
AcDbEntity
  8
TopLayer
100
AcDbPolyline
 90
1
 70
 0
 43
0.25400050800101603 
 10
-7.4240030480061705
 20
99.84003048006105
 10
-4.864008128016167
 20
102.40002540005082
  0
LWPOLYLINE
  5
477
330
1F
100
AcDbEntity
  8
TopLayer
100
AcDbPolyline
 90
4
 70
 0
 43
0.25400050800101603 
 10
-7.240005080010178
 20
80.33202946405902
 10
-8.571983743967394
 20
81.66400812801635
 10
-13.567995935991803
 20
81.66400812801635
 10
-15.210134620269173
 20
80.02186944373898
 10
-15.210134620269173
 20
79.57002794005598
  0
LWPOLYLINE
  5
478
330
1F
100
AcDbEntity
  8
TopLayer
100
AcDbPolyline
 90
2
 70
 0
 43
0.25400050800101603 
 10
-10.49601219202441
 20
92.41602743205499
 10
-9.47200914401833
 20
91.39202438404891
 10
-9.47200914401833
 20
90.62402844805706
  0
LWPOLYLINE
  5
479
330
1F
100
AcDbEntity
  8
BottomSilkLayer
100
AcDbPolyline
 90
4
 70
 0
 43
0.25400050800101603 
 10
-1.7466090932182397
 20
125.97167894335803
 10
-2.1111252222503936
 20
125.97167894335803
 10
-2.1111252222503936
 20
125.52103124206258
 10
-2.5951231902463405
 20
125.52103124206258
 10
-2.5951231902463405
 20
125.08999237998489
  0
LWPOLYLINE
  5
47a
330
1F
100
AcDbEntity
  8
BottomSilkLayer
100
AcDbPolyline
 90
4
 70
 0
 43
0.25400050800101603 
 10
-3.7339090678181037
 20
128.28999237998482
 10
-3.7339090678181037
 20
127.93802387604785
 10
-2.1111252222503936
 20
127.93802387604785
 10
-2.1111252222503936
 20
126.67602235204481
 10
-1.7466090932182397
 20
126.67602235204481
  0
LWPOLYLINE
  5
47b
330
1F
100
AcDbEntity
  8
BottomSilkLayer
100
AcDbPolyline
 90
4
 70
 0
 43
0.25400050800101603 
 10
-6.346583693167304
 20
125.98806197612407
 10
-6.003124206248458
 20
125.98806197612407
 10
-6.003124206248458
 20
125.47200914401844
 10
-5.479121158242151
 20
125.47200914401844
 10
-5.479121158242151
 20
125.08999237998489
  0
LWPOLYLINE
  5
47c
330
1F
100
AcDbEntity
  8
BottomSilkLayer
100
AcDbPolyline
 90
4
 70
 0
 43
0.25400050800101603 
 10
-4.356616713233279
 20
128.28999237998482
 10
-4.356616713233279
 20
127.9710185420372
 10
-5.995123190246204
 20
127.9710185420372
 10
-5.995123190246204
 20
126.66802133604267
 10
-6.346583693167304
 20
126.66802133604267
  0
LWPOLYLINE
  5
47d
330
1F
100
AcDbEntity
  8
BottomSilkLayer
100
AcDbPolyline
 90
1
 70
 0
 43
0.25400050800101603 
 10
-1.7466090932182397
 20
128.28999237998482
 10
-6.346583693167304
 20
128.28999237998482
  0
LWPOLYLINE
  5
47e
330
1F
100
AcDbEntity
  8
BottomSilkLayer
100
AcDbPolyline
 90
1
 70
 0
 43
0.25400050800101603 
 10
-1.7466090932182397
 20
125.08999237998489
 10
-6.346583693167304
 20
125.08999237998489
  0
LWPOLYLINE
  5
47f
330
1F
100
AcDbEntity
  8
BottomSilkLayer
100
AcDbPolyline
 90
1
 70
 0
 43
0.25400050800101603 
 10
-1.7466090932182397
 20
128.28999237998482
 10
-1.7466090932182397
 20
125.08999237998489
  0
LWPOLYLINE
  5
480
330
1F
100
AcDbEntity
  8
BottomSilkLayer
100
AcDbPolyline
 90
1
 70
 0
 43
0.25400050800101603 
 10
-6.346583693167304
 20
128.28999237998482
 10
-6.346583693167304
 20
125.08999237998489
  0
LWPOLYLINE
  5
481
330
1F
100
AcDbEntity
  8
BottomSilkLayer
100
AcDbPolyline
 90
5
 70
 1
 43
0.20320040640081283 
 10
1.2849885699772585
 20
127.39001778003569
 10
9.540005080010133
 20
127.39001778003569
 10
9.540005080010133
 20
129.93002286004582
 10
-0.6200152400303978
 20
129.93002286004582
 10
-0.6200152400303978
 20
127.39001778003569
 10
1.2849885699772585
 20
127.39001778003569
  0
LWPOLYLINE
  5
482
330
1F
100
AcDbEntity
  8
BottomSilkLayer
100
AcDbPolyline
 90
4
 70
 1
 43
0.25400050800101603 
 10
-16.548641097282143
 20
121.68542037084092
 10
-22.54051308102612
 20
121.68542037084092
 10
-22.54051308102612
 20
119.66002032004076
 10
-16.548641097282143
 20
119.66002032004076
 10
-16.548641097282143
 20
121.68542037084092
  0
LWPOLYLINE
  5
483
330
1F
100
AcDbEntity
  8
BottomSilkLayer
100
AcDbPolyline
 90
1
 70
 0
 43
0.25400050800101603 
 10
-18.554381508762845
 20
121.68542037084092
 10
-18.554381508762845
 20
119.66002032004076
  0
LWPOLYLINE
  5
484
330
1F
100
AcDbEntity
  8
TopSilkLayer
100
AcDbPolyline
 90
4
 70
 1
 43
0.25400050800101603 
 10
4.157988315976581
 20
83.30302260604537
 10
10.2540005080009
 20
83.30302260604537
 10
10.2540005080009
 20
81.01701803403625
 10
4.157988315976581
 20
81.01701803403625
 10
4.157988315976581
 20
83.30302260604537
  0
LWPOLYLINE
  5
485
330
1F
100
AcDbEntity
  8
TopSilkLayer
100
AcDbPolyline
 90
4
 70
 1
 43
0.25400050800101603 
 10
4.157988315976581
 20
88.30302260604537
 10
10.2540005080009
 20
88.30302260604537
 10
10.2540005080009
 20
86.01701803403614
 10
4.157988315976581
 20
86.01701803403614
 10
4.157988315976581
 20
88.30302260604537
  0
LWPOLYLINE
  5
486
330
1F
100
AcDbEntity
  8
TopSilkLayer
100
AcDbPolyline
 90
1
 70
 0
 43
0.25400050800101603 
 10
9.183997967995992
 20
79.44615189230387
 10
9.183997967995992
 20
74.84620269240554
  0
LWPOLYLINE
  5
487
330
1F
100
AcDbEntity
  8
TopSilkLayer
100
AcDbPolyline
 90
1
 70
 0
 43
0.25400050800101603 
 10
6.135991871983833
 20
74.86012192024396
 10
6.135991871983833
 20
79.46017272034555
  0
LWPOLYLINE
  5
488
330
1F
100
AcDbEntity
  8
TopSilkLayer
100
AcDbPolyline
 90
1
 70
 0
 43
0.25400050800101603 
 10
9.159994919989686
 20
79.46017272034555
 10
8.802997205994416
 20
79.46017272034555
  0
LWPOLYLINE
  5
489
330
1F
100
AcDbEntity
  8
TopSilkLayer
100
AcDbPolyline
 90
1
 70
 0
 43
0.25400050800101603 
 10
9.159994919989686
 20
74.86012192024396
 10
8.802997205994416
 20
74.86012192024396
  0
LWPOLYLINE
  5
48a
330
1F
100
AcDbEntity
  8
TopSilkLayer
100
AcDbPolyline
 90
1
 70
 0
 43
0.25400050800101603 
 10
6.135991871983833
 20
79.46017272034555
 10
6.516992633985183
 20
79.46017272034555
  0
LWPOLYLINE
  5
48b
330
1F
100
AcDbEntity
  8
TopSilkLayer
100
AcDbPolyline
 90
1
 70
 0
 43
0.25400050800101603 
 10
6.135991871983833
 20
74.86012192024396
 10
6.516992633985183
 20
74.86012192024396
  0
LWPOLYLINE
  5
48c
330
1F
100
AcDbEntity
  8
TopSilkLayer
100
AcDbPolyline
 90
1
 70
 0
 43
0.25400050800101603 
 10
2.835991871983879
 20
74.87388874777764
 10
2.835991871983879
 20
79.47383794767597
  0
LWPOLYLINE
  5
48d
330
1F
100
AcDbEntity
  8
TopSilkLayer
100
AcDbPolyline
 90
1
 70
 0
 43
0.25400050800101603 
 10
5.883997967996038
 20
79.45991871983756
 10
5.883997967996038
 20
74.85986791973585
  0
LWPOLYLINE
  5
48e
330
1F
100
AcDbEntity
  8
TopSilkLayer
100
AcDbPolyline
 90
1
 70
 0
 43
0.25400050800101603 
 10
2.8599949199899584
 20
74.85986791973585
 10
3.2169926339854555
 20
74.85986791973585
  0
LWPOLYLINE
  5
48f
330
1F
100
AcDbEntity
  8
TopSilkLayer
100
AcDbPolyline
 90
1
 70
 0
 43
0.25400050800101603 
 10
2.8599949199899584
 20
79.45991871983756
 10
3.2169926339854555
 20
79.45991871983756
  0
LWPOLYLINE
  5
490
330
1F
100
AcDbEntity
  8
TopSilkLayer
100
AcDbPolyline
 90
1
 70
 0
 43
0.25400050800101603 
 10
5.883997967996038
 20
74.85986791973585
 10
5.502997205994461
 20
74.85986791973585
  0
LWPOLYLINE
  5
491
330
1F
100
AcDbEntity
  8
TopSilkLayer
100
AcDbPolyline
 90
1
 70
 0
 43
0.25400050800101603 
 10
5.883997967996038
 20
79.45991871983756
 10
5.502997205994461
 20
79.45991871983756
  0
LWPOLYLINE
  5
492
330
1F
100
AcDbEntity
  8
TopSilkLayer
100
AcDbPolyline
 90
4
 70
 0
 43
0.25400050800101603 
 10
-0.6400050800100416
 20
74.66002032004076
 10
2.5599949199897765
 20
74.66002032004076
 10
2.5599949199897765
 20
79.66002032004076
 10
-0.6400050800100416
 20
79.66002032004076
 10
-0.6400050800100416
 20
74.6800101600204
  0
LWPOLYLINE
  5
493
330
1F
100
AcDbEntity
  8
TopSilkLayer
100
AcDbPolyline
 90
4
 70
 1
 43
0.25400050800101603 
 10
4.157988315976581
 20
85.80302260604526
 10
10.2540005080009
 20
85.80302260604526
 10
10.2540005080009
 20
83.51701803403614
 10
4.157988315976581
 20
83.51701803403614
 10
4.157988315976581
 20
85.80302260604526
  0
LWPOLYLINE
  5
494
330
1F
100
AcDbEntity
  8
TopSilkLayer
100
AcDbPolyline
 90
4
 70
 1
 43
0.25400050800101603 
 10
-19.397002794005402
 20
103.96202692405393
 10
-19.397002794005402
 20
97.86601473202961
 10
-21.683007366014635
 20
97.86601473202961
 10
-21.683007366014635
 20
103.96202692405393
 10
-19.397002794005402
 20
103.96202692405393
  0
LWPOLYLINE
  5
495
330
1F
100
AcDbEntity
  8
TopSilkLayer
100
AcDbPolyline
 90
4
 70
 1
 43
0.25400050800101603 
 10
7.2620015240031535
 20
68.51701803403614
 10
1.1659893319786079
 20
68.51701803403614
 10
1.1659893319786079
 20
70.80302260604537
 10
7.2620015240031535
 20
70.80302260604537
 10
7.2620015240031535
 20
68.51701803403614
  0
LWPOLYLINE
  5
496
330
1F
100
AcDbEntity
  8
TopSilkLayer
100
AcDbPolyline
 90
4
 70
 1
 43
0.25400050800101603 
 10
-3.596367792735464
 20
79.06228092456195
 10
-3.596367792735464
 20
72.96626873253763
 10
-5.882372364744697
 20
72.96626873253763
 10
-5.882372364744697
 20
79.06228092456195
 10
-3.596367792735464
 20
79.06228092456195
  0
LWPOLYLINE
  5
497
330
1F
100
AcDbEntity
  8
TopSilkLayer
100
AcDbPolyline
 90
4
 70
 1
 43
0.25400050800101603 
 10
-3.383007366014681
 20
72.9580137160275
 10
-3.383007366014681
 20
79.05402590805193
 10
-1.0970027940054479
 20
79.05402590805193
 10
-1.0970027940054479
 20
72.9580137160275
 10
-3.383007366014681
 20
72.9580137160275
  0
LWPOLYLINE
  5
498
330
1F
100
AcDbEntity
  8
TopSilkLayer
100
AcDbPolyline
 90
4
 70
 1
 43
0.25400050800101603 
 10
-4.342011684023419
 20
105.30302260604537
 10
1.7540005080008996
 20
105.30302260604537
 10
1.7540005080008996
 20
103.01701803403625
 10
-4.342011684023419
 20
103.01701803403625
 10
-4.342011684023419
 20
105.30302260604537
  0
LWPOLYLINE
  5
499
330
1F
100
AcDbEntity
  8
TopSilkLayer
100
AcDbPolyline
 90
4
 70
 1
 43
0.25400050800101603 
 10
-6.097002794005448
 20
79.06202692405395
 10
-6.097002794005448
 20
72.96601473202952
 10
-8.38300736601468
 20
72.96601473202952
 10
-8.38300736601468
 20
79.06202692405395
 10
-6.097002794005448
 20
79.06202692405395
  0
LWPOLYLINE
  5
49a
330
1F
100
AcDbEntity
  8
TopSilkLayer
100
AcDbPolyline
 90
4
 70
 1
 43
0.25400050800101603 
 10
9.316992633985365
 20
91.85801371602759
 10
9.316992633985365
 20
97.95402590805202
 10
11.602997205994598
 20
97.95402590805202
 10
11.602997205994598
 20
91.85801371602759
 10
9.316992633985365
 20
91.85801371602759
  0
LWPOLYLINE
  5
49b
330
1F
100
AcDbEntity
  8
TopSilkLayer
100
AcDbPolyline
 90
4
 70
 1
 43
0.25400050800101603 
 10
1.1579883159765814
 20
73.30302260604526
 10
7.254000508001127
 20
73.30302260604526
 10
7.254000508001127
 20
71.01701803403614
 10
1.1579883159765814
 20
71.01701803403614
 10
1.1579883159765814
 20
73.30302260604526
  0
LWPOLYLINE
  5
49c
330
1F
100
AcDbEntity
  8
TopSilkLayer
100
AcDbPolyline
 90
4
 70
 1
 43
0.25400050800101603 
 10
-9.183007366014635
 20
103.35801371602747
 10
-9.183007366014635
 20
109.4540259080519
 10
-6.89700279400563
 20
109.4540259080519
 10
-6.89700279400563
 20
103.35801371602747
 10
-9.183007366014635
 20
103.35801371602747
  0
LWPOLYLINE
  5
49d
330
1F
100
AcDbEntity
  8
TopSilkLayer
100
AcDbPolyline
 90
4
 70
 1
 43
0.25400050800101603 
 10
-9.39738379476762
 20
109.46291592583191
 10
-9.39738379476762
 20
103.36690373380748
 10
-11.683388366776853
 20
103.36690373380748
 10
-11.683388366776853
 20
109.46291592583191
 10
-9.39738379476762
 20
109.46291592583191
  0
LWPOLYLINE
  5
49e
330
1F
100
AcDbEntity
  8
TopSilkLayer
100
AcDbPolyline
 90
4
 70
 1
 43
0.25400050800101603 
 10
-3.497536195072371
 20
95.46591313182637
 10
2.5984759969519473
 20
95.46591313182637
 10
2.5984759969519473
 20
93.17990855981725
 10
-3.497536195072371
 20
93.17990855981725
 10
-3.497536195072371
 20
95.46591313182637
  0
LWPOLYLINE
  5
49f
330
1F
100
AcDbEntity
  8
TopSilkLayer
100
AcDbPolyline
 90
4
 70
 1
 43
0.25400050800101603 
 10
1.762001524002926
 20
108.01701803403625
 10
-4.334010668021165
 20
108.01701803403625
 10
-4.334010668021165
 20
110.30302260604537
 10
1.762001524002926
 20
110.30302260604537
 10
1.762001524002926
 20
108.01701803403625
  0
LWPOLYLINE
  5
4a0
330
1F
100
AcDbEntity
  8
TopSilkLayer
100
AcDbPolyline
 90
4
 70
 1
 43
0.25400050800101603 
 10
1.762001524002926
 20
105.51701803403614
 10
-4.334010668021165
 20
105.51701803403614
 10
-4.334010668021165
 20
107.80302260604526
 10
1.762001524002926
 20
107.80302260604526
 10
1.762001524002926
 20
105.51701803403614
  0
LWPOLYLINE
  5
4a1
330
1F
100
AcDbEntity
  8
TopSilkLayer
100
AcDbPolyline
 90
4
 70
 1
 43
0.25400050800101603 
 10
-3.497536195072371
 20
92.96654813309635
 10
2.5984759969519473
 20
92.96654813309635
 10
2.5984759969519473
 20
90.68054356108723
 10
-3.497536195072371
 20
90.68054356108723
 10
-3.497536195072371
 20
92.96654813309635
  0
LWPOLYLINE
  5
4a2
330
1F
100
AcDbEntity
  8
TopSilkLayer
100
AcDbPolyline
 90
1
 70
 0
 43
0.25400050800101603 
 10
-8.540005080010133
 20
83.96002032004071
 10
-7.2954025908052245
 20
83.96002032004071
  0
LWPOLYLINE
  5
4a3
330
1F
100
AcDbEntity
  8
TopSilkLayer
100
AcDbPolyline
 90
1
 70
 0
 43
0.25400050800101603 
 10
-7.917703835407565
 20
84.63312166624337
 10
-7.917703835407565
 20
83.28691897383806
  0
LWPOLYLINE
  5
4a4
330
1F
100
AcDbEntity
  8
TopSilkLayer
100
AcDbPolyline
 90
4
 70
 0
 43
0.25400050800101603 
 10
-18.940005080009996
 20
89.16002032004076
 10
-22.140005080010155
 20
89.16002032004076
 10
-22.140005080010155
 20
84.16002032004076
 10
-18.940005080009996
 20
84.16002032004076
 10
-18.940005080009996
 20
89.140030480061
  0
LWPOLYLINE
  5
4a5
330
1F
100
AcDbEntity
  8
TopSilkLayer
100
AcDbPolyline
 90
4
 70
 0
 43
0.25400050800101603 
 10
12.059994919989776
 20
105.66002032004076
 10
8.859994919989958
 20
105.66002032004076
 10
8.859994919989958
 20
100.66002032004076
 10
12.059994919989776
 20
100.66002032004076
 10
12.059994919989776
 20
105.64003048006111
  0
LWPOLYLINE
  5
4a6
330
1F
100
AcDbEntity
  8
TopSilkLayer
100
AcDbPolyline
 90
1
 70
 0
 43
0.25400050800101603 
 10
-2.4897129794258035
 20
98.84749809499624
 10
2.110236220472416
 20
98.84749809499624
  0
LWPOLYLINE
  5
4a7
330
1F
100
AcDbEntity
  8
TopSilkLayer
100
AcDbPolyline
 90
1
 70
 0
 43
0.25400050800101603 
 10
2.0963169926340015
 20
95.79949199898408
 10
-2.503733807467597
 20
95.79949199898408
  0
LWPOLYLINE
  5
4a8
330
1F
100
AcDbEntity
  8
TopSilkLayer
100
AcDbPolyline
 90
1
 70
 0
 43
0.25400050800101603 
 10
-2.503733807467597
 20
98.82349504699027
 10
-2.503733807467597
 20
98.46649733299478
  0
LWPOLYLINE
  5
4a9
330
1F
100
AcDbEntity
  8
TopSilkLayer
100
AcDbPolyline
 90
1
 70
 0
 43
0.25400050800101603 
 10
2.0963169926340015
 20
98.82349504699027
 10
2.0963169926340015
 20
98.46649733299478
  0
LWPOLYLINE
  5
4aa
330
1F
100
AcDbEntity
  8
TopSilkLayer
100
AcDbPolyline
 90
1
 70
 0
 43
0.25400050800101603 
 10
-2.503733807467597
 20
95.79949199898408
 10
-2.503733807467597
 20
96.18049276098554
  0
LWPOLYLINE
  5
4ab
330
1F
100
AcDbEntity
  8
TopSilkLayer
100
AcDbPolyline
 90
1
 70
 0
 43
0.25400050800101603 
 10
2.0963169926340015
 20
95.79949199898408
 10
2.0963169926340015
 20
96.18049276098554
  0
LWPOLYLINE
  5
4ac
330
1F
100
AcDbEntity
  8
TopSilkLayer
100
AcDbPolyline
 90
1
 70
 0
 43
0.25400050800101603 
 10
-3.8261366522733624
 20
84.68402336804684
 10
0.7738125476250843
 20
84.68402336804684
  0
LWPOLYLINE
  5
4ad
330
1F
100
AcDbEntity
  8
TopSilkLayer
100
AcDbPolyline
 90
1
 70
 0
 43
0.25400050800101603 
 10
0.75989331978667
 20
81.63601727203468
 10
-3.8401574803149288
 20
81.63601727203468
  0
LWPOLYLINE
  5
4ae
330
1F
100
AcDbEntity
  8
TopSilkLayer
100
AcDbPolyline
 90
1
 70
 0
 43
0.25400050800101603 
 10
-3.8401574803149288
 20
84.66002032004076
 10
-3.8401574803149288
 20
84.30302260604537
  0
LWPOLYLINE
  5
4af
330
1F
100
AcDbEntity
  8
TopSilkLayer
100
AcDbPolyline
 90
1
 70
 0
 43
0.25400050800101603 
 10
0.75989331978667
 20
84.66002032004076
 10
0.75989331978667
 20
84.30302260604537
  0
LWPOLYLINE
  5
4b0
330
1F
100
AcDbEntity
  8
TopSilkLayer
100
AcDbPolyline
 90
1
 70
 0
 43
0.25400050800101603 
 10
-3.8401574803149288
 20
81.63601727203468
 10
-3.8401574803149288
 20
82.01701803403614
  0
LWPOLYLINE
  5
4b1
330
1F
100
AcDbEntity
  8
TopSilkLayer
100
AcDbPolyline
 90
1
 70
 0
 43
0.25400050800101603 
 10
0.75989331978667
 20
81.63601727203468
 10
0.75989331978667
 20
82.01701803403614
  0
LWPOLYLINE
  5
4b2
330
1F
100
AcDbEntity
  8
TopSilkLayer
100
AcDbPolyline
 90
1
 70
 0
 43
0.25400050800101603 
 10
12.483997967995947
 20
79.44615189230387
 10
12.483997967995947
 20
74.84620269240554
  0
LWPOLYLINE
  5
4b3
330
1F
100
AcDbEntity
  8
TopSilkLayer
100
AcDbPolyline
 90
1
 70
 0
 43
0.25400050800101603 
 10
9.435991871983788
 20
74.86012192024396
 10
9.435991871983788
 20
79.46017272034555
  0
LWPOLYLINE
  5
4b4
330
1F
100
AcDbEntity
  8
TopSilkLayer
100
AcDbPolyline
 90
1
 70
 0
 43
0.25400050800101603 
 10
12.459994919989867
 20
79.46017272034555
 10
12.102997205994598
 20
79.46017272034555
  0
LWPOLYLINE
  5
4b5
330
1F
100
AcDbEntity
  8
TopSilkLayer
100
AcDbPolyline
 90
1
 70
 0
 43
0.25400050800101603 
 10
12.459994919989867
 20
74.86012192024396
 10
12.102997205994598
 20
74.86012192024396
  0
LWPOLYLINE
  5
4b6
330
1F
100
AcDbEntity
  8
TopSilkLayer
100
AcDbPolyline
 90
1
 70
 0
 43
0.25400050800101603 
 10
9.435991871983788
 20
79.46017272034555
 10
9.816992633985365
 20
79.46017272034555
  0
LWPOLYLINE
  5
4b7
330
1F
100
AcDbEntity
  8
TopSilkLayer
100
AcDbPolyline
 90
1
 70
 0
 43
0.25400050800101603 
 10
9.435991871983788
 20
74.86012192024396
 10
9.816992633985365
 20
74.86012192024396
  0
LWPOLYLINE
  5
4b8
330
1F
100
AcDbEntity
  8
TopSilkLayer
100
AcDbPolyline
 90
1
 70
 0
 43
0.25400050800101603 
 10
-19.516002032004053
 20
78.94615189230387
 10
-19.516002032004053
 20
74.34620269240543
  0
LWPOLYLINE
  5
4b9
330
1F
100
AcDbEntity
  8
TopSilkLayer
100
AcDbPolyline
 90
1
 70
 0
 43
0.25400050800101603 
 10
-22.564008128016212
 20
74.36012192024396
 10
-22.564008128016212
 20
78.96017272034555
  0
LWPOLYLINE
  5
4ba
330
1F
100
AcDbEntity
  8
TopSilkLayer
100
AcDbPolyline
 90
1
 70
 0
 43
0.25400050800101603 
 10
-19.540005080010133
 20
78.96017272034555
 10
-19.89700279400563
 20
78.96017272034555
  0
LWPOLYLINE
  5
4bb
330
1F
100
AcDbEntity
  8
TopSilkLayer
100
AcDbPolyline
 90
1
 70
 0
 43
0.25400050800101603 
 10
-19.540005080010133
 20
74.36012192024396
 10
-19.89700279400563
 20
74.36012192024396
  0
LWPOLYLINE
  5
4bc
330
1F
100
AcDbEntity
  8
TopSilkLayer
100
AcDbPolyline
 90
1
 70
 0
 43
0.25400050800101603 
 10
-22.564008128016212
 20
78.96017272034555
 10
-22.18300736601475
 20
78.96017272034555
  0
LWPOLYLINE
  5
4bd
330
1F
100
AcDbEntity
  8
TopSilkLayer
100
AcDbPolyline
 90
1
 70
 0
 43
0.25400050800101603 
 10
-22.564008128016212
 20
74.36012192024396
 10
-22.18300736601475
 20
74.36012192024396
  0
LWPOLYLINE
  5
4be
330
1F
100
AcDbEntity
  8
TopSilkLayer
100
AcDbPolyline
 90
1
 70
 0
 43
0.25400050800101603 
 10
-2.4897129794258035
 20
102.1474980949962
 10
2.110236220472416
 20
102.1474980949962
  0
LWPOLYLINE
  5
4bf
330
1F
100
AcDbEntity
  8
TopSilkLayer
100
AcDbPolyline
 90
1
 70
 0
 43
0.25400050800101603 
 10
2.0963169926340015
 20
99.09949199898404
 10
-2.503733807467597
 20
99.09949199898404
  0
LWPOLYLINE
  5
4c0
330
1F
100
AcDbEntity
  8
TopSilkLayer
100
AcDbPolyline
 90
1
 70
 0
 43
0.25400050800101603 
 10
-2.503733807467597
 20
102.12349504699023
 10
-2.503733807467597
 20
101.76649733299473
  0
LWPOLYLINE
  5
4c1
330
1F
100
AcDbEntity
  8
TopSilkLayer
100
AcDbPolyline
 90
1
 70
 0
 43
0.25400050800101603 
 10
2.0963169926340015
 20
102.12349504699023
 10
2.0963169926340015
 20
101.76649733299473
  0
LWPOLYLINE
  5
4c2
330
1F
100
AcDbEntity
  8
TopSilkLayer
100
AcDbPolyline
 90
1
 70
 0
 43
0.25400050800101603 
 10
-2.503733807467597
 20
99.09949199898404
 10
-2.503733807467597
 20
99.48049276098561
  0
LWPOLYLINE
  5
4c3
330
1F
100
AcDbEntity
  8
TopSilkLayer
100
AcDbPolyline
 90
1
 70
 0
 43
0.25400050800101603 
 10
2.0963169926340015
 20
99.09949199898404
 10
2.0963169926340015
 20
99.48049276098561
  0
LWPOLYLINE
  5
4c4
330
1F
100
AcDbEntity
  8
TopSilkLayer
100
AcDbPolyline
 90
1
 70
 0
 43
0.25400050800101603 
 10
-13.094996189992344
 20
70.57602235204479
 10
-13.094996189992344
 20
68.54401828803668
  0
LWPOLYLINE
  5
4c5
330
1F
100
AcDbEntity
  8
TopSilkLayer
100
AcDbPolyline
 90
4
 70
 1
 43
0.2 
 10
-16.52400304800608
 20
70.70302260604535
 10
-12.52400304800608
 20
70.70302260604535
 10
-12.52400304800608
 20
68.50312420624846
 10
-16.52400304800608
 20
68.50312420624846
 10
-16.52400304800608
 20
70.70302260604535
  0
LWPOLYLINE
  5
4c6
330
1F
100
AcDbEntity
  8
TopSilkLayer
100
AcDbPolyline
 90
1
 70
 0
 43
0.25400050800101603 
 10
-8.859994919989731
 20
78.29065278130565
 10
-19.02001524003049
 20
78.29065278130565
  0
LWPOLYLINE
  5
4c7
330
1F
100
AcDbEntity
  8
TopSilkLayer
100
AcDbPolyline
 90
1
 70
 0
 43
0.25400050800101603 
 10
-8.859994919989731
 20
73.22639065278133
 10
-19.02001524003049
 20
73.22639065278133
  0
LWPOLYLINE
  5
4c8
330
1F
100
AcDbEntity
  8
TopSilkLayer
100
AcDbPolyline
 90
1
 70
 0
 43
0.25400050800101603 
 10
-19.02001524003049
 20
78.29065278130565
 10
-19.02001524003049
 20
73.22639065278133
  0
LWPOLYLINE
  5
4c9
330
1F
100
AcDbEntity
  8
TopSilkLayer
100
AcDbPolyline
 90
1
 70
 0
 43
0.25400050800101603 
 10
-8.859994919989731
 20
78.29065278130565
 10
-8.859994919989731
 20
76.52202184404382
  0
LWPOLYLINE
  5
4ca
330
1F
100
AcDbEntity
  8
TopSilkLayer
100
AcDbPolyline
 90
1
 70
 0
 43
0.25400050800101603 
 10
-8.859994919989731
 20
74.99801879603774
 10
-8.859994919989731
 20
73.22639065278133
  0
LWPOLYLINE
  5
4cb
330
1F
100
AcDbEntity
  8
TopSilkLayer
100
AcDbPolyline
 90
4
 70
 0
 43
0.25400050800101603 
 10
-1.5400050800101326
 20
67.56002032004073
 10
-1.5400050800101326
 20
70.76002032004078
 10
-6.540005080010133
 20
70.76002032004078
 10
-6.540005080010133
 20
67.56002032004073
 10
-1.5599949199900038
 20
67.56002032004073
  0
LWPOLYLINE
  5
4cc
330
1F
100
AcDbEntity
  8
TopSilkLayer
100
AcDbPolyline
 90
4
 70
 0
 43
0.25400050800101603 
 10
-17.64000508001027
 20
80.56002032004073
 10
-17.64000508001027
 20
83.76002032004078
 10
-22.640005080010155
 20
83.76002032004078
 10
-22.640005080010155
 20
80.56002032004073
 10
-17.659994919989913
 20
80.56002032004073
  0
LWPOLYLINE
  5
4cd
330
1F
100
AcDbEntity
  8
TopSilkLayer
100
AcDbPolyline
 90
1
 70
 0
 43
0.25400050800101603 
 10
-19.116002032003962
 20
92.36151892303792
 10
-19.116002032003962
 20
93.75852171704355
  0
LWPOLYLINE
  5
4ce
330
1F
100
AcDbEntity
  8
TopSilkLayer
100
AcDbPolyline
 90
1
 70
 0
 43
0.25400050800101603 
 10
-22.03700787401567
 20
92.63761747523506
 10
-22.03700787401567
 20
93.48239776479568
  0
LWPOLYLINE
  5
4cf
330
1F
100
AcDbEntity
  8
TopSilkLayer
100
AcDbPolyline
 90
1
 70
 0
 43
0.25400050800101603 
 10
-20.25900431800858
 20
92.17101854203713
 10
-21.02100584201162
 20
92.17101854203713
  0
LWPOLYLINE
  5
4d0
330
1F
100
AcDbEntity
  8
TopSilkLayer
100
AcDbPolyline
 90
1
 70
 0
 43
0.15001270002540007 
 10
-0.003479806959603593
 20
88.73850647701306
 10
-0.003479806959603593
 20
85.63843027686062
  0
LWPOLYLINE
  5
4d1
330
1F
100
AcDbEntity
  8
TopSilkLayer
100
AcDbPolyline
 90
1
 70
 0
 43
0.15001270002540007 
 10
-3.10355600711182
 20
85.63843027686062
 10
-0.003479806959603593
 20
85.63843027686062
  0
LWPOLYLINE
  5
4d2
330
1F
100
AcDbEntity
  8
TopSilkLayer
100
AcDbPolyline
 90
1
 70
 0
 43
0.15001270002540007 
 10
-3.1022860045718517
 20
88.73850647701306
 10
-3.1022860045718517
 20
85.63843027686062
  0
LWPOLYLINE
  5
4d3
330
1F
100
AcDbEntity
  8
TopSilkLayer
100
AcDbPolyline
 90
1
 70
 0
 43
0.15001270002540007 
 10
-0.003479806959603593
 20
88.76263652527314
 10
-0.8416814833628905
 20
88.76263652527314
  0
LWPOLYLINE
  5
4d4
330
1F
100
AcDbEntity
  8
TopSilkLayer
100
AcDbPolyline
 90
1
 70
 0
 43
0.15001270002540007 
 10
-2.264084328168792
 20
88.76263652527314
 10
-3.1022860045718517
 20
88.76263652527314
  0
LWPOLYLINE
  5
4d5
330
1F
100
AcDbEntity
  8
TopSilkLayer
100
AcDbPolyline
 90
4
 70
 1
 43
0.25400050800101603 
 10
9.189992379984915
 20
108.62001524003051
 10
9.189992379984915
 20
113.70002540005089
 10
11.729997459995047
 20
113.70002540005089
 10
11.729997459995047
 20
108.62001524003051
 10
9.189992379984915
 20
108.62001524003051
  0
LWPOLYLINE
  5
4d6
330
1F
100
AcDbEntity
  8
TopSilkLayer
100
AcDbPolyline
 90
1
 70
 0
 43
0.25400050800101603 
 10
7.0700025400051345
 20
9.828016256032583
 10
7.06997713995429
 20
5.828016256032697
  0
LWPOLYLINE
  5
4d7
330
1F
100
AcDbEntity
  8
TopSilkLayer
100
AcDbPolyline
 90
1
 70
 0
 43
0.25400050800101603 
 10
7.06997713995429
 20
5.828016256032697
 10
5.27000254000518
 20
5.828016256032697
  0
LWPOLYLINE
  5
4d8
330
1F
100
AcDbEntity
  8
TopSilkLayer
100
AcDbPolyline
 90
1
 70
 0
 43
0.25400050800101603 
 10
5.27000254000518
 20
5.828016256032697
 10
5.270027940056025
 20
9.828016256032583
  0
LWPOLYLINE
  5
4d9
330
1F
100
AcDbEntity
  8
TopSilkLayer
100
AcDbPolyline
 90
1
 70
 0
 43
0.25400050800101603 
 10
5.270027940056025
 20
9.828016256032583
 10
7.0700025400051345
 20
9.828016256032583
  0
LWPOLYLINE
  5
4da
330
1F
100
AcDbEntity
  8
TopSilkLayer
100
AcDbPolyline
 90
2
 70
 0
 43
0.25400050800101603 
 10
5.662001524003017
 20
8.844018288036636
 10
5.662001524003017
 20
7.57401574803157
 10
6.93200406400797
 20
6.304013208026504
  0
LWPOLYLINE
  5
4db
330
1F
100
AcDbEntity
  8
TopSilkLayer
100
AcDbPolyline
 90
4
 70
 1
 43
0.25400050800101603 
 10
-19.240030480060796
 20
118.96012192024386
 10
-19.240030480060796
 20
111.2600965201932
 10
-21.839979679959356
 20
111.2600965201932
 10
-21.839979679959356
 20
118.96012192024386
 10
-19.240030480060796
 20
118.96012192024386
  0
LWPOLYLINE
  5
4dc
330
1F
100
AcDbEntity
  8
TopSilkLayer
100
AcDbPolyline
 90
4
 70
 1
 43
0.25400050800101603 
 10
-19.240030480060796
 20
118.96012192024386
 10
-19.240030480060796
 20
116.36017272034553
 10
-21.740157480314906
 20
116.36017272034553
 10
-21.740157480314906
 20
118.96012192024386
 10
-19.240030480060796
 20
118.96012192024386
  0
LWPOLYLINE
  5
4dd
330
1F
100
AcDbEntity
  8
TopSilkLayer
100
AcDbPolyline
 90
1
 70
 0
 43
0.25400050800101603 
 10
-18.539954279908443
 20
93.59001778003562
 10
-18.539954279908443
 20
125.58999237998489
  0
LWPOLYLINE
  5
4de
330
1F
100
AcDbEntity
  8
TopSilkLayer
100
AcDbPolyline
 90
1
 70
 0
 43
0.25400050800101603 
 10
4.459994919989867
 20
89.59001778003562
 10
-14.564998729997342
 20
89.52402844805704
  0
LWPOLYLINE
  5
4df
330
1F
100
AcDbEntity
  8
TopSilkLayer
100
AcDbPolyline
 90
1
 70
 0
 43
0.25400050800101603 
 10
8.459944119888405
 20
125.58999237998489
 10
8.459944119888405
 20
93.59001778003562
  0
LWPOLYLINE
  5
4e0
330
1F
100
AcDbEntity
  8
TopSilkLayer
100
AcDbPolyline
 90
1
 70
 0
 43
0.25400050800101603 
 10
4.459994919989867
 20
129.5899415798832
 10
-14.540005080010133
 20
129.5899415798832
  0
LWPOLYLINE
  5
4e1
330
1F
100
AcDbEntity
  8
TopSilkLayer
100
AcDbPolyline
 90
4
 70
 1
 43
0.25400050800101603 
 10
-17.740030480061023
 20
118.73406146812306
 10
-15.200025400050663
 20
118.73406146812306
 10
-15.200025400050663
 20
116.19405638811281
 10
-17.740030480061023
 20
116.19405638811281
 10
-17.740030480061023
 20
118.73406146812306
  0
LWPOLYLINE
  5
4e2
330
1F
100
AcDbEntity
  8
BottomSilkLayer
100
AcDbPolyline
 90
7
 70
 1
 43
0.25400050800101603 
 10
-20.69659639319275
 20
127.39001778003569
 10
-20.69659639319275
 20
129.93002286004582
 10
-18.410591821183516
 20
129.93002286004582
 10
-15.362585725171357
 20
129.93002286004582
 10
-7.968605537211033
 20
129.93002286004582
 10
-7.996570993141859
 20
129.93002286004582
 10
-7.996570993141859
 20
127.39001778003569
 10
-20.69659639319275
 20
127.39001778003569
  0
LWPOLYLINE
  5
4e3
330
1F
100
AcDbEntity
  8
TopSilkLayer
100
AcDbPolyline
 90
4
 70
 1
 43
0.25400050800101603 
 10
9.189992379984915
 20
116.12001524003063
 10
9.189992379984915
 20
121.20002540005089
 10
11.729997459995047
 20
121.20002540005089
 10
11.729997459995047
 20
116.12001524003063
 10
9.189992379984915
 20
116.12001524003063
  0
ARC
  5
4e4
330
1F
100
AcDbEntity
  8
TopSilkLayer
100
AcDbCircle
 10
-10.778105156210358
 20
85.15936187138561
 30
0.0
 40
4.00000762001524
100
AcDbArc
 50
270.5093662377929
 51
270
  0
ARC
  5
4e5
330
1F
100
AcDbEntity
  8
TopSilkLayer
100
AcDbCircle
 10
-8.859994919989731
 20
75.76002032004078
 30
0.0
 40
0.7620015240030481
100
AcDbArc
 50
90
 51
270
  0
ARC
  5
4e6
330
1F
100
AcDbEntity
  8
TopSilkLayer
100
AcDbCircle
 10
-1.5655829311658636
 20
88.97993689176519
 30
0.0
 40
0.7315214630429262
100
AcDbArc
 50
197.28066229505066
 51
342.71933770494934
  0
ARC
  5
4e7
330
1F
100
AcDbEntity
  8
TopSilkLayer
100
AcDbCircle
 10
-14.489193918721185
 20
93.48839217676925
 30
0.0
 40
4
100
AcDbArc
 50
178.62168308751833
 51
270
  0
ARC
  5
4e8
330
1F
100
AcDbEntity
  8
TopSilkLayer
100
AcDbCircle
 10
4.459994919989867
 20
93.58999237998489
 30
0.0
 40
4
100
AcDbArc
 50
270
 51
359.9999999999985
  0
ARC
  5
4e9
330
1F
100
AcDbEntity
  8
TopSilkLayer
100
AcDbCircle
 10
-14.540005080010133
 20
125.589992379985
 30
0.0
 40
4
100
AcDbArc
 50
90
 51
180.00000000000017
  0
ARC
  5
4ea
330
1F
100
AcDbEntity
  8
TopSilkLayer
100
AcDbCircle
 10
4.459994919989867
 20
125.589992379985
 30
0.0
 40
4
100
AcDbArc
 50
0
 51
90
0
TEXT
5
9f9
100
AcDbEntity
8
BottomSilkLayer
7

461
1
100
AcDbText
10
0.9599949199898674
20
121.70993141986287
30
0
40
1
1
GreenEye SensorDevice
50
0
71
2
100
AcDbText
0
TEXT
5
9fa
100
AcDbEntity
8
BottomSilkLayer
7

461
2
100
AcDbText
10
-0.040005080009905214
20
118.70993141986298
30
0
40
2
1
Nangman
50
0
71
2
100
AcDbText
0
TEXT
5
9fb
100
AcDbEntity
8
BottomSilkLayer
7

461
2
100
AcDbText
10
-2.0400050800101326
20
115.70993141986298
30
0
40
2
1
Dolphins
50
0
71
2
100
AcDbText
0
TEXT
5
9fc
100
AcDbEntity
8
BottomSilkLayer
7

461
0.6000000000000001
100
AcDbText
10
-3.0400050800101326
20
128.65989331978676
30
0
40
0.6000000000000001
1
-
50
0
71
2
100
AcDbText
0
TEXT
5
9fd
100
AcDbEntity
8
BottomSilkLayer
7

461
0.6000000000000001
100
AcDbText
10
-4.539878079756136
20
128.65989331978676
30
0
40
0.6000000000000001
1
+
50
0
71
2
100
AcDbText
0
TEXT
5
9fe
100
AcDbEntity
8
BottomSilkLayer
7

461
0.7000000000000001
100
AcDbText
10
0.11544323088628516
20
125.1762763525528
30
0
40
0.7000000000000001
1
VCC
50
270
71
2
100
AcDbText
0
TEXT
5
9ff
100
AcDbEntity
8
BottomSilkLayer
7

461
0.7000000000000001
100
AcDbText
10
5.615316230632516
20
125.1762763525528
30
0
40
0.7000000000000001
1
GND
50
270
71
2
100
AcDbText
0
TEXT
5
a00
100
AcDbEntity
8
BottomSilkLayer
7

461
0.7000000000000001
100
AcDbText
10
8.115443230886513
20
125.1762763525528
30
0
40
0.7000000000000001
1
SCL
50
270
71
2
100
AcDbText
0
TEXT
5
a01
100
AcDbEntity
8
BottomSilkLayer
7

461
0.7000000000000001
100
AcDbText
10
3.1154432308865125
20
125.1762763525528
30
0
40
0.7000000000000001
1
SDA
50
270
71
2
100
AcDbText
0
TEXT
5
a02
100
AcDbEntity
8
BottomSilkLayer
7

461
0.6000000000000001
100
AcDbText
10
-21.539878079756136
20
122.16002032004076
30
0
40
0.6000000000000001
1
G
50
0
71
2
100
AcDbText
0
TEXT
5
a03
100
AcDbEntity
8
BottomSilkLayer
7

461
0.6000000000000001
100
AcDbText
10
-19.539878079756136
20
122.16002032004076
30
0
40
0.6000000000000001
1
P
50
0
71
2
100
AcDbText
0
TEXT
5
a04
100
AcDbEntity
8
BottomSilkLayer
7

461
0.6000000000000001
100
AcDbText
10
-17.539878079756136
20
122.16002032004076
30
0
40
0.6000000000000001
1
B
50
0
71
2
100
AcDbText
0
TEXT
5
a05
100
AcDbEntity
8
BottomSilkLayer
7

461
1
100
AcDbText
10
-12.539878079756136
20
120.16002032004076
30
0
40
1
1
V4.0
50
0
71
2
100
AcDbText
0
TEXT
5
a06
100
AcDbEntity
8
TopSilkLayer
7

461
1
100
AcDbText
10
10.460121920243864
20
20.15976631953265
30
0
40
1
1
Nangman
50
90
71
1
100
AcDbText
0
TEXT
5
a07
100
AcDbEntity
8
TopSilkLayer
7

461
1
100
AcDbText
10
11.959994919989867
20
20.65989331978676
30
0
40
1
1
Dolphins
50
90
71
1
100
AcDbText
0
TEXT
5
a08
100
AcDbEntity
8
TopSilkLayer
7

461
1
100
AcDbText
10
6.959994919989867
20
66.65989331978665
30
0
40
1
1
EC_B
50
0
71
1
100
AcDbText
0
TEXT
5
a09
100
AcDbEntity
8
TopSilkLayer
7

461
1
100
AcDbText
10
1.9599949199898674
20
66.65989331978665
30
0
40
1
1
TEMP
50
0
71
1
100
AcDbText
0
TEXT
5
a0a
100
AcDbEntity
8
TopSilkLayer
7

461
0.6000000000000001
100
AcDbText
10
-22.539878079756136
20
111.65989331978665
30
0
40
0.6000000000000001
1
G
50
0
71
1
100
AcDbText
0
TEXT
5
a0b
100
AcDbEntity
8
TopSilkLayer
7

461
0.6000000000000001
100
AcDbText
10
-22.539878079756136
20
116.65989331978676
30
0
40
0.6000000000000001
1
T
50
0
71
1
100
AcDbText
0
TEXT
5
a0c
100
AcDbEntity
8
TopSilkLayer
7

461
0.6000000000000001
100
AcDbText
10
-22.539878079756136
20
114.16002032004076
30
0
40
0.6000000000000001
1
R
50
0
71
1
100
AcDbText
0
TEXT
5
a0d
100
AcDbEntity
8
TopSilkLayer
7

461
1
100
AcDbText
10
-14.847980695961269
20
67.07188214376447
30
0
40
1
1
EC_A
50
0
71
1
100
AcDbText
0
TEXT
5
a0e
100
AcDbEntity
8
TopSilkLayer
7

461
1
100
AcDbText
10
-20.99199898399786
20
67.07188214376447
30
0
40
1
1
MOIST
50
0
71
1
100
AcDbText
0
TEXT
5
a0f
100
AcDbEntity
8
TopSilkLayer
7

461
1
100
AcDbText
10
11.959994919989867
20
27.160020320040644
30
0
40
1
1
GreenEye SensorDevice
50
90
71
1
100
AcDbText
0
TEXT
5
a10
100
AcDbEntity
8
TopSilkLayer
7

461
1
100
AcDbText
10
11.959994919989867
20
44.65989331978665
30
0
40
1
1
V4.0
50
90
71
1
100
AcDbText
0
TEXT
5
a11
100
AcDbEntity
8
BottomSilkLayer
7

461
0.7000000000000001
100
AcDbText
10
-5.539878079756136
20
128.65989331978676
30
0
40
0.7000000000000001
1
BAT
50
0
71
2
100
AcDbText
0
TEXT
5
a12
100
AcDbEntity
8
BottomSilkLayer
7

461
0.7000000000000001
100
AcDbText
10
-1.639954279908352
20
124.05994411988843
30
0
40
0.7000000000000001
1
CONN2
50
0
71
2
100
AcDbText
0
TEXT
5
a13
100
AcDbEntity
8
BottomSilkLayer
7

461
0.7000000000000001
100
AcDbText
10
4.390779781559559
20
123.91541783083574
30
0
40
0.7000000000000001
1
AHT20
50
0
71
2
100
AcDbText
0
TEXT
5
a14
100
AcDbEntity
8
BottomSilkLayer
7

461
0.7000000000000001
100
AcDbText
10
6.390779781559559
20
123.91541783083574
30
0
40
0.7000000000000001
1
S2
50
0
71
2
100
AcDbText
0
TEXT
5
a15
100
AcDbEntity
8
BottomSilkLayer
7

461
0.7000000000000001
100
AcDbText
10
-17.044577089154245
20
118.65557531115076
30
0
40
0.7000000000000001
1
DBG-PWR
50
0
71
2
100
AcDbText
0
TEXT
5
a16
100
AcDbEntity
8
BottomSilkLayer
7

461
0.7000000000000001
100
AcDbText
10
-16.339979679959242
20
123.05994411988831
30
0
40
0.7000000000000001
1
CONN1
50
0
71
2
100
AcDbText
0
TEXT
5
a17
100
AcDbEntity
8
TopSilkLayer
7
NotoSerifCJKsc-Medium
461
1.143002286004572
100
AcDbText
10
8.159893319786534
20
81.16002032004064
30
0
40
1.143002286004572
1
1kΩ
50
0
71
1
100
AcDbText
0
TEXT
5
a18
100
AcDbEntity
8
TopSilkLayer
7

461
1
100
AcDbText
10
4.460121920243864
20
81.96012192024386
30
0
40
1
1
R16
50
0
71
1
100
AcDbText
0
TEXT
5
a19
100
AcDbEntity
8
TopSilkLayer
7
NotoSerifCJKsc-Medium
461
1.143002286004572
100
AcDbText
10
8.159893319786534
20
86.16002032004064
30
0
40
1.143002286004572
1
1kΩ
50
0
71
1
100
AcDbText
0
TEXT
5
a1a
100
AcDbEntity
8
TopSilkLayer
7

461
1
100
AcDbText
10
4.460121920243864
20
86.96012192024386
30
0
40
1
1
R17
50
0
71
1
100
AcDbText
0
TEXT
5
a1b
100
AcDbEntity
8
TopSilkLayer
7

461
0.7000000000000001
100
AcDbText
10
6.360045720091421
20
78.26009652019309
30
0
40
0.7000000000000001
1
100nF
50
270
71
1
100
AcDbText
0
TEXT
5
a1c
100
AcDbEntity
8
TopSilkLayer
7

461
0.7000000000000001
100
AcDbText
10
8.159893319786534
20
78.65989331978676
30
0
40
0.7000000000000001
1
C14
50
270
71
1
100
AcDbText
0
TEXT
5
a1d
100
AcDbEntity
8
TopSilkLayer
7

461
0.7000000000000001
100
AcDbText
10
3.159893319786761
20
78.45999491998998
30
0
40
0.7000000000000001
1
100nF
50
270
71
1
100
AcDbText
0
TEXT
5
a1e
100
AcDbEntity
8
TopSilkLayer
7

461
0.7000000000000001
100
AcDbText
10
4.859918719837424
20
78.65989331978676
30
0
40
0.7000000000000001
1
C16
50
270
71
1
100
AcDbText
0
TEXT
5
a1f
100
AcDbEntity
8
TopSilkLayer
7

461
0.7000000000000001
100
AcDbText
10
1.259969519938977
20
73.65989331978676
30
0
40
0.7000000000000001
1
10nF
50
0
71
1
100
AcDbText
0
TEXT
5
a20
100
AcDbEntity
8
TopSilkLayer
7

461
0.7000000000000001
100
AcDbText
10
-0.7400304800607955
20
73.65989331978676
30
0
40
0.7000000000000001
1
C15
50
0
71
1
100
AcDbText
0
TEXT
5
a21
100
AcDbEntity
8
TopSilkLayer
7
NotoSerifCJKsc-Medium
461
1.143002286004572
100
AcDbText
10
8.159893319786534
20
83.65989331978676
30
0
40
1.143002286004572
1
1kΩ
50
0
71
1
100
AcDbText
0
TEXT
5
a22
100
AcDbEntity
8
TopSilkLayer
7

461
1
100
AcDbText
10
4.387985775971629
20
84.40411480822979
30
0
40
1
1
R15
50
0
71
1
100
AcDbText
0
TEXT
5
a23
100
AcDbEntity
8
TopSilkLayer
7
NotoSerifCJKsc-Medium
461
1.143002286004572
100
AcDbText
10
-19.540640081280117
20
100.96113792227595
30
0
40
1.143002286004572
1
100kΩ
50
0
71
1
100
AcDbText
0
TEXT
5
a24
100
AcDbEntity
8
TopSilkLayer
7

461
1
100
AcDbText
10
-20.292735585471178
20
98.19710439420896
30
0
40
1
1
R1
50
90
71
1
100
AcDbText
0
TEXT
5
a25
100
AcDbEntity
8
TopSilkLayer
7
NotoSerifCJKsc-Medium
461
1.143002286004572
100
AcDbText
10
5.159893319786761
20
68.75996951993909
30
0
40
1.143002286004572
1
1kΩ
50
270
71
1
100
AcDbText
0
TEXT
5
a26
100
AcDbEntity
8
TopSilkLayer
7

461
1
100
AcDbText
10
1.4603759207518578
20
69.46075692151385
30
0
40
1
1
R2
50
0
71
1
100
AcDbText
0
TEXT
5
a27
100
AcDbEntity
8
TopSilkLayer
7
NotoSerifCJKsc-Medium
461
1.143002286004572
100
AcDbText
10
-3.839344678689258
20
76.5603251206503
30
0
40
1.143002286004572
1
330Ω
50
0
71
1
100
AcDbText
0
TEXT
5
a28
100
AcDbEntity
8
TopSilkLayer
7

461
1
100
AcDbText
10
-4.5393700787401485
20
73.26060452120907
30
0
40
1
1
R3
50
90
71
1
100
AcDbText
0
TEXT
5
a29
100
AcDbEntity
8
TopSilkLayer
7
NotoSerifCJKsc-Medium
461
1.143002286004572
100
AcDbText
10
-1.339471678943255
20
75.96037592075186
30
0
40
1.143002286004572
1
1.6kΩ
50
0
71
1
100
AcDbText
0
TEXT
5
a2a
100
AcDbEntity
8
TopSilkLayer
7

461
1
100
AcDbText
10
-2.0392430784859243
20
73.2603505207012
30
0
40
1
1
R4
50
90
71
1
100
AcDbText
0
TEXT
5
a2b
100
AcDbEntity
8
TopSilkLayer
7
NotoSerifCJKsc-Medium
461
1.143002286004572
100
AcDbText
10
-0.8390906781812646
20
103.05994411988831
30
0
40
1.143002286004572
1
10kΩ
50
0
71
1
100
AcDbText
0
TEXT
5
a2c
100
AcDbEntity
8
TopSilkLayer
7

461
1
100
AcDbText
10
-4.038989077978158
20
103.96012192024398
30
0
40
1
1
R5
50
0
71
1
100
AcDbText
0
TEXT
5
a2d
100
AcDbEntity
8
TopSilkLayer
7
NotoSerifCJKsc-Medium
461
1.143002286004572
100
AcDbText
10
-6.240157480314792
20
76.46101092202184
30
0
40
1.143002286004572
1
10kΩ
50
0
71
1
100
AcDbText
0
TEXT
5
a2e
100
AcDbEntity
8
TopSilkLayer
7

461
1
100
AcDbText
10
-6.932054864109659
20
73.2969265938533
30
0
40
1
1
R6
50
90
71
1
100
AcDbText
0
TEXT
5
a2f
100
AcDbEntity
8
TopSilkLayer
7
NotoSerifCJKsc-Medium
461
1.143002286004572
100
AcDbText
10
9.25946151892299
20
94.25908051816123
30
0
40
1.143002286004572
1
1MΩ
50
180
71
1
100
AcDbText
0
TEXT
5
a30
100
AcDbEntity
8
TopSilkLayer
7

461
1
100
AcDbText
10
10.347599695199506
20
97.62306324612655
30
0
40
1
1
R7
50
270
71
1
100
AcDbText
0
TEXT
5
a31
100
AcDbEntity
8
TopSilkLayer
7
NotoSerifCJKsc-Medium
461
1.143002286004572
100
AcDbText
10
4.660020320040758
20
71.05994411988843
30
0
40
1.143002286004572
1
10kΩ
50
90
71
1
100
AcDbText
0
TEXT
5
a32
100
AcDbEntity
8
TopSilkLayer
7

461
1
100
AcDbText
10
1.4601219202438642
20
72.05994411988831
30
0
40
1
1
R8
50
0
71
1
100
AcDbText
0
TEXT
5
a33
100
AcDbEntity
8
TopSilkLayer
7
NotoSerifCJKsc-Medium
461
1.143002286004572
100
AcDbText
10
-6.9632969265937845
20
106.83667767335544
30
0
40
1.143002286004572
1
47kΩ
50
0
71
1
100
AcDbText
0
TEXT
5
a34
100
AcDbEntity
8
TopSilkLayer
7

461
1
100
AcDbText
10
-8.038989077978158
20
103.65913131826278
30
0
40
1
1
R9
50
90
71
1
100
AcDbText
0
TEXT
5
a35
100
AcDbEntity
8
TopSilkLayer
7
NotoSerifCJKsc-Medium
461
1.143002286004572
100
AcDbText
10
-9.563246126492231
20
106.7368554737111
30
0
40
1.143002286004572
1
47kΩ
50
0
71
1
100
AcDbText
0
TEXT
5
a36
100
AcDbEntity
8
TopSilkLayer
7

461
1
100
AcDbText
10
-10.539878079756136
20
103.65989331978676
30
0
40
1
1
R10
50
90
71
1
100
AcDbText
0
TEXT
5
a37
100
AcDbEntity
8
TopSilkLayer
7
NotoSerifCJKsc-Medium
461
1.143002286004572
100
AcDbText
10
0.05499110998221113
20
93.17373634747275
30
0
40
1.143002286004572
1
10kΩ
50
0
71
1
100
AcDbText
0
TEXT
5
a38
100
AcDbEntity
8
TopSilkLayer
7

461
1
100
AcDbText
10
-3.2449834899668986
20
94.17373634747275
30
0
40
1
1
R11
50
0
71
1
100
AcDbText
0
TEXT
5
a39
100
AcDbEntity
8
TopSilkLayer
7
NotoSerifCJKsc-Medium
461
1.143002286004572
100
AcDbText
10
-1.0389890779779307
20
108.16129032258073
30
0
40
1.143002286004572
1
4.7kΩ
50
0
71
1
100
AcDbText
0
TEXT
5
a3a
100
AcDbEntity
8
TopSilkLayer
7

461
1
100
AcDbText
10
-4.038989077978158
20
108.96139192278395
30
0
40
1
1
R12
50
0
71
1
100
AcDbText
0
TEXT
5
a3b
100
AcDbEntity
8
TopSilkLayer
7
NotoSerifCJKsc-Medium
461
1.143002286004572
100
AcDbText
10
-1.2388874777748242
20
105.66065532131074
30
0
40
1.143002286004572
1
4.7kΩ
50
0
71
1
100
AcDbText
0
TEXT
5
a3c
100
AcDbEntity
8
TopSilkLayer
7

461
1
100
AcDbText
10
-4.038989077978158
20
106.46075692151396
30
0
40
1
1
R13
50
0
71
1
100
AcDbText
0
TEXT
5
a3d
100
AcDbEntity
8
TopSilkLayer
7
NotoSerifCJKsc-Medium
461
1.143002286004572
100
AcDbText
10
0.15506731013488206
20
90.7739395478792
30
0
40
1.143002286004572
1
10kΩ
50
0
71
1
100
AcDbText
0
TEXT
5
a3e
100
AcDbEntity
8
TopSilkLayer
7

461
1
100
AcDbText
10
-3.2449834899668986
20
91.67386334772675
30
0
40
1
1
R14
50
0
71
1
100
AcDbText
0
TEXT
5
a3f
100
AcDbEntity
8
TopSilkLayer
7

461
0.7000000000000001
100
AcDbText
10
-12.040005080010133
20
81.56007112014231
30
0
40
0.7000000000000001
1
100uF
50
0
71
1
100
AcDbText
0
TEXT
5
a40
100
AcDbEntity
8
TopSilkLayer
7

461
0.7000000000000001
100
AcDbText
10
-11.440055880111686
20
88.16002032004076
30
0
40
0.7000000000000001
1
C4
50
0
71
1
100
AcDbText
0
TEXT
5
a41
100
AcDbEntity
8
TopSilkLayer
7

461
0.7000000000000001
100
AcDbText
10
-20.040005080010133
20
89.35991871983754
30
0
40
0.7000000000000001
1
1uF
50
0
71
1
100
AcDbText
0
TEXT
5
a42
100
AcDbEntity
8
TopSilkLayer
7

461
0.7000000000000001
100
AcDbText
10
-22.440055880111686
20
89.35991871983754
30
0
40
0.7000000000000001
1
C7
50
0
71
1
100
AcDbText
0
TEXT
5
a43
100
AcDbEntity
8
TopSilkLayer
7

461
0.7000000000000001
100
AcDbText
10
8.760096520193201
20
105.86004572009153
30
0
40
0.7000000000000001
1
1uF
50
0
71
1
100
AcDbText
0
TEXT
5
a44
100
AcDbEntity
8
TopSilkLayer
7

461
0.7000000000000001
100
AcDbText
10
10.66002032004053
20
105.96012192024398
30
0
40
0.7000000000000001
1
C12
50
0
71
1
100
AcDbText
0
TEXT
5
a45
100
AcDbEntity
8
TopSilkLayer
7

461
0.7000000000000001
100
AcDbText
10
-1.4034798069594672
20
96.02336804673621
30
0
40
0.7000000000000001
1
100nF
50
0
71
1
100
AcDbText
0
TEXT
5
a46
100
AcDbEntity
8
TopSilkLayer
7

461
0.7000000000000001
100
AcDbText
10
-1.7034544069085769
20
97.82346964693943
30
0
40
0.7000000000000001
1
C5
50
0
71
1
100
AcDbText
0
TEXT
5
a47
100
AcDbEntity
8
TopSilkLayer
7

461
0.7000000000000001
100
AcDbText
10
-2.6399542799085793
20
81.86004572009153
30
0
40
0.7000000000000001
1
100nF
50
0
71
1
100
AcDbText
0
TEXT
5
a48
100
AcDbEntity
8
TopSilkLayer
7

461
0.7000000000000001
100
AcDbText
10
-3.0400050800101326
20
83.65989331978676
30
0
40
0.7000000000000001
1
C6
50
0
71
1
100
AcDbText
0
TEXT
5
a49
100
AcDbEntity
8
TopSilkLayer
7

461
0.7000000000000001
100
AcDbText
10
9.760096520193201
20
78.16002032004076
30
0
40
0.7000000000000001
1
100nF
50
270
71
1
100
AcDbText
0
TEXT
5
a4a
100
AcDbEntity
8
TopSilkLayer
7

461
0.7000000000000001
100
AcDbText
10
11.460121920243864
20
78.65989331978676
30
0
40
0.7000000000000001
1
C8
50
270
71
1
100
AcDbText
0
TEXT
5
a4b
100
AcDbEntity
8
TopSilkLayer
7

461
0.7000000000000001
100
AcDbText
10
-19.740030480060796
20
75.56007112014231
30
0
40
0.7000000000000001
1
100nF
50
90
71
1
100
AcDbText
0
TEXT
5
a4c
100
AcDbEntity
8
TopSilkLayer
7

461
0.7000000000000001
100
AcDbText
10
-21.639954279908466
20
75.05994411988843
30
0
40
0.7000000000000001
1
C11
50
90
71
1
100
AcDbText
0
TEXT
5
a4d
100
AcDbEntity
8
TopSilkLayer
7

461
0.7000000000000001
100
AcDbText
10
-1.503556007112138
20
99.42341884683776
30
0
40
0.7000000000000001
1
100nF
50
0
71
1
100
AcDbText
0
TEXT
5
a4e
100
AcDbEntity
8
TopSilkLayer
7

461
0.7000000000000001
100
AcDbText
10
-1.6036322072643543
20
101.12344424688854
30
0
40
0.7000000000000001
1
C13
50
0
71
1
100
AcDbText
0
TEXT
5
a4f
100
AcDbEntity
8
TopSilkLayer
7

461
0.7000000000000001
100
AcDbText
10
-16.440055880111686
20
68.65989331978676
30
0
40
0.7000000000000001
1
1N4148
50
0
71
1
100
AcDbText
0
TEXT
5
a50
100
AcDbEntity
8
TopSilkLayer
7

461
0.7000000000000001
100
AcDbText
10
-15.140081280162576
20
69.7599695199392
30
0
40
0.7000000000000001
1
D2
50
0
71
1
100
AcDbText
0
TEXT
5
a51
100
AcDbEntity
8
TopSilkLayer
7

461
0.7000000000000001
100
AcDbText
10
-14.239903479806799
20
73.56007112014231
30
0
40
0.7000000000000001
1
TLC555CP
50
0
71
1
100
AcDbText
0
TEXT
5
a52
100
AcDbEntity
8
TopSilkLayer
7

461
0.7000000000000001
100
AcDbText
10
-18.63995427990858
20
77.26009652019309
30
0
40
0.7000000000000001
1
U3
50
0
71
1
100
AcDbText
0
TEXT
5
a53
100
AcDbEntity
8
TopSilkLayer
7

461
0.7000000000000001
100
AcDbText
10
-13.040005080010133
20
112.16002032004064
30
0
40
0.7000000000000001
1
47uF
50
0
71
1
100
AcDbText
0
TEXT
5
a54
100
AcDbEntity
8
TopSilkLayer
7

461
0.7000000000000001
100
AcDbText
10
-12.539878079756136
20
115.65989331978665
30
0
40
0.7000000000000001
1
C1
50
0
71
1
100
AcDbText
0
TEXT
5
a55
100
AcDbEntity
8
TopSilkLayer
7

461
0.7000000000000001
100
AcDbText
10
-7.140081280162576
20
112.05994411988831
30
0
40
0.7000000000000001
1
1uF
50
0
71
1
100
AcDbText
0
TEXT
5
a56
100
AcDbEntity
8
TopSilkLayer
7

461
0.7000000000000001
100
AcDbText
10
-7.140081280162576
20
115.56007112014231
30
0
40
0.7000000000000001
1
C2
50
0
71
1
100
AcDbText
0
TEXT
5
a57
100
AcDbEntity
8
TopSilkLayer
7

461
0.7000000000000001
100
AcDbText
10
-2.2399034798067987
20
112.16002032004064
30
0
40
0.7000000000000001
1
47uF
50
0
71
1
100
AcDbText
0
TEXT
5
a58
100
AcDbEntity
8
TopSilkLayer
7

461
0.7000000000000001
100
AcDbText
10
-1.639954279908352
20
115.56007112014231
30
0
40
0.7000000000000001
1
C3
50
0
71
1
100
AcDbText
0
TEXT
5
a59
100
AcDbEntity
8
TopSilkLayer
7

461
0.7000000000000001
100
AcDbText
10
-6.840106680213239
20
67.35991871983754
30
0
40
0.7000000000000001
1
470pF
50
90
71
1
100
AcDbText
0
TEXT
5
a5a
100
AcDbEntity
8
TopSilkLayer
7

461
0.7000000000000001
100
AcDbText
10
-7.840106680213239
20
67.35991871983754
30
0
40
0.7000000000000001
1
C9
50
90
71
1
100
AcDbText
0
TEXT
5
a5b
100
AcDbEntity
8
TopSilkLayer
7

461
0.7000000000000001
100
AcDbText
10
-17.2399034798068
20
80.65989331978665
30
0
40
0.7000000000000001
1
10nF
50
0
71
1
100
AcDbText
0
TEXT
5
a5c
100
AcDbEntity
8
TopSilkLayer
7

461
0.7000000000000001
100
AcDbText
10
-17.33997967995947
20
82.96012192024386
30
0
40
0.7000000000000001
1
C10
50
0
71
1
100
AcDbText
0
TEXT
5
a5d
100
AcDbEntity
8
TopSilkLayer
7

461
0.5
100
AcDbText
10
-22.63995427990858
20
90.65989331978676
30
0
40
0.5
1
TLV75733P
50
0
71
1
100
AcDbText
0
TEXT
5
a5e
100
AcDbEntity
8
TopSilkLayer
7

461
0.5
100
AcDbText
10
-22.140081280162462
20
94.86004572009153
30
0
40
0.5
1
U2
50
0
71
1
100
AcDbText
0
TEXT
5
a5f
100
AcDbEntity
8
TopSilkLayer
7

461
0.7000000000000001
100
AcDbText
10
-5.539878079756136
20
89.35991871983754
30
0
40
0.7000000000000001
1
ADS1015
50
270
71
1
100
AcDbText
0
TEXT
5
a60
100
AcDbEntity
8
TopSilkLayer
7

461
0.7000000000000001
100
AcDbText
10
0.2599695199389771
20
88.56007112014231
30
0
40
0.7000000000000001
1
U4
50
0
71
1
100
AcDbText
0
TEXT
5
a61
100
AcDbEntity
8
TopSilkLayer
7

461
0.7000000000000001
100
AcDbText
10
8.859918719837424
20
114.16002032004076
30
0
40
0.7000000000000001
1
BUTTON
50
0
71
1
100
AcDbText
0
TEXT
5
a62
100
AcDbEntity
8
TopSilkLayer
7

461
0.7000000000000001
100
AcDbText
10
11.959994919989867
20
107.35941071882155
30
0
40
0.7000000000000001
1
J2
50
90
71
1
100
AcDbText
0
TEXT
5
a63
100
AcDbEntity
8
TopSilkLayer
7

461
0.8
100
AcDbText
10
-1.0400050800101326
20
65.65989331978676
30
0
40
0.8
1
MF58 10K
50
0
71
1
100
AcDbText
0
TEXT
5
a64
100
AcDbEntity
8
TopSilkLayer
7

461
0.8
100
AcDbText
10
-1.0400050800101326
20
66.7599695199392
30
0
40
0.8
1
S3
50
0
71
1
100
AcDbText
0
TEXT
5
a65
100
AcDbEntity
8
TopSilkLayer
7

461
0.7000000000000001
100
AcDbText
10
-22.040005080010133
20
119.15976631953265
30
0
40
0.7000000000000001
1
DEBUG
50
0
71
1
100
AcDbText
0
TEXT
5
a66
100
AcDbEntity
8
TopSilkLayer
7

461
0.7000000000000001
100
AcDbText
10
-21.639954279908466
20
109.96012192024386
30
0
40
0.7000000000000001
1
J3
50
90
71
1
100
AcDbText
0
TEXT
5
a67
100
AcDbEntity
8
TopSilkLayer
7

461
1.143002286004572
100
AcDbText
10
7.959994919989867
20
114.16002032004076
30
0
40
1.143002286004572
1
ESP32-CAM
50
90
71
1
100
AcDbText
0
TEXT
5
a68
100
AcDbEntity
8
TopSilkLayer
7

461
1.143002286004572
100
AcDbText
10
6.459867919735871
20
114.16002032004076
30
0
40
1.143002286004572
1
U1
50
90
71
1
100
AcDbText
0
TEXT
5
a69
100
AcDbEntity
8
BottomSilkLayer
7

461
0.7000000000000001
100
AcDbText
10
-8.539878079756136
20
127.16002032004076
30
0
40
0.7000000000000001
1
VCC
50
90
71
2
100
AcDbText
0
TEXT
5
a6a
100
AcDbEntity
8
BottomSilkLayer
7

461
0.7000000000000001
100
AcDbText
10
-11.539878079756136
20
127.16002032004076
30
0
40
0.7000000000000001
1
GND
50
90
71
2
100
AcDbText
0
TEXT
5
a6b
100
AcDbEntity
8
BottomSilkLayer
7

461
0.7000000000000001
100
AcDbText
10
-14.09232918465841
20
126.88163576327167
30
0
40
0.7000000000000001
1
SCL
50
90
71
2
100
AcDbText
0
TEXT
5
a6c
100
AcDbEntity
8
BottomSilkLayer
7

461
0.7000000000000001
100
AcDbText
10
-16.632334264668543
20
126.88163576327167
30
0
40
0.7000000000000001
1
SDA
50
90
71
2
100
AcDbText
0
TEXT
5
a6d
100
AcDbEntity
8
BottomSilkLayer
7

461
0.7000000000000001
100
AcDbText
10
-18.539878079756136
20
127.16002032004076
30
0
40
0.7000000000000001
1
ADDR
50
90
71
2
100
AcDbText
0
TEXT
5
a6e
100
AcDbEntity
8
BottomSilkLayer
7

461
0.7000000000000001
100
AcDbText
10
-10.040005080010133
20
123.65989331978676
30
0
40
0.7000000000000001
1
GY-302
50
0
71
2
100
AcDbText
0
TEXT
5
a6f
100
AcDbEntity
8
BottomSilkLayer
7

461
0.7000000000000001
100
AcDbText
10
-8.539878079756136
20
123.65989331978676
30
0
40
0.7000000000000001
1
S1
50
0
71
2
100
AcDbText
0
TEXT
5
a70
100
AcDbEntity
8
TopSilkLayer
7

461
0.7000000000000001
100
AcDbText
10
8.859918719837424
20
121.65989331978676
30
0
40
0.7000000000000001
1
UPLOAD
50
0
71
1
100
AcDbText
0
TEXT
5
a71
100
AcDbEntity
8
TopSilkLayer
7

461
0.7000000000000001
100
AcDbText
10
11.959994919989867
20
115.16002032004076
30
0
40
0.7000000000000001
1
J1
50
90
71
1
100
AcDbText
  0
CIRCLE
  5
4eb
330
1F
100
AcDbEntity
  8
Document
100
AcDbCircle
 10
-10.00317500634992
 20
80.20497840995688
 30
0.0
 40
0.29997459994919995
  0
CIRCLE
  5
4ec
330
1F
100
AcDbEntity
  8
TopSilkLayer
100
AcDbCircle
 10
-12.040005080010133
 20
114.16002032004076
 30
0.0
 40
2.500127000254001
  0
CIRCLE
  5
4ed
330
1F
100
AcDbEntity
  8
TopSilkLayer
100
AcDbCircle
 10
-6.540132080264129
 20
114.16002032004076
 30
0.0
 40
2.500127000254001
  0
CIRCLE
  5
4ee
330
1F
100
AcDbEntity
  8
TopSilkLayer
100
AcDbCircle
 10
-1.0400050800101326
 20
114.16002032004076
 30
0.0
 40
2.500127000254001
  0
CIRCLE
  5
4ef
330
1F
100
AcDbEntity
  8
Document
100
AcDbCircle
 10
-19.623952247904526
 20
94.83794767589552
 30
0.0
 40
0.15011430022860048
  0
CIRCLE
  5
4f0
330
1F
100
AcDbEntity
  8
Document
100
AcDbCircle
 10
-4.2576835153670345
 20
88.15036830073666
 30
0.0
 40
0.10007620015240032
  0
CIRCLE
  5
4f1
330
1F
100
AcDbEntity
  8
TopSilkLayer
100
AcDbCircle
 10
-3.521082042164153
 20
88.68376936753884
 30
0.0
 40
0.10007620015240032
  0
CIRCLE
  5
4f2
330
1F
100
AcDbEntity
  8
TopSilkLayer
100
AcDbCircle
 10
-5.040005080010133
 20
98.97891795783607
 30
0.0
 40
2.500127000254001
  0
CIRCLE
  5
4f3
330
1F
100
AcDbEntity
  8
TopSolderMaskLayer
100
AcDbCircle
 10
-20.64000508001004
 20
93.06002032004073
 30
0.0
 40
0.18038907966386192
  0
CIRCLE
  5
4f4
330
1F
100
AcDbEntity
  8
TopSolderMaskLayer
100
AcDbCircle
 10
-20.639954279908466
 20
93.05994411988843
 30
0.0
 40
0.3608077216154433
0
HATCH
5
4f5
100
AcDbEntity
8
TopSolderMaskLayer
100
AcDbHatch
10
0
20
0
30
0
210
0
220
0
230
1
2
SOLID
70
1
71
0
91
1
92
7
72
1
73
1
93
2
10
-21.00076200152391
20
93.05994411988843
42
1
10
-20.27914655829302
20
93.05994411988843
42
1
97
1
330

75
0
76
1
47
0.8681437583925616
98
1
10
3.629517071192367
20
33.92795499968543
450
0
451
0
460
0
461
0
452
1
462
1
453
2
463
0
63
5
421
255
463
1
63
7
421
16777215
470
LINEAR
1001
ACAD
1010
0
1020
0
1030
0
  0
CIRCLE
  5
4f6
330
1F
100
AcDbEntity
  8
BottomSolderMaskLayer
100
AcDbCircle
 10
-20.64000508001004
 20
93.06002032004073
 30
0.0
 40
0.18038907966386192
  0
CIRCLE
  5
4f7
330
1F
100
AcDbEntity
  8
BottomSolderMaskLayer
100
AcDbCircle
 10
-20.639954279908466
 20
93.05994411988843
 30
0.0
 40
0.3608077216154433
0
HATCH
5
4f8
100
AcDbEntity
8
BottomSolderMaskLayer
100
AcDbHatch
10
0
20
0
30
0
210
0
220
0
230
1
2
SOLID
70
1
71
0
91
1
92
7
72
1
73
1
93
2
10
-21.00076200152391
20
93.05994411988843
42
1
10
-20.27914655829302
20
93.05994411988843
42
1
97
1
330

75
0
76
1
47
0.8681437583925616
98
1
10
3.629517071192367
20
33.92795499968543
450
0
451
0
460
0
461
0
452
1
462
1
453
2
463
0
63
5
421
255
463
1
63
7
421
16777215
470
LINEAR
1001
ACAD
1010
0
1020
0
1030
0
  0
CIRCLE
  5
4f9
330
1F
100
AcDbEntity
  8
Multi-Layer
100
AcDbCircle
 10
-20.64000508001004
 20
93.06002032004073
 30
0.0
 40
0.15499110998222
  0
CIRCLE
  5
4fa
330
1F
100
AcDbEntity
  8
Multi-Layer
100
AcDbCircle
 10
-20.639954279908466
 20
93.05994411988843
 30
0.0
 40
0.31000762001524007
  0
CIRCLE
  5
4fb
330
1F
100
AcDbEntity
  8
TopSolderMaskLayer
100
AcDbCircle
 10
-21.740005080010064
 20
93.06002032004073
 30
0.0
 40
0.18038907966386192
  0
CIRCLE
  5
4fc
330
1F
100
AcDbEntity
  8
TopSolderMaskLayer
100
AcDbCircle
 10
-21.74003048006091
 20
93.05994411988843
 30
0.0
 40
0.3608077216154433
0
HATCH
5
4fd
100
AcDbEntity
8
TopSolderMaskLayer
100
AcDbHatch
10
0
20
0
30
0
210
0
220
0
230
1
2
SOLID
70
1
71
0
91
1
92
7
72
1
73
1
93
2
10
-22.100838201676353
20
93.05994411988843
42
1
10
-21.379222758445465
20
93.05994411988843
42
1
97
1
330

75
0
76
1
47
0.8681437583925616
98
1
10
3.629517071192367
20
33.92795499968543
450
0
451
0
460
0
461
0
452
1
462
1
453
2
463
0
63
5
421
255
463
1
63
7
421
16777215
470
LINEAR
1001
ACAD
1010
0
1020
0
1030
0
  0
CIRCLE
  5
4fe
330
1F
100
AcDbEntity
  8
BottomSolderMaskLayer
100
AcDbCircle
 10
-21.740005080010064
 20
93.06002032004073
 30
0.0
 40
0.18038907966386192
  0
CIRCLE
  5
4ff
330
1F
100
AcDbEntity
  8
BottomSolderMaskLayer
100
AcDbCircle
 10
-21.74003048006091
 20
93.05994411988843
 30
0.0
 40
0.3608077216154433
0
HATCH
5
500
100
AcDbEntity
8
BottomSolderMaskLayer
100
AcDbHatch
10
0
20
0
30
0
210
0
220
0
230
1
2
SOLID
70
1
71
0
91
1
92
7
72
1
73
1
93
2
10
-22.100838201676353
20
93.05994411988843
42
1
10
-21.379222758445465
20
93.05994411988843
42
1
97
1
330

75
0
76
1
47
0.8681437583925616
98
1
10
3.629517071192367
20
33.92795499968543
450
0
451
0
460
0
461
0
452
1
462
1
453
2
463
0
63
5
421
255
463
1
63
7
421
16777215
470
LINEAR
1001
ACAD
1010
0
1020
0
1030
0
  0
CIRCLE
  5
501
330
1F
100
AcDbEntity
  8
Multi-Layer
100
AcDbCircle
 10
-21.740005080010064
 20
93.06002032004073
 30
0.0
 40
0.15499110998222
  0
CIRCLE
  5
502
330
1F
100
AcDbEntity
  8
Multi-Layer
100
AcDbCircle
 10
-21.74003048006091
 20
93.05994411988843
 30
0.0
 40
0.31000762001524007
  0
CIRCLE
  5
503
330
1F
100
AcDbEntity
  8
TopSolderMaskLayer
100
AcDbCircle
 10
-20.64000508001004
 20
92.26002032004078
 30
0.0
 40
0.18038907966386192
  0
CIRCLE
  5
504
330
1F
100
AcDbEntity
  8
TopSolderMaskLayer
100
AcDbCircle
 10
-20.639954279908466
 20
92.26009652019309
 30
0.0
 40
0.3608077216154433
0
HATCH
5
505
100
AcDbEntity
8
TopSolderMaskLayer
100
AcDbHatch
10
0
20
0
30
0
210
0
220
0
230
1
2
SOLID
70
1
71
0
91
1
92
7
72
1
73
1
93
2
10
-21.00076200152391
20
92.26009652019309
42
1
10
-20.27914655829302
20
92.26009652019309
42
1
97
1
330

75
0
76
1
47
0.8681437583925616
98
1
10
3.629517071192367
20
33.92795499968543
450
0
451
0
460
0
461
0
452
1
462
1
453
2
463
0
63
5
421
255
463
1
63
7
421
16777215
470
LINEAR
1001
ACAD
1010
0
1020
0
1030
0
  0
CIRCLE
  5
506
330
1F
100
AcDbEntity
  8
BottomSolderMaskLayer
100
AcDbCircle
 10
-20.64000508001004
 20
92.26002032004078
 30
0.0
 40
0.18038907966386192
  0
CIRCLE
  5
507
330
1F
100
AcDbEntity
  8
BottomSolderMaskLayer
100
AcDbCircle
 10
-20.639954279908466
 20
92.26009652019309
 30
0.0
 40
0.3608077216154433
0
HATCH
5
508
100
AcDbEntity
8
BottomSolderMaskLayer
100
AcDbHatch
10
0
20
0
30
0
210
0
220
0
230
1
2
SOLID
70
1
71
0
91
1
92
7
72
1
73
1
93
2
10
-21.00076200152391
20
92.26009652019309
42
1
10
-20.27914655829302
20
92.26009652019309
42
1
97
1
330

75
0
76
1
47
0.8681437583925616
98
1
10
3.629517071192367
20
33.92795499968543
450
0
451
0
460
0
461
0
452
1
462
1
453
2
463
0
63
5
421
255
463
1
63
7
421
16777215
470
LINEAR
1001
ACAD
1010
0
1020
0
1030
0
  0
CIRCLE
  5
509
330
1F
100
AcDbEntity
  8
Multi-Layer
100
AcDbCircle
 10
-20.64000508001004
 20
92.26002032004078
 30
0.0
 40
0.15499110998222
  0
CIRCLE
  5
50a
330
1F
100
AcDbEntity
  8
Multi-Layer
100
AcDbCircle
 10
-20.639954279908466
 20
92.26009652019309
 30
0.0
 40
0.31000762001524007
  0
CIRCLE
  5
50b
330
1F
100
AcDbEntity
  8
TopSolderMaskLayer
100
AcDbCircle
 10
-19.64000508001004
 20
93.06002032004073
 30
0.0
 40
0.18038907966386192
  0
CIRCLE
  5
50c
330
1F
100
AcDbEntity
  8
TopSolderMaskLayer
100
AcDbCircle
 10
-19.63995427990858
 20
93.05994411988843
 30
0.0
 40
0.3608077216154433
0
HATCH
5
50d
100
AcDbEntity
8
TopSolderMaskLayer
100
AcDbHatch
10
0
20
0
30
0
210
0
220
0
230
1
2
SOLID
70
1
71
0
91
1
92
7
72
1
73
1
93
2
10
-20.000762001524024
20
93.05994411988843
42
1
10
-19.279146558293135
20
93.05994411988843
42
1
97
1
330

75
0
76
1
47
0.8681437583925616
98
1
10
3.629517071192367
20
33.92795499968543
450
0
451
0
460
0
461
0
452
1
462
1
453
2
463
0
63
5
421
255
463
1
63
7
421
16777215
470
LINEAR
1001
ACAD
1010
0
1020
0
1030
0
  0
CIRCLE
  5
50e
330
1F
100
AcDbEntity
  8
BottomSolderMaskLayer
100
AcDbCircle
 10
-19.64000508001004
 20
93.06002032004073
 30
0.0
 40
0.18038907966386192
  0
CIRCLE
  5
50f
330
1F
100
AcDbEntity
  8
BottomSolderMaskLayer
100
AcDbCircle
 10
-19.63995427990858
 20
93.05994411988843
 30
0.0
 40
0.3608077216154433
0
HATCH
5
510
100
AcDbEntity
8
BottomSolderMaskLayer
100
AcDbHatch
10
0
20
0
30
0
210
0
220
0
230
1
2
SOLID
70
1
71
0
91
1
92
7
72
1
73
1
93
2
10
-20.000762001524024
20
93.05994411988843
42
1
10
-19.279146558293135
20
93.05994411988843
42
1
97
1
330

75
0
76
1
47
0.8681437583925616
98
1
10
3.629517071192367
20
33.92795499968543
450
0
451
0
460
0
461
0
452
1
462
1
453
2
463
0
63
5
421
255
463
1
63
7
421
16777215
470
LINEAR
1001
ACAD
1010
0
1020
0
1030
0
  0
CIRCLE
  5
511
330
1F
100
AcDbEntity
  8
Multi-Layer
100
AcDbCircle
 10
-19.64000508001004
 20
93.06002032004073
 30
0.0
 40
0.15499110998222
  0
CIRCLE
  5
512
330
1F
100
AcDbEntity
  8
Multi-Layer
100
AcDbCircle
 10
-19.63995427990858
 20
93.05994411988843
 30
0.0
 40
0.31000762001524007
  0
CIRCLE
  5
513
330
1F
100
AcDbEntity
  8
TopSolderMaskLayer
100
AcDbCircle
 10
-0.5400050800099052
 20
88.26002032004078
 30
0.0
 40
0.18038907966386192
  0
CIRCLE
  5
514
330
1F
100
AcDbEntity
  8
TopSolderMaskLayer
100
AcDbCircle
 10
-0.5398780797561358
 20
88.26009652019309
 30
0.0
 40
0.3608077216154433
0
HATCH
5
515
100
AcDbEntity
8
TopSolderMaskLayer
100
AcDbHatch
10
0
20
0
30
0
210
0
220
0
230
1
2
SOLID
70
1
71
0
91
1
92
7
72
1
73
1
93
2
10
-0.900685801371579
20
88.26009652019309
42
1
10
-0.1790703581406925
20
88.26009652019309
42
1
97
1
330

75
0
76
1
47
0.8681437583925616
98
1
10
3.629517071192367
20
33.92795499968543
450
0
451
0
460
0
461
0
452
1
462
1
453
2
463
0
63
5
421
255
463
1
63
7
421
16777215
470
LINEAR
1001
ACAD
1010
0
1020
0
1030
0
  0
CIRCLE
  5
516
330
1F
100
AcDbEntity
  8
BottomSolderMaskLayer
100
AcDbCircle
 10
-0.5400050800099052
 20
88.26002032004078
 30
0.0
 40
0.18038907966386192
  0
CIRCLE
  5
517
330
1F
100
AcDbEntity
  8
BottomSolderMaskLayer
100
AcDbCircle
 10
-0.5398780797561358
 20
88.26009652019309
 30
0.0
 40
0.3608077216154433
0
HATCH
5
518
100
AcDbEntity
8
BottomSolderMaskLayer
100
AcDbHatch
10
0
20
0
30
0
210
0
220
0
230
1
2
SOLID
70
1
71
0
91
1
92
7
72
1
73
1
93
2
10
-0.900685801371579
20
88.26009652019309
42
1
10
-0.1790703581406925
20
88.26009652019309
42
1
97
1
330

75
0
76
1
47
0.8681437583925616
98
1
10
3.629517071192367
20
33.92795499968543
450
0
451
0
460
0
461
0
452
1
462
1
453
2
463
0
63
5
421
255
463
1
63
7
421
16777215
470
LINEAR
1001
ACAD
1010
0
1020
0
1030
0
  0
CIRCLE
  5
519
330
1F
100
AcDbEntity
  8
Multi-Layer
100
AcDbCircle
 10
-0.5400050800099052
 20
88.26002032004078
 30
0.0
 40
0.15499110998222
  0
CIRCLE
  5
51a
330
1F
100
AcDbEntity
  8
Multi-Layer
100
AcDbCircle
 10
-0.5398780797561358
 20
88.26009652019309
 30
0.0
 40
0.31000762001524007
  0
CIRCLE
  5
51b
330
1F
100
AcDbEntity
  8
TopSolderMaskLayer
100
AcDbCircle
 10
-1.2400050800099507
 20
87.66002032004076
 30
0.0
 40
0.18038907966386192
  0
CIRCLE
  5
51c
330
1F
100
AcDbEntity
  8
TopSolderMaskLayer
100
AcDbCircle
 10
-1.2399034798067987
 20
87.65989331978676
 30
0.0
 40
0.3608077216154433
0
HATCH
5
51d
100
AcDbEntity
8
TopSolderMaskLayer
100
AcDbHatch
10
0
20
0
30
0
210
0
220
0
230
1
2
SOLID
70
1
71
0
91
1
92
7
72
1
73
1
93
2
10
-1.600711201422242
20
87.65989331978676
42
1
10
-0.8790957581913554
20
87.65989331978676
42
1
97
1
330

75
0
76
1
47
0.8681437583925616
98
1
10
3.629517071192367
20
33.92795499968543
450
0
451
0
460
0
461
0
452
1
462
1
453
2
463
0
63
5
421
255
463
1
63
7
421
16777215
470
LINEAR
1001
ACAD
1010
0
1020
0
1030
0
  0
CIRCLE
  5
51e
330
1F
100
AcDbEntity
  8
BottomSolderMaskLayer
100
AcDbCircle
 10
-1.2400050800099507
 20
87.66002032004076
 30
0.0
 40
0.18038907966386192
  0
CIRCLE
  5
51f
330
1F
100
AcDbEntity
  8
BottomSolderMaskLayer
100
AcDbCircle
 10
-1.2399034798067987
 20
87.65989331978676
 30
0.0
 40
0.3608077216154433
0
HATCH
5
520
100
AcDbEntity
8
BottomSolderMaskLayer
100
AcDbHatch
10
0
20
0
30
0
210
0
220
0
230
1
2
SOLID
70
1
71
0
91
1
92
7
72
1
73
1
93
2
10
-1.600711201422242
20
87.65989331978676
42
1
10
-0.8790957581913554
20
87.65989331978676
42
1
97
1
330

75
0
76
1
47
0.8681437583925616
98
1
10
3.629517071192367
20
33.92795499968543
450
0
451
0
460
0
461
0
452
1
462
1
453
2
463
0
63
5
421
255
463
1
63
7
421
16777215
470
LINEAR
1001
ACAD
1010
0
1020
0
1030
0
  0
CIRCLE
  5
521
330
1F
100
AcDbEntity
  8
Multi-Layer
100
AcDbCircle
 10
-1.2400050800099507
 20
87.66002032004076
 30
0.0
 40
0.15499110998222
  0
CIRCLE
  5
522
330
1F
100
AcDbEntity
  8
Multi-Layer
100
AcDbCircle
 10
-1.2399034798067987
 20
87.65989331978676
 30
0.0
 40
0.31000762001524007
  0
CIRCLE
  5
523
330
1F
100
AcDbEntity
  8
TopSolderMaskLayer
100
AcDbCircle
 10
-1.7400050800099507
 20
86.96002032004071
 30
0.0
 40
0.18038907966386192
  0
CIRCLE
  5
524
330
1F
100
AcDbEntity
  8
TopSolderMaskLayer
100
AcDbCircle
 10
-1.7400304800607955
 20
86.96012192024386
 30
0.0
 40
0.3608077216154433
0
HATCH
5
525
100
AcDbEntity
8
TopSolderMaskLayer
100
AcDbHatch
10
0
20
0
30
0
210
0
220
0
230
1
2
SOLID
70
1
71
0
91
1
92
7
72
1
73
1
93
2
10
-2.100838201676239
20
86.96012192024386
42
1
10
-1.3792227584453522
20
86.96012192024386
42
1
97
1
330

75
0
76
1
47
0.8681437583925616
98
1
10
3.629517071192367
20
33.92795499968543
450
0
451
0
460
0
461
0
452
1
462
1
453
2
463
0
63
5
421
255
463
1
63
7
421
16777215
470
LINEAR
1001
ACAD
1010
0
1020
0
1030
0
  0
CIRCLE
  5
526
330
1F
100
AcDbEntity
  8
BottomSolderMaskLayer
100
AcDbCircle
 10
-1.7400050800099507
 20
86.96002032004071
 30
0.0
 40
0.18038907966386192
  0
CIRCLE
  5
527
330
1F
100
AcDbEntity
  8
BottomSolderMaskLayer
100
AcDbCircle
 10
-1.7400304800607955
 20
86.96012192024386
 30
0.0
 40
0.3608077216154433
0
HATCH
5
528
100
AcDbEntity
8
BottomSolderMaskLayer
100
AcDbHatch
10
0
20
0
30
0
210
0
220
0
230
1
2
SOLID
70
1
71
0
91
1
92
7
72
1
73
1
93
2
10
-2.100838201676239
20
86.96012192024386
42
1
10
-1.3792227584453522
20
86.96012192024386
42
1
97
1
330

75
0
76
1
47
0.8681437583925616
98
1
10
3.629517071192367
20
33.92795499968543
450
0
451
0
460
0
461
0
452
1
462
1
453
2
463
0
63
5
421
255
463
1
63
7
421
16777215
470
LINEAR
1001
ACAD
1010
0
1020
0
1030
0
  0
CIRCLE
  5
529
330
1F
100
AcDbEntity
  8
Multi-Layer
100
AcDbCircle
 10
-1.7400050800099507
 20
86.96002032004071
 30
0.0
 40
0.15499110998222
  0
CIRCLE
  5
52a
330
1F
100
AcDbEntity
  8
Multi-Layer
100
AcDbCircle
 10
-1.7400304800607955
 20
86.96012192024386
 30
0.0
 40
0.31000762001524007
  0
CIRCLE
  5
52b
330
1F
100
AcDbEntity
  8
TopSolderMaskLayer
100
AcDbCircle
 10
-2.5400050800101326
 20
86.96002032004071
 30
0.0
 40
0.18038907966386192
  0
CIRCLE
  5
52c
330
1F
100
AcDbEntity
  8
TopSolderMaskLayer
100
AcDbCircle
 10
-2.5401320802641294
 20
86.96012192024386
 30
0.0
 40
0.3608077216154433
0
HATCH
5
52d
100
AcDbEntity
8
TopSolderMaskLayer
100
AcDbHatch
10
0
20
0
30
0
210
0
220
0
230
1
2
SOLID
70
1
71
0
91
1
92
7
72
1
73
1
93
2
10
-2.9009398018795727
20
86.96012192024386
42
1
10
-2.179324358648686
20
86.96012192024386
42
1
97
1
330

75
0
76
1
47
0.8681437583925616
98
1
10
3.629517071192367
20
33.92795499968543
450
0
451
0
460
0
461
0
452
1
462
1
453
2
463
0
63
5
421
255
463
1
63
7
421
16777215
470
LINEAR
1001
ACAD
1010
0
1020
0
1030
0
  0
CIRCLE
  5
52e
330
1F
100
AcDbEntity
  8
BottomSolderMaskLayer
100
AcDbCircle
 10
-2.5400050800101326
 20
86.96002032004071
 30
0.0
 40
0.18038907966386192
  0
CIRCLE
  5
52f
330
1F
100
AcDbEntity
  8
BottomSolderMaskLayer
100
AcDbCircle
 10
-2.5401320802641294
 20
86.96012192024386
 30
0.0
 40
0.3608077216154433
0
HATCH
5
530
100
AcDbEntity
8
BottomSolderMaskLayer
100
AcDbHatch
10
0
20
0
30
0
210
0
220
0
230
1
2
SOLID
70
1
71
0
91
1
92
7
72
1
73
1
93
2
10
-2.9009398018795727
20
86.96012192024386
42
1
10
-2.179324358648686
20
86.96012192024386
42
1
97
1
330

75
0
76
1
47
0.8681437583925616
98
1
10
3.629517071192367
20
33.92795499968543
450
0
451
0
460
0
461
0
452
1
462
1
453
2
463
0
63
5
421
255
463
1
63
7
421
16777215
470
LINEAR
1001
ACAD
1010
0
1020
0
1030
0
  0
CIRCLE
  5
531
330
1F
100
AcDbEntity
  8
Multi-Layer
100
AcDbCircle
 10
-2.5400050800101326
 20
86.96002032004071
 30
0.0
 40
0.15499110998222
  0
CIRCLE
  5
532
330
1F
100
AcDbEntity
  8
Multi-Layer
100
AcDbCircle
 10
-2.5401320802641294
 20
86.96012192024386
 30
0.0
 40
0.31000762001524007
  0
CIRCLE
  5
533
330
1F
100
AcDbEntity
  8
TopSolderMaskLayer
100
AcDbCircle
 10
-2.5400050800101326
 20
86.16002032004064
 30
0.0
 40
0.18038907966386192
  0
CIRCLE
  5
534
330
1F
100
AcDbEntity
  8
TopSolderMaskLayer
100
AcDbCircle
 10
-2.5401320802641294
 20
86.16002032004064
 30
0.0
 40
0.3608077216154433
0
HATCH
5
535
100
AcDbEntity
8
TopSolderMaskLayer
100
AcDbHatch
10
0
20
0
30
0
210
0
220
0
230
1
2
SOLID
70
1
71
0
91
1
92
7
72
1
73
1
93
2
10
-2.9009398018795727
20
86.16002032004064
42
1
10
-2.179324358648686
20
86.16002032004064
42
1
97
1
330

75
0
76
1
47
0.8681437583925616
98
1
10
3.629517071192367
20
33.92795499968543
450
0
451
0
460
0
461
0
452
1
462
1
453
2
463
0
63
5
421
255
463
1
63
7
421
16777215
470
LINEAR
1001
ACAD
1010
0
1020
0
1030
0
  0
CIRCLE
  5
536
330
1F
100
AcDbEntity
  8
BottomSolderMaskLayer
100
AcDbCircle
 10
-2.5400050800101326
 20
86.16002032004064
 30
0.0
 40
0.18038907966386192
  0
CIRCLE
  5
537
330
1F
100
AcDbEntity
  8
BottomSolderMaskLayer
100
AcDbCircle
 10
-2.5401320802641294
 20
86.16002032004064
 30
0.0
 40
0.3608077216154433
0
HATCH
5
538
100
AcDbEntity
8
BottomSolderMaskLayer
100
AcDbHatch
10
0
20
0
30
0
210
0
220
0
230
1
2
SOLID
70
1
71
0
91
1
92
7
72
1
73
1
93
2
10
-2.9009398018795727
20
86.16002032004064
42
1
10
-2.179324358648686
20
86.16002032004064
42
1
97
1
330

75
0
76
1
47
0.8681437583925616
98
1
10
3.629517071192367
20
33.92795499968543
450
0
451
0
460
0
461
0
452
1
462
1
453
2
463
0
63
5
421
255
463
1
63
7
421
16777215
470
LINEAR
1001
ACAD
1010
0
1020
0
1030
0
  0
CIRCLE
  5
539
330
1F
100
AcDbEntity
  8
Multi-Layer
100
AcDbCircle
 10
-2.5400050800101326
 20
86.16002032004064
 30
0.0
 40
0.15499110998222
  0
CIRCLE
  5
53a
330
1F
100
AcDbEntity
  8
Multi-Layer
100
AcDbCircle
 10
-2.5401320802641294
 20
86.16002032004064
 30
0.0
 40
0.31000762001524007
  0
CIRCLE
  5
53b
330
1F
100
AcDbEntity
  8
TopSolderMaskLayer
100
AcDbCircle
 10
-0.3400050800100871
 20
85.96002032004071
 30
0.0
 40
0.18038907966386192
  0
CIRCLE
  5
53c
330
1F
100
AcDbEntity
  8
TopSolderMaskLayer
100
AcDbCircle
 10
-0.3399796799592423
 20
85.96012192024398
 30
0.0
 40
0.3608077216154433
0
HATCH
5
53d
100
AcDbEntity
8
TopSolderMaskLayer
100
AcDbHatch
10
0
20
0
30
0
210
0
220
0
230
1
2
SOLID
70
1
71
0
91
1
92
7
72
1
73
1
93
2
10
-0.7007874015746856
20
85.96012192024398
42
1
10
0.020828041656201002
20
85.96012192024398
42
1
97
1
330

75
0
76
1
47
0.8681437583925616
98
1
10
3.629517071192367
20
33.92795499968543
450
0
451
0
460
0
461
0
452
1
462
1
453
2
463
0
63
5
421
255
463
1
63
7
421
16777215
470
LINEAR
1001
ACAD
1010
0
1020
0
1030
0
  0
CIRCLE
  5
53e
330
1F
100
AcDbEntity
  8
BottomSolderMaskLayer
100
AcDbCircle
 10
-0.3400050800100871
 20
85.96002032004071
 30
0.0
 40
0.18038907966386192
  0
CIRCLE
  5
53f
330
1F
100
AcDbEntity
  8
BottomSolderMaskLayer
100
AcDbCircle
 10
-0.3399796799592423
 20
85.96012192024398
 30
0.0
 40
0.3608077216154433
0
HATCH
5
540
100
AcDbEntity
8
BottomSolderMaskLayer
100
AcDbHatch
10
0
20
0
30
0
210
0
220
0
230
1
2
SOLID
70
1
71
0
91
1
92
7
72
1
73
1
93
2
10
-0.7007874015746856
20
85.96012192024398
42
1
10
0.020828041656201002
20
85.96012192024398
42
1
97
1
330

75
0
76
1
47
0.8681437583925616
98
1
10
3.629517071192367
20
33.92795499968543
450
0
451
0
460
0
461
0
452
1
462
1
453
2
463
0
63
5
421
255
463
1
63
7
421
16777215
470
LINEAR
1001
ACAD
1010
0
1020
0
1030
0
  0
CIRCLE
  5
541
330
1F
100
AcDbEntity
  8
Multi-Layer
100
AcDbCircle
 10
-0.3400050800100871
 20
85.96002032004071
 30
0.0
 40
0.15499110998222
  0
CIRCLE
  5
542
330
1F
100
AcDbEntity
  8
Multi-Layer
100
AcDbCircle
 10
-0.3399796799592423
 20
85.96012192024398
 30
0.0
 40
0.31000762001524007
  0
CIRCLE
  5
54c
330
1F
100
AcDbEntity
  8
TopSolderMaskLayer
100
AcDbCircle
 10
-3.4150622301244766
 20
127.16002032004076
 30
0.0
 40
0.315240030480061
  0
CIRCLE
  5
54d
330
1F
100
AcDbEntity
  8
TopSolderMaskLayer
100
AcDbCircle
 10
-3.4151638303276286
 20
127.16002032004076
 30
0.0
 40
0.5254000508001015
0
HATCH
5
54e
100
AcDbEntity
8
TopSolderMaskLayer
100
AcDbHatch
10
0
20
0
30
0
210
0
220
0
230
1
2
SOLID
70
1
71
0
91
1
92
7
72
1
73
1
93
2
10
-3.94056388112773
20
127.16002032004076
42
1
10
-2.8897637795275273
20
127.16002032004076
42
1
97
1
330

75
0
76
1
47
0.8681437583925616
98
1
10
3.629517071192367
20
33.92795499968543
450
0
451
0
460
0
461
0
452
1
462
1
453
2
463
0
63
5
421
255
463
1
63
7
421
16777215
470
LINEAR
1001
ACAD
1010
0
1020
0
1030
0
  0
CIRCLE
  5
54f
330
1F
100
AcDbEntity
  8
BottomSolderMaskLayer
100
AcDbCircle
 10
-3.4150622301244766
 20
127.16002032004076
 30
0.0
 40
0.315240030480061
  0
CIRCLE
  5
550
330
1F
100
AcDbEntity
  8
BottomSolderMaskLayer
100
AcDbCircle
 10
-3.4151638303276286
 20
127.16002032004076
 30
0.0
 40
0.5254000508001015
0
HATCH
5
551
100
AcDbEntity
8
BottomSolderMaskLayer
100
AcDbHatch
10
0
20
0
30
0
210
0
220
0
230
1
2
SOLID
70
1
71
0
91
1
92
7
72
1
73
1
93
2
10
-3.94056388112773
20
127.16002032004076
42
1
10
-2.8897637795275273
20
127.16002032004076
42
1
97
1
330

75
0
76
1
47
0.8681437583925616
98
1
10
3.629517071192367
20
33.92795499968543
450
0
451
0
460
0
461
0
452
1
462
1
453
2
463
0
63
5
421
255
463
1
63
7
421
16777215
470
LINEAR
1001
ACAD
1010
0
1020
0
1030
0
  0
CIRCLE
  5
552
330
1F
100
AcDbEntity
  8
Multi-Layer
100
AcDbCircle
 10
-3.4150622301244766
 20
127.16002032004076
 30
0.0
 40
0.30000000000000004
  0
CIRCLE
  5
553
330
1F
100
AcDbEntity
  8
Multi-Layer
100
AcDbCircle
 10
-3.4151638303276286
 20
127.16002032004076
 30
0.0
 40
0.5
0
HATCH
5
554
100
AcDbEntity
8
Multi-Layer
100
AcDbHatch
10
0
20
0
30
0
210
0
220
0
230
1
2
SOLID
70
1
71
0
91
1
92
7
72
1
73
1
93
2
10
-3.9151638303276286
20
127.16002032004076
42
1
10
-2.9151638303276286
20
127.16002032004076
42
1
97
1
330

75
0
76
1
47
0.8681437583925616
98
1
10
3.629517071192367
20
33.92795499968543
450
0
451
0
460
0
461
0
452
1
462
1
453
2
463
0
63
5
421
255
463
1
63
7
421
16777215
470
LINEAR
1001
ACAD
1010
0
1020
0
1030
0
  0
CIRCLE
  5
55e
330
1F
100
AcDbEntity
  8
TopSolderMaskLayer
100
AcDbCircle
 10
3.1899923799846874
 20
128.66002032004076
 30
0.0
 40
0.471854789863426
  0
CIRCLE
  5
55f
330
1F
100
AcDbEntity
  8
TopSolderMaskLayer
100
AcDbCircle
 10
3.1898653797306906
 20
128.66014732029475
 30
0.0
 40
0.8763017526035053
0
HATCH
5
560
100
AcDbEntity
8
TopSolderMaskLayer
100
AcDbHatch
10
0
20
0
30
0
210
0
220
0
230
1
2
SOLID
70
1
71
0
91
1
92
7
72
1
73
1
93
2
10
2.313563627127185
20
128.66014732029475
42
1
10
4.066167132334196
20
128.66014732029475
42
1
97
1
330

75
0
76
1
47
0.8681437583925616
98
1
10
3.629517071192367
20
33.92795499968543
450
0
451
0
460
0
461
0
452
1
462
1
453
2
463
0
63
5
421
255
463
1
63
7
421
16777215
470
LINEAR
1001
ACAD
1010
0
1020
0
1030
0
  0
CIRCLE
  5
561
330
1F
100
AcDbEntity
  8
BottomSolderMaskLayer
100
AcDbCircle
 10
3.1899923799846874
 20
128.66002032004076
 30
0.0
 40
0.471854789863426
  0
CIRCLE
  5
562
330
1F
100
AcDbEntity
  8
BottomSolderMaskLayer
100
AcDbCircle
 10
3.1898653797306906
 20
128.66014732029475
 30
0.0
 40
0.8763017526035053
0
HATCH
5
563
100
AcDbEntity
8
BottomSolderMaskLayer
100
AcDbHatch
10
0
20
0
30
0
210
0
220
0
230
1
2
SOLID
70
1
71
0
91
1
92
7
72
1
73
1
93
2
10
2.313563627127185
20
128.66014732029475
42
1
10
4.066167132334196
20
128.66014732029475
42
1
97
1
330

75
0
76
1
47
0.8681437583925616
98
1
10
3.629517071192367
20
33.92795499968543
450
0
451
0
460
0
461
0
452
1
462
1
453
2
463
0
63
5
421
255
463
1
63
7
421
16777215
470
LINEAR
1001
ACAD
1010
0
1020
0
1030
0
  0
CIRCLE
  5
564
330
1F
100
AcDbEntity
  8
Multi-Layer
100
AcDbCircle
 10
3.1899923799846874
 20
128.66002032004076
 30
0.0
 40
0.4445008890017781
  0
CIRCLE
  5
565
330
1F
100
AcDbEntity
  8
Multi-Layer
100
AcDbCircle
 10
3.1898653797306906
 20
128.66014732029475
 30
0.0
 40
0.8255016510033021
0
HATCH
5
566
100
AcDbEntity
8
Multi-Layer
100
AcDbHatch
10
0
20
0
30
0
210
0
220
0
230
1
2
SOLID
70
1
71
0
91
1
92
7
72
1
73
1
93
2
10
2.3643637287273886
20
128.66014732029475
42
1
10
4.015367030733993
20
128.66014732029475
42
1
97
1
330

75
0
76
1
47
0.8681437583925616
98
1
10
3.629517071192367
20
33.92795499968543
450
0
451
0
460
0
461
0
452
1
462
1
453
2
463
0
63
5
421
255
463
1
63
7
421
16777215
470
LINEAR
1001
ACAD
1010
0
1020
0
1030
0
  0
CIRCLE
  5
567
330
1F
100
AcDbEntity
  8
TopSolderMaskLayer
100
AcDbCircle
 10
5.729997459995047
 20
128.66002032004076
 30
0.0
 40
0.471854789863426
  0
CIRCLE
  5
568
330
1F
100
AcDbEntity
  8
TopSolderMaskLayer
100
AcDbCircle
 10
5.729870459740823
 20
128.66014732029475
 30
0.0
 40
0.8763017526035053
0
HATCH
5
569
100
AcDbEntity
8
TopSolderMaskLayer
100
AcDbHatch
10
0
20
0
30
0
210
0
220
0
230
1
2
SOLID
70
1
71
0
91
1
92
7
72
1
73
1
93
2
10
4.853568707137318
20
128.66014732029475
42
1
10
6.606172212344329
20
128.66014732029475
42
1
97
1
330

75
0
76
1
47
0.8681437583925616
98
1
10
3.629517071192367
20
33.92795499968543
450
0
451
0
460
0
461
0
452
1
462
1
453
2
463
0
63
5
421
255
463
1
63
7
421
16777215
470
LINEAR
1001
ACAD
1010
0
1020
0
1030
0
  0
CIRCLE
  5
56a
330
1F
100
AcDbEntity
  8
BottomSolderMaskLayer
100
AcDbCircle
 10
5.729997459995047
 20
128.66002032004076
 30
0.0
 40
0.471854789863426
  0
CIRCLE
  5
56b
330
1F
100
AcDbEntity
  8
BottomSolderMaskLayer
100
AcDbCircle
 10
5.729870459740823
 20
128.66014732029475
 30
0.0
 40
0.8763017526035053
0
HATCH
5
56c
100
AcDbEntity
8
BottomSolderMaskLayer
100
AcDbHatch
10
0
20
0
30
0
210
0
220
0
230
1
2
SOLID
70
1
71
0
91
1
92
7
72
1
73
1
93
2
10
4.853568707137318
20
128.66014732029475
42
1
10
6.606172212344329
20
128.66014732029475
42
1
97
1
330

75
0
76
1
47
0.8681437583925616
98
1
10
3.629517071192367
20
33.92795499968543
450
0
451
0
460
0
461
0
452
1
462
1
453
2
463
0
63
5
421
255
463
1
63
7
421
16777215
470
LINEAR
1001
ACAD
1010
0
1020
0
1030
0
  0
CIRCLE
  5
56d
330
1F
100
AcDbEntity
  8
Multi-Layer
100
AcDbCircle
 10
5.729997459995047
 20
128.66002032004076
 30
0.0
 40
0.4445008890017781
  0
CIRCLE
  5
56e
330
1F
100
AcDbEntity
  8
Multi-Layer
100
AcDbCircle
 10
5.729870459740823
 20
128.66014732029475
 30
0.0
 40
0.8255016510033021
0
HATCH
5
56f
100
AcDbEntity
8
Multi-Layer
100
AcDbHatch
10
0
20
0
30
0
210
0
220
0
230
1
2
SOLID
70
1
71
0
91
1
92
7
72
1
73
1
93
2
10
4.904368808737521
20
128.66014732029475
42
1
10
6.555372110744125
20
128.66014732029475
42
1
97
1
330

75
0
76
1
47
0.8681437583925616
98
1
10
3.629517071192367
20
33.92795499968543
450
0
451
0
460
0
461
0
452
1
462
1
453
2
463
0
63
5
421
255
463
1
63
7
421
16777215
470
LINEAR
1001
ACAD
1010
0
1020
0
1030
0
  0
CIRCLE
  5
570
330
1F
100
AcDbEntity
  8
TopSolderMaskLayer
100
AcDbCircle
 10
8.27000254000518
 20
128.66002032004076
 30
0.0
 40
0.471854789863426
  0
CIRCLE
  5
571
330
1F
100
AcDbEntity
  8
TopSolderMaskLayer
100
AcDbCircle
 10
8.269875539751183
 20
128.66014732029475
 30
0.0
 40
0.8763017526035053
0
HATCH
5
572
100
AcDbEntity
8
TopSolderMaskLayer
100
AcDbHatch
10
0
20
0
30
0
210
0
220
0
230
1
2
SOLID
70
1
71
0
91
1
92
7
72
1
73
1
93
2
10
7.393573787147678
20
128.66014732029475
42
1
10
9.146177292354688
20
128.66014732029475
42
1
97
1
330

75
0
76
1
47
0.8681437583925616
98
1
10
3.629517071192367
20
33.92795499968543
450
0
451
0
460
0
461
0
452
1
462
1
453
2
463
0
63
5
421
255
463
1
63
7
421
16777215
470
LINEAR
1001
ACAD
1010
0
1020
0
1030
0
  0
CIRCLE
  5
573
330
1F
100
AcDbEntity
  8
BottomSolderMaskLayer
100
AcDbCircle
 10
8.27000254000518
 20
128.66002032004076
 30
0.0
 40
0.471854789863426
  0
CIRCLE
  5
574
330
1F
100
AcDbEntity
  8
BottomSolderMaskLayer
100
AcDbCircle
 10
8.269875539751183
 20
128.66014732029475
 30
0.0
 40
0.8763017526035053
0
HATCH
5
575
100
AcDbEntity
8
BottomSolderMaskLayer
100
AcDbHatch
10
0
20
0
30
0
210
0
220
0
230
1
2
SOLID
70
1
71
0
91
1
92
7
72
1
73
1
93
2
10
7.393573787147678
20
128.66014732029475
42
1
10
9.146177292354688
20
128.66014732029475
42
1
97
1
330

75
0
76
1
47
0.8681437583925616
98
1
10
3.629517071192367
20
33.92795499968543
450
0
451
0
460
0
461
0
452
1
462
1
453
2
463
0
63
5
421
255
463
1
63
7
421
16777215
470
LINEAR
1001
ACAD
1010
0
1020
0
1030
0
  0
CIRCLE
  5
576
330
1F
100
AcDbEntity
  8
Multi-Layer
100
AcDbCircle
 10
8.27000254000518
 20
128.66002032004076
 30
0.0
 40
0.4445008890017781
  0
CIRCLE
  5
577
330
1F
100
AcDbEntity
  8
Multi-Layer
100
AcDbCircle
 10
8.269875539751183
 20
128.66014732029475
 30
0.0
 40
0.8255016510033021
0
HATCH
5
578
100
AcDbEntity
8
Multi-Layer
100
AcDbHatch
10
0
20
0
30
0
210
0
220
0
230
1
2
SOLID
70
1
71
0
91
1
92
7
72
1
73
1
93
2
10
7.444373888747881
20
128.66014732029475
42
1
10
9.095377190754485
20
128.66014732029475
42
1
97
1
330

75
0
76
1
47
0.8681437583925616
98
1
10
3.629517071192367
20
33.92795499968543
450
0
451
0
460
0
461
0
452
1
462
1
453
2
463
0
63
5
421
255
463
1
63
7
421
16777215
470
LINEAR
1001
ACAD
1010
0
1020
0
1030
0
  0
CIRCLE
  5
579
330
1F
100
AcDbEntity
  8
TopSolderMaskLayer
100
AcDbCircle
 10
-21.540005080010133
 20
120.66002032004076
 30
0.0
 40
0.4663417649415945
  0
CIRCLE
  5
57a
330
1F
100
AcDbEntity
  8
TopSolderMaskLayer
100
AcDbCircle
 10
-21.539878079756136
 20
120.66014732029475
 30
0.0
 40
0.7254000508001017
0
HATCH
5
57b
100
AcDbEntity
8
TopSolderMaskLayer
100
AcDbHatch
10
0
20
0
30
0
210
0
220
0
230
1
2
SOLID
70
1
71
0
91
1
92
7
72
1
73
1
93
2
10
-22.265278130556236
20
120.66014732029475
42
1
10
-20.814478028956035
20
120.66014732029475
42
1
97
1
330

75
0
76
1
47
0.8681437583925616
98
1
10
3.629517071192367
20
33.92795499968543
450
0
451
0
460
0
461
0
452
1
462
1
453
2
463
0
63
5
421
255
463
1
63
7
421
16777215
470
LINEAR
1001
ACAD
1010
0
1020
0
1030
0
  0
CIRCLE
  5
57c
330
1F
100
AcDbEntity
  8
BottomSolderMaskLayer
100
AcDbCircle
 10
-21.540005080010133
 20
120.66002032004076
 30
0.0
 40
0.4663417649415945
  0
CIRCLE
  5
57d
330
1F
100
AcDbEntity
  8
BottomSolderMaskLayer
100
AcDbCircle
 10
-21.539878079756136
 20
120.66014732029475
 30
0.0
 40
0.7254000508001017
0
HATCH
5
57e
100
AcDbEntity
8
BottomSolderMaskLayer
100
AcDbHatch
10
0
20
0
30
0
210
0
220
0
230
1
2
SOLID
70
1
71
0
91
1
92
7
72
1
73
1
93
2
10
-22.265278130556236
20
120.66014732029475
42
1
10
-20.814478028956035
20
120.66014732029475
42
1
97
1
330

75
0
76
1
47
0.8681437583925616
98
1
10
3.629517071192367
20
33.92795499968543
450
0
451
0
460
0
461
0
452
1
462
1
453
2
463
0
63
5
421
255
463
1
63
7
421
16777215
470
LINEAR
1001
ACAD
1010
0
1020
0
1030
0
  0
CIRCLE
  5
57f
330
1F
100
AcDbEntity
  8
Multi-Layer
100
AcDbCircle
 10
-21.540005080010133
 20
120.66002032004076
 30
0.0
 40
0.4500127000254001
  0
CIRCLE
  5
580
330
1F
100
AcDbEntity
  8
Multi-Layer
100
AcDbCircle
 10
-21.539878079756136
 20
120.66014732029475
 30
0.0
 40
0.7000000000000001
0
HATCH
5
581
100
AcDbEntity
8
Multi-Layer
100
AcDbHatch
10
0
20
0
30
0
210
0
220
0
230
1
2
SOLID
70
1
71
0
91
1
92
7
72
1
73
1
93
2
10
-22.239878079756135
20
120.66014732029475
42
1
10
-20.839878079756136
20
120.66014732029475
42
1
97
1
330

75
0
76
1
47
0.8681437583925616
98
1
10
3.629517071192367
20
33.92795499968543
450
0
451
0
460
0
461
0
452
1
462
1
453
2
463
0
63
5
421
255
463
1
63
7
421
16777215
470
LINEAR
1001
ACAD
1010
0
1020
0
1030
0
  0
CIRCLE
  5
582
330
1F
100
AcDbEntity
  8
TopSolderMaskLayer
100
AcDbCircle
 10
-19.540005080010133
 20
120.66002032004076
 30
0.0
 40
0.4663417649415945
  0
CIRCLE
  5
583
330
1F
100
AcDbEntity
  8
TopSolderMaskLayer
100
AcDbCircle
 10
-19.539878079756136
 20
120.66014732029475
 30
0.0
 40
0.7254000508001017
0
HATCH
5
584
100
AcDbEntity
8
TopSolderMaskLayer
100
AcDbHatch
10
0
20
0
30
0
210
0
220
0
230
1
2
SOLID
70
1
71
0
91
1
92
7
72
1
73
1
93
2
10
-20.265278130556236
20
120.66014732029475
42
1
10
-18.814478028956035
20
120.66014732029475
42
1
97
1
330

75
0
76
1
47
0.8681437583925616
98
1
10
3.629517071192367
20
33.92795499968543
450
0
451
0
460
0
461
0
452
1
462
1
453
2
463
0
63
5
421
255
463
1
63
7
421
16777215
470
LINEAR
1001
ACAD
1010
0
1020
0
1030
0
  0
CIRCLE
  5
585
330
1F
100
AcDbEntity
  8
BottomSolderMaskLayer
100
AcDbCircle
 10
-19.540005080010133
 20
120.66002032004076
 30
0.0
 40
0.4663417649415945
  0
CIRCLE
  5
586
330
1F
100
AcDbEntity
  8
BottomSolderMaskLayer
100
AcDbCircle
 10
-19.539878079756136
 20
120.66014732029475
 30
0.0
 40
0.7254000508001017
0
HATCH
5
587
100
AcDbEntity
8
BottomSolderMaskLayer
100
AcDbHatch
10
0
20
0
30
0
210
0
220
0
230
1
2
SOLID
70
1
71
0
91
1
92
7
72
1
73
1
93
2
10
-20.265278130556236
20
120.66014732029475
42
1
10
-18.814478028956035
20
120.66014732029475
42
1
97
1
330

75
0
76
1
47
0.8681437583925616
98
1
10
3.629517071192367
20
33.92795499968543
450
0
451
0
460
0
461
0
452
1
462
1
453
2
463
0
63
5
421
255
463
1
63
7
421
16777215
470
LINEAR
1001
ACAD
1010
0
1020
0
1030
0
  0
CIRCLE
  5
588
330
1F
100
AcDbEntity
  8
Multi-Layer
100
AcDbCircle
 10
-19.540005080010133
 20
120.66002032004076
 30
0.0
 40
0.4500127000254001
  0
CIRCLE
  5
589
330
1F
100
AcDbEntity
  8
Multi-Layer
100
AcDbCircle
 10
-19.539878079756136
 20
120.66014732029475
 30
0.0
 40
0.7000000000000001
0
HATCH
5
58a
100
AcDbEntity
8
Multi-Layer
100
AcDbHatch
10
0
20
0
30
0
210
0
220
0
230
1
2
SOLID
70
1
71
0
91
1
92
7
72
1
73
1
93
2
10
-20.239878079756135
20
120.66014732029475
42
1
10
-18.839878079756136
20
120.66014732029475
42
1
97
1
330

75
0
76
1
47
0.8681437583925616
98
1
10
3.629517071192367
20
33.92795499968543
450
0
451
0
460
0
461
0
452
1
462
1
453
2
463
0
63
5
421
255
463
1
63
7
421
16777215
470
LINEAR
1001
ACAD
1010
0
1020
0
1030
0
  0
CIRCLE
  5
594
330
1F
100
AcDbEntity
  8
TopSolderMaskLayer
100
AcDbCircle
 10
11.52400304800608
 20
82.16002032004076
 30
0.0
 40
0.38840283579184676
  0
CIRCLE
  5
595
330
1F
100
AcDbEntity
  8
TopSolderMaskLayer
100
AcDbCircle
 10
11.52387604775231
 20
82.16002032004076
 30
0.0
 40
0.7250063500127001
0
HATCH
5
596
100
AcDbEntity
8
TopSolderMaskLayer
100
AcDbHatch
10
0
20
0
30
0
210
0
220
0
230
1
2
SOLID
70
1
71
0
91
1
92
7
72
1
73
1
93
2
10
10.79886969773961
20
82.16002032004076
42
1
10
12.24888239776501
20
82.16002032004076
42
1
97
1
330

75
0
76
1
47
0.8681437583925616
98
1
10
3.629517071192367
20
33.92795499968543
450
0
451
0
460
0
461
0
452
1
462
1
453
2
463
0
63
5
421
255
463
1
63
7
421
16777215
470
LINEAR
1001
ACAD
1010
0
1020
0
1030
0
  0
CIRCLE
  5
597
330
1F
100
AcDbEntity
  8
BottomSolderMaskLayer
100
AcDbCircle
 10
11.52400304800608
 20
82.16002032004076
 30
0.0
 40
0.38840283579184676
  0
CIRCLE
  5
598
330
1F
100
AcDbEntity
  8
BottomSolderMaskLayer
100
AcDbCircle
 10
11.52387604775231
 20
82.16002032004076
 30
0.0
 40
0.7250063500127001
0
HATCH
5
599
100
AcDbEntity
8
BottomSolderMaskLayer
100
AcDbHatch
10
0
20
0
30
0
210
0
220
0
230
1
2
SOLID
70
1
71
0
91
1
92
7
72
1
73
1
93
2
10
10.79886969773961
20
82.16002032004076
42
1
10
12.24888239776501
20
82.16002032004076
42
1
97
1
330

75
0
76
1
47
0.8681437583925616
98
1
10
3.629517071192367
20
33.92795499968543
450
0
451
0
460
0
461
0
452
1
462
1
453
2
463
0
63
5
421
255
463
1
63
7
421
16777215
470
LINEAR
1001
ACAD
1010
0
1020
0
1030
0
  0
CIRCLE
  5
59a
330
1F
100
AcDbEntity
  8
Multi-Layer
100
AcDbCircle
 10
11.52400304800608
 20
82.16002032004076
 30
0.0
 40
0.37500635001270005
  0
CIRCLE
  5
59b
330
1F
100
AcDbEntity
  8
Multi-Layer
100
AcDbCircle
 10
11.52387604775231
 20
82.16002032004076
 30
0.0
 40
0.7000000000000001
0
HATCH
5
59c
100
AcDbEntity
8
Multi-Layer
100
AcDbHatch
10
0
20
0
30
0
210
0
220
0
230
1
2
SOLID
70
1
71
0
91
1
92
7
72
1
73
1
93
2
10
10.82387604775231
20
82.16002032004076
42
1
10
12.22387604775231
20
82.16002032004076
42
1
97
1
330

75
0
76
1
47
0.8681437583925616
98
1
10
3.629517071192367
20
33.92795499968543
450
0
451
0
460
0
461
0
452
1
462
1
453
2
463
0
63
5
421
255
463
1
63
7
421
16777215
470
LINEAR
1001
ACAD
1010
0
1020
0
1030
0
  0
CIRCLE
  5
59d
330
1F
100
AcDbEntity
  8
TopSolderMaskLayer
100
AcDbCircle
 10
2.8879857759714014
 20
82.16002032004076
 30
0.0
 40
0.38840283579184676
  0
CIRCLE
  5
59e
330
1F
100
AcDbEntity
  8
TopSolderMaskLayer
100
AcDbCircle
 10
2.887858775717632
 20
82.16002032004076
 30
0.0
 40
0.7250063500127001
0
HATCH
5
59f
100
AcDbEntity
8
TopSolderMaskLayer
100
AcDbHatch
10
0
20
0
30
0
210
0
220
0
230
1
2
SOLID
70
1
71
0
91
1
92
7
72
1
73
1
93
2
10
2.1628524257049317
20
82.16002032004076
42
1
10
3.612865125730332
20
82.16002032004076
42
1
97
1
330

75
0
76
1
47
0.8681437583925616
98
1
10
3.629517071192367
20
33.92795499968543
450
0
451
0
460
0
461
0
452
1
462
1
453
2
463
0
63
5
421
255
463
1
63
7
421
16777215
470
LINEAR
1001
ACAD
1010
0
1020
0
1030
0
  0
CIRCLE
  5
5a0
330
1F
100
AcDbEntity
  8
BottomSolderMaskLayer
100
AcDbCircle
 10
2.8879857759714014
 20
82.16002032004076
 30
0.0
 40
0.38840283579184676
  0
CIRCLE
  5
5a1
330
1F
100
AcDbEntity
  8
BottomSolderMaskLayer
100
AcDbCircle
 10
2.887858775717632
 20
82.16002032004076
 30
0.0
 40
0.7250063500127001
0
HATCH
5
5a2
100
AcDbEntity
8
BottomSolderMaskLayer
100
AcDbHatch
10
0
20
0
30
0
210
0
220
0
230
1
2
SOLID
70
1
71
0
91
1
92
7
72
1
73
1
93
2
10
2.1628524257049317
20
82.16002032004076
42
1
10
3.612865125730332
20
82.16002032004076
42
1
97
1
330

75
0
76
1
47
0.8681437583925616
98
1
10
3.629517071192367
20
33.92795499968543
450
0
451
0
460
0
461
0
452
1
462
1
453
2
463
0
63
5
421
255
463
1
63
7
421
16777215
470
LINEAR
1001
ACAD
1010
0
1020
0
1030
0
  0
CIRCLE
  5
5a3
330
1F
100
AcDbEntity
  8
Multi-Layer
100
AcDbCircle
 10
2.8879857759714014
 20
82.16002032004076
 30
0.0
 40
0.37500635001270005
  0
CIRCLE
  5
5a4
330
1F
100
AcDbEntity
  8
Multi-Layer
100
AcDbCircle
 10
2.887858775717632
 20
82.16002032004076
 30
0.0
 40
0.7000000000000001
0
HATCH
5
5a5
100
AcDbEntity
8
Multi-Layer
100
AcDbHatch
10
0
20
0
30
0
210
0
220
0
230
1
2
SOLID
70
1
71
0
91
1
92
7
72
1
73
1
93
2
10
2.1878587757176318
20
82.16002032004076
42
1
10
3.587858775717632
20
82.16002032004076
42
1
97
1
330

75
0
76
1
47
0.8681437583925616
98
1
10
3.629517071192367
20
33.92795499968543
450
0
451
0
460
0
461
0
452
1
462
1
453
2
463
0
63
5
421
255
463
1
63
7
421
16777215
470
LINEAR
1001
ACAD
1010
0
1020
0
1030
0
  0
CIRCLE
  5
5a6
330
1F
100
AcDbEntity
  8
TopSolderMaskLayer
100
AcDbCircle
 10
11.52400304800608
 20
87.16002032004076
 30
0.0
 40
0.38840283579184676
  0
CIRCLE
  5
5a7
330
1F
100
AcDbEntity
  8
TopSolderMaskLayer
100
AcDbCircle
 10
11.52387604775231
 20
87.16002032004076
 30
0.0
 40
0.7250063500127001
0
HATCH
5
5a8
100
AcDbEntity
8
TopSolderMaskLayer
100
AcDbHatch
10
0
20
0
30
0
210
0
220
0
230
1
2
SOLID
70
1
71
0
91
1
92
7
72
1
73
1
93
2
10
10.79886969773961
20
87.16002032004076
42
1
10
12.24888239776501
20
87.16002032004076
42
1
97
1
330

75
0
76
1
47
0.8681437583925616
98
1
10
3.629517071192367
20
33.92795499968543
450
0
451
0
460
0
461
0
452
1
462
1
453
2
463
0
63
5
421
255
463
1
63
7
421
16777215
470
LINEAR
1001
ACAD
1010
0
1020
0
1030
0
  0
CIRCLE
  5
5a9
330
1F
100
AcDbEntity
  8
BottomSolderMaskLayer
100
AcDbCircle
 10
11.52400304800608
 20
87.16002032004076
 30
0.0
 40
0.38840283579184676
  0
CIRCLE
  5
5aa
330
1F
100
AcDbEntity
  8
BottomSolderMaskLayer
100
AcDbCircle
 10
11.52387604775231
 20
87.16002032004076
 30
0.0
 40
0.7250063500127001
0
HATCH
5
5ab
100
AcDbEntity
8
BottomSolderMaskLayer
100
AcDbHatch
10
0
20
0
30
0
210
0
220
0
230
1
2
SOLID
70
1
71
0
91
1
92
7
72
1
73
1
93
2
10
10.79886969773961
20
87.16002032004076
42
1
10
12.24888239776501
20
87.16002032004076
42
1
97
1
330

75
0
76
1
47
0.8681437583925616
98
1
10
3.629517071192367
20
33.92795499968543
450
0
451
0
460
0
461
0
452
1
462
1
453
2
463
0
63
5
421
255
463
1
63
7
421
16777215
470
LINEAR
1001
ACAD
1010
0
1020
0
1030
0
  0
CIRCLE
  5
5ac
330
1F
100
AcDbEntity
  8
Multi-Layer
100
AcDbCircle
 10
11.52400304800608
 20
87.16002032004076
 30
0.0
 40
0.37500635001270005
  0
CIRCLE
  5
5ad
330
1F
100
AcDbEntity
  8
Multi-Layer
100
AcDbCircle
 10
11.52387604775231
 20
87.16002032004076
 30
0.0
 40
0.7000000000000001
0
HATCH
5
5ae
100
AcDbEntity
8
Multi-Layer
100
AcDbHatch
10
0
20
0
30
0
210
0
220
0
230
1
2
SOLID
70
1
71
0
91
1
92
7
72
1
73
1
93
2
10
10.82387604775231
20
87.16002032004076
42
1
10
12.22387604775231
20
87.16002032004076
42
1
97
1
330

75
0
76
1
47
0.8681437583925616
98
1
10
3.629517071192367
20
33.92795499968543
450
0
451
0
460
0
461
0
452
1
462
1
453
2
463
0
63
5
421
255
463
1
63
7
421
16777215
470
LINEAR
1001
ACAD
1010
0
1020
0
1030
0
  0
CIRCLE
  5
5af
330
1F
100
AcDbEntity
  8
TopSolderMaskLayer
100
AcDbCircle
 10
2.8879857759714014
 20
87.16002032004076
 30
0.0
 40
0.38840283579184676
  0
CIRCLE
  5
5b0
330
1F
100
AcDbEntity
  8
TopSolderMaskLayer
100
AcDbCircle
 10
2.887858775717632
 20
87.16002032004076
 30
0.0
 40
0.7250063500127001
0
HATCH
5
5b1
100
AcDbEntity
8
TopSolderMaskLayer
100
AcDbHatch
10
0
20
0
30
0
210
0
220
0
230
1
2
SOLID
70
1
71
0
91
1
92
7
72
1
73
1
93
2
10
2.1628524257049317
20
87.16002032004076
42
1
10
3.612865125730332
20
87.16002032004076
42
1
97
1
330

75
0
76
1
47
0.8681437583925616
98
1
10
3.629517071192367
20
33.92795499968543
450
0
451
0
460
0
461
0
452
1
462
1
453
2
463
0
63
5
421
255
463
1
63
7
421
16777215
470
LINEAR
1001
ACAD
1010
0
1020
0
1030
0
  0
CIRCLE
  5
5b2
330
1F
100
AcDbEntity
  8
BottomSolderMaskLayer
100
AcDbCircle
 10
2.8879857759714014
 20
87.16002032004076
 30
0.0
 40
0.38840283579184676
  0
CIRCLE
  5
5b3
330
1F
100
AcDbEntity
  8
BottomSolderMaskLayer
100
AcDbCircle
 10
2.887858775717632
 20
87.16002032004076
 30
0.0
 40
0.7250063500127001
0
HATCH
5
5b4
100
AcDbEntity
8
BottomSolderMaskLayer
100
AcDbHatch
10
0
20
0
30
0
210
0
220
0
230
1
2
SOLID
70
1
71
0
91
1
92
7
72
1
73
1
93
2
10
2.1628524257049317
20
87.16002032004076
42
1
10
3.612865125730332
20
87.16002032004076
42
1
97
1
330

75
0
76
1
47
0.8681437583925616
98
1
10
3.629517071192367
20
33.92795499968543
450
0
451
0
460
0
461
0
452
1
462
1
453
2
463
0
63
5
421
255
463
1
63
7
421
16777215
470
LINEAR
1001
ACAD
1010
0
1020
0
1030
0
  0
CIRCLE
  5
5b5
330
1F
100
AcDbEntity
  8
Multi-Layer
100
AcDbCircle
 10
2.8879857759714014
 20
87.16002032004076
 30
0.0
 40
0.37500635001270005
  0
CIRCLE
  5
5b6
330
1F
100
AcDbEntity
  8
Multi-Layer
100
AcDbCircle
 10
2.887858775717632
 20
87.16002032004076
 30
0.0
 40
0.7000000000000001
0
HATCH
5
5b7
100
AcDbEntity
8
Multi-Layer
100
AcDbHatch
10
0
20
0
30
0
210
0
220
0
230
1
2
SOLID
70
1
71
0
91
1
92
7
72
1
73
1
93
2
10
2.1878587757176318
20
87.16002032004076
42
1
10
3.587858775717632
20
87.16002032004076
42
1
97
1
330

75
0
76
1
47
0.8681437583925616
98
1
10
3.629517071192367
20
33.92795499968543
450
0
451
0
460
0
461
0
452
1
462
1
453
2
463
0
63
5
421
255
463
1
63
7
421
16777215
470
LINEAR
1001
ACAD
1010
0
1020
0
1030
0
  0
CIRCLE
  5
5b8
330
1F
100
AcDbEntity
  8
TopSolderMaskLayer
100
AcDbCircle
 10
7.659994919989913
 20
79.66014732029475
 30
0.0
 40
0.6169333672000678
  0
CIRCLE
  5
5b9
330
1F
100
AcDbEntity
  8
TopSolderMaskLayer
100
AcDbCircle
 10
7.660020320040758
 20
79.65989331978665
 30
0.0
 40
0.9254000508001016
0
HATCH
5
5ba
100
AcDbEntity
8
TopSolderMaskLayer
100
AcDbHatch
10
0
20
0
30
0
210
0
220
0
230
1
2
SOLID
70
1
71
0
91
1
92
7
72
1
73
1
93
2
10
6.734620269240656
20
79.65989331978665
42
1
10
8.58542037084086
20
79.65989331978665
42
1
97
1
330

75
0
76
1
47
0.8681437583925616
98
1
10
3.629517071192367
20
33.92795499968543
450
0
451
0
460
0
461
0
452
1
462
1
453
2
463
0
63
5
421
255
463
1
63
7
421
16777215
470
LINEAR
1001
ACAD
1010
0
1020
0
1030
0
  0
CIRCLE
  5
5bb
330
1F
100
AcDbEntity
  8
BottomSolderMaskLayer
100
AcDbCircle
 10
7.659994919989913
 20
79.66014732029475
 30
0.0
 40
0.6169333672000678
  0
CIRCLE
  5
5bc
330
1F
100
AcDbEntity
  8
BottomSolderMaskLayer
100
AcDbCircle
 10
7.660020320040758
 20
79.65989331978665
 30
0.0
 40
0.9254000508001016
0
HATCH
5
5bd
100
AcDbEntity
8
BottomSolderMaskLayer
100
AcDbHatch
10
0
20
0
30
0
210
0
220
0
230
1
2
SOLID
70
1
71
0
91
1
92
7
72
1
73
1
93
2
10
6.734620269240656
20
79.65989331978665
42
1
10
8.58542037084086
20
79.65989331978665
42
1
97
1
330

75
0
76
1
47
0.8681437583925616
98
1
10
3.629517071192367
20
33.92795499968543
450
0
451
0
460
0
461
0
452
1
462
1
453
2
463
0
63
5
421
255
463
1
63
7
421
16777215
470
LINEAR
1001
ACAD
1010
0
1020
0
1030
0
  0
CIRCLE
  5
5be
330
1F
100
AcDbEntity
  8
Multi-Layer
100
AcDbCircle
 10
7.659994919989913
 20
79.66014732029475
 30
0.0
 40
0.6000000000000001
  0
CIRCLE
  5
5bf
330
1F
100
AcDbEntity
  8
Multi-Layer
100
AcDbCircle
 10
7.660020320040758
 20
79.65989331978665
 30
0.0
 40
0.9000000000000001
0
HATCH
5
5c0
100
AcDbEntity
8
Multi-Layer
100
AcDbHatch
10
0
20
0
30
0
210
0
220
0
230
1
2
SOLID
70
1
71
0
91
1
92
7
72
1
73
1
93
2
10
6.760020320040757
20
79.65989331978665
42
1
10
8.560020320040758
20
79.65989331978665
42
1
97
1
330

75
0
76
1
47
0.8681437583925616
98
1
10
3.629517071192367
20
33.92795499968543
450
0
451
0
460
0
461
0
452
1
462
1
453
2
463
0
63
5
421
255
463
1
63
7
421
16777215
470
LINEAR
1001
ACAD
1010
0
1020
0
1030
0
  0
CIRCLE
  5
5c1
330
1F
100
AcDbEntity
  8
TopSolderMaskLayer
100
AcDbCircle
 10
7.659994919989913
 20
74.66014732029475
 30
0.0
 40
0.6169333672000678
  0
CIRCLE
  5
5c2
330
1F
100
AcDbEntity
  8
TopSolderMaskLayer
100
AcDbCircle
 10
7.660020320040758
 20
74.65989331978676
 30
0.0
 40
0.9254000508001016
0
HATCH
5
5c3
100
AcDbEntity
8
TopSolderMaskLayer
100
AcDbHatch
10
0
20
0
30
0
210
0
220
0
230
1
2
SOLID
70
1
71
0
91
1
92
7
72
1
73
1
93
2
10
6.734620269240656
20
74.65989331978676
42
1
10
8.58542037084086
20
74.65989331978676
42
1
97
1
330

75
0
76
1
47
0.8681437583925616
98
1
10
3.629517071192367
20
33.92795499968543
450
0
451
0
460
0
461
0
452
1
462
1
453
2
463
0
63
5
421
255
463
1
63
7
421
16777215
470
LINEAR
1001
ACAD
1010
0
1020
0
1030
0
  0
CIRCLE
  5
5c4
330
1F
100
AcDbEntity
  8
BottomSolderMaskLayer
100
AcDbCircle
 10
7.659994919989913
 20
74.66014732029475
 30
0.0
 40
0.6169333672000678
  0
CIRCLE
  5
5c5
330
1F
100
AcDbEntity
  8
BottomSolderMaskLayer
100
AcDbCircle
 10
7.660020320040758
 20
74.65989331978676
 30
0.0
 40
0.9254000508001016
0
HATCH
5
5c6
100
AcDbEntity
8
BottomSolderMaskLayer
100
AcDbHatch
10
0
20
0
30
0
210
0
220
0
230
1
2
SOLID
70
1
71
0
91
1
92
7
72
1
73
1
93
2
10
6.734620269240656
20
74.65989331978676
42
1
10
8.58542037084086
20
74.65989331978676
42
1
97
1
330

75
0
76
1
47
0.8681437583925616
98
1
10
3.629517071192367
20
33.92795499968543
450
0
451
0
460
0
461
0
452
1
462
1
453
2
463
0
63
5
421
255
463
1
63
7
421
16777215
470
LINEAR
1001
ACAD
1010
0
1020
0
1030
0
  0
CIRCLE
  5
5c7
330
1F
100
AcDbEntity
  8
Multi-Layer
100
AcDbCircle
 10
7.659994919989913
 20
74.66014732029475
 30
0.0
 40
0.6000000000000001
  0
CIRCLE
  5
5c8
330
1F
100
AcDbEntity
  8
Multi-Layer
100
AcDbCircle
 10
7.660020320040758
 20
74.65989331978676
 30
0.0
 40
0.9000000000000001
0
HATCH
5
5c9
100
AcDbEntity
8
Multi-Layer
100
AcDbHatch
10
0
20
0
30
0
210
0
220
0
230
1
2
SOLID
70
1
71
0
91
1
92
7
72
1
73
1
93
2
10
6.760020320040757
20
74.65989331978676
42
1
10
8.560020320040758
20
74.65989331978676
42
1
97
1
330

75
0
76
1
47
0.8681437583925616
98
1
10
3.629517071192367
20
33.92795499968543
450
0
451
0
460
0
461
0
452
1
462
1
453
2
463
0
63
5
421
255
463
1
63
7
421
16777215
470
LINEAR
1001
ACAD
1010
0
1020
0
1030
0
  0
CIRCLE
  5
5ca
330
1F
100
AcDbEntity
  8
TopSolderMaskLayer
100
AcDbCircle
 10
4.359994919989958
 20
74.65989331978676
 30
0.0
 40
0.6169333672000678
  0
CIRCLE
  5
5cb
330
1F
100
AcDbEntity
  8
TopSolderMaskLayer
100
AcDbCircle
 10
4.360045720091421
 20
74.65989331978676
 30
0.0
 40
0.9254000508001016
0
HATCH
5
5cc
100
AcDbEntity
8
TopSolderMaskLayer
100
AcDbHatch
10
0
20
0
30
0
210
0
220
0
230
1
2
SOLID
70
1
71
0
91
1
92
7
72
1
73
1
93
2
10
3.434645669291319
20
74.65989331978676
42
1
10
5.285445770891522
20
74.65989331978676
42
1
97
1
330

75
0
76
1
47
0.8681437583925616
98
1
10
3.629517071192367
20
33.92795499968543
450
0
451
0
460
0
461
0
452
1
462
1
453
2
463
0
63
5
421
255
463
1
63
7
421
16777215
470
LINEAR
1001
ACAD
1010
0
1020
0
1030
0
  0
CIRCLE
  5
5cd
330
1F
100
AcDbEntity
  8
BottomSolderMaskLayer
100
AcDbCircle
 10
4.359994919989958
 20
74.65989331978676
 30
0.0
 40
0.6169333672000678
  0
CIRCLE
  5
5ce
330
1F
100
AcDbEntity
  8
BottomSolderMaskLayer
100
AcDbCircle
 10
4.360045720091421
 20
74.65989331978676
 30
0.0
 40
0.9254000508001016
0
HATCH
5
5cf
100
AcDbEntity
8
BottomSolderMaskLayer
100
AcDbHatch
10
0
20
0
30
0
210
0
220
0
230
1
2
SOLID
70
1
71
0
91
1
92
7
72
1
73
1
93
2
10
3.434645669291319
20
74.65989331978676
42
1
10
5.285445770891522
20
74.65989331978676
42
1
97
1
330

75
0
76
1
47
0.8681437583925616
98
1
10
3.629517071192367
20
33.92795499968543
450
0
451
0
460
0
461
0
452
1
462
1
453
2
463
0
63
5
421
255
463
1
63
7
421
16777215
470
LINEAR
1001
ACAD
1010
0
1020
0
1030
0
  0
CIRCLE
  5
5d0
330
1F
100
AcDbEntity
  8
Multi-Layer
100
AcDbCircle
 10
4.359994919989958
 20
74.65989331978676
 30
0.0
 40
0.6000000000000001
  0
CIRCLE
  5
5d1
330
1F
100
AcDbEntity
  8
Multi-Layer
100
AcDbCircle
 10
4.360045720091421
 20
74.65989331978676
 30
0.0
 40
0.9000000000000001
0
HATCH
5
5d2
100
AcDbEntity
8
Multi-Layer
100
AcDbHatch
10
0
20
0
30
0
210
0
220
0
230
1
2
SOLID
70
1
71
0
91
1
92
7
72
1
73
1
93
2
10
3.4600457200914203
20
74.65989331978676
42
1
10
5.260045720091421
20
74.65989331978676
42
1
97
1
330

75
0
76
1
47
0.8681437583925616
98
1
10
3.629517071192367
20
33.92795499968543
450
0
451
0
460
0
461
0
452
1
462
1
453
2
463
0
63
5
421
255
463
1
63
7
421
16777215
470
LINEAR
1001
ACAD
1010
0
1020
0
1030
0
  0
CIRCLE
  5
5d3
330
1F
100
AcDbEntity
  8
TopSolderMaskLayer
100
AcDbCircle
 10
4.359994919989958
 20
79.65989331978665
 30
0.0
 40
0.6169333672000678
  0
CIRCLE
  5
5d4
330
1F
100
AcDbEntity
  8
TopSolderMaskLayer
100
AcDbCircle
 10
4.360045720091421
 20
79.65989331978665
 30
0.0
 40
0.9254000508001016
0
HATCH
5
5d5
100
AcDbEntity
8
TopSolderMaskLayer
100
AcDbHatch
10
0
20
0
30
0
210
0
220
0
230
1
2
SOLID
70
1
71
0
91
1
92
7
72
1
73
1
93
2
10
3.434645669291319
20
79.65989331978665
42
1
10
5.285445770891522
20
79.65989331978665
42
1
97
1
330

75
0
76
1
47
0.8681437583925616
98
1
10
3.629517071192367
20
33.92795499968543
450
0
451
0
460
0
461
0
452
1
462
1
453
2
463
0
63
5
421
255
463
1
63
7
421
16777215
470
LINEAR
1001
ACAD
1010
0
1020
0
1030
0
  0
CIRCLE
  5
5d6
330
1F
100
AcDbEntity
  8
BottomSolderMaskLayer
100
AcDbCircle
 10
4.359994919989958
 20
79.65989331978665
 30
0.0
 40
0.6169333672000678
  0
CIRCLE
  5
5d7
330
1F
100
AcDbEntity
  8
BottomSolderMaskLayer
100
AcDbCircle
 10
4.360045720091421
 20
79.65989331978665
 30
0.0
 40
0.9254000508001016
0
HATCH
5
5d8
100
AcDbEntity
8
BottomSolderMaskLayer
100
AcDbHatch
10
0
20
0
30
0
210
0
220
0
230
1
2
SOLID
70
1
71
0
91
1
92
7
72
1
73
1
93
2
10
3.434645669291319
20
79.65989331978665
42
1
10
5.285445770891522
20
79.65989331978665
42
1
97
1
330

75
0
76
1
47
0.8681437583925616
98
1
10
3.629517071192367
20
33.92795499968543
450
0
451
0
460
0
461
0
452
1
462
1
453
2
463
0
63
5
421
255
463
1
63
7
421
16777215
470
LINEAR
1001
ACAD
1010
0
1020
0
1030
0
  0
CIRCLE
  5
5d9
330
1F
100
AcDbEntity
  8
Multi-Layer
100
AcDbCircle
 10
4.359994919989958
 20
79.65989331978665
 30
0.0
 40
0.6000000000000001
  0
CIRCLE
  5
5da
330
1F
100
AcDbEntity
  8
Multi-Layer
100
AcDbCircle
 10
4.360045720091421
 20
79.65989331978665
 30
0.0
 40
0.9000000000000001
0
HATCH
5
5db
100
AcDbEntity
8
Multi-Layer
100
AcDbHatch
10
0
20
0
30
0
210
0
220
0
230
1
2
SOLID
70
1
71
0
91
1
92
7
72
1
73
1
93
2
10
3.4600457200914203
20
79.65989331978665
42
1
10
5.260045720091421
20
79.65989331978665
42
1
97
1
330

75
0
76
1
47
0.8681437583925616
98
1
10
3.629517071192367
20
33.92795499968543
450
0
451
0
460
0
461
0
452
1
462
1
453
2
463
0
63
5
421
255
463
1
63
7
421
16777215
470
LINEAR
1001
ACAD
1010
0
1020
0
1030
0
  0
CIRCLE
  5
5dc
330
1F
100
AcDbEntity
  8
TopSolderMaskLayer
100
AcDbCircle
 10
0.9599949199898674
 20
75.89001778003558
 30
0.0
 40
0.4722009144018289
  0
CIRCLE
  5
5dd
330
1F
100
AcDbEntity
  8
TopSolderMaskLayer
100
AcDbCircle
 10
0.9599949199898674
 20
75.89001778003558
 30
0.0
 40
0.7870015240030481
0
HATCH
5
5de
100
AcDbEntity
8
TopSolderMaskLayer
100
AcDbHatch
10
0
20
0
30
0
210
0
220
0
230
1
2
SOLID
70
1
71
0
91
1
92
7
72
1
73
1
93
2
10
0.1729933959868193
20
75.89001778003558
42
1
10
1.7469964439929155
20
75.89001778003558
42
1
97
1
330

75
0
76
1
47
0.8681437583925616
98
1
10
3.629517071192367
20
33.92795499968543
450
0
451
0
460
0
461
0
452
1
462
1
453
2
463
0
63
5
421
255
463
1
63
7
421
16777215
470
LINEAR
1001
ACAD
1010
0
1020
0
1030
0
  0
CIRCLE
  5
5df
330
1F
100
AcDbEntity
  8
BottomSolderMaskLayer
100
AcDbCircle
 10
0.9599949199898674
 20
75.89001778003558
 30
0.0
 40
0.4722009144018289
  0
CIRCLE
  5
5e0
330
1F
100
AcDbEntity
  8
BottomSolderMaskLayer
100
AcDbCircle
 10
0.9599949199898674
 20
75.89001778003558
 30
0.0
 40
0.7870015240030481
0
HATCH
5
5e1
100
AcDbEntity
8
BottomSolderMaskLayer
100
AcDbHatch
10
0
20
0
30
0
210
0
220
0
230
1
2
SOLID
70
1
71
0
91
1
92
7
72
1
73
1
93
2
10
0.1729933959868193
20
75.89001778003558
42
1
10
1.7469964439929155
20
75.89001778003558
42
1
97
1
330

75
0
76
1
47
0.8681437583925616
98
1
10
3.629517071192367
20
33.92795499968543
450
0
451
0
460
0
461
0
452
1
462
1
453
2
463
0
63
5
421
255
463
1
63
7
421
16777215
470
LINEAR
1001
ACAD
1010
0
1020
0
1030
0
  0
CIRCLE
  5
5e2
330
1F
100
AcDbEntity
  8
Multi-Layer
100
AcDbCircle
 10
0.9599949199898674
 20
75.89001778003558
 30
0.0
 40
0.45720091440182886
  0
CIRCLE
  5
5e3
330
1F
100
AcDbEntity
  8
Multi-Layer
100
AcDbCircle
 10
0.9599949199898674
 20
75.89001778003558
 30
0.0
 40
0.7620015240030481
0
HATCH
5
5e4
100
AcDbEntity
8
Multi-Layer
100
AcDbHatch
10
0
20
0
30
0
210
0
220
0
230
1
2
SOLID
70
1
71
0
91
1
92
7
72
1
73
1
93
2
10
0.1979933959868193
20
75.89001778003558
42
1
10
1.7219964439929156
20
75.89001778003558
42
1
97
1
330

75
0
76
1
47
0.8681437583925616
98
1
10
3.629517071192367
20
33.92795499968543
450
0
451
0
460
0
461
0
452
1
462
1
453
2
463
0
63
5
421
255
463
1
63
7
421
16777215
470
LINEAR
1001
ACAD
1010
0
1020
0
1030
0
  0
CIRCLE
  5
5e5
330
1F
100
AcDbEntity
  8
TopSolderMaskLayer
100
AcDbCircle
 10
0.9599949199898674
 20
78.43002286004571
 30
0.0
 40
0.4722009144018289
  0
CIRCLE
  5
5e6
330
1F
100
AcDbEntity
  8
TopSolderMaskLayer
100
AcDbCircle
 10
0.9599949199898674
 20
78.43002286004571
 30
0.0
 40
0.7870015240030481
0
HATCH
5
5e7
100
AcDbEntity
8
TopSolderMaskLayer
100
AcDbHatch
10
0
20
0
30
0
210
0
220
0
230
1
2
SOLID
70
1
71
0
91
1
92
7
72
1
73
1
93
2
10
0.1729933959868193
20
78.43002286004571
42
1
10
1.7469964439929155
20
78.43002286004571
42
1
97
1
330

75
0
76
1
47
0.8681437583925616
98
1
10
3.629517071192367
20
33.92795499968543
450
0
451
0
460
0
461
0
452
1
462
1
453
2
463
0
63
5
421
255
463
1
63
7
421
16777215
470
LINEAR
1001
ACAD
1010
0
1020
0
1030
0
  0
CIRCLE
  5
5e8
330
1F
100
AcDbEntity
  8
BottomSolderMaskLayer
100
AcDbCircle
 10
0.9599949199898674
 20
78.43002286004571
 30
0.0
 40
0.4722009144018289
  0
CIRCLE
  5
5e9
330
1F
100
AcDbEntity
  8
BottomSolderMaskLayer
100
AcDbCircle
 10
0.9599949199898674
 20
78.43002286004571
 30
0.0
 40
0.7870015240030481
0
HATCH
5
5ea
100
AcDbEntity
8
BottomSolderMaskLayer
100
AcDbHatch
10
0
20
0
30
0
210
0
220
0
230
1
2
SOLID
70
1
71
0
91
1
92
7
72
1
73
1
93
2
10
0.1729933959868193
20
78.43002286004571
42
1
10
1.7469964439929155
20
78.43002286004571
42
1
97
1
330

75
0
76
1
47
0.8681437583925616
98
1
10
3.629517071192367
20
33.92795499968543
450
0
451
0
460
0
461
0
452
1
462
1
453
2
463
0
63
5
421
255
463
1
63
7
421
16777215
470
LINEAR
1001
ACAD
1010
0
1020
0
1030
0
  0
CIRCLE
  5
5eb
330
1F
100
AcDbEntity
  8
Multi-Layer
100
AcDbCircle
 10
0.9599949199898674
 20
78.43002286004571
 30
0.0
 40
0.45720091440182886
  0
CIRCLE
  5
5ec
330
1F
100
AcDbEntity
  8
Multi-Layer
100
AcDbCircle
 10
0.9599949199898674
 20
78.43002286004571
 30
0.0
 40
0.7620015240030481
0
HATCH
5
5ed
100
AcDbEntity
8
Multi-Layer
100
AcDbHatch
10
0
20
0
30
0
210
0
220
0
230
1
2
SOLID
70
1
71
0
91
1
92
7
72
1
73
1
93
2
10
0.1979933959868193
20
78.43002286004571
42
1
10
1.7219964439929156
20
78.43002286004571
42
1
97
1
330

75
0
76
1
47
0.8681437583925616
98
1
10
3.629517071192367
20
33.92795499968543
450
0
451
0
460
0
461
0
452
1
462
1
453
2
463
0
63
5
421
255
463
1
63
7
421
16777215
470
LINEAR
1001
ACAD
1010
0
1020
0
1030
0
  0
CIRCLE
  5
5ee
330
1F
100
AcDbEntity
  8
TopSolderMaskLayer
100
AcDbCircle
 10
11.52400304800608
 20
84.66002032004076
 30
0.0
 40
0.38840283579184676
  0
CIRCLE
  5
5ef
330
1F
100
AcDbEntity
  8
TopSolderMaskLayer
100
AcDbCircle
 10
11.52387604775231
 20
84.65989331978665
 30
0.0
 40
0.7250063500127001
0
HATCH
5
5f0
100
AcDbEntity
8
TopSolderMaskLayer
100
AcDbHatch
10
0
20
0
30
0
210
0
220
0
230
1
2
SOLID
70
1
71
0
91
1
92
7
72
1
73
1
93
2
10
10.79886969773961
20
84.65989331978665
42
1
10
12.24888239776501
20
84.65989331978665
42
1
97
1
330

75
0
76
1
47
0.8681437583925616
98
1
10
3.629517071192367
20
33.92795499968543
450
0
451
0
460
0
461
0
452
1
462
1
453
2
463
0
63
5
421
255
463
1
63
7
421
16777215
470
LINEAR
1001
ACAD
1010
0
1020
0
1030
0
  0
CIRCLE
  5
5f1
330
1F
100
AcDbEntity
  8
BottomSolderMaskLayer
100
AcDbCircle
 10
11.52400304800608
 20
84.66002032004076
 30
0.0
 40
0.38840283579184676
  0
CIRCLE
  5
5f2
330
1F
100
AcDbEntity
  8
BottomSolderMaskLayer
100
AcDbCircle
 10
11.52387604775231
 20
84.65989331978665
 30
0.0
 40
0.7250063500127001
0
HATCH
5
5f3
100
AcDbEntity
8
BottomSolderMaskLayer
100
AcDbHatch
10
0
20
0
30
0
210
0
220
0
230
1
2
SOLID
70
1
71
0
91
1
92
7
72
1
73
1
93
2
10
10.79886969773961
20
84.65989331978665
42
1
10
12.24888239776501
20
84.65989331978665
42
1
97
1
330

75
0
76
1
47
0.8681437583925616
98
1
10
3.629517071192367
20
33.92795499968543
450
0
451
0
460
0
461
0
452
1
462
1
453
2
463
0
63
5
421
255
463
1
63
7
421
16777215
470
LINEAR
1001
ACAD
1010
0
1020
0
1030
0
  0
CIRCLE
  5
5f4
330
1F
100
AcDbEntity
  8
Multi-Layer
100
AcDbCircle
 10
11.52400304800608
 20
84.66002032004076
 30
0.0
 40
0.37500635001270005
  0
CIRCLE
  5
5f5
330
1F
100
AcDbEntity
  8
Multi-Layer
100
AcDbCircle
 10
11.52387604775231
 20
84.65989331978665
 30
0.0
 40
0.7000000000000001
0
HATCH
5
5f6
100
AcDbEntity
8
Multi-Layer
100
AcDbHatch
10
0
20
0
30
0
210
0
220
0
230
1
2
SOLID
70
1
71
0
91
1
92
7
72
1
73
1
93
2
10
10.82387604775231
20
84.65989331978665
42
1
10
12.22387604775231
20
84.65989331978665
42
1
97
1
330

75
0
76
1
47
0.8681437583925616
98
1
10
3.629517071192367
20
33.92795499968543
450
0
451
0
460
0
461
0
452
1
462
1
453
2
463
0
63
5
421
255
463
1
63
7
421
16777215
470
LINEAR
1001
ACAD
1010
0
1020
0
1030
0
  0
CIRCLE
  5
5f7
330
1F
100
AcDbEntity
  8
TopSolderMaskLayer
100
AcDbCircle
 10
2.8879857759714014
 20
84.66002032004076
 30
0.0
 40
0.38840283579184676
  0
CIRCLE
  5
5f8
330
1F
100
AcDbEntity
  8
TopSolderMaskLayer
100
AcDbCircle
 10
2.887858775717632
 20
84.65989331978665
 30
0.0
 40
0.7250063500127001
0
HATCH
5
5f9
100
AcDbEntity
8
TopSolderMaskLayer
100
AcDbHatch
10
0
20
0
30
0
210
0
220
0
230
1
2
SOLID
70
1
71
0
91
1
92
7
72
1
73
1
93
2
10
2.1628524257049317
20
84.65989331978665
42
1
10
3.612865125730332
20
84.65989331978665
42
1
97
1
330

75
0
76
1
47
0.8681437583925616
98
1
10
3.629517071192367
20
33.92795499968543
450
0
451
0
460
0
461
0
452
1
462
1
453
2
463
0
63
5
421
255
463
1
63
7
421
16777215
470
LINEAR
1001
ACAD
1010
0
1020
0
1030
0
  0
CIRCLE
  5
5fa
330
1F
100
AcDbEntity
  8
BottomSolderMaskLayer
100
AcDbCircle
 10
2.8879857759714014
 20
84.66002032004076
 30
0.0
 40
0.38840283579184676
  0
CIRCLE
  5
5fb
330
1F
100
AcDbEntity
  8
BottomSolderMaskLayer
100
AcDbCircle
 10
2.887858775717632
 20
84.65989331978665
 30
0.0
 40
0.7250063500127001
0
HATCH
5
5fc
100
AcDbEntity
8
BottomSolderMaskLayer
100
AcDbHatch
10
0
20
0
30
0
210
0
220
0
230
1
2
SOLID
70
1
71
0
91
1
92
7
72
1
73
1
93
2
10
2.1628524257049317
20
84.65989331978665
42
1
10
3.612865125730332
20
84.65989331978665
42
1
97
1
330

75
0
76
1
47
0.8681437583925616
98
1
10
3.629517071192367
20
33.92795499968543
450
0
451
0
460
0
461
0
452
1
462
1
453
2
463
0
63
5
421
255
463
1
63
7
421
16777215
470
LINEAR
1001
ACAD
1010
0
1020
0
1030
0
  0
CIRCLE
  5
5fd
330
1F
100
AcDbEntity
  8
Multi-Layer
100
AcDbCircle
 10
2.8879857759714014
 20
84.66002032004076
 30
0.0
 40
0.37500635001270005
  0
CIRCLE
  5
5fe
330
1F
100
AcDbEntity
  8
Multi-Layer
100
AcDbCircle
 10
2.887858775717632
 20
84.65989331978665
 30
0.0
 40
0.7000000000000001
0
HATCH
5
5ff
100
AcDbEntity
8
Multi-Layer
100
AcDbHatch
10
0
20
0
30
0
210
0
220
0
230
1
2
SOLID
70
1
71
0
91
1
92
7
72
1
73
1
93
2
10
2.1878587757176318
20
84.65989331978665
42
1
10
3.587858775717632
20
84.65989331978665
42
1
97
1
330

75
0
76
1
47
0.8681437583925616
98
1
10
3.629517071192367
20
33.92795499968543
450
0
451
0
460
0
461
0
452
1
462
1
453
2
463
0
63
5
421
255
463
1
63
7
421
16777215
470
LINEAR
1001
ACAD
1010
0
1020
0
1030
0
  0
CIRCLE
  5
600
330
1F
100
AcDbEntity
  8
TopSolderMaskLayer
100
AcDbCircle
 10
-20.54000508001002
 20
96.59601219202455
 30
0.0
 40
0.38840283579184676
  0
CIRCLE
  5
601
330
1F
100
AcDbEntity
  8
TopSolderMaskLayer
100
AcDbCircle
 10
-20.539878079756136
 20
96.59588519177044
 30
0.0
 40
0.7250063500127001
0
HATCH
5
602
100
AcDbEntity
8
TopSolderMaskLayer
100
AcDbHatch
10
0
20
0
30
0
210
0
220
0
230
1
2
SOLID
70
1
71
0
91
1
92
7
72
1
73
1
93
2
10
-21.264884429768834
20
96.59588519177044
42
1
10
-19.814871729743437
20
96.59588519177044
42
1
97
1
330

75
0
76
1
47
0.8681437583925616
98
1
10
3.629517071192367
20
33.92795499968543
450
0
451
0
460
0
461
0
452
1
462
1
453
2
463
0
63
5
421
255
463
1
63
7
421
16777215
470
LINEAR
1001
ACAD
1010
0
1020
0
1030
0
  0
CIRCLE
  5
603
330
1F
100
AcDbEntity
  8
BottomSolderMaskLayer
100
AcDbCircle
 10
-20.54000508001002
 20
96.59601219202455
 30
0.0
 40
0.38840283579184676
  0
CIRCLE
  5
604
330
1F
100
AcDbEntity
  8
BottomSolderMaskLayer
100
AcDbCircle
 10
-20.539878079756136
 20
96.59588519177044
 30
0.0
 40
0.7250063500127001
0
HATCH
5
605
100
AcDbEntity
8
BottomSolderMaskLayer
100
AcDbHatch
10
0
20
0
30
0
210
0
220
0
230
1
2
SOLID
70
1
71
0
91
1
92
7
72
1
73
1
93
2
10
-21.264884429768834
20
96.59588519177044
42
1
10
-19.814871729743437
20
96.59588519177044
42
1
97
1
330

75
0
76
1
47
0.8681437583925616
98
1
10
3.629517071192367
20
33.92795499968543
450
0
451
0
460
0
461
0
452
1
462
1
453
2
463
0
63
5
421
255
463
1
63
7
421
16777215
470
LINEAR
1001
ACAD
1010
0
1020
0
1030
0
  0
CIRCLE
  5
606
330
1F
100
AcDbEntity
  8
Multi-Layer
100
AcDbCircle
 10
-20.54000508001002
 20
96.59601219202455
 30
0.0
 40
0.37500635001270005
  0
CIRCLE
  5
607
330
1F
100
AcDbEntity
  8
Multi-Layer
100
AcDbCircle
 10
-20.539878079756136
 20
96.59588519177044
 30
0.0
 40
0.7000000000000001
0
HATCH
5
608
100
AcDbEntity
8
Multi-Layer
100
AcDbHatch
10
0
20
0
30
0
210
0
220
0
230
1
2
SOLID
70
1
71
0
91
1
92
7
72
1
73
1
93
2
10
-21.239878079756135
20
96.59588519177044
42
1
10
-19.839878079756136
20
96.59588519177044
42
1
97
1
330

75
0
76
1
47
0.8681437583925616
98
1
10
3.629517071192367
20
33.92795499968543
450
0
451
0
460
0
461
0
452
1
462
1
453
2
463
0
63
5
421
255
463
1
63
7
421
16777215
470
LINEAR
1001
ACAD
1010
0
1020
0
1030
0
  0
CIRCLE
  5
609
330
1F
100
AcDbEntity
  8
TopSolderMaskLayer
100
AcDbCircle
 10
-20.54000508001002
 20
105.23202946405911
 30
0.0
 40
0.38840283579184676
  0
CIRCLE
  5
60a
330
1F
100
AcDbEntity
  8
TopSolderMaskLayer
100
AcDbCircle
 10
-20.539878079756136
 20
105.231902463805
 30
0.0
 40
0.7250063500127001
0
HATCH
5
60b
100
AcDbEntity
8
TopSolderMaskLayer
100
AcDbHatch
10
0
20
0
30
0
210
0
220
0
230
1
2
SOLID
70
1
71
0
91
1
92
7
72
1
73
1
93
2
10
-21.264884429768834
20
105.231902463805
42
1
10
-19.814871729743437
20
105.231902463805
42
1
97
1
330

75
0
76
1
47
0.8681437583925616
98
1
10
3.629517071192367
20
33.92795499968543
450
0
451
0
460
0
461
0
452
1
462
1
453
2
463
0
63
5
421
255
463
1
63
7
421
16777215
470
LINEAR
1001
ACAD
1010
0
1020
0
1030
0
  0
CIRCLE
  5
60c
330
1F
100
AcDbEntity
  8
BottomSolderMaskLayer
100
AcDbCircle
 10
-20.54000508001002
 20
105.23202946405911
 30
0.0
 40
0.38840283579184676
  0
CIRCLE
  5
60d
330
1F
100
AcDbEntity
  8
BottomSolderMaskLayer
100
AcDbCircle
 10
-20.539878079756136
 20
105.231902463805
 30
0.0
 40
0.7250063500127001
0
HATCH
5
60e
100
AcDbEntity
8
BottomSolderMaskLayer
100
AcDbHatch
10
0
20
0
30
0
210
0
220
0
230
1
2
SOLID
70
1
71
0
91
1
92
7
72
1
73
1
93
2
10
-21.264884429768834
20
105.231902463805
42
1
10
-19.814871729743437
20
105.231902463805
42
1
97
1
330

75
0
76
1
47
0.8681437583925616
98
1
10
3.629517071192367
20
33.92795499968543
450
0
451
0
460
0
461
0
452
1
462
1
453
2
463
0
63
5
421
255
463
1
63
7
421
16777215
470
LINEAR
1001
ACAD
1010
0
1020
0
1030
0
  0
CIRCLE
  5
60f
330
1F
100
AcDbEntity
  8
Multi-Layer
100
AcDbCircle
 10
-20.54000508001002
 20
105.23202946405911
 30
0.0
 40
0.37500635001270005
  0
CIRCLE
  5
610
330
1F
100
AcDbEntity
  8
Multi-Layer
100
AcDbCircle
 10
-20.539878079756136
 20
105.231902463805
 30
0.0
 40
0.7000000000000001
0
HATCH
5
611
100
AcDbEntity
8
Multi-Layer
100
AcDbHatch
10
0
20
0
30
0
210
0
220
0
230
1
2
SOLID
70
1
71
0
91
1
92
7
72
1
73
1
93
2
10
-21.239878079756135
20
105.231902463805
42
1
10
-19.839878079756136
20
105.231902463805
42
1
97
1
330

75
0
76
1
47
0.8681437583925616
98
1
10
3.629517071192367
20
33.92795499968543
450
0
451
0
460
0
461
0
452
1
462
1
453
2
463
0
63
5
421
255
463
1
63
7
421
16777215
470
LINEAR
1001
ACAD
1010
0
1020
0
1030
0
  0
CIRCLE
  5
612
330
1F
100
AcDbEntity
  8
TopSolderMaskLayer
100
AcDbCircle
 10
-0.10401320802634473
 20
69.66002032004076
 30
0.0
 40
0.38840283579184676
  0
CIRCLE
  5
613
330
1F
100
AcDbEntity
  8
TopSolderMaskLayer
100
AcDbCircle
 10
-0.10401320802634473
 20
69.65989331978676
 30
0.0
 40
0.7250063500127001
0
HATCH
5
614
100
AcDbEntity
8
TopSolderMaskLayer
100
AcDbHatch
10
0
20
0
30
0
210
0
220
0
230
1
2
SOLID
70
1
71
0
91
1
92
7
72
1
73
1
93
2
10
-0.8290195580390448
20
69.65989331978676
42
1
10
0.6209931419863554
20
69.65989331978676
42
1
97
1
330

75
0
76
1
47
0.8681437583925616
98
1
10
3.629517071192367
20
33.92795499968543
450
0
451
0
460
0
461
0
452
1
462
1
453
2
463
0
63
5
421
255
463
1
63
7
421
16777215
470
LINEAR
1001
ACAD
1010
0
1020
0
1030
0
  0
CIRCLE
  5
615
330
1F
100
AcDbEntity
  8
BottomSolderMaskLayer
100
AcDbCircle
 10
-0.10401320802634473
 20
69.66002032004076
 30
0.0
 40
0.38840283579184676
  0
CIRCLE
  5
616
330
1F
100
AcDbEntity
  8
BottomSolderMaskLayer
100
AcDbCircle
 10
-0.10401320802634473
 20
69.65989331978676
 30
0.0
 40
0.7250063500127001
0
HATCH
5
617
100
AcDbEntity
8
BottomSolderMaskLayer
100
AcDbHatch
10
0
20
0
30
0
210
0
220
0
230
1
2
SOLID
70
1
71
0
91
1
92
7
72
1
73
1
93
2
10
-0.8290195580390448
20
69.65989331978676
42
1
10
0.6209931419863554
20
69.65989331978676
42
1
97
1
330

75
0
76
1
47
0.8681437583925616
98
1
10
3.629517071192367
20
33.92795499968543
450
0
451
0
460
0
461
0
452
1
462
1
453
2
463
0
63
5
421
255
463
1
63
7
421
16777215
470
LINEAR
1001
ACAD
1010
0
1020
0
1030
0
  0
CIRCLE
  5
618
330
1F
100
AcDbEntity
  8
Multi-Layer
100
AcDbCircle
 10
-0.10401320802634473
 20
69.66002032004076
 30
0.0
 40
0.37500635001270005
  0
CIRCLE
  5
619
330
1F
100
AcDbEntity
  8
Multi-Layer
100
AcDbCircle
 10
-0.10401320802634473
 20
69.65989331978676
 30
0.0
 40
0.7000000000000001
0
HATCH
5
61a
100
AcDbEntity
8
Multi-Layer
100
AcDbHatch
10
0
20
0
30
0
210
0
220
0
230
1
2
SOLID
70
1
71
0
91
1
92
7
72
1
73
1
93
2
10
-0.8040132080263448
20
69.65989331978676
42
1
10
0.5959867919736553
20
69.65989331978676
42
1
97
1
330

75
0
76
1
47
0.8681437583925616
98
1
10
3.629517071192367
20
33.92795499968543
450
0
451
0
460
0
461
0
452
1
462
1
453
2
463
0
63
5
421
255
463
1
63
7
421
16777215
470
LINEAR
1001
ACAD
1010
0
1020
0
1030
0
  0
CIRCLE
  5
61b
330
1F
100
AcDbEntity
  8
TopSolderMaskLayer
100
AcDbCircle
 10
8.532004064008106
 20
69.66002032004076
 30
0.0
 40
0.38840283579184676
  0
CIRCLE
  5
61c
330
1F
100
AcDbEntity
  8
TopSolderMaskLayer
100
AcDbCircle
 10
8.532004064008106
 20
69.65989331978676
 30
0.0
 40
0.7250063500127001
0
HATCH
5
61d
100
AcDbEntity
8
TopSolderMaskLayer
100
AcDbHatch
10
0
20
0
30
0
210
0
220
0
230
1
2
SOLID
70
1
71
0
91
1
92
7
72
1
73
1
93
2
10
7.806997713995406
20
69.65989331978676
42
1
10
9.257010414020806
20
69.65989331978676
42
1
97
1
330

75
0
76
1
47
0.8681437583925616
98
1
10
3.629517071192367
20
33.92795499968543
450
0
451
0
460
0
461
0
452
1
462
1
453
2
463
0
63
5
421
255
463
1
63
7
421
16777215
470
LINEAR
1001
ACAD
1010
0
1020
0
1030
0
  0
CIRCLE
  5
61e
330
1F
100
AcDbEntity
  8
BottomSolderMaskLayer
100
AcDbCircle
 10
8.532004064008106
 20
69.66002032004076
 30
0.0
 40
0.38840283579184676
  0
CIRCLE
  5
61f
330
1F
100
AcDbEntity
  8
BottomSolderMaskLayer
100
AcDbCircle
 10
8.532004064008106
 20
69.65989331978676
 30
0.0
 40
0.7250063500127001
0
HATCH
5
620
100
AcDbEntity
8
BottomSolderMaskLayer
100
AcDbHatch
10
0
20
0
30
0
210
0
220
0
230
1
2
SOLID
70
1
71
0
91
1
92
7
72
1
73
1
93
2
10
7.806997713995406
20
69.65989331978676
42
1
10
9.257010414020806
20
69.65989331978676
42
1
97
1
330

75
0
76
1
47
0.8681437583925616
98
1
10
3.629517071192367
20
33.92795499968543
450
0
451
0
460
0
461
0
452
1
462
1
453
2
463
0
63
5
421
255
463
1
63
7
421
16777215
470
LINEAR
1001
ACAD
1010
0
1020
0
1030
0
  0
CIRCLE
  5
621
330
1F
100
AcDbEntity
  8
Multi-Layer
100
AcDbCircle
 10
8.532004064008106
 20
69.66002032004076
 30
0.0
 40
0.37500635001270005
  0
CIRCLE
  5
622
330
1F
100
AcDbEntity
  8
Multi-Layer
100
AcDbCircle
 10
8.532004064008106
 20
69.65989331978676
 30
0.0
 40
0.7000000000000001
0
HATCH
5
623
100
AcDbEntity
8
Multi-Layer
100
AcDbHatch
10
0
20
0
30
0
210
0
220
0
230
1
2
SOLID
70
1
71
0
91
1
92
7
72
1
73
1
93
2
10
7.832004064008106
20
69.65989331978676
42
1
10
9.232004064008105
20
69.65989331978676
42
1
97
1
330

75
0
76
1
47
0.8681437583925616
98
1
10
3.629517071192367
20
33.92795499968543
450
0
451
0
460
0
461
0
452
1
462
1
453
2
463
0
63
5
421
255
463
1
63
7
421
16777215
470
LINEAR
1001
ACAD
1010
0
1020
0
1030
0
  0
CIRCLE
  5
624
330
1F
100
AcDbEntity
  8
TopSolderMaskLayer
100
AcDbCircle
 10
-4.739370078740194
 20
71.69626619253256
 30
0.0
 40
0.38840283579184676
  0
CIRCLE
  5
625
330
1F
100
AcDbEntity
  8
TopSolderMaskLayer
100
AcDbCircle
 10
-4.739268478536815
 20
71.69621539243087
 30
0.0
 40
0.7250063500127001
0
HATCH
5
626
100
AcDbEntity
8
TopSolderMaskLayer
100
AcDbHatch
10
0
20
0
30
0
210
0
220
0
230
1
2
SOLID
70
1
71
0
91
1
92
7
72
1
73
1
93
2
10
-5.464274828549515
20
71.69621539243087
42
1
10
-4.0142621285241145
20
71.69621539243087
42
1
97
1
330

75
0
76
1
47
0.8681437583925616
98
1
10
3.629517071192367
20
33.92795499968543
450
0
451
0
460
0
461
0
452
1
462
1
453
2
463
0
63
5
421
255
463
1
63
7
421
16777215
470
LINEAR
1001
ACAD
1010
0
1020
0
1030
0
  0
CIRCLE
  5
627
330
1F
100
AcDbEntity
  8
BottomSolderMaskLayer
100
AcDbCircle
 10
-4.739370078740194
 20
71.69626619253256
 30
0.0
 40
0.38840283579184676
  0
CIRCLE
  5
628
330
1F
100
AcDbEntity
  8
BottomSolderMaskLayer
100
AcDbCircle
 10
-4.739268478536815
 20
71.69621539243087
 30
0.0
 40
0.7250063500127001
0
HATCH
5
629
100
AcDbEntity
8
BottomSolderMaskLayer
100
AcDbHatch
10
0
20
0
30
0
210
0
220
0
230
1
2
SOLID
70
1
71
0
91
1
92
7
72
1
73
1
93
2
10
-5.464274828549515
20
71.69621539243087
42
1
10
-4.0142621285241145
20
71.69621539243087
42
1
97
1
330

75
0
76
1
47
0.8681437583925616
98
1
10
3.629517071192367
20
33.92795499968543
450
0
451
0
460
0
461
0
452
1
462
1
453
2
463
0
63
5
421
255
463
1
63
7
421
16777215
470
LINEAR
1001
ACAD
1010
0
1020
0
1030
0
  0
CIRCLE
  5
62a
330
1F
100
AcDbEntity
  8
Multi-Layer
100
AcDbCircle
 10
-4.739370078740194
 20
71.69626619253256
 30
0.0
 40
0.37500635001270005
  0
CIRCLE
  5
62b
330
1F
100
AcDbEntity
  8
Multi-Layer
100
AcDbCircle
 10
-4.739268478536815
 20
71.69621539243087
 30
0.0
 40
0.7000000000000001
0
HATCH
5
62c
100
AcDbEntity
8
Multi-Layer
100
AcDbHatch
10
0
20
0
30
0
210
0
220
0
230
1
2
SOLID
70
1
71
0
91
1
92
7
72
1
73
1
93
2
10
-5.439268478536815
20
71.69621539243087
42
1
10
-4.0392684785368145
20
71.69621539243087
42
1
97
1
330

75
0
76
1
47
0.8681437583925616
98
1
10
3.629517071192367
20
33.92795499968543
450
0
451
0
460
0
461
0
452
1
462
1
453
2
463
0
63
5
421
255
463
1
63
7
421
16777215
470
LINEAR
1001
ACAD
1010
0
1020
0
1030
0
  0
CIRCLE
  5
62d
330
1F
100
AcDbEntity
  8
TopSolderMaskLayer
100
AcDbCircle
 10
-4.739370078740194
 20
80.33228346456713
 30
0.0
 40
0.38840283579184676
  0
CIRCLE
  5
62e
330
1F
100
AcDbEntity
  8
TopSolderMaskLayer
100
AcDbCircle
 10
-4.739268478536815
 20
80.33223266446532
 30
0.0
 40
0.7250063500127001
0
HATCH
5
62f
100
AcDbEntity
8
TopSolderMaskLayer
100
AcDbHatch
10
0
20
0
30
0
210
0
220
0
230
1
2
SOLID
70
1
71
0
91
1
92
7
72
1
73
1
93
2
10
-5.464274828549515
20
80.33223266446532
42
1
10
-4.0142621285241145
20
80.33223266446532
42
1
97
1
330

75
0
76
1
47
0.8681437583925616
98
1
10
3.629517071192367
20
33.92795499968543
450
0
451
0
460
0
461
0
452
1
462
1
453
2
463
0
63
5
421
255
463
1
63
7
421
16777215
470
LINEAR
1001
ACAD
1010
0
1020
0
1030
0
  0
CIRCLE
  5
630
330
1F
100
AcDbEntity
  8
BottomSolderMaskLayer
100
AcDbCircle
 10
-4.739370078740194
 20
80.33228346456713
 30
0.0
 40
0.38840283579184676
  0
CIRCLE
  5
631
330
1F
100
AcDbEntity
  8
BottomSolderMaskLayer
100
AcDbCircle
 10
-4.739268478536815
 20
80.33223266446532
 30
0.0
 40
0.7250063500127001
0
HATCH
5
632
100
AcDbEntity
8
BottomSolderMaskLayer
100
AcDbHatch
10
0
20
0
30
0
210
0
220
0
230
1
2
SOLID
70
1
71
0
91
1
92
7
72
1
73
1
93
2
10
-5.464274828549515
20
80.33223266446532
42
1
10
-4.0142621285241145
20
80.33223266446532
42
1
97
1
330

75
0
76
1
47
0.8681437583925616
98
1
10
3.629517071192367
20
33.92795499968543
450
0
451
0
460
0
461
0
452
1
462
1
453
2
463
0
63
5
421
255
463
1
63
7
421
16777215
470
LINEAR
1001
ACAD
1010
0
1020
0
1030
0
  0
CIRCLE
  5
633
330
1F
100
AcDbEntity
  8
Multi-Layer
100
AcDbCircle
 10
-4.739370078740194
 20
80.33228346456713
 30
0.0
 40
0.37500635001270005
  0
CIRCLE
  5
634
330
1F
100
AcDbEntity
  8
Multi-Layer
100
AcDbCircle
 10
-4.739268478536815
 20
80.33223266446532
 30
0.0
 40
0.7000000000000001
0
HATCH
5
635
100
AcDbEntity
8
Multi-Layer
100
AcDbHatch
10
0
20
0
30
0
210
0
220
0
230
1
2
SOLID
70
1
71
0
91
1
92
7
72
1
73
1
93
2
10
-5.439268478536815
20
80.33223266446532
42
1
10
-4.0392684785368145
20
80.33223266446532
42
1
97
1
330

75
0
76
1
47
0.8681437583925616
98
1
10
3.629517071192367
20
33.92795499968543
450
0
451
0
460
0
461
0
452
1
462
1
453
2
463
0
63
5
421
255
463
1
63
7
421
16777215
470
LINEAR
1001
ACAD
1010
0
1020
0
1030
0
  0
CIRCLE
  5
636
330
1F
100
AcDbEntity
  8
TopSolderMaskLayer
100
AcDbCircle
 10
-2.2400050800099507
 20
80.32402844805699
 30
0.0
 40
0.38840283579184676
  0
CIRCLE
  5
637
330
1F
100
AcDbEntity
  8
TopSolderMaskLayer
100
AcDbCircle
 10
-2.2399034798067987
 20
80.32410464820941
 30
0.0
 40
0.7250063500127001
0
HATCH
5
638
100
AcDbEntity
8
TopSolderMaskLayer
100
AcDbHatch
10
0
20
0
30
0
210
0
220
0
230
1
2
SOLID
70
1
71
0
91
1
92
7
72
1
73
1
93
2
10
-2.964909829819499
20
80.32410464820941
42
1
10
-1.5148971297940985
20
80.32410464820941
42
1
97
1
330

75
0
76
1
47
0.8681437583925616
98
1
10
3.629517071192367
20
33.92795499968543
450
0
451
0
460
0
461
0
452
1
462
1
453
2
463
0
63
5
421
255
463
1
63
7
421
16777215
470
LINEAR
1001
ACAD
1010
0
1020
0
1030
0
  0
CIRCLE
  5
639
330
1F
100
AcDbEntity
  8
BottomSolderMaskLayer
100
AcDbCircle
 10
-2.2400050800099507
 20
80.32402844805699
 30
0.0
 40
0.38840283579184676
  0
CIRCLE
  5
63a
330
1F
100
AcDbEntity
  8
BottomSolderMaskLayer
100
AcDbCircle
 10
-2.2399034798067987
 20
80.32410464820941
 30
0.0
 40
0.7250063500127001
0
HATCH
5
63b
100
AcDbEntity
8
BottomSolderMaskLayer
100
AcDbHatch
10
0
20
0
30
0
210
0
220
0
230
1
2
SOLID
70
1
71
0
91
1
92
7
72
1
73
1
93
2
10
-2.964909829819499
20
80.32410464820941
42
1
10
-1.5148971297940985
20
80.32410464820941
42
1
97
1
330

75
0
76
1
47
0.8681437583925616
98
1
10
3.629517071192367
20
33.92795499968543
450
0
451
0
460
0
461
0
452
1
462
1
453
2
463
0
63
5
421
255
463
1
63
7
421
16777215
470
LINEAR
1001
ACAD
1010
0
1020
0
1030
0
  0
CIRCLE
  5
63c
330
1F
100
AcDbEntity
  8
Multi-Layer
100
AcDbCircle
 10
-2.2400050800099507
 20
80.32402844805699
 30
0.0
 40
0.37500635001270005
  0
CIRCLE
  5
63d
330
1F
100
AcDbEntity
  8
Multi-Layer
100
AcDbCircle
 10
-2.2399034798067987
 20
80.32410464820941
 30
0.0
 40
0.7000000000000001
0
HATCH
5
63e
100
AcDbEntity
8
Multi-Layer
100
AcDbHatch
10
0
20
0
30
0
210
0
220
0
230
1
2
SOLID
70
1
71
0
91
1
92
7
72
1
73
1
93
2
10
-2.939903479806799
20
80.32410464820941
42
1
10
-1.5399034798067985
20
80.32410464820941
42
1
97
1
330

75
0
76
1
47
0.8681437583925616
98
1
10
3.629517071192367
20
33.92795499968543
450
0
451
0
460
0
461
0
452
1
462
1
453
2
463
0
63
5
421
255
463
1
63
7
421
16777215
470
LINEAR
1001
ACAD
1010
0
1020
0
1030
0
  0
CIRCLE
  5
63f
330
1F
100
AcDbEntity
  8
TopSolderMaskLayer
100
AcDbCircle
 10
-2.2400050800099507
 20
71.68801117602243
 30
0.0
 40
0.38840283579184676
  0
CIRCLE
  5
640
330
1F
100
AcDbEntity
  8
TopSolderMaskLayer
100
AcDbCircle
 10
-2.2399034798067987
 20
71.68808737617485
 30
0.0
 40
0.7250063500127001
0
HATCH
5
641
100
AcDbEntity
8
TopSolderMaskLayer
100
AcDbHatch
10
0
20
0
30
0
210
0
220
0
230
1
2
SOLID
70
1
71
0
91
1
92
7
72
1
73
1
93
2
10
-2.964909829819499
20
71.68808737617485
42
1
10
-1.5148971297940985
20
71.68808737617485
42
1
97
1
330

75
0
76
1
47
0.8681437583925616
98
1
10
3.629517071192367
20
33.92795499968543
450
0
451
0
460
0
461
0
452
1
462
1
453
2
463
0
63
5
421
255
463
1
63
7
421
16777215
470
LINEAR
1001
ACAD
1010
0
1020
0
1030
0
  0
CIRCLE
  5
642
330
1F
100
AcDbEntity
  8
BottomSolderMaskLayer
100
AcDbCircle
 10
-2.2400050800099507
 20
71.68801117602243
 30
0.0
 40
0.38840283579184676
  0
CIRCLE
  5
643
330
1F
100
AcDbEntity
  8
BottomSolderMaskLayer
100
AcDbCircle
 10
-2.2399034798067987
 20
71.68808737617485
 30
0.0
 40
0.7250063500127001
0
HATCH
5
644
100
AcDbEntity
8
BottomSolderMaskLayer
100
AcDbHatch
10
0
20
0
30
0
210
0
220
0
230
1
2
SOLID
70
1
71
0
91
1
92
7
72
1
73
1
93
2
10
-2.964909829819499
20
71.68808737617485
42
1
10
-1.5148971297940985
20
71.68808737617485
42
1
97
1
330

75
0
76
1
47
0.8681437583925616
98
1
10
3.629517071192367
20
33.92795499968543
450
0
451
0
460
0
461
0
452
1
462
1
453
2
463
0
63
5
421
255
463
1
63
7
421
16777215
470
LINEAR
1001
ACAD
1010
0
1020
0
1030
0
  0
CIRCLE
  5
645
330
1F
100
AcDbEntity
  8
Multi-Layer
100
AcDbCircle
 10
-2.2400050800099507
 20
71.68801117602243
 30
0.0
 40
0.37500635001270005
  0
CIRCLE
  5
646
330
1F
100
AcDbEntity
  8
Multi-Layer
100
AcDbCircle
 10
-2.2399034798067987
 20
71.68808737617485
 30
0.0
 40
0.7000000000000001
0
HATCH
5
647
100
AcDbEntity
8
Multi-Layer
100
AcDbHatch
10
0
20
0
30
0
210
0
220
0
230
1
2
SOLID
70
1
71
0
91
1
92
7
72
1
73
1
93
2
10
-2.939903479806799
20
71.68808737617485
42
1
10
-1.5399034798067985
20
71.68808737617485
42
1
97
1
330

75
0
76
1
47
0.8681437583925616
98
1
10
3.629517071192367
20
33.92795499968543
450
0
451
0
460
0
461
0
452
1
462
1
453
2
463
0
63
5
421
255
463
1
63
7
421
16777215
470
LINEAR
1001
ACAD
1010
0
1020
0
1030
0
  0
CIRCLE
  5
648
330
1F
100
AcDbEntity
  8
TopSolderMaskLayer
100
AcDbCircle
 10
3.0240030480060796
 20
104.16002032004076
 30
0.0
 40
0.38840283579184676
  0
CIRCLE
  5
649
330
1F
100
AcDbEntity
  8
TopSolderMaskLayer
100
AcDbCircle
 10
3.0240030480060796
 20
104.16002032004076
 30
0.0
 40
0.7250063500127001
0
HATCH
5
64a
100
AcDbEntity
8
TopSolderMaskLayer
100
AcDbHatch
10
0
20
0
30
0
210
0
220
0
230
1
2
SOLID
70
1
71
0
91
1
92
7
72
1
73
1
93
2
10
2.2989966979933794
20
104.16002032004076
42
1
10
3.7490093980187797
20
104.16002032004076
42
1
97
1
330

75
0
76
1
47
0.8681437583925616
98
1
10
3.629517071192367
20
33.92795499968543
450
0
451
0
460
0
461
0
452
1
462
1
453
2
463
0
63
5
421
255
463
1
63
7
421
16777215
470
LINEAR
1001
ACAD
1010
0
1020
0
1030
0
  0
CIRCLE
  5
64b
330
1F
100
AcDbEntity
  8
BottomSolderMaskLayer
100
AcDbCircle
 10
3.0240030480060796
 20
104.16002032004076
 30
0.0
 40
0.38840283579184676
  0
CIRCLE
  5
64c
330
1F
100
AcDbEntity
  8
BottomSolderMaskLayer
100
AcDbCircle
 10
3.0240030480060796
 20
104.16002032004076
 30
0.0
 40
0.7250063500127001
0
HATCH
5
64d
100
AcDbEntity
8
BottomSolderMaskLayer
100
AcDbHatch
10
0
20
0
30
0
210
0
220
0
230
1
2
SOLID
70
1
71
0
91
1
92
7
72
1
73
1
93
2
10
2.2989966979933794
20
104.16002032004076
42
1
10
3.7490093980187797
20
104.16002032004076
42
1
97
1
330

75
0
76
1
47
0.8681437583925616
98
1
10
3.629517071192367
20
33.92795499968543
450
0
451
0
460
0
461
0
452
1
462
1
453
2
463
0
63
5
421
255
463
1
63
7
421
16777215
470
LINEAR
1001
ACAD
1010
0
1020
0
1030
0
  0
CIRCLE
  5
64e
330
1F
100
AcDbEntity
  8
Multi-Layer
100
AcDbCircle
 10
3.0240030480060796
 20
104.16002032004076
 30
0.0
 40
0.37500635001270005
  0
CIRCLE
  5
64f
330
1F
100
AcDbEntity
  8
Multi-Layer
100
AcDbCircle
 10
3.0240030480060796
 20
104.16002032004076
 30
0.0
 40
0.7000000000000001
0
HATCH
5
650
100
AcDbEntity
8
Multi-Layer
100
AcDbHatch
10
0
20
0
30
0
210
0
220
0
230
1
2
SOLID
70
1
71
0
91
1
92
7
72
1
73
1
93
2
10
2.3240030480060794
20
104.16002032004076
42
1
10
3.7240030480060797
20
104.16002032004076
42
1
97
1
330

75
0
76
1
47
0.8681437583925616
98
1
10
3.629517071192367
20
33.92795499968543
450
0
451
0
460
0
461
0
452
1
462
1
453
2
463
0
63
5
421
255
463
1
63
7
421
16777215
470
LINEAR
1001
ACAD
1010
0
1020
0
1030
0
  0
CIRCLE
  5
651
330
1F
100
AcDbEntity
  8
TopSolderMaskLayer
100
AcDbCircle
 10
-5.612014224028371
 20
104.16002032004076
 30
0.0
 40
0.38840283579184676
  0
CIRCLE
  5
652
330
1F
100
AcDbEntity
  8
TopSolderMaskLayer
100
AcDbCircle
 10
-5.612014224028371
 20
104.16002032004076
 30
0.0
 40
0.7250063500127001
0
HATCH
5
653
100
AcDbEntity
8
TopSolderMaskLayer
100
AcDbHatch
10
0
20
0
30
0
210
0
220
0
230
1
2
SOLID
70
1
71
0
91
1
92
7
72
1
73
1
93
2
10
-6.337020574041071
20
104.16002032004076
42
1
10
-4.887007874015671
20
104.16002032004076
42
1
97
1
330

75
0
76
1
47
0.8681437583925616
98
1
10
3.629517071192367
20
33.92795499968543
450
0
451
0
460
0
461
0
452
1
462
1
453
2
463
0
63
5
421
255
463
1
63
7
421
16777215
470
LINEAR
1001
ACAD
1010
0
1020
0
1030
0
  0
CIRCLE
  5
654
330
1F
100
AcDbEntity
  8
BottomSolderMaskLayer
100
AcDbCircle
 10
-5.612014224028371
 20
104.16002032004076
 30
0.0
 40
0.38840283579184676
  0
CIRCLE
  5
655
330
1F
100
AcDbEntity
  8
BottomSolderMaskLayer
100
AcDbCircle
 10
-5.612014224028371
 20
104.16002032004076
 30
0.0
 40
0.7250063500127001
0
HATCH
5
656
100
AcDbEntity
8
BottomSolderMaskLayer
100
AcDbHatch
10
0
20
0
30
0
210
0
220
0
230
1
2
SOLID
70
1
71
0
91
1
92
7
72
1
73
1
93
2
10
-6.337020574041071
20
104.16002032004076
42
1
10
-4.887007874015671
20
104.16002032004076
42
1
97
1
330

75
0
76
1
47
0.8681437583925616
98
1
10
3.629517071192367
20
33.92795499968543
450
0
451
0
460
0
461
0
452
1
462
1
453
2
463
0
63
5
421
255
463
1
63
7
421
16777215
470
LINEAR
1001
ACAD
1010
0
1020
0
1030
0
  0
CIRCLE
  5
657
330
1F
100
AcDbEntity
  8
Multi-Layer
100
AcDbCircle
 10
-5.612014224028371
 20
104.16002032004076
 30
0.0
 40
0.37500635001270005
  0
CIRCLE
  5
658
330
1F
100
AcDbEntity
  8
Multi-Layer
100
AcDbCircle
 10
-5.612014224028371
 20
104.16002032004076
 30
0.0
 40
0.7000000000000001
0
HATCH
5
659
100
AcDbEntity
8
Multi-Layer
100
AcDbHatch
10
0
20
0
30
0
210
0
220
0
230
1
2
SOLID
70
1
71
0
91
1
92
7
72
1
73
1
93
2
10
-6.312014224028371
20
104.16002032004076
42
1
10
-4.912014224028371
20
104.16002032004076
42
1
97
1
330

75
0
76
1
47
0.8681437583925616
98
1
10
3.629517071192367
20
33.92795499968543
450
0
451
0
460
0
461
0
452
1
462
1
453
2
463
0
63
5
421
255
463
1
63
7
421
16777215
470
LINEAR
1001
ACAD
1010
0
1020
0
1030
0
  0
CIRCLE
  5
65a
330
1F
100
AcDbEntity
  8
TopSolderMaskLayer
100
AcDbCircle
 10
-7.240005080010178
 20
71.69601219202445
 30
0.0
 40
0.38840283579184676
  0
CIRCLE
  5
65b
330
1F
100
AcDbEntity
  8
TopSolderMaskLayer
100
AcDbCircle
 10
-7.239903479807026
 20
71.69596139192288
 30
0.0
 40
0.7250063500127001
0
HATCH
5
65c
100
AcDbEntity
8
TopSolderMaskLayer
100
AcDbHatch
10
0
20
0
30
0
210
0
220
0
230
1
2
SOLID
70
1
71
0
91
1
92
7
72
1
73
1
93
2
10
-7.964909829819726
20
71.69596139192288
42
1
10
-6.514897129794326
20
71.69596139192288
42
1
97
1
330

75
0
76
1
47
0.8681437583925616
98
1
10
3.629517071192367
20
33.92795499968543
450
0
451
0
460
0
461
0
452
1
462
1
453
2
463
0
63
5
421
255
463
1
63
7
421
16777215
470
LINEAR
1001
ACAD
1010
0
1020
0
1030
0
  0
CIRCLE
  5
65d
330
1F
100
AcDbEntity
  8
BottomSolderMaskLayer
100
AcDbCircle
 10
-7.240005080010178
 20
71.69601219202445
 30
0.0
 40
0.38840283579184676
  0
CIRCLE
  5
65e
330
1F
100
AcDbEntity
  8
BottomSolderMaskLayer
100
AcDbCircle
 10
-7.239903479807026
 20
71.69596139192288
 30
0.0
 40
0.7250063500127001
0
HATCH
5
65f
100
AcDbEntity
8
BottomSolderMaskLayer
100
AcDbHatch
10
0
20
0
30
0
210
0
220
0
230
1
2
SOLID
70
1
71
0
91
1
92
7
72
1
73
1
93
2
10
-7.964909829819726
20
71.69596139192288
42
1
10
-6.514897129794326
20
71.69596139192288
42
1
97
1
330

75
0
76
1
47
0.8681437583925616
98
1
10
3.629517071192367
20
33.92795499968543
450
0
451
0
460
0
461
0
452
1
462
1
453
2
463
0
63
5
421
255
463
1
63
7
421
16777215
470
LINEAR
1001
ACAD
1010
0
1020
0
1030
0
  0
CIRCLE
  5
660
330
1F
100
AcDbEntity
  8
Multi-Layer
100
AcDbCircle
 10
-7.240005080010178
 20
71.69601219202445
 30
0.0
 40
0.37500635001270005
  0
CIRCLE
  5
661
330
1F
100
AcDbEntity
  8
Multi-Layer
100
AcDbCircle
 10
-7.239903479807026
 20
71.69596139192288
 30
0.0
 40
0.7000000000000001
0
HATCH
5
662
100
AcDbEntity
8
Multi-Layer
100
AcDbHatch
10
0
20
0
30
0
210
0
220
0
230
1
2
SOLID
70
1
71
0
91
1
92
7
72
1
73
1
93
2
10
-7.939903479807026
20
71.69596139192288
42
1
10
-6.539903479807026
20
71.69596139192288
42
1
97
1
330

75
0
76
1
47
0.8681437583925616
98
1
10
3.629517071192367
20
33.92795499968543
450
0
451
0
460
0
461
0
452
1
462
1
453
2
463
0
63
5
421
255
463
1
63
7
421
16777215
470
LINEAR
1001
ACAD
1010
0
1020
0
1030
0
  0
CIRCLE
  5
663
330
1F
100
AcDbEntity
  8
TopSolderMaskLayer
100
AcDbCircle
 10
-7.240005080010178
 20
80.33202946405902
 30
0.0
 40
0.38840283579184676
  0
CIRCLE
  5
664
330
1F
100
AcDbEntity
  8
TopSolderMaskLayer
100
AcDbCircle
 10
-7.239903479807026
 20
80.33197866395744
 30
0.0
 40
0.7250063500127001
0
HATCH
5
665
100
AcDbEntity
8
TopSolderMaskLayer
100
AcDbHatch
10
0
20
0
30
0
210
0
220
0
230
1
2
SOLID
70
1
71
0
91
1
92
7
72
1
73
1
93
2
10
-7.964909829819726
20
80.33197866395744
42
1
10
-6.514897129794326
20
80.33197866395744
42
1
97
1
330

75
0
76
1
47
0.8681437583925616
98
1
10
3.629517071192367
20
33.92795499968543
450
0
451
0
460
0
461
0
452
1
462
1
453
2
463
0
63
5
421
255
463
1
63
7
421
16777215
470
LINEAR
1001
ACAD
1010
0
1020
0
1030
0
  0
CIRCLE
  5
666
330
1F
100
AcDbEntity
  8
BottomSolderMaskLayer
100
AcDbCircle
 10
-7.240005080010178
 20
80.33202946405902
 30
0.0
 40
0.38840283579184676
  0
CIRCLE
  5
667
330
1F
100
AcDbEntity
  8
BottomSolderMaskLayer
100
AcDbCircle
 10
-7.239903479807026
 20
80.33197866395744
 30
0.0
 40
0.7250063500127001
0
HATCH
5
668
100
AcDbEntity
8
BottomSolderMaskLayer
100
AcDbHatch
10
0
20
0
30
0
210
0
220
0
230
1
2
SOLID
70
1
71
0
91
1
92
7
72
1
73
1
93
2
10
-7.964909829819726
20
80.33197866395744
42
1
10
-6.514897129794326
20
80.33197866395744
42
1
97
1
330

75
0
76
1
47
0.8681437583925616
98
1
10
3.629517071192367
20
33.92795499968543
450
0
451
0
460
0
461
0
452
1
462
1
453
2
463
0
63
5
421
255
463
1
63
7
421
16777215
470
LINEAR
1001
ACAD
1010
0
1020
0
1030
0
  0
CIRCLE
  5
669
330
1F
100
AcDbEntity
  8
Multi-Layer
100
AcDbCircle
 10
-7.240005080010178
 20
80.33202946405902
 30
0.0
 40
0.37500635001270005
  0
CIRCLE
  5
66a
330
1F
100
AcDbEntity
  8
Multi-Layer
100
AcDbCircle
 10
-7.239903479807026
 20
80.33197866395744
 30
0.0
 40
0.7000000000000001
0
HATCH
5
66b
100
AcDbEntity
8
Multi-Layer
100
AcDbHatch
10
0
20
0
30
0
210
0
220
0
230
1
2
SOLID
70
1
71
0
91
1
92
7
72
1
73
1
93
2
10
-7.939903479807026
20
80.33197866395744
42
1
10
-6.539903479807026
20
80.33197866395744
42
1
97
1
330

75
0
76
1
47
0.8681437583925616
98
1
10
3.629517071192367
20
33.92795499968543
450
0
451
0
460
0
461
0
452
1
462
1
453
2
463
0
63
5
421
255
463
1
63
7
421
16777215
470
LINEAR
1001
ACAD
1010
0
1020
0
1030
0
  0
CIRCLE
  5
66c
330
1F
100
AcDbEntity
  8
TopSolderMaskLayer
100
AcDbCircle
 10
10.459994919989867
 20
99.22402844805708
 30
0.0
 40
0.38840283579184676
  0
CIRCLE
  5
66d
330
1F
100
AcDbEntity
  8
TopSolderMaskLayer
100
AcDbCircle
 10
10.460121920243864
 20
99.22402844805708
 30
0.0
 40
0.7250063500127001
0
HATCH
5
66e
100
AcDbEntity
8
TopSolderMaskLayer
100
AcDbHatch
10
0
20
0
30
0
210
0
220
0
230
1
2
SOLID
70
1
71
0
91
1
92
7
72
1
73
1
93
2
10
9.735115570231164
20
99.22402844805708
42
1
10
11.185128270256564
20
99.22402844805708
42
1
97
1
330

75
0
76
1
47
0.8681437583925616
98
1
10
3.629517071192367
20
33.92795499968543
450
0
451
0
460
0
461
0
452
1
462
1
453
2
463
0
63
5
421
255
463
1
63
7
421
16777215
470
LINEAR
1001
ACAD
1010
0
1020
0
1030
0
  0
CIRCLE
  5
66f
330
1F
100
AcDbEntity
  8
BottomSolderMaskLayer
100
AcDbCircle
 10
10.459994919989867
 20
99.22402844805708
 30
0.0
 40
0.38840283579184676
  0
CIRCLE
  5
670
330
1F
100
AcDbEntity
  8
BottomSolderMaskLayer
100
AcDbCircle
 10
10.460121920243864
 20
99.22402844805708
 30
0.0
 40
0.7250063500127001
0
HATCH
5
671
100
AcDbEntity
8
BottomSolderMaskLayer
100
AcDbHatch
10
0
20
0
30
0
210
0
220
0
230
1
2
SOLID
70
1
71
0
91
1
92
7
72
1
73
1
93
2
10
9.735115570231164
20
99.22402844805708
42
1
10
11.185128270256564
20
99.22402844805708
42
1
97
1
330

75
0
76
1
47
0.8681437583925616
98
1
10
3.629517071192367
20
33.92795499968543
450
0
451
0
460
0
461
0
452
1
462
1
453
2
463
0
63
5
421
255
463
1
63
7
421
16777215
470
LINEAR
1001
ACAD
1010
0
1020
0
1030
0
  0
CIRCLE
  5
672
330
1F
100
AcDbEntity
  8
Multi-Layer
100
AcDbCircle
 10
10.459994919989867
 20
99.22402844805708
 30
0.0
 40
0.37500635001270005
  0
CIRCLE
  5
673
330
1F
100
AcDbEntity
  8
Multi-Layer
100
AcDbCircle
 10
10.460121920243864
 20
99.22402844805708
 30
0.0
 40
0.7000000000000001
0
HATCH
5
674
100
AcDbEntity
8
Multi-Layer
100
AcDbHatch
10
0
20
0
30
0
210
0
220
0
230
1
2
SOLID
70
1
71
0
91
1
92
7
72
1
73
1
93
2
10
9.760121920243865
20
99.22402844805708
42
1
10
11.160121920243864
20
99.22402844805708
42
1
97
1
330

75
0
76
1
47
0.8681437583925616
98
1
10
3.629517071192367
20
33.92795499968543
450
0
451
0
460
0
461
0
452
1
462
1
453
2
463
0
63
5
421
255
463
1
63
7
421
16777215
470
LINEAR
1001
ACAD
1010
0
1020
0
1030
0
  0
CIRCLE
  5
675
330
1F
100
AcDbEntity
  8
TopSolderMaskLayer
100
AcDbCircle
 10
10.459994919989867
 20
90.58801117602252
 30
0.0
 40
0.38840283579184676
  0
CIRCLE
  5
676
330
1F
100
AcDbEntity
  8
TopSolderMaskLayer
100
AcDbCircle
 10
10.460121920243864
 20
90.58801117602252
 30
0.0
 40
0.7250063500127001
0
HATCH
5
677
100
AcDbEntity
8
TopSolderMaskLayer
100
AcDbHatch
10
0
20
0
30
0
210
0
220
0
230
1
2
SOLID
70
1
71
0
91
1
92
7
72
1
73
1
93
2
10
9.735115570231164
20
90.58801117602252
42
1
10
11.185128270256564
20
90.58801117602252
42
1
97
1
330

75
0
76
1
47
0.8681437583925616
98
1
10
3.629517071192367
20
33.92795499968543
450
0
451
0
460
0
461
0
452
1
462
1
453
2
463
0
63
5
421
255
463
1
63
7
421
16777215
470
LINEAR
1001
ACAD
1010
0
1020
0
1030
0
  0
CIRCLE
  5
678
330
1F
100
AcDbEntity
  8
BottomSolderMaskLayer
100
AcDbCircle
 10
10.459994919989867
 20
90.58801117602252
 30
0.0
 40
0.38840283579184676
  0
CIRCLE
  5
679
330
1F
100
AcDbEntity
  8
BottomSolderMaskLayer
100
AcDbCircle
 10
10.460121920243864
 20
90.58801117602252
 30
0.0
 40
0.7250063500127001
0
HATCH
5
67a
100
AcDbEntity
8
BottomSolderMaskLayer
100
AcDbHatch
10
0
20
0
30
0
210
0
220
0
230
1
2
SOLID
70
1
71
0
91
1
92
7
72
1
73
1
93
2
10
9.735115570231164
20
90.58801117602252
42
1
10
11.185128270256564
20
90.58801117602252
42
1
97
1
330

75
0
76
1
47
0.8681437583925616
98
1
10
3.629517071192367
20
33.92795499968543
450
0
451
0
460
0
461
0
452
1
462
1
453
2
463
0
63
5
421
255
463
1
63
7
421
16777215
470
LINEAR
1001
ACAD
1010
0
1020
0
1030
0
  0
CIRCLE
  5
67b
330
1F
100
AcDbEntity
  8
Multi-Layer
100
AcDbCircle
 10
10.459994919989867
 20
90.58801117602252
 30
0.0
 40
0.37500635001270005
  0
CIRCLE
  5
67c
330
1F
100
AcDbEntity
  8
Multi-Layer
100
AcDbCircle
 10
10.460121920243864
 20
90.58801117602252
 30
0.0
 40
0.7000000000000001
0
HATCH
5
67d
100
AcDbEntity
8
Multi-Layer
100
AcDbHatch
10
0
20
0
30
0
210
0
220
0
230
1
2
SOLID
70
1
71
0
91
1
92
7
72
1
73
1
93
2
10
9.760121920243865
20
90.58801117602252
42
1
10
11.160121920243864
20
90.58801117602252
42
1
97
1
330

75
0
76
1
47
0.8681437583925616
98
1
10
3.629517071192367
20
33.92795499968543
450
0
451
0
460
0
461
0
452
1
462
1
453
2
463
0
63
5
421
255
463
1
63
7
421
16777215
470
LINEAR
1001
ACAD
1010
0
1020
0
1030
0
  0
CIRCLE
  5
67e
330
1F
100
AcDbEntity
  8
TopSolderMaskLayer
100
AcDbCircle
 10
8.52400304800608
 20
72.16002032004064
 30
0.0
 40
0.38840283579184676
  0
CIRCLE
  5
67f
330
1F
100
AcDbEntity
  8
TopSolderMaskLayer
100
AcDbCircle
 10
8.524130048260076
 20
72.16002032004064
 30
0.0
 40
0.7250063500127001
0
HATCH
5
680
100
AcDbEntity
8
TopSolderMaskLayer
100
AcDbHatch
10
0
20
0
30
0
210
0
220
0
230
1
2
SOLID
70
1
71
0
91
1
92
7
72
1
73
1
93
2
10
7.799123698247376
20
72.16002032004064
42
1
10
9.249136398272777
20
72.16002032004064
42
1
97
1
330

75
0
76
1
47
0.8681437583925616
98
1
10
3.629517071192367
20
33.92795499968543
450
0
451
0
460
0
461
0
452
1
462
1
453
2
463
0
63
5
421
255
463
1
63
7
421
16777215
470
LINEAR
1001
ACAD
1010
0
1020
0
1030
0
  0
CIRCLE
  5
681
330
1F
100
AcDbEntity
  8
BottomSolderMaskLayer
100
AcDbCircle
 10
8.52400304800608
 20
72.16002032004064
 30
0.0
 40
0.38840283579184676
  0
CIRCLE
  5
682
330
1F
100
AcDbEntity
  8
BottomSolderMaskLayer
100
AcDbCircle
 10
8.524130048260076
 20
72.16002032004064
 30
0.0
 40
0.7250063500127001
0
HATCH
5
683
100
AcDbEntity
8
BottomSolderMaskLayer
100
AcDbHatch
10
0
20
0
30
0
210
0
220
0
230
1
2
SOLID
70
1
71
0
91
1
92
7
72
1
73
1
93
2
10
7.799123698247376
20
72.16002032004064
42
1
10
9.249136398272777
20
72.16002032004064
42
1
97
1
330

75
0
76
1
47
0.8681437583925616
98
1
10
3.629517071192367
20
33.92795499968543
450
0
451
0
460
0
461
0
452
1
462
1
453
2
463
0
63
5
421
255
463
1
63
7
421
16777215
470
LINEAR
1001
ACAD
1010
0
1020
0
1030
0
  0
CIRCLE
  5
684
330
1F
100
AcDbEntity
  8
Multi-Layer
100
AcDbCircle
 10
8.52400304800608
 20
72.16002032004064
 30
0.0
 40
0.37500635001270005
  0
CIRCLE
  5
685
330
1F
100
AcDbEntity
  8
Multi-Layer
100
AcDbCircle
 10
8.524130048260076
 20
72.16002032004064
 30
0.0
 40
0.7000000000000001
0
HATCH
5
686
100
AcDbEntity
8
Multi-Layer
100
AcDbHatch
10
0
20
0
30
0
210
0
220
0
230
1
2
SOLID
70
1
71
0
91
1
92
7
72
1
73
1
93
2
10
7.824130048260076
20
72.16002032004064
42
1
10
9.224130048260076
20
72.16002032004064
42
1
97
1
330

75
0
76
1
47
0.8681437583925616
98
1
10
3.629517071192367
20
33.92795499968543
450
0
451
0
460
0
461
0
452
1
462
1
453
2
463
0
63
5
421
255
463
1
63
7
421
16777215
470
LINEAR
1001
ACAD
1010
0
1020
0
1030
0
  0
CIRCLE
  5
687
330
1F
100
AcDbEntity
  8
TopSolderMaskLayer
100
AcDbCircle
 10
-0.11201422402837125
 20
72.16002032004064
 30
0.0
 40
0.38840283579184676
  0
CIRCLE
  5
688
330
1F
100
AcDbEntity
  8
TopSolderMaskLayer
100
AcDbCircle
 10
-0.11188722377437443
 20
72.16002032004064
 30
0.0
 40
0.7250063500127001
0
HATCH
5
689
100
AcDbEntity
8
TopSolderMaskLayer
100
AcDbHatch
10
0
20
0
30
0
210
0
220
0
230
1
2
SOLID
70
1
71
0
91
1
92
7
72
1
73
1
93
2
10
-0.8368935737870745
20
72.16002032004064
42
1
10
0.6131191262383257
20
72.16002032004064
42
1
97
1
330

75
0
76
1
47
0.8681437583925616
98
1
10
3.629517071192367
20
33.92795499968543
450
0
451
0
460
0
461
0
452
1
462
1
453
2
463
0
63
5
421
255
463
1
63
7
421
16777215
470
LINEAR
1001
ACAD
1010
0
1020
0
1030
0
  0
CIRCLE
  5
68a
330
1F
100
AcDbEntity
  8
BottomSolderMaskLayer
100
AcDbCircle
 10
-0.11201422402837125
 20
72.16002032004064
 30
0.0
 40
0.38840283579184676
  0
CIRCLE
  5
68b
330
1F
100
AcDbEntity
  8
BottomSolderMaskLayer
100
AcDbCircle
 10
-0.11188722377437443
 20
72.16002032004064
 30
0.0
 40
0.7250063500127001
0
HATCH
5
68c
100
AcDbEntity
8
BottomSolderMaskLayer
100
AcDbHatch
10
0
20
0
30
0
210
0
220
0
230
1
2
SOLID
70
1
71
0
91
1
92
7
72
1
73
1
93
2
10
-0.8368935737870745
20
72.16002032004064
42
1
10
0.6131191262383257
20
72.16002032004064
42
1
97
1
330

75
0
76
1
47
0.8681437583925616
98
1
10
3.629517071192367
20
33.92795499968543
450
0
451
0
460
0
461
0
452
1
462
1
453
2
463
0
63
5
421
255
463
1
63
7
421
16777215
470
LINEAR
1001
ACAD
1010
0
1020
0
1030
0
  0
CIRCLE
  5
68d
330
1F
100
AcDbEntity
  8
Multi-Layer
100
AcDbCircle
 10
-0.11201422402837125
 20
72.16002032004064
 30
0.0
 40
0.37500635001270005
  0
CIRCLE
  5
68e
330
1F
100
AcDbEntity
  8
Multi-Layer
100
AcDbCircle
 10
-0.11188722377437443
 20
72.16002032004064
 30
0.0
 40
0.7000000000000001
0
HATCH
5
68f
100
AcDbEntity
8
Multi-Layer
100
AcDbHatch
10
0
20
0
30
0
210
0
220
0
230
1
2
SOLID
70
1
71
0
91
1
92
7
72
1
73
1
93
2
10
-0.8118872237743745
20
72.16002032004064
42
1
10
0.5881127762256256
20
72.16002032004064
42
1
97
1
330

75
0
76
1
47
0.8681437583925616
98
1
10
3.629517071192367
20
33.92795499968543
450
0
451
0
460
0
461
0
452
1
462
1
453
2
463
0
63
5
421
255
463
1
63
7
421
16777215
470
LINEAR
1001
ACAD
1010
0
1020
0
1030
0
  0
CIRCLE
  5
690
330
1F
100
AcDbEntity
  8
TopSolderMaskLayer
100
AcDbCircle
 10
-8.040005080010133
 20
110.72402844805697
 30
0.0
 40
0.38840283579184676
  0
CIRCLE
  5
691
330
1F
100
AcDbEntity
  8
TopSolderMaskLayer
100
AcDbCircle
 10
-8.040005080010133
 20
110.72390144780297
 30
0.0
 40
0.7250063500127001
0
HATCH
5
692
100
AcDbEntity
8
TopSolderMaskLayer
100
AcDbHatch
10
0
20
0
30
0
210
0
220
0
230
1
2
SOLID
70
1
71
0
91
1
92
7
72
1
73
1
93
2
10
-8.765011430022833
20
110.72390144780297
42
1
10
-7.314998729997432
20
110.72390144780297
42
1
97
1
330

75
0
76
1
47
0.8681437583925616
98
1
10
3.629517071192367
20
33.92795499968543
450
0
451
0
460
0
461
0
452
1
462
1
453
2
463
0
63
5
421
255
463
1
63
7
421
16777215
470
LINEAR
1001
ACAD
1010
0
1020
0
1030
0
  0
CIRCLE
  5
693
330
1F
100
AcDbEntity
  8
BottomSolderMaskLayer
100
AcDbCircle
 10
-8.040005080010133
 20
110.72402844805697
 30
0.0
 40
0.38840283579184676
  0
CIRCLE
  5
694
330
1F
100
AcDbEntity
  8
BottomSolderMaskLayer
100
AcDbCircle
 10
-8.040005080010133
 20
110.72390144780297
 30
0.0
 40
0.7250063500127001
0
HATCH
5
695
100
AcDbEntity
8
BottomSolderMaskLayer
100
AcDbHatch
10
0
20
0
30
0
210
0
220
0
230
1
2
SOLID
70
1
71
0
91
1
92
7
72
1
73
1
93
2
10
-8.765011430022833
20
110.72390144780297
42
1
10
-7.314998729997432
20
110.72390144780297
42
1
97
1
330

75
0
76
1
47
0.8681437583925616
98
1
10
3.629517071192367
20
33.92795499968543
450
0
451
0
460
0
461
0
452
1
462
1
453
2
463
0
63
5
421
255
463
1
63
7
421
16777215
470
LINEAR
1001
ACAD
1010
0
1020
0
1030
0
  0
CIRCLE
  5
696
330
1F
100
AcDbEntity
  8
Multi-Layer
100
AcDbCircle
 10
-8.040005080010133
 20
110.72402844805697
 30
0.0
 40
0.37500635001270005
  0
CIRCLE
  5
697
330
1F
100
AcDbEntity
  8
Multi-Layer
100
AcDbCircle
 10
-8.040005080010133
 20
110.72390144780297
 30
0.0
 40
0.7000000000000001
0
HATCH
5
698
100
AcDbEntity
8
Multi-Layer
100
AcDbHatch
10
0
20
0
30
0
210
0
220
0
230
1
2
SOLID
70
1
71
0
91
1
92
7
72
1
73
1
93
2
10
-8.740005080010132
20
110.72390144780297
42
1
10
-7.340005080010132
20
110.72390144780297
42
1
97
1
330

75
0
76
1
47
0.8681437583925616
98
1
10
3.629517071192367
20
33.92795499968543
450
0
451
0
460
0
461
0
452
1
462
1
453
2
463
0
63
5
421
255
463
1
63
7
421
16777215
470
LINEAR
1001
ACAD
1010
0
1020
0
1030
0
  0
CIRCLE
  5
699
330
1F
100
AcDbEntity
  8
TopSolderMaskLayer
100
AcDbCircle
 10
-8.040005080010133
 20
102.0880111760224
 30
0.0
 40
0.38840283579184676
  0
CIRCLE
  5
69a
330
1F
100
AcDbEntity
  8
TopSolderMaskLayer
100
AcDbCircle
 10
-8.040005080010133
 20
102.08788417576841
 30
0.0
 40
0.7250063500127001
0
HATCH
5
69b
100
AcDbEntity
8
TopSolderMaskLayer
100
AcDbHatch
10
0
20
0
30
0
210
0
220
0
230
1
2
SOLID
70
1
71
0
91
1
92
7
72
1
73
1
93
2
10
-8.765011430022833
20
102.08788417576841
42
1
10
-7.314998729997432
20
102.08788417576841
42
1
97
1
330

75
0
76
1
47
0.8681437583925616
98
1
10
3.629517071192367
20
33.92795499968543
450
0
451
0
460
0
461
0
452
1
462
1
453
2
463
0
63
5
421
255
463
1
63
7
421
16777215
470
LINEAR
1001
ACAD
1010
0
1020
0
1030
0
  0
CIRCLE
  5
69c
330
1F
100
AcDbEntity
  8
BottomSolderMaskLayer
100
AcDbCircle
 10
-8.040005080010133
 20
102.0880111760224
 30
0.0
 40
0.38840283579184676
  0
CIRCLE
  5
69d
330
1F
100
AcDbEntity
  8
BottomSolderMaskLayer
100
AcDbCircle
 10
-8.040005080010133
 20
102.08788417576841
 30
0.0
 40
0.7250063500127001
0
HATCH
5
69e
100
AcDbEntity
8
BottomSolderMaskLayer
100
AcDbHatch
10
0
20
0
30
0
210
0
220
0
230
1
2
SOLID
70
1
71
0
91
1
92
7
72
1
73
1
93
2
10
-8.765011430022833
20
102.08788417576841
42
1
10
-7.314998729997432
20
102.08788417576841
42
1
97
1
330

75
0
76
1
47
0.8681437583925616
98
1
10
3.629517071192367
20
33.92795499968543
450
0
451
0
460
0
461
0
452
1
462
1
453
2
463
0
63
5
421
255
463
1
63
7
421
16777215
470
LINEAR
1001
ACAD
1010
0
1020
0
1030
0
  0
CIRCLE
  5
69f
330
1F
100
AcDbEntity
  8
Multi-Layer
100
AcDbCircle
 10
-8.040005080010133
 20
102.0880111760224
 30
0.0
 40
0.37500635001270005
  0
CIRCLE
  5
6a0
330
1F
100
AcDbEntity
  8
Multi-Layer
100
AcDbCircle
 10
-8.040005080010133
 20
102.08788417576841
 30
0.0
 40
0.7000000000000001
0
HATCH
5
6a1
100
AcDbEntity
8
Multi-Layer
100
AcDbHatch
10
0
20
0
30
0
210
0
220
0
230
1
2
SOLID
70
1
71
0
91
1
92
7
72
1
73
1
93
2
10
-8.740005080010132
20
102.08788417576841
42
1
10
-7.340005080010132
20
102.08788417576841
42
1
97
1
330

75
0
76
1
47
0.8681437583925616
98
1
10
3.629517071192367
20
33.92795499968543
450
0
451
0
460
0
461
0
452
1
462
1
453
2
463
0
63
5
421
255
463
1
63
7
421
16777215
470
LINEAR
1001
ACAD
1010
0
1020
0
1030
0
  0
CIRCLE
  5
6a2
330
1F
100
AcDbEntity
  8
TopSolderMaskLayer
100
AcDbCircle
 10
-10.540386080772123
 20
102.09690119380241
 30
0.0
 40
0.38840283579184676
  0
CIRCLE
  5
6a3
330
1F
100
AcDbEntity
  8
TopSolderMaskLayer
100
AcDbCircle
 10
-10.540386080772123
 20
102.09677419354853
 30
0.0
 40
0.7250063500127001
0
HATCH
5
6a4
100
AcDbEntity
8
TopSolderMaskLayer
100
AcDbHatch
10
0
20
0
30
0
210
0
220
0
230
1
2
SOLID
70
1
71
0
91
1
92
7
72
1
73
1
93
2
10
-11.265392430784823
20
102.09677419354853
42
1
10
-9.815379730759423
20
102.09677419354853
42
1
97
1
330

75
0
76
1
47
0.8681437583925616
98
1
10
3.629517071192367
20
33.92795499968543
450
0
451
0
460
0
461
0
452
1
462
1
453
2
463
0
63
5
421
255
463
1
63
7
421
16777215
470
LINEAR
1001
ACAD
1010
0
1020
0
1030
0
  0
CIRCLE
  5
6a5
330
1F
100
AcDbEntity
  8
BottomSolderMaskLayer
100
AcDbCircle
 10
-10.540386080772123
 20
102.09690119380241
 30
0.0
 40
0.38840283579184676
  0
CIRCLE
  5
6a6
330
1F
100
AcDbEntity
  8
BottomSolderMaskLayer
100
AcDbCircle
 10
-10.540386080772123
 20
102.09677419354853
 30
0.0
 40
0.7250063500127001
0
HATCH
5
6a7
100
AcDbEntity
8
BottomSolderMaskLayer
100
AcDbHatch
10
0
20
0
30
0
210
0
220
0
230
1
2
SOLID
70
1
71
0
91
1
92
7
72
1
73
1
93
2
10
-11.265392430784823
20
102.09677419354853
42
1
10
-9.815379730759423
20
102.09677419354853
42
1
97
1
330

75
0
76
1
47
0.8681437583925616
98
1
10
3.629517071192367
20
33.92795499968543
450
0
451
0
460
0
461
0
452
1
462
1
453
2
463
0
63
5
421
255
463
1
63
7
421
16777215
470
LINEAR
1001
ACAD
1010
0
1020
0
1030
0
  0
CIRCLE
  5
6a8
330
1F
100
AcDbEntity
  8
Multi-Layer
100
AcDbCircle
 10
-10.540386080772123
 20
102.09690119380241
 30
0.0
 40
0.37500635001270005
  0
CIRCLE
  5
6a9
330
1F
100
AcDbEntity
  8
Multi-Layer
100
AcDbCircle
 10
-10.540386080772123
 20
102.09677419354853
 30
0.0
 40
0.7000000000000001
0
HATCH
5
6aa
100
AcDbEntity
8
Multi-Layer
100
AcDbHatch
10
0
20
0
30
0
210
0
220
0
230
1
2
SOLID
70
1
71
0
91
1
92
7
72
1
73
1
93
2
10
-11.240386080772122
20
102.09677419354853
42
1
10
-9.840386080772124
20
102.09677419354853
42
1
97
1
330

75
0
76
1
47
0.8681437583925616
98
1
10
3.629517071192367
20
33.92795499968543
450
0
451
0
460
0
461
0
452
1
462
1
453
2
463
0
63
5
421
255
463
1
63
7
421
16777215
470
LINEAR
1001
ACAD
1010
0
1020
0
1030
0
  0
CIRCLE
  5
6ab
330
1F
100
AcDbEntity
  8
TopSolderMaskLayer
100
AcDbCircle
 10
-10.540386080772123
 20
110.73291846583697
 30
0.0
 40
0.38840283579184676
  0
CIRCLE
  5
6ac
330
1F
100
AcDbEntity
  8
TopSolderMaskLayer
100
AcDbCircle
 10
-10.540386080772123
 20
110.73279146558309
 30
0.0
 40
0.7250063500127001
0
HATCH
5
6ad
100
AcDbEntity
8
TopSolderMaskLayer
100
AcDbHatch
10
0
20
0
30
0
210
0
220
0
230
1
2
SOLID
70
1
71
0
91
1
92
7
72
1
73
1
93
2
10
-11.265392430784823
20
110.73279146558309
42
1
10
-9.815379730759423
20
110.73279146558309
42
1
97
1
330

75
0
76
1
47
0.8681437583925616
98
1
10
3.629517071192367
20
33.92795499968543
450
0
451
0
460
0
461
0
452
1
462
1
453
2
463
0
63
5
421
255
463
1
63
7
421
16777215
470
LINEAR
1001
ACAD
1010
0
1020
0
1030
0
  0
CIRCLE
  5
6ae
330
1F
100
AcDbEntity
  8
BottomSolderMaskLayer
100
AcDbCircle
 10
-10.540386080772123
 20
110.73291846583697
 30
0.0
 40
0.38840283579184676
  0
CIRCLE
  5
6af
330
1F
100
AcDbEntity
  8
BottomSolderMaskLayer
100
AcDbCircle
 10
-10.540386080772123
 20
110.73279146558309
 30
0.0
 40
0.7250063500127001
0
HATCH
5
6b0
100
AcDbEntity
8
BottomSolderMaskLayer
100
AcDbHatch
10
0
20
0
30
0
210
0
220
0
230
1
2
SOLID
70
1
71
0
91
1
92
7
72
1
73
1
93
2
10
-11.265392430784823
20
110.73279146558309
42
1
10
-9.815379730759423
20
110.73279146558309
42
1
97
1
330

75
0
76
1
47
0.8681437583925616
98
1
10
3.629517071192367
20
33.92795499968543
450
0
451
0
460
0
461
0
452
1
462
1
453
2
463
0
63
5
421
255
463
1
63
7
421
16777215
470
LINEAR
1001
ACAD
1010
0
1020
0
1030
0
  0
CIRCLE
  5
6b1
330
1F
100
AcDbEntity
  8
Multi-Layer
100
AcDbCircle
 10
-10.540386080772123
 20
110.73291846583697
 30
0.0
 40
0.37500635001270005
  0
CIRCLE
  5
6b2
330
1F
100
AcDbEntity
  8
Multi-Layer
100
AcDbCircle
 10
-10.540386080772123
 20
110.73279146558309
 30
0.0
 40
0.7000000000000001
0
HATCH
5
6b3
100
AcDbEntity
8
Multi-Layer
100
AcDbHatch
10
0
20
0
30
0
210
0
220
0
230
1
2
SOLID
70
1
71
0
91
1
92
7
72
1
73
1
93
2
10
-11.240386080772122
20
110.73279146558309
42
1
10
-9.840386080772124
20
110.73279146558309
42
1
97
1
330

75
0
76
1
47
0.8681437583925616
98
1
10
3.629517071192367
20
33.92795499968543
450
0
451
0
460
0
461
0
452
1
462
1
453
2
463
0
63
5
421
255
463
1
63
7
421
16777215
470
LINEAR
1001
ACAD
1010
0
1020
0
1030
0
  0
CIRCLE
  5
6b4
330
1F
100
AcDbEntity
  8
TopSolderMaskLayer
100
AcDbCircle
 10
3.8684785369571273
 20
94.32291084582187
 30
0.0
 40
0.38840283579184676
  0
CIRCLE
  5
6b5
330
1F
100
AcDbEntity
  8
TopSolderMaskLayer
100
AcDbCircle
 10
3.868554737109662
 20
94.32283464566933
 30
0.0
 40
0.7250063500127001
0
HATCH
5
6b6
100
AcDbEntity
8
TopSolderMaskLayer
100
AcDbHatch
10
0
20
0
30
0
210
0
220
0
230
1
2
SOLID
70
1
71
0
91
1
92
7
72
1
73
1
93
2
10
3.1435483870969616
20
94.32283464566933
42
1
10
4.593561087122362
20
94.32283464566933
42
1
97
1
330

75
0
76
1
47
0.8681437583925616
98
1
10
3.629517071192367
20
33.92795499968543
450
0
451
0
460
0
461
0
452
1
462
1
453
2
463
0
63
5
421
255
463
1
63
7
421
16777215
470
LINEAR
1001
ACAD
1010
0
1020
0
1030
0
  0
CIRCLE
  5
6b7
330
1F
100
AcDbEntity
  8
BottomSolderMaskLayer
100
AcDbCircle
 10
3.8684785369571273
 20
94.32291084582187
 30
0.0
 40
0.38840283579184676
  0
CIRCLE
  5
6b8
330
1F
100
AcDbEntity
  8
BottomSolderMaskLayer
100
AcDbCircle
 10
3.868554737109662
 20
94.32283464566933
 30
0.0
 40
0.7250063500127001
0
HATCH
5
6b9
100
AcDbEntity
8
BottomSolderMaskLayer
100
AcDbHatch
10
0
20
0
30
0
210
0
220
0
230
1
2
SOLID
70
1
71
0
91
1
92
7
72
1
73
1
93
2
10
3.1435483870969616
20
94.32283464566933
42
1
10
4.593561087122362
20
94.32283464566933
42
1
97
1
330

75
0
76
1
47
0.8681437583925616
98
1
10
3.629517071192367
20
33.92795499968543
450
0
451
0
460
0
461
0
452
1
462
1
453
2
463
0
63
5
421
255
463
1
63
7
421
16777215
470
LINEAR
1001
ACAD
1010
0
1020
0
1030
0
  0
CIRCLE
  5
6ba
330
1F
100
AcDbEntity
  8
Multi-Layer
100
AcDbCircle
 10
3.8684785369571273
 20
94.32291084582187
 30
0.0
 40
0.37500635001270005
  0
CIRCLE
  5
6bb
330
1F
100
AcDbEntity
  8
Multi-Layer
100
AcDbCircle
 10
3.868554737109662
 20
94.32283464566933
 30
0.0
 40
0.7000000000000001
0
HATCH
5
6bc
100
AcDbEntity
8
Multi-Layer
100
AcDbHatch
10
0
20
0
30
0
210
0
220
0
230
1
2
SOLID
70
1
71
0
91
1
92
7
72
1
73
1
93
2
10
3.1685547371096616
20
94.32283464566933
42
1
10
4.568554737109662
20
94.32283464566933
42
1
97
1
330

75
0
76
1
47
0.8681437583925616
98
1
10
3.629517071192367
20
33.92795499968543
450
0
451
0
460
0
461
0
452
1
462
1
453
2
463
0
63
5
421
255
463
1
63
7
421
16777215
470
LINEAR
1001
ACAD
1010
0
1020
0
1030
0
  0
CIRCLE
  5
6bd
330
1F
100
AcDbEntity
  8
TopSolderMaskLayer
100
AcDbCircle
 10
-4.7675387350773235
 20
94.32291084582187
 30
0.0
 40
0.38840283579184676
  0
CIRCLE
  5
6be
330
1F
100
AcDbEntity
  8
TopSolderMaskLayer
100
AcDbCircle
 10
-4.767462534925016
 20
94.32283464566933
 30
0.0
 40
0.7250063500127001
0
HATCH
5
6bf
100
AcDbEntity
8
TopSolderMaskLayer
100
AcDbHatch
10
0
20
0
30
0
210
0
220
0
230
1
2
SOLID
70
1
71
0
91
1
92
7
72
1
73
1
93
2
10
-5.492468884937717
20
94.32283464566933
42
1
10
-4.042456184912316
20
94.32283464566933
42
1
97
1
330

75
0
76
1
47
0.8681437583925616
98
1
10
3.629517071192367
20
33.92795499968543
450
0
451
0
460
0
461
0
452
1
462
1
453
2
463
0
63
5
421
255
463
1
63
7
421
16777215
470
LINEAR
1001
ACAD
1010
0
1020
0
1030
0
  0
CIRCLE
  5
6c0
330
1F
100
AcDbEntity
  8
BottomSolderMaskLayer
100
AcDbCircle
 10
-4.7675387350773235
 20
94.32291084582187
 30
0.0
 40
0.38840283579184676
  0
CIRCLE
  5
6c1
330
1F
100
AcDbEntity
  8
BottomSolderMaskLayer
100
AcDbCircle
 10
-4.767462534925016
 20
94.32283464566933
 30
0.0
 40
0.7250063500127001
0
HATCH
5
6c2
100
AcDbEntity
8
BottomSolderMaskLayer
100
AcDbHatch
10
0
20
0
30
0
210
0
220
0
230
1
2
SOLID
70
1
71
0
91
1
92
7
72
1
73
1
93
2
10
-5.492468884937717
20
94.32283464566933
42
1
10
-4.042456184912316
20
94.32283464566933
42
1
97
1
330

75
0
76
1
47
0.8681437583925616
98
1
10
3.629517071192367
20
33.92795499968543
450
0
451
0
460
0
461
0
452
1
462
1
453
2
463
0
63
5
421
255
463
1
63
7
421
16777215
470
LINEAR
1001
ACAD
1010
0
1020
0
1030
0
  0
CIRCLE
  5
6c3
330
1F
100
AcDbEntity
  8
Multi-Layer
100
AcDbCircle
 10
-4.7675387350773235
 20
94.32291084582187
 30
0.0
 40
0.37500635001270005
  0
CIRCLE
  5
6c4
330
1F
100
AcDbEntity
  8
Multi-Layer
100
AcDbCircle
 10
-4.767462534925016
 20
94.32283464566933
 30
0.0
 40
0.7000000000000001
0
HATCH
5
6c5
100
AcDbEntity
8
Multi-Layer
100
AcDbHatch
10
0
20
0
30
0
210
0
220
0
230
1
2
SOLID
70
1
71
0
91
1
92
7
72
1
73
1
93
2
10
-5.4674625349250165
20
94.32283464566933
42
1
10
-4.067462534925016
20
94.32283464566933
42
1
97
1
330

75
0
76
1
47
0.8681437583925616
98
1
10
3.629517071192367
20
33.92795499968543
450
0
451
0
460
0
461
0
452
1
462
1
453
2
463
0
63
5
421
255
463
1
63
7
421
16777215
470
LINEAR
1001
ACAD
1010
0
1020
0
1030
0
  0
CIRCLE
  5
6c6
330
1F
100
AcDbEntity
  8
TopSolderMaskLayer
100
AcDbCircle
 10
-5.604013208026345
 20
109.16002032004076
 30
0.0
 40
0.38840283579184676
  0
CIRCLE
  5
6c7
330
1F
100
AcDbEntity
  8
TopSolderMaskLayer
100
AcDbCircle
 10
-5.603886207772348
 20
109.16002032004076
 30
0.0
 40
0.7250063500127001
0
HATCH
5
6c8
100
AcDbEntity
8
TopSolderMaskLayer
100
AcDbHatch
10
0
20
0
30
0
210
0
220
0
230
1
2
SOLID
70
1
71
0
91
1
92
7
72
1
73
1
93
2
10
-6.328892557785048
20
109.16002032004076
42
1
10
-4.878879857759648
20
109.16002032004076
42
1
97
1
330

75
0
76
1
47
0.8681437583925616
98
1
10
3.629517071192367
20
33.92795499968543
450
0
451
0
460
0
461
0
452
1
462
1
453
2
463
0
63
5
421
255
463
1
63
7
421
16777215
470
LINEAR
1001
ACAD
1010
0
1020
0
1030
0
  0
CIRCLE
  5
6c9
330
1F
100
AcDbEntity
  8
BottomSolderMaskLayer
100
AcDbCircle
 10
-5.604013208026345
 20
109.16002032004076
 30
0.0
 40
0.38840283579184676
  0
CIRCLE
  5
6ca
330
1F
100
AcDbEntity
  8
BottomSolderMaskLayer
100
AcDbCircle
 10
-5.603886207772348
 20
109.16002032004076
 30
0.0
 40
0.7250063500127001
0
HATCH
5
6cb
100
AcDbEntity
8
BottomSolderMaskLayer
100
AcDbHatch
10
0
20
0
30
0
210
0
220
0
230
1
2
SOLID
70
1
71
0
91
1
92
7
72
1
73
1
93
2
10
-6.328892557785048
20
109.16002032004076
42
1
10
-4.878879857759648
20
109.16002032004076
42
1
97
1
330

75
0
76
1
47
0.8681437583925616
98
1
10
3.629517071192367
20
33.92795499968543
450
0
451
0
460
0
461
0
452
1
462
1
453
2
463
0
63
5
421
255
463
1
63
7
421
16777215
470
LINEAR
1001
ACAD
1010
0
1020
0
1030
0
  0
CIRCLE
  5
6cc
330
1F
100
AcDbEntity
  8
Multi-Layer
100
AcDbCircle
 10
-5.604013208026345
 20
109.16002032004076
 30
0.0
 40
0.37500635001270005
  0
CIRCLE
  5
6cd
330
1F
100
AcDbEntity
  8
Multi-Layer
100
AcDbCircle
 10
-5.603886207772348
 20
109.16002032004076
 30
0.0
 40
0.7000000000000001
0
HATCH
5
6ce
100
AcDbEntity
8
Multi-Layer
100
AcDbHatch
10
0
20
0
30
0
210
0
220
0
230
1
2
SOLID
70
1
71
0
91
1
92
7
72
1
73
1
93
2
10
-6.303886207772348
20
109.16002032004076
42
1
10
-4.903886207772348
20
109.16002032004076
42
1
97
1
330

75
0
76
1
47
0.8681437583925616
98
1
10
3.629517071192367
20
33.92795499968543
450
0
451
0
460
0
461
0
452
1
462
1
453
2
463
0
63
5
421
255
463
1
63
7
421
16777215
470
LINEAR
1001
ACAD
1010
0
1020
0
1030
0
  0
CIRCLE
  5
6cf
330
1F
100
AcDbEntity
  8
TopSolderMaskLayer
100
AcDbCircle
 10
3.032004064008106
 20
109.16002032004076
 30
0.0
 40
0.38840283579184676
  0
CIRCLE
  5
6d0
330
1F
100
AcDbEntity
  8
TopSolderMaskLayer
100
AcDbCircle
 10
3.0318770637543366
 20
109.16002032004076
 30
0.0
 40
0.7250063500127001
0
HATCH
5
6d1
100
AcDbEntity
8
TopSolderMaskLayer
100
AcDbHatch
10
0
20
0
30
0
210
0
220
0
230
1
2
SOLID
70
1
71
0
91
1
92
7
72
1
73
1
93
2
10
2.3068707137416364
20
109.16002032004076
42
1
10
3.756883413767037
20
109.16002032004076
42
1
97
1
330

75
0
76
1
47
0.8681437583925616
98
1
10
3.629517071192367
20
33.92795499968543
450
0
451
0
460
0
461
0
452
1
462
1
453
2
463
0
63
5
421
255
463
1
63
7
421
16777215
470
LINEAR
1001
ACAD
1010
0
1020
0
1030
0
  0
CIRCLE
  5
6d2
330
1F
100
AcDbEntity
  8
BottomSolderMaskLayer
100
AcDbCircle
 10
3.032004064008106
 20
109.16002032004076
 30
0.0
 40
0.38840283579184676
  0
CIRCLE
  5
6d3
330
1F
100
AcDbEntity
  8
BottomSolderMaskLayer
100
AcDbCircle
 10
3.0318770637543366
 20
109.16002032004076
 30
0.0
 40
0.7250063500127001
0
HATCH
5
6d4
100
AcDbEntity
8
BottomSolderMaskLayer
100
AcDbHatch
10
0
20
0
30
0
210
0
220
0
230
1
2
SOLID
70
1
71
0
91
1
92
7
72
1
73
1
93
2
10
2.3068707137416364
20
109.16002032004076
42
1
10
3.756883413767037
20
109.16002032004076
42
1
97
1
330

75
0
76
1
47
0.8681437583925616
98
1
10
3.629517071192367
20
33.92795499968543
450
0
451
0
460
0
461
0
452
1
462
1
453
2
463
0
63
5
421
255
463
1
63
7
421
16777215
470
LINEAR
1001
ACAD
1010
0
1020
0
1030
0
  0
CIRCLE
  5
6d5
330
1F
100
AcDbEntity
  8
Multi-Layer
100
AcDbCircle
 10
3.032004064008106
 20
109.16002032004076
 30
0.0
 40
0.37500635001270005
  0
CIRCLE
  5
6d6
330
1F
100
AcDbEntity
  8
Multi-Layer
100
AcDbCircle
 10
3.0318770637543366
 20
109.16002032004076
 30
0.0
 40
0.7000000000000001
0
HATCH
5
6d7
100
AcDbEntity
8
Multi-Layer
100
AcDbHatch
10
0
20
0
30
0
210
0
220
0
230
1
2
SOLID
70
1
71
0
91
1
92
7
72
1
73
1
93
2
10
2.3318770637543365
20
109.16002032004076
42
1
10
3.731877063754337
20
109.16002032004076
42
1
97
1
330

75
0
76
1
47
0.8681437583925616
98
1
10
3.629517071192367
20
33.92795499968543
450
0
451
0
460
0
461
0
452
1
462
1
453
2
463
0
63
5
421
255
463
1
63
7
421
16777215
470
LINEAR
1001
ACAD
1010
0
1020
0
1030
0
  0
CIRCLE
  5
6d8
330
1F
100
AcDbEntity
  8
TopSolderMaskLayer
100
AcDbCircle
 10
-5.604013208026345
 20
106.66002032004076
 30
0.0
 40
0.38840283579184676
  0
CIRCLE
  5
6d9
330
1F
100
AcDbEntity
  8
TopSolderMaskLayer
100
AcDbCircle
 10
-5.603886207772348
 20
106.65989331978665
 30
0.0
 40
0.7250063500127001
0
HATCH
5
6da
100
AcDbEntity
8
TopSolderMaskLayer
100
AcDbHatch
10
0
20
0
30
0
210
0
220
0
230
1
2
SOLID
70
1
71
0
91
1
92
7
72
1
73
1
93
2
10
-6.328892557785048
20
106.65989331978665
42
1
10
-4.878879857759648
20
106.65989331978665
42
1
97
1
330

75
0
76
1
47
0.8681437583925616
98
1
10
3.629517071192367
20
33.92795499968543
450
0
451
0
460
0
461
0
452
1
462
1
453
2
463
0
63
5
421
255
463
1
63
7
421
16777215
470
LINEAR
1001
ACAD
1010
0
1020
0
1030
0
  0
CIRCLE
  5
6db
330
1F
100
AcDbEntity
  8
BottomSolderMaskLayer
100
AcDbCircle
 10
-5.604013208026345
 20
106.66002032004076
 30
0.0
 40
0.38840283579184676
  0
CIRCLE
  5
6dc
330
1F
100
AcDbEntity
  8
BottomSolderMaskLayer
100
AcDbCircle
 10
-5.603886207772348
 20
106.65989331978665
 30
0.0
 40
0.7250063500127001
0
HATCH
5
6dd
100
AcDbEntity
8
BottomSolderMaskLayer
100
AcDbHatch
10
0
20
0
30
0
210
0
220
0
230
1
2
SOLID
70
1
71
0
91
1
92
7
72
1
73
1
93
2
10
-6.328892557785048
20
106.65989331978665
42
1
10
-4.878879857759648
20
106.65989331978665
42
1
97
1
330

75
0
76
1
47
0.8681437583925616
98
1
10
3.629517071192367
20
33.92795499968543
450
0
451
0
460
0
461
0
452
1
462
1
453
2
463
0
63
5
421
255
463
1
63
7
421
16777215
470
LINEAR
1001
ACAD
1010
0
1020
0
1030
0
  0
CIRCLE
  5
6de
330
1F
100
AcDbEntity
  8
Multi-Layer
100
AcDbCircle
 10
-5.604013208026345
 20
106.66002032004076
 30
0.0
 40
0.37500635001270005
  0
CIRCLE
  5
6df
330
1F
100
AcDbEntity
  8
Multi-Layer
100
AcDbCircle
 10
-5.603886207772348
 20
106.65989331978665
 30
0.0
 40
0.7000000000000001
0
HATCH
5
6e0
100
AcDbEntity
8
Multi-Layer
100
AcDbHatch
10
0
20
0
30
0
210
0
220
0
230
1
2
SOLID
70
1
71
0
91
1
92
7
72
1
73
1
93
2
10
-6.303886207772348
20
106.65989331978665
42
1
10
-4.903886207772348
20
106.65989331978665
42
1
97
1
330

75
0
76
1
47
0.8681437583925616
98
1
10
3.629517071192367
20
33.92795499968543
450
0
451
0
460
0
461
0
452
1
462
1
453
2
463
0
63
5
421
255
463
1
63
7
421
16777215
470
LINEAR
1001
ACAD
1010
0
1020
0
1030
0
  0
CIRCLE
  5
6e1
330
1F
100
AcDbEntity
  8
TopSolderMaskLayer
100
AcDbCircle
 10
3.032004064008106
 20
106.66002032004076
 30
0.0
 40
0.38840283579184676
  0
CIRCLE
  5
6e2
330
1F
100
AcDbEntity
  8
TopSolderMaskLayer
100
AcDbCircle
 10
3.0318770637543366
 20
106.65989331978665
 30
0.0
 40
0.7250063500127001
0
HATCH
5
6e3
100
AcDbEntity
8
TopSolderMaskLayer
100
AcDbHatch
10
0
20
0
30
0
210
0
220
0
230
1
2
SOLID
70
1
71
0
91
1
92
7
72
1
73
1
93
2
10
2.3068707137416364
20
106.65989331978665
42
1
10
3.756883413767037
20
106.65989331978665
42
1
97
1
330

75
0
76
1
47
0.8681437583925616
98
1
10
3.629517071192367
20
33.92795499968543
450
0
451
0
460
0
461
0
452
1
462
1
453
2
463
0
63
5
421
255
463
1
63
7
421
16777215
470
LINEAR
1001
ACAD
1010
0
1020
0
1030
0
  0
CIRCLE
  5
6e4
330
1F
100
AcDbEntity
  8
BottomSolderMaskLayer
100
AcDbCircle
 10
3.032004064008106
 20
106.66002032004076
 30
0.0
 40
0.38840283579184676
  0
CIRCLE
  5
6e5
330
1F
100
AcDbEntity
  8
BottomSolderMaskLayer
100
AcDbCircle
 10
3.0318770637543366
 20
106.65989331978665
 30
0.0
 40
0.7250063500127001
0
HATCH
5
6e6
100
AcDbEntity
8
BottomSolderMaskLayer
100
AcDbHatch
10
0
20
0
30
0
210
0
220
0
230
1
2
SOLID
70
1
71
0
91
1
92
7
72
1
73
1
93
2
10
2.3068707137416364
20
106.65989331978665
42
1
10
3.756883413767037
20
106.65989331978665
42
1
97
1
330

75
0
76
1
47
0.8681437583925616
98
1
10
3.629517071192367
20
33.92795499968543
450
0
451
0
460
0
461
0
452
1
462
1
453
2
463
0
63
5
421
255
463
1
63
7
421
16777215
470
LINEAR
1001
ACAD
1010
0
1020
0
1030
0
  0
CIRCLE
  5
6e7
330
1F
100
AcDbEntity
  8
Multi-Layer
100
AcDbCircle
 10
3.032004064008106
 20
106.66002032004076
 30
0.0
 40
0.37500635001270005
  0
CIRCLE
  5
6e8
330
1F
100
AcDbEntity
  8
Multi-Layer
100
AcDbCircle
 10
3.0318770637543366
 20
106.65989331978665
 30
0.0
 40
0.7000000000000001
0
HATCH
5
6e9
100
AcDbEntity
8
Multi-Layer
100
AcDbHatch
10
0
20
0
30
0
210
0
220
0
230
1
2
SOLID
70
1
71
0
91
1
92
7
72
1
73
1
93
2
10
2.3318770637543365
20
106.65989331978665
42
1
10
3.731877063754337
20
106.65989331978665
42
1
97
1
330

75
0
76
1
47
0.8681437583925616
98
1
10
3.629517071192367
20
33.92795499968543
450
0
451
0
460
0
461
0
452
1
462
1
453
2
463
0
63
5
421
255
463
1
63
7
421
16777215
470
LINEAR
1001
ACAD
1010
0
1020
0
1030
0
  0
CIRCLE
  5
6ea
330
1F
100
AcDbEntity
  8
TopSolderMaskLayer
100
AcDbCircle
 10
3.8684785369571273
 20
91.82354584709174
 30
0.0
 40
0.38840283579184676
  0
CIRCLE
  5
6eb
330
1F
100
AcDbEntity
  8
TopSolderMaskLayer
100
AcDbCircle
 10
3.868554737109662
 20
91.82346964693932
 30
0.0
 40
0.7250063500127001
0
HATCH
5
6ec
100
AcDbEntity
8
TopSolderMaskLayer
100
AcDbHatch
10
0
20
0
30
0
210
0
220
0
230
1
2
SOLID
70
1
71
0
91
1
92
7
72
1
73
1
93
2
10
3.1435483870969616
20
91.82346964693932
42
1
10
4.593561087122362
20
91.82346964693932
42
1
97
1
330

75
0
76
1
47
0.8681437583925616
98
1
10
3.629517071192367
20
33.92795499968543
450
0
451
0
460
0
461
0
452
1
462
1
453
2
463
0
63
5
421
255
463
1
63
7
421
16777215
470
LINEAR
1001
ACAD
1010
0
1020
0
1030
0
  0
CIRCLE
  5
6ed
330
1F
100
AcDbEntity
  8
BottomSolderMaskLayer
100
AcDbCircle
 10
3.8684785369571273
 20
91.82354584709174
 30
0.0
 40
0.38840283579184676
  0
CIRCLE
  5
6ee
330
1F
100
AcDbEntity
  8
BottomSolderMaskLayer
100
AcDbCircle
 10
3.868554737109662
 20
91.82346964693932
 30
0.0
 40
0.7250063500127001
0
HATCH
5
6ef
100
AcDbEntity
8
BottomSolderMaskLayer
100
AcDbHatch
10
0
20
0
30
0
210
0
220
0
230
1
2
SOLID
70
1
71
0
91
1
92
7
72
1
73
1
93
2
10
3.1435483870969616
20
91.82346964693932
42
1
10
4.593561087122362
20
91.82346964693932
42
1
97
1
330

75
0
76
1
47
0.8681437583925616
98
1
10
3.629517071192367
20
33.92795499968543
450
0
451
0
460
0
461
0
452
1
462
1
453
2
463
0
63
5
421
255
463
1
63
7
421
16777215
470
LINEAR
1001
ACAD
1010
0
1020
0
1030
0
  0
CIRCLE
  5
6f0
330
1F
100
AcDbEntity
  8
Multi-Layer
100
AcDbCircle
 10
3.8684785369571273
 20
91.82354584709174
 30
0.0
 40
0.37500635001270005
  0
CIRCLE
  5
6f1
330
1F
100
AcDbEntity
  8
Multi-Layer
100
AcDbCircle
 10
3.868554737109662
 20
91.82346964693932
 30
0.0
 40
0.7000000000000001
0
HATCH
5
6f2
100
AcDbEntity
8
Multi-Layer
100
AcDbHatch
10
0
20
0
30
0
210
0
220
0
230
1
2
SOLID
70
1
71
0
91
1
92
7
72
1
73
1
93
2
10
3.1685547371096616
20
91.82346964693932
42
1
10
4.568554737109662
20
91.82346964693932
42
1
97
1
330

75
0
76
1
47
0.8681437583925616
98
1
10
3.629517071192367
20
33.92795499968543
450
0
451
0
460
0
461
0
452
1
462
1
453
2
463
0
63
5
421
255
463
1
63
7
421
16777215
470
LINEAR
1001
ACAD
1010
0
1020
0
1030
0
  0
CIRCLE
  5
6f3
330
1F
100
AcDbEntity
  8
TopSolderMaskLayer
100
AcDbCircle
 10
-4.7675387350773235
 20
91.82354584709174
 30
0.0
 40
0.38840283579184676
  0
CIRCLE
  5
6f4
330
1F
100
AcDbEntity
  8
TopSolderMaskLayer
100
AcDbCircle
 10
-4.767462534925016
 20
91.82346964693932
 30
0.0
 40
0.7250063500127001
0
HATCH
5
6f5
100
AcDbEntity
8
TopSolderMaskLayer
100
AcDbHatch
10
0
20
0
30
0
210
0
220
0
230
1
2
SOLID
70
1
71
0
91
1
92
7
72
1
73
1
93
2
10
-5.492468884937717
20
91.82346964693932
42
1
10
-4.042456184912316
20
91.82346964693932
42
1
97
1
330

75
0
76
1
47
0.8681437583925616
98
1
10
3.629517071192367
20
33.92795499968543
450
0
451
0
460
0
461
0
452
1
462
1
453
2
463
0
63
5
421
255
463
1
63
7
421
16777215
470
LINEAR
1001
ACAD
1010
0
1020
0
1030
0
  0
CIRCLE
  5
6f6
330
1F
100
AcDbEntity
  8
BottomSolderMaskLayer
100
AcDbCircle
 10
-4.7675387350773235
 20
91.82354584709174
 30
0.0
 40
0.38840283579184676
  0
CIRCLE
  5
6f7
330
1F
100
AcDbEntity
  8
BottomSolderMaskLayer
100
AcDbCircle
 10
-4.767462534925016
 20
91.82346964693932
 30
0.0
 40
0.7250063500127001
0
HATCH
5
6f8
100
AcDbEntity
8
BottomSolderMaskLayer
100
AcDbHatch
10
0
20
0
30
0
210
0
220
0
230
1
2
SOLID
70
1
71
0
91
1
92
7
72
1
73
1
93
2
10
-5.492468884937717
20
91.82346964693932
42
1
10
-4.042456184912316
20
91.82346964693932
42
1
97
1
330

75
0
76
1
47
0.8681437583925616
98
1
10
3.629517071192367
20
33.92795499968543
450
0
451
0
460
0
461
0
452
1
462
1
453
2
463
0
63
5
421
255
463
1
63
7
421
16777215
470
LINEAR
1001
ACAD
1010
0
1020
0
1030
0
  0
CIRCLE
  5
6f9
330
1F
100
AcDbEntity
  8
Multi-Layer
100
AcDbCircle
 10
-4.7675387350773235
 20
91.82354584709174
 30
0.0
 40
0.37500635001270005
  0
CIRCLE
  5
6fa
330
1F
100
AcDbEntity
  8
Multi-Layer
100
AcDbCircle
 10
-4.767462534925016
 20
91.82346964693932
 30
0.0
 40
0.7000000000000001
0
HATCH
5
6fb
100
AcDbEntity
8
Multi-Layer
100
AcDbHatch
10
0
20
0
30
0
210
0
220
0
230
1
2
SOLID
70
1
71
0
91
1
92
7
72
1
73
1
93
2
10
-5.4674625349250165
20
91.82346964693932
42
1
10
-4.067462534925016
20
91.82346964693932
42
1
97
1
330

75
0
76
1
47
0.8681437583925616
98
1
10
3.629517071192367
20
33.92795499968543
450
0
451
0
460
0
461
0
452
1
462
1
453
2
463
0
63
5
421
255
463
1
63
7
421
16777215
470
LINEAR
1001
ACAD
1010
0
1020
0
1030
0
  0
CIRCLE
  5
6fc
330
1F
100
AcDbEntity
  8
TopSolderMaskLayer
100
AcDbCircle
 10
-12.490068580137176
 20
85.16002032004076
 30
0.0
 40
0.5158750317500634
  0
CIRCLE
  5
6fd
330
1F
100
AcDbEntity
  8
TopSolderMaskLayer
100
AcDbCircle
 10
-12.490093980188021
 20
85.16002032004076
 30
0.0
 40
0.8254000508001016
0
HATCH
5
6fe
100
AcDbEntity
8
TopSolderMaskLayer
100
AcDbHatch
10
0
20
0
30
0
210
0
220
0
230
1
2
SOLID
70
1
71
0
91
1
92
7
72
1
73
1
93
2
10
-13.315494030988123
20
85.16002032004076
42
1
10
-11.66469392938792
20
85.16002032004076
42
1
97
1
330

75
0
76
1
47
0.8681437583925616
98
1
10
3.629517071192367
20
33.92795499968543
450
0
451
0
460
0
461
0
452
1
462
1
453
2
463
0
63
5
421
255
463
1
63
7
421
16777215
470
LINEAR
1001
ACAD
1010
0
1020
0
1030
0
  0
CIRCLE
  5
6ff
330
1F
100
AcDbEntity
  8
BottomSolderMaskLayer
100
AcDbCircle
 10
-12.490068580137176
 20
85.16002032004076
 30
0.0
 40
0.5158750317500634
  0
CIRCLE
  5
700
330
1F
100
AcDbEntity
  8
BottomSolderMaskLayer
100
AcDbCircle
 10
-12.490093980188021
 20
85.16002032004076
 30
0.0
 40
0.8254000508001016
0
HATCH
5
701
100
AcDbEntity
8
BottomSolderMaskLayer
100
AcDbHatch
10
0
20
0
30
0
210
0
220
0
230
1
2
SOLID
70
1
71
0
91
1
92
7
72
1
73
1
93
2
10
-13.315494030988123
20
85.16002032004076
42
1
10
-11.66469392938792
20
85.16002032004076
42
1
97
1
330

75
0
76
1
47
0.8681437583925616
98
1
10
3.629517071192367
20
33.92795499968543
450
0
451
0
460
0
461
0
452
1
462
1
453
2
463
0
63
5
421
255
463
1
63
7
421
16777215
470
LINEAR
1001
ACAD
1010
0
1020
0
1030
0
  0
CIRCLE
  5
702
330
1F
100
AcDbEntity
  8
Multi-Layer
100
AcDbCircle
 10
-12.490068580137176
 20
85.16002032004076
 30
0.0
 40
0.5
  0
CIRCLE
  5
703
330
1F
100
AcDbEntity
  8
Multi-Layer
100
AcDbCircle
 10
-12.490093980188021
 20
85.16002032004076
 30
0.0
 40
0.8
0
HATCH
5
704
100
AcDbEntity
8
Multi-Layer
100
AcDbHatch
10
0
20
0
30
0
210
0
220
0
230
1
2
SOLID
70
1
71
0
91
1
92
7
72
1
73
1
93
2
10
-13.290093980188022
20
85.16002032004076
42
1
10
-11.69009398018802
20
85.16002032004076
42
1
97
1
330

75
0
76
1
47
0.8681437583925616
98
1
10
3.629517071192367
20
33.92795499968543
450
0
451
0
460
0
461
0
452
1
462
1
453
2
463
0
63
5
421
255
463
1
63
7
421
16777215
470
LINEAR
1001
ACAD
1010
0
1020
0
1030
0
  0
CIRCLE
  5
705
330
1F
100
AcDbEntity
  8
TopSolderMaskLayer
100
AcDbCircle
 10
-8.98994157988318
 20
85.16002032004076
 30
0.0
 40
0.5158750317500634
  0
CIRCLE
  5
706
330
1F
100
AcDbEntity
  8
TopSolderMaskLayer
100
AcDbCircle
 10
-8.989966979933797
 20
85.16002032004076
 30
0.0
 40
0.8254000508001016
0
HATCH
5
707
100
AcDbEntity
8
TopSolderMaskLayer
100
AcDbHatch
10
0
20
0
30
0
210
0
220
0
230
1
2
SOLID
70
1
71
0
91
1
92
7
72
1
73
1
93
2
10
-9.8153670307339
20
85.16002032004076
42
1
10
-8.164566929133695
20
85.16002032004076
42
1
97
1
330

75
0
76
1
47
0.8681437583925616
98
1
10
3.629517071192367
20
33.92795499968543
450
0
451
0
460
0
461
0
452
1
462
1
453
2
463
0
63
5
421
255
463
1
63
7
421
16777215
470
LINEAR
1001
ACAD
1010
0
1020
0
1030
0
  0
CIRCLE
  5
708
330
1F
100
AcDbEntity
  8
BottomSolderMaskLayer
100
AcDbCircle
 10
-8.98994157988318
 20
85.16002032004076
 30
0.0
 40
0.5158750317500634
  0
CIRCLE
  5
709
330
1F
100
AcDbEntity
  8
BottomSolderMaskLayer
100
AcDbCircle
 10
-8.989966979933797
 20
85.16002032004076
 30
0.0
 40
0.8254000508001016
0
HATCH
5
70a
100
AcDbEntity
8
BottomSolderMaskLayer
100
AcDbHatch
10
0
20
0
30
0
210
0
220
0
230
1
2
SOLID
70
1
71
0
91
1
92
7
72
1
73
1
93
2
10
-9.8153670307339
20
85.16002032004076
42
1
10
-8.164566929133695
20
85.16002032004076
42
1
97
1
330

75
0
76
1
47
0.8681437583925616
98
1
10
3.629517071192367
20
33.92795499968543
450
0
451
0
460
0
461
0
452
1
462
1
453
2
463
0
63
5
421
255
463
1
63
7
421
16777215
470
LINEAR
1001
ACAD
1010
0
1020
0
1030
0
  0
CIRCLE
  5
70b
330
1F
100
AcDbEntity
  8
Multi-Layer
100
AcDbCircle
 10
-8.98994157988318
 20
85.16002032004076
 30
0.0
 40
0.5
  0
CIRCLE
  5
70c
330
1F
100
AcDbEntity
  8
Multi-Layer
100
AcDbCircle
 10
-8.989966979933797
 20
85.16002032004076
 30
0.0
 40
0.8
0
HATCH
5
70d
100
AcDbEntity
8
Multi-Layer
100
AcDbHatch
10
0
20
0
30
0
210
0
220
0
230
1
2
SOLID
70
1
71
0
91
1
92
7
72
1
73
1
93
2
10
-9.789966979933798
20
85.16002032004076
42
1
10
-8.189966979933796
20
85.16002032004076
42
1
97
1
330

75
0
76
1
47
0.8681437583925616
98
1
10
3.629517071192367
20
33.92795499968543
450
0
451
0
460
0
461
0
452
1
462
1
453
2
463
0
63
5
421
255
463
1
63
7
421
16777215
470
LINEAR
1001
ACAD
1010
0
1020
0
1030
0
  0
CIRCLE
  5
70e
330
1F
100
AcDbEntity
  8
TopSolderMaskLayer
100
AcDbCircle
 10
-20.54000508001002
 20
87.93002286004582
 30
0.0
 40
0.4722009144018289
  0
CIRCLE
  5
70f
330
1F
100
AcDbEntity
  8
TopSolderMaskLayer
100
AcDbCircle
 10
-20.54013208026413
 20
87.92989585979183
 30
0.0
 40
0.7870015240030481
0
HATCH
5
710
100
AcDbEntity
8
TopSolderMaskLayer
100
AcDbHatch
10
0
20
0
30
0
210
0
220
0
230
1
2
SOLID
70
1
71
0
91
1
92
7
72
1
73
1
93
2
10
-21.32713360426718
20
87.92989585979183
42
1
10
-19.75313055626108
20
87.92989585979183
42
1
97
1
330

75
0
76
1
47
0.8681437583925616
98
1
10
3.629517071192367
20
33.92795499968543
450
0
451
0
460
0
461
0
452
1
462
1
453
2
463
0
63
5
421
255
463
1
63
7
421
16777215
470
LINEAR
1001
ACAD
1010
0
1020
0
1030
0
  0
CIRCLE
  5
711
330
1F
100
AcDbEntity
  8
BottomSolderMaskLayer
100
AcDbCircle
 10
-20.54000508001002
 20
87.93002286004582
 30
0.0
 40
0.4722009144018289
  0
CIRCLE
  5
712
330
1F
100
AcDbEntity
  8
BottomSolderMaskLayer
100
AcDbCircle
 10
-20.54013208026413
 20
87.92989585979183
 30
0.0
 40
0.7870015240030481
0
HATCH
5
713
100
AcDbEntity
8
BottomSolderMaskLayer
100
AcDbHatch
10
0
20
0
30
0
210
0
220
0
230
1
2
SOLID
70
1
71
0
91
1
92
7
72
1
73
1
93
2
10
-21.32713360426718
20
87.92989585979183
42
1
10
-19.75313055626108
20
87.92989585979183
42
1
97
1
330

75
0
76
1
47
0.8681437583925616
98
1
10
3.629517071192367
20
33.92795499968543
450
0
451
0
460
0
461
0
452
1
462
1
453
2
463
0
63
5
421
255
463
1
63
7
421
16777215
470
LINEAR
1001
ACAD
1010
0
1020
0
1030
0
  0
CIRCLE
  5
714
330
1F
100
AcDbEntity
  8
Multi-Layer
100
AcDbCircle
 10
-20.54000508001002
 20
87.93002286004582
 30
0.0
 40
0.45720091440182886
  0
CIRCLE
  5
715
330
1F
100
AcDbEntity
  8
Multi-Layer
100
AcDbCircle
 10
-20.54013208026413
 20
87.92989585979183
 30
0.0
 40
0.7620015240030481
0
HATCH
5
716
100
AcDbEntity
8
Multi-Layer
100
AcDbHatch
10
0
20
0
30
0
210
0
220
0
230
1
2
SOLID
70
1
71
0
91
1
92
7
72
1
73
1
93
2
10
-21.302133604267176
20
87.92989585979183
42
1
10
-19.778130556261083
20
87.92989585979183
42
1
97
1
330

75
0
76
1
47
0.8681437583925616
98
1
10
3.629517071192367
20
33.92795499968543
450
0
451
0
460
0
461
0
452
1
462
1
453
2
463
0
63
5
421
255
463
1
63
7
421
16777215
470
LINEAR
1001
ACAD
1010
0
1020
0
1030
0
  0
CIRCLE
  5
717
330
1F
100
AcDbEntity
  8
TopSolderMaskLayer
100
AcDbCircle
 10
-20.54000508001002
 20
85.39001778003569
 30
0.0
 40
0.4722009144018289
  0
CIRCLE
  5
718
330
1F
100
AcDbEntity
  8
TopSolderMaskLayer
100
AcDbCircle
 10
-20.54013208026413
 20
85.3898907797817
 30
0.0
 40
0.7870015240030481
0
HATCH
5
719
100
AcDbEntity
8
TopSolderMaskLayer
100
AcDbHatch
10
0
20
0
30
0
210
0
220
0
230
1
2
SOLID
70
1
71
0
91
1
92
7
72
1
73
1
93
2
10
-21.32713360426718
20
85.3898907797817
42
1
10
-19.75313055626108
20
85.3898907797817
42
1
97
1
330

75
0
76
1
47
0.8681437583925616
98
1
10
3.629517071192367
20
33.92795499968543
450
0
451
0
460
0
461
0
452
1
462
1
453
2
463
0
63
5
421
255
463
1
63
7
421
16777215
470
LINEAR
1001
ACAD
1010
0
1020
0
1030
0
  0
CIRCLE
  5
71a
330
1F
100
AcDbEntity
  8
BottomSolderMaskLayer
100
AcDbCircle
 10
-20.54000508001002
 20
85.39001778003569
 30
0.0
 40
0.4722009144018289
  0
CIRCLE
  5
71b
330
1F
100
AcDbEntity
  8
BottomSolderMaskLayer
100
AcDbCircle
 10
-20.54013208026413
 20
85.3898907797817
 30
0.0
 40
0.7870015240030481
0
HATCH
5
71c
100
AcDbEntity
8
BottomSolderMaskLayer
100
AcDbHatch
10
0
20
0
30
0
210
0
220
0
230
1
2
SOLID
70
1
71
0
91
1
92
7
72
1
73
1
93
2
10
-21.32713360426718
20
85.3898907797817
42
1
10
-19.75313055626108
20
85.3898907797817
42
1
97
1
330

75
0
76
1
47
0.8681437583925616
98
1
10
3.629517071192367
20
33.92795499968543
450
0
451
0
460
0
461
0
452
1
462
1
453
2
463
0
63
5
421
255
463
1
63
7
421
16777215
470
LINEAR
1001
ACAD
1010
0
1020
0
1030
0
  0
CIRCLE
  5
71d
330
1F
100
AcDbEntity
  8
Multi-Layer
100
AcDbCircle
 10
-20.54000508001002
 20
85.39001778003569
 30
0.0
 40
0.45720091440182886
  0
CIRCLE
  5
71e
330
1F
100
AcDbEntity
  8
Multi-Layer
100
AcDbCircle
 10
-20.54013208026413
 20
85.3898907797817
 30
0.0
 40
0.7620015240030481
0
HATCH
5
71f
100
AcDbEntity
8
Multi-Layer
100
AcDbHatch
10
0
20
0
30
0
210
0
220
0
230
1
2
SOLID
70
1
71
0
91
1
92
7
72
1
73
1
93
2
10
-21.302133604267176
20
85.3898907797817
42
1
10
-19.778130556261083
20
85.3898907797817
42
1
97
1
330

75
0
76
1
47
0.8681437583925616
98
1
10
3.629517071192367
20
33.92795499968543
450
0
451
0
460
0
461
0
452
1
462
1
453
2
463
0
63
5
421
255
463
1
63
7
421
16777215
470
LINEAR
1001
ACAD
1010
0
1020
0
1030
0
  0
CIRCLE
  5
720
330
1F
100
AcDbEntity
  8
TopSolderMaskLayer
100
AcDbCircle
 10
10.459994919989867
 20
104.43002286004582
 30
0.0
 40
0.4722009144018289
  0
CIRCLE
  5
721
330
1F
100
AcDbEntity
  8
TopSolderMaskLayer
100
AcDbCircle
 10
10.45986791973587
 20
104.43002286004582
 30
0.0
 40
0.7870015240030481
0
HATCH
5
722
100
AcDbEntity
8
TopSolderMaskLayer
100
AcDbHatch
10
0
20
0
30
0
210
0
220
0
230
1
2
SOLID
70
1
71
0
91
1
92
7
72
1
73
1
93
2
10
9.672866395732822
20
104.43002286004582
42
1
10
11.24686944373892
20
104.43002286004582
42
1
97
1
330

75
0
76
1
47
0.8681437583925616
98
1
10
3.629517071192367
20
33.92795499968543
450
0
451
0
460
0
461
0
452
1
462
1
453
2
463
0
63
5
421
255
463
1
63
7
421
16777215
470
LINEAR
1001
ACAD
1010
0
1020
0
1030
0
  0
CIRCLE
  5
723
330
1F
100
AcDbEntity
  8
BottomSolderMaskLayer
100
AcDbCircle
 10
10.459994919989867
 20
104.43002286004582
 30
0.0
 40
0.4722009144018289
  0
CIRCLE
  5
724
330
1F
100
AcDbEntity
  8
BottomSolderMaskLayer
100
AcDbCircle
 10
10.45986791973587
 20
104.43002286004582
 30
0.0
 40
0.7870015240030481
0
HATCH
5
725
100
AcDbEntity
8
BottomSolderMaskLayer
100
AcDbHatch
10
0
20
0
30
0
210
0
220
0
230
1
2
SOLID
70
1
71
0
91
1
92
7
72
1
73
1
93
2
10
9.672866395732822
20
104.43002286004582
42
1
10
11.24686944373892
20
104.43002286004582
42
1
97
1
330

75
0
76
1
47
0.8681437583925616
98
1
10
3.629517071192367
20
33.92795499968543
450
0
451
0
460
0
461
0
452
1
462
1
453
2
463
0
63
5
421
255
463
1
63
7
421
16777215
470
LINEAR
1001
ACAD
1010
0
1020
0
1030
0
  0
CIRCLE
  5
726
330
1F
100
AcDbEntity
  8
Multi-Layer
100
AcDbCircle
 10
10.459994919989867
 20
104.43002286004582
 30
0.0
 40
0.45720091440182886
  0
CIRCLE
  5
727
330
1F
100
AcDbEntity
  8
Multi-Layer
100
AcDbCircle
 10
10.45986791973587
 20
104.43002286004582
 30
0.0
 40
0.7620015240030481
0
HATCH
5
728
100
AcDbEntity
8
Multi-Layer
100
AcDbHatch
10
0
20
0
30
0
210
0
220
0
230
1
2
SOLID
70
1
71
0
91
1
92
7
72
1
73
1
93
2
10
9.697866395732822
20
104.43002286004582
42
1
10
11.22186944373892
20
104.43002286004582
42
1
97
1
330

75
0
76
1
47
0.8681437583925616
98
1
10
3.629517071192367
20
33.92795499968543
450
0
451
0
460
0
461
0
452
1
462
1
453
2
463
0
63
5
421
255
463
1
63
7
421
16777215
470
LINEAR
1001
ACAD
1010
0
1020
0
1030
0
  0
CIRCLE
  5
729
330
1F
100
AcDbEntity
  8
TopSolderMaskLayer
100
AcDbCircle
 10
10.459994919989867
 20
101.89001778003558
 30
0.0
 40
0.4722009144018289
  0
CIRCLE
  5
72a
330
1F
100
AcDbEntity
  8
TopSolderMaskLayer
100
AcDbCircle
 10
10.45986791973587
 20
101.89001778003558
 30
0.0
 40
0.7870015240030481
0
HATCH
5
72b
100
AcDbEntity
8
TopSolderMaskLayer
100
AcDbHatch
10
0
20
0
30
0
210
0
220
0
230
1
2
SOLID
70
1
71
0
91
1
92
7
72
1
73
1
93
2
10
9.672866395732822
20
101.89001778003558
42
1
10
11.24686944373892
20
101.89001778003558
42
1
97
1
330

75
0
76
1
47
0.8681437583925616
98
1
10
3.629517071192367
20
33.92795499968543
450
0
451
0
460
0
461
0
452
1
462
1
453
2
463
0
63
5
421
255
463
1
63
7
421
16777215
470
LINEAR
1001
ACAD
1010
0
1020
0
1030
0
  0
CIRCLE
  5
72c
330
1F
100
AcDbEntity
  8
BottomSolderMaskLayer
100
AcDbCircle
 10
10.459994919989867
 20
101.89001778003558
 30
0.0
 40
0.4722009144018289
  0
CIRCLE
  5
72d
330
1F
100
AcDbEntity
  8
BottomSolderMaskLayer
100
AcDbCircle
 10
10.45986791973587
 20
101.89001778003558
 30
0.0
 40
0.7870015240030481
0
HATCH
5
72e
100
AcDbEntity
8
BottomSolderMaskLayer
100
AcDbHatch
10
0
20
0
30
0
210
0
220
0
230
1
2
SOLID
70
1
71
0
91
1
92
7
72
1
73
1
93
2
10
9.672866395732822
20
101.89001778003558
42
1
10
11.24686944373892
20
101.89001778003558
42
1
97
1
330

75
0
76
1
47
0.8681437583925616
98
1
10
3.629517071192367
20
33.92795499968543
450
0
451
0
460
0
461
0
452
1
462
1
453
2
463
0
63
5
421
255
463
1
63
7
421
16777215
470
LINEAR
1001
ACAD
1010
0
1020
0
1030
0
  0
CIRCLE
  5
72f
330
1F
100
AcDbEntity
  8
Multi-Layer
100
AcDbCircle
 10
10.459994919989867
 20
101.89001778003558
 30
0.0
 40
0.45720091440182886
  0
CIRCLE
  5
730
330
1F
100
AcDbEntity
  8
Multi-Layer
100
AcDbCircle
 10
10.45986791973587
 20
101.89001778003558
 30
0.0
 40
0.7620015240030481
0
HATCH
5
731
100
AcDbEntity
8
Multi-Layer
100
AcDbHatch
10
0
20
0
30
0
210
0
220
0
230
1
2
SOLID
70
1
71
0
91
1
92
7
72
1
73
1
93
2
10
9.697866395732822
20
101.89001778003558
42
1
10
11.22186944373892
20
101.89001778003558
42
1
97
1
330

75
0
76
1
47
0.8681437583925616
98
1
10
3.629517071192367
20
33.92795499968543
450
0
451
0
460
0
461
0
452
1
462
1
453
2
463
0
63
5
421
255
463
1
63
7
421
16777215
470
LINEAR
1001
ACAD
1010
0
1020
0
1030
0
  0
CIRCLE
  5
732
330
1F
100
AcDbEntity
  8
TopSolderMaskLayer
100
AcDbCircle
 10
-2.703708407416798
 20
97.32349504699016
 30
0.0
 40
0.6169333672000678
  0
CIRCLE
  5
733
330
1F
100
AcDbEntity
  8
TopSolderMaskLayer
100
AcDbCircle
 10
-2.7034544069088042
 20
97.32359664719331
 30
0.0
 40
0.9254000508001016
0
HATCH
5
734
100
AcDbEntity
8
TopSolderMaskLayer
100
AcDbHatch
10
0
20
0
30
0
210
0
220
0
230
1
2
SOLID
70
1
71
0
91
1
92
7
72
1
73
1
93
2
10
-3.628854457708906
20
97.32359664719331
42
1
10
-1.7780543561087025
20
97.32359664719331
42
1
97
1
330

75
0
76
1
47
0.8681437583925616
98
1
10
3.629517071192367
20
33.92795499968543
450
0
451
0
460
0
461
0
452
1
462
1
453
2
463
0
63
5
421
255
463
1
63
7
421
16777215
470
LINEAR
1001
ACAD
1010
0
1020
0
1030
0
  0
CIRCLE
  5
735
330
1F
100
AcDbEntity
  8
BottomSolderMaskLayer
100
AcDbCircle
 10
-2.703708407416798
 20
97.32349504699016
 30
0.0
 40
0.6169333672000678
  0
CIRCLE
  5
736
330
1F
100
AcDbEntity
  8
BottomSolderMaskLayer
100
AcDbCircle
 10
-2.7034544069088042
 20
97.32359664719331
 30
0.0
 40
0.9254000508001016
0
HATCH
5
737
100
AcDbEntity
8
BottomSolderMaskLayer
100
AcDbHatch
10
0
20
0
30
0
210
0
220
0
230
1
2
SOLID
70
1
71
0
91
1
92
7
72
1
73
1
93
2
10
-3.628854457708906
20
97.32359664719331
42
1
10
-1.7780543561087025
20
97.32359664719331
42
1
97
1
330

75
0
76
1
47
0.8681437583925616
98
1
10
3.629517071192367
20
33.92795499968543
450
0
451
0
460
0
461
0
452
1
462
1
453
2
463
0
63
5
421
255
463
1
63
7
421
16777215
470
LINEAR
1001
ACAD
1010
0
1020
0
1030
0
  0
CIRCLE
  5
738
330
1F
100
AcDbEntity
  8
Multi-Layer
100
AcDbCircle
 10
-2.703708407416798
 20
97.32349504699016
 30
0.0
 40
0.6000000000000001
  0
CIRCLE
  5
739
330
1F
100
AcDbEntity
  8
Multi-Layer
100
AcDbCircle
 10
-2.7034544069088042
 20
97.32359664719331
 30
0.0
 40
0.9000000000000001
0
HATCH
5
73a
100
AcDbEntity
8
Multi-Layer
100
AcDbHatch
10
0
20
0
30
0
210
0
220
0
230
1
2
SOLID
70
1
71
0
91
1
92
7
72
1
73
1
93
2
10
-3.6034544069088046
20
97.32359664719331
42
1
10
-1.803454406908804
20
97.32359664719331
42
1
97
1
330

75
0
76
1
47
0.8681437583925616
98
1
10
3.629517071192367
20
33.92795499968543
450
0
451
0
460
0
461
0
452
1
462
1
453
2
463
0
63
5
421
255
463
1
63
7
421
16777215
470
LINEAR
1001
ACAD
1010
0
1020
0
1030
0
  0
CIRCLE
  5
73b
330
1F
100
AcDbEntity
  8
TopSolderMaskLayer
100
AcDbCircle
 10
2.296291592583202
 20
97.32349504699016
 30
0.0
 40
0.6169333672000678
  0
CIRCLE
  5
73c
330
1F
100
AcDbEntity
  8
TopSolderMaskLayer
100
AcDbCircle
 10
2.2965455930911958
 20
97.32359664719331
 30
0.0
 40
0.9254000508001016
0
HATCH
5
73d
100
AcDbEntity
8
TopSolderMaskLayer
100
AcDbHatch
10
0
20
0
30
0
210
0
220
0
230
1
2
SOLID
70
1
71
0
91
1
92
7
72
1
73
1
93
2
10
1.371145542291094
20
97.32359664719331
42
1
10
3.2219456438912975
20
97.32359664719331
42
1
97
1
330

75
0
76
1
47
0.8681437583925616
98
1
10
3.629517071192367
20
33.92795499968543
450
0
451
0
460
0
461
0
452
1
462
1
453
2
463
0
63
5
421
255
463
1
63
7
421
16777215
470
LINEAR
1001
ACAD
1010
0
1020
0
1030
0
  0
CIRCLE
  5
73e
330
1F
100
AcDbEntity
  8
BottomSolderMaskLayer
100
AcDbCircle
 10
2.296291592583202
 20
97.32349504699016
 30
0.0
 40
0.6169333672000678
  0
CIRCLE
  5
73f
330
1F
100
AcDbEntity
  8
BottomSolderMaskLayer
100
AcDbCircle
 10
2.2965455930911958
 20
97.32359664719331
 30
0.0
 40
0.9254000508001016
0
HATCH
5
740
100
AcDbEntity
8
BottomSolderMaskLayer
100
AcDbHatch
10
0
20
0
30
0
210
0
220
0
230
1
2
SOLID
70
1
71
0
91
1
92
7
72
1
73
1
93
2
10
1.371145542291094
20
97.32359664719331
42
1
10
3.2219456438912975
20
97.32359664719331
42
1
97
1
330

75
0
76
1
47
0.8681437583925616
98
1
10
3.629517071192367
20
33.92795499968543
450
0
451
0
460
0
461
0
452
1
462
1
453
2
463
0
63
5
421
255
463
1
63
7
421
16777215
470
LINEAR
1001
ACAD
1010
0
1020
0
1030
0
  0
CIRCLE
  5
741
330
1F
100
AcDbEntity
  8
Multi-Layer
100
AcDbCircle
 10
2.296291592583202
 20
97.32349504699016
 30
0.0
 40
0.6000000000000001
  0
CIRCLE
  5
742
330
1F
100
AcDbEntity
  8
Multi-Layer
100
AcDbCircle
 10
2.2965455930911958
 20
97.32359664719331
 30
0.0
 40
0.9000000000000001
0
HATCH
5
743
100
AcDbEntity
8
Multi-Layer
100
AcDbHatch
10
0
20
0
30
0
210
0
220
0
230
1
2
SOLID
70
1
71
0
91
1
92
7
72
1
73
1
93
2
10
1.3965455930911956
20
97.32359664719331
42
1
10
3.196545593091196
20
97.32359664719331
42
1
97
1
330

75
0
76
1
47
0.8681437583925616
98
1
10
3.629517071192367
20
33.92795499968543
450
0
451
0
460
0
461
0
452
1
462
1
453
2
463
0
63
5
421
255
463
1
63
7
421
16777215
470
LINEAR
1001
ACAD
1010
0
1020
0
1030
0
  0
CIRCLE
  5
744
330
1F
100
AcDbEntity
  8
TopSolderMaskLayer
100
AcDbCircle
 10
-4.040132080264129
 20
83.16002032004076
 30
0.0
 40
0.6169333672000678
  0
CIRCLE
  5
745
330
1F
100
AcDbEntity
  8
TopSolderMaskLayer
100
AcDbCircle
 10
-4.040005080010133
 20
83.16002032004076
 30
0.0
 40
0.9254000508001016
0
HATCH
5
746
100
AcDbEntity
8
TopSolderMaskLayer
100
AcDbHatch
10
0
20
0
30
0
210
0
220
0
230
1
2
SOLID
70
1
71
0
91
1
92
7
72
1
73
1
93
2
10
-4.965405130810234
20
83.16002032004076
42
1
10
-3.114605029210031
20
83.16002032004076
42
1
97
1
330

75
0
76
1
47
0.8681437583925616
98
1
10
3.629517071192367
20
33.92795499968543
450
0
451
0
460
0
461
0
452
1
462
1
453
2
463
0
63
5
421
255
463
1
63
7
421
16777215
470
LINEAR
1001
ACAD
1010
0
1020
0
1030
0
  0
CIRCLE
  5
747
330
1F
100
AcDbEntity
  8
BottomSolderMaskLayer
100
AcDbCircle
 10
-4.040132080264129
 20
83.16002032004076
 30
0.0
 40
0.6169333672000678
  0
CIRCLE
  5
748
330
1F
100
AcDbEntity
  8
BottomSolderMaskLayer
100
AcDbCircle
 10
-4.040005080010133
 20
83.16002032004076
 30
0.0
 40
0.9254000508001016
0
HATCH
5
749
100
AcDbEntity
8
BottomSolderMaskLayer
100
AcDbHatch
10
0
20
0
30
0
210
0
220
0
230
1
2
SOLID
70
1
71
0
91
1
92
7
72
1
73
1
93
2
10
-4.965405130810234
20
83.16002032004076
42
1
10
-3.114605029210031
20
83.16002032004076
42
1
97
1
330

75
0
76
1
47
0.8681437583925616
98
1
10
3.629517071192367
20
33.92795499968543
450
0
451
0
460
0
461
0
452
1
462
1
453
2
463
0
63
5
421
255
463
1
63
7
421
16777215
470
LINEAR
1001
ACAD
1010
0
1020
0
1030
0
  0
CIRCLE
  5
74a
330
1F
100
AcDbEntity
  8
Multi-Layer
100
AcDbCircle
 10
-4.040132080264129
 20
83.16002032004076
 30
0.0
 40
0.6000000000000001
  0
CIRCLE
  5
74b
330
1F
100
AcDbEntity
  8
Multi-Layer
100
AcDbCircle
 10
-4.040005080010133
 20
83.16002032004076
 30
0.0
 40
0.9000000000000001
0
HATCH
5
74c
100
AcDbEntity
8
Multi-Layer
100
AcDbHatch
10
0
20
0
30
0
210
0
220
0
230
1
2
SOLID
70
1
71
0
91
1
92
7
72
1
73
1
93
2
10
-4.940005080010133
20
83.16002032004076
42
1
10
-3.1400050800101322
20
83.16002032004076
42
1
97
1
330

75
0
76
1
47
0.8681437583925616
98
1
10
3.629517071192367
20
33.92795499968543
450
0
451
0
460
0
461
0
452
1
462
1
453
2
463
0
63
5
421
255
463
1
63
7
421
16777215
470
LINEAR
1001
ACAD
1010
0
1020
0
1030
0
  0
CIRCLE
  5
74d
330
1F
100
AcDbEntity
  8
TopSolderMaskLayer
100
AcDbCircle
 10
0.9598679197358706
 20
83.16002032004076
 30
0.0
 40
0.6169333672000678
  0
CIRCLE
  5
74e
330
1F
100
AcDbEntity
  8
TopSolderMaskLayer
100
AcDbCircle
 10
0.9599949199898674
 20
83.16002032004076
 30
0.0
 40
0.9254000508001016
0
HATCH
5
74f
100
AcDbEntity
8
TopSolderMaskLayer
100
AcDbHatch
10
0
20
0
30
0
210
0
220
0
230
1
2
SOLID
70
1
71
0
91
1
92
7
72
1
73
1
93
2
10
0.03459486918976584
20
83.16002032004076
42
1
10
1.885394970789969
20
83.16002032004076
42
1
97
1
330

75
0
76
1
47
0.8681437583925616
98
1
10
3.629517071192367
20
33.92795499968543
450
0
451
0
460
0
461
0
452
1
462
1
453
2
463
0
63
5
421
255
463
1
63
7
421
16777215
470
LINEAR
1001
ACAD
1010
0
1020
0
1030
0
  0
CIRCLE
  5
750
330
1F
100
AcDbEntity
  8
BottomSolderMaskLayer
100
AcDbCircle
 10
0.9598679197358706
 20
83.16002032004076
 30
0.0
 40
0.6169333672000678
  0
CIRCLE
  5
751
330
1F
100
AcDbEntity
  8
BottomSolderMaskLayer
100
AcDbCircle
 10
0.9599949199898674
 20
83.16002032004076
 30
0.0
 40
0.9254000508001016
0
HATCH
5
752
100
AcDbEntity
8
BottomSolderMaskLayer
100
AcDbHatch
10
0
20
0
30
0
210
0
220
0
230
1
2
SOLID
70
1
71
0
91
1
92
7
72
1
73
1
93
2
10
0.03459486918976584
20
83.16002032004076
42
1
10
1.885394970789969
20
83.16002032004076
42
1
97
1
330

75
0
76
1
47
0.8681437583925616
98
1
10
3.629517071192367
20
33.92795499968543
450
0
451
0
460
0
461
0
452
1
462
1
453
2
463
0
63
5
421
255
463
1
63
7
421
16777215
470
LINEAR
1001
ACAD
1010
0
1020
0
1030
0
  0
CIRCLE
  5
753
330
1F
100
AcDbEntity
  8
Multi-Layer
100
AcDbCircle
 10
0.9598679197358706
 20
83.16002032004076
 30
0.0
 40
0.6000000000000001
  0
CIRCLE
  5
754
330
1F
100
AcDbEntity
  8
Multi-Layer
100
AcDbCircle
 10
0.9599949199898674
 20
83.16002032004076
 30
0.0
 40
0.9000000000000001
0
HATCH
5
755
100
AcDbEntity
8
Multi-Layer
100
AcDbHatch
10
0
20
0
30
0
210
0
220
0
230
1
2
SOLID
70
1
71
0
91
1
92
7
72
1
73
1
93
2
10
0.05999491998986728
20
83.16002032004076
42
1
10
1.8599949199898675
20
83.16002032004076
42
1
97
1
330

75
0
76
1
47
0.8681437583925616
98
1
10
3.629517071192367
20
33.92795499968543
450
0
451
0
460
0
461
0
452
1
462
1
453
2
463
0
63
5
421
255
463
1
63
7
421
16777215
470
LINEAR
1001
ACAD
1010
0
1020
0
1030
0
  0
CIRCLE
  5
756
330
1F
100
AcDbEntity
  8
TopSolderMaskLayer
100
AcDbCircle
 10
10.959994919989867
 20
79.66014732029475
 30
0.0
 40
0.6169333672000678
  0
CIRCLE
  5
757
330
1F
100
AcDbEntity
  8
TopSolderMaskLayer
100
AcDbCircle
 10
10.959994919989867
 20
79.65989331978665
 30
0.0
 40
0.9254000508001016
0
HATCH
5
758
100
AcDbEntity
8
TopSolderMaskLayer
100
AcDbHatch
10
0
20
0
30
0
210
0
220
0
230
1
2
SOLID
70
1
71
0
91
1
92
7
72
1
73
1
93
2
10
10.034594869189766
20
79.65989331978665
42
1
10
11.885394970789969
20
79.65989331978665
42
1
97
1
330

75
0
76
1
47
0.8681437583925616
98
1
10
3.629517071192367
20
33.92795499968543
450
0
451
0
460
0
461
0
452
1
462
1
453
2
463
0
63
5
421
255
463
1
63
7
421
16777215
470
LINEAR
1001
ACAD
1010
0
1020
0
1030
0
  0
CIRCLE
  5
759
330
1F
100
AcDbEntity
  8
BottomSolderMaskLayer
100
AcDbCircle
 10
10.959994919989867
 20
79.66014732029475
 30
0.0
 40
0.6169333672000678
  0
CIRCLE
  5
75a
330
1F
100
AcDbEntity
  8
BottomSolderMaskLayer
100
AcDbCircle
 10
10.959994919989867
 20
79.65989331978665
 30
0.0
 40
0.9254000508001016
0
HATCH
5
75b
100
AcDbEntity
8
BottomSolderMaskLayer
100
AcDbHatch
10
0
20
0
30
0
210
0
220
0
230
1
2
SOLID
70
1
71
0
91
1
92
7
72
1
73
1
93
2
10
10.034594869189766
20
79.65989331978665
42
1
10
11.885394970789969
20
79.65989331978665
42
1
97
1
330

75
0
76
1
47
0.8681437583925616
98
1
10
3.629517071192367
20
33.92795499968543
450
0
451
0
460
0
461
0
452
1
462
1
453
2
463
0
63
5
421
255
463
1
63
7
421
16777215
470
LINEAR
1001
ACAD
1010
0
1020
0
1030
0
  0
CIRCLE
  5
75c
330
1F
100
AcDbEntity
  8
Multi-Layer
100
AcDbCircle
 10
10.959994919989867
 20
79.66014732029475
 30
0.0
 40
0.6000000000000001
  0
CIRCLE
  5
75d
330
1F
100
AcDbEntity
  8
Multi-Layer
100
AcDbCircle
 10
10.959994919989867
 20
79.65989331978665
 30
0.0
 40
0.9000000000000001
0
HATCH
5
75e
100
AcDbEntity
8
Multi-Layer
100
AcDbHatch
10
0
20
0
30
0
210
0
220
0
230
1
2
SOLID
70
1
71
0
91
1
92
7
72
1
73
1
93
2
10
10.059994919989867
20
79.65989331978665
42
1
10
11.859994919989868
20
79.65989331978665
42
1
97
1
330

75
0
76
1
47
0.8681437583925616
98
1
10
3.629517071192367
20
33.92795499968543
450
0
451
0
460
0
461
0
452
1
462
1
453
2
463
0
63
5
421
255
463
1
63
7
421
16777215
470
LINEAR
1001
ACAD
1010
0
1020
0
1030
0
  0
CIRCLE
  5
75f
330
1F
100
AcDbEntity
  8
TopSolderMaskLayer
100
AcDbCircle
 10
10.959994919989867
 20
74.66014732029475
 30
0.0
 40
0.6169333672000678
  0
CIRCLE
  5
760
330
1F
100
AcDbEntity
  8
TopSolderMaskLayer
100
AcDbCircle
 10
10.959994919989867
 20
74.65989331978676
 30
0.0
 40
0.9254000508001016
0
HATCH
5
761
100
AcDbEntity
8
TopSolderMaskLayer
100
AcDbHatch
10
0
20
0
30
0
210
0
220
0
230
1
2
SOLID
70
1
71
0
91
1
92
7
72
1
73
1
93
2
10
10.034594869189766
20
74.65989331978676
42
1
10
11.885394970789969
20
74.65989331978676
42
1
97
1
330

75
0
76
1
47
0.8681437583925616
98
1
10
3.629517071192367
20
33.92795499968543
450
0
451
0
460
0
461
0
452
1
462
1
453
2
463
0
63
5
421
255
463
1
63
7
421
16777215
470
LINEAR
1001
ACAD
1010
0
1020
0
1030
0
  0
CIRCLE
  5
762
330
1F
100
AcDbEntity
  8
BottomSolderMaskLayer
100
AcDbCircle
 10
10.959994919989867
 20
74.66014732029475
 30
0.0
 40
0.6169333672000678
  0
CIRCLE
  5
763
330
1F
100
AcDbEntity
  8
BottomSolderMaskLayer
100
AcDbCircle
 10
10.959994919989867
 20
74.65989331978676
 30
0.0
 40
0.9254000508001016
0
HATCH
5
764
100
AcDbEntity
8
BottomSolderMaskLayer
100
AcDbHatch
10
0
20
0
30
0
210
0
220
0
230
1
2
SOLID
70
1
71
0
91
1
92
7
72
1
73
1
93
2
10
10.034594869189766
20
74.65989331978676
42
1
10
11.885394970789969
20
74.65989331978676
42
1
97
1
330

75
0
76
1
47
0.8681437583925616
98
1
10
3.629517071192367
20
33.92795499968543
450
0
451
0
460
0
461
0
452
1
462
1
453
2
463
0
63
5
421
255
463
1
63
7
421
16777215
470
LINEAR
1001
ACAD
1010
0
1020
0
1030
0
  0
CIRCLE
  5
765
330
1F
100
AcDbEntity
  8
Multi-Layer
100
AcDbCircle
 10
10.959994919989867
 20
74.66014732029475
 30
0.0
 40
0.6000000000000001
  0
CIRCLE
  5
766
330
1F
100
AcDbEntity
  8
Multi-Layer
100
AcDbCircle
 10
10.959994919989867
 20
74.65989331978676
 30
0.0
 40
0.9000000000000001
0
HATCH
5
767
100
AcDbEntity
8
Multi-Layer
100
AcDbHatch
10
0
20
0
30
0
210
0
220
0
230
1
2
SOLID
70
1
71
0
91
1
92
7
72
1
73
1
93
2
10
10.059994919989867
20
74.65989331978676
42
1
10
11.859994919989868
20
74.65989331978676
42
1
97
1
330

75
0
76
1
47
0.8681437583925616
98
1
10
3.629517071192367
20
33.92795499968543
450
0
451
0
460
0
461
0
452
1
462
1
453
2
463
0
63
5
421
255
463
1
63
7
421
16777215
470
LINEAR
1001
ACAD
1010
0
1020
0
1030
0
  0
CIRCLE
  5
768
330
1F
100
AcDbEntity
  8
TopSolderMaskLayer
100
AcDbCircle
 10
-21.040005080010133
 20
79.16014732029475
 30
0.0
 40
0.6169333672000678
  0
CIRCLE
  5
769
330
1F
100
AcDbEntity
  8
TopSolderMaskLayer
100
AcDbCircle
 10
-21.040005080010133
 20
79.16002032004076
 30
0.0
 40
0.9254000508001016
0
HATCH
5
76a
100
AcDbEntity
8
TopSolderMaskLayer
100
AcDbHatch
10
0
20
0
30
0
210
0
220
0
230
1
2
SOLID
70
1
71
0
91
1
92
7
72
1
73
1
93
2
10
-21.965405130810232
20
79.16002032004076
42
1
10
-20.114605029210033
20
79.16002032004076
42
1
97
1
330

75
0
76
1
47
0.8681437583925616
98
1
10
3.629517071192367
20
33.92795499968543
450
0
451
0
460
0
461
0
452
1
462
1
453
2
463
0
63
5
421
255
463
1
63
7
421
16777215
470
LINEAR
1001
ACAD
1010
0
1020
0
1030
0
  0
CIRCLE
  5
76b
330
1F
100
AcDbEntity
  8
BottomSolderMaskLayer
100
AcDbCircle
 10
-21.040005080010133
 20
79.16014732029475
 30
0.0
 40
0.6169333672000678
  0
CIRCLE
  5
76c
330
1F
100
AcDbEntity
  8
BottomSolderMaskLayer
100
AcDbCircle
 10
-21.040005080010133
 20
79.16002032004076
 30
0.0
 40
0.9254000508001016
0
HATCH
5
76d
100
AcDbEntity
8
BottomSolderMaskLayer
100
AcDbHatch
10
0
20
0
30
0
210
0
220
0
230
1
2
SOLID
70
1
71
0
91
1
92
7
72
1
73
1
93
2
10
-21.965405130810232
20
79.16002032004076
42
1
10
-20.114605029210033
20
79.16002032004076
42
1
97
1
330

75
0
76
1
47
0.8681437583925616
98
1
10
3.629517071192367
20
33.92795499968543
450
0
451
0
460
0
461
0
452
1
462
1
453
2
463
0
63
5
421
255
463
1
63
7
421
16777215
470
LINEAR
1001
ACAD
1010
0
1020
0
1030
0
  0
CIRCLE
  5
76e
330
1F
100
AcDbEntity
  8
Multi-Layer
100
AcDbCircle
 10
-21.040005080010133
 20
79.16014732029475
 30
0.0
 40
0.6000000000000001
  0
CIRCLE
  5
76f
330
1F
100
AcDbEntity
  8
Multi-Layer
100
AcDbCircle
 10
-21.040005080010133
 20
79.16002032004076
 30
0.0
 40
0.9000000000000001
0
HATCH
5
770
100
AcDbEntity
8
Multi-Layer
100
AcDbHatch
10
0
20
0
30
0
210
0
220
0
230
1
2
SOLID
70
1
71
0
91
1
92
7
72
1
73
1
93
2
10
-21.94000508001013
20
79.16002032004076
42
1
10
-20.140005080010134
20
79.16002032004076
42
1
97
1
330

75
0
76
1
47
0.8681437583925616
98
1
10
3.629517071192367
20
33.92795499968543
450
0
451
0
460
0
461
0
452
1
462
1
453
2
463
0
63
5
421
255
463
1
63
7
421
16777215
470
LINEAR
1001
ACAD
1010
0
1020
0
1030
0
  0
CIRCLE
  5
771
330
1F
100
AcDbEntity
  8
TopSolderMaskLayer
100
AcDbCircle
 10
-21.040005080010133
 20
74.16014732029475
 30
0.0
 40
0.6169333672000678
  0
CIRCLE
  5
772
330
1F
100
AcDbEntity
  8
TopSolderMaskLayer
100
AcDbCircle
 10
-21.040005080010133
 20
74.16002032004076
 30
0.0
 40
0.9254000508001016
0
HATCH
5
773
100
AcDbEntity
8
TopSolderMaskLayer
100
AcDbHatch
10
0
20
0
30
0
210
0
220
0
230
1
2
SOLID
70
1
71
0
91
1
92
7
72
1
73
1
93
2
10
-21.965405130810232
20
74.16002032004076
42
1
10
-20.114605029210033
20
74.16002032004076
42
1
97
1
330

75
0
76
1
47
0.8681437583925616
98
1
10
3.629517071192367
20
33.92795499968543
450
0
451
0
460
0
461
0
452
1
462
1
453
2
463
0
63
5
421
255
463
1
63
7
421
16777215
470
LINEAR
1001
ACAD
1010
0
1020
0
1030
0
  0
CIRCLE
  5
774
330
1F
100
AcDbEntity
  8
BottomSolderMaskLayer
100
AcDbCircle
 10
-21.040005080010133
 20
74.16014732029475
 30
0.0
 40
0.6169333672000678
  0
CIRCLE
  5
775
330
1F
100
AcDbEntity
  8
BottomSolderMaskLayer
100
AcDbCircle
 10
-21.040005080010133
 20
74.16002032004076
 30
0.0
 40
0.9254000508001016
0
HATCH
5
776
100
AcDbEntity
8
BottomSolderMaskLayer
100
AcDbHatch
10
0
20
0
30
0
210
0
220
0
230
1
2
SOLID
70
1
71
0
91
1
92
7
72
1
73
1
93
2
10
-21.965405130810232
20
74.16002032004076
42
1
10
-20.114605029210033
20
74.16002032004076
42
1
97
1
330

75
0
76
1
47
0.8681437583925616
98
1
10
3.629517071192367
20
33.92795499968543
450
0
451
0
460
0
461
0
452
1
462
1
453
2
463
0
63
5
421
255
463
1
63
7
421
16777215
470
LINEAR
1001
ACAD
1010
0
1020
0
1030
0
  0
CIRCLE
  5
777
330
1F
100
AcDbEntity
  8
Multi-Layer
100
AcDbCircle
 10
-21.040005080010133
 20
74.16014732029475
 30
0.0
 40
0.6000000000000001
  0
CIRCLE
  5
778
330
1F
100
AcDbEntity
  8
Multi-Layer
100
AcDbCircle
 10
-21.040005080010133
 20
74.16002032004076
 30
0.0
 40
0.9000000000000001
0
HATCH
5
779
100
AcDbEntity
8
Multi-Layer
100
AcDbHatch
10
0
20
0
30
0
210
0
220
0
230
1
2
SOLID
70
1
71
0
91
1
92
7
72
1
73
1
93
2
10
-21.94000508001013
20
74.16002032004076
42
1
10
-20.140005080010134
20
74.16002032004076
42
1
97
1
330

75
0
76
1
47
0.8681437583925616
98
1
10
3.629517071192367
20
33.92795499968543
450
0
451
0
460
0
461
0
452
1
462
1
453
2
463
0
63
5
421
255
463
1
63
7
421
16777215
470
LINEAR
1001
ACAD
1010
0
1020
0
1030
0
  0
CIRCLE
  5
77a
330
1F
100
AcDbEntity
  8
TopSolderMaskLayer
100
AcDbCircle
 10
-2.703708407416798
 20
100.62349504699012
 30
0.0
 40
0.6169333672000678
  0
CIRCLE
  5
77b
330
1F
100
AcDbEntity
  8
TopSolderMaskLayer
100
AcDbCircle
 10
-2.703708407416798
 20
100.62331724663454
 30
0.0
 40
0.9254000508001016
0
HATCH
5
77c
100
AcDbEntity
8
TopSolderMaskLayer
100
AcDbHatch
10
0
20
0
30
0
210
0
220
0
230
1
2
SOLID
70
1
71
0
91
1
92
7
72
1
73
1
93
2
10
-3.6291084582168995
20
100.62331724663454
42
1
10
-1.7783083566166962
20
100.62331724663454
42
1
97
1
330

75
0
76
1
47
0.8681437583925616
98
1
10
3.629517071192367
20
33.92795499968543
450
0
451
0
460
0
461
0
452
1
462
1
453
2
463
0
63
5
421
255
463
1
63
7
421
16777215
470
LINEAR
1001
ACAD
1010
0
1020
0
1030
0
  0
CIRCLE
  5
77d
330
1F
100
AcDbEntity
  8
BottomSolderMaskLayer
100
AcDbCircle
 10
-2.703708407416798
 20
100.62349504699012
 30
0.0
 40
0.6169333672000678
  0
CIRCLE
  5
77e
330
1F
100
AcDbEntity
  8
BottomSolderMaskLayer
100
AcDbCircle
 10
-2.703708407416798
 20
100.62331724663454
 30
0.0
 40
0.9254000508001016
0
HATCH
5
77f
100
AcDbEntity
8
BottomSolderMaskLayer
100
AcDbHatch
10
0
20
0
30
0
210
0
220
0
230
1
2
SOLID
70
1
71
0
91
1
92
7
72
1
73
1
93
2
10
-3.6291084582168995
20
100.62331724663454
42
1
10
-1.7783083566166962
20
100.62331724663454
42
1
97
1
330

75
0
76
1
47
0.8681437583925616
98
1
10
3.629517071192367
20
33.92795499968543
450
0
451
0
460
0
461
0
452
1
462
1
453
2
463
0
63
5
421
255
463
1
63
7
421
16777215
470
LINEAR
1001
ACAD
1010
0
1020
0
1030
0
  0
CIRCLE
  5
780
330
1F
100
AcDbEntity
  8
Multi-Layer
100
AcDbCircle
 10
-2.703708407416798
 20
100.62349504699012
 30
0.0
 40
0.6000000000000001
  0
CIRCLE
  5
781
330
1F
100
AcDbEntity
  8
Multi-Layer
100
AcDbCircle
 10
-2.703708407416798
 20
100.62331724663454
 30
0.0
 40
0.9000000000000001
0
HATCH
5
782
100
AcDbEntity
8
Multi-Layer
100
AcDbHatch
10
0
20
0
30
0
210
0
220
0
230
1
2
SOLID
70
1
71
0
91
1
92
7
72
1
73
1
93
2
10
-3.603708407416798
20
100.62331724663454
42
1
10
-1.8037084074167977
20
100.62331724663454
42
1
97
1
330

75
0
76
1
47
0.8681437583925616
98
1
10
3.629517071192367
20
33.92795499968543
450
0
451
0
460
0
461
0
452
1
462
1
453
2
463
0
63
5
421
255
463
1
63
7
421
16777215
470
LINEAR
1001
ACAD
1010
0
1020
0
1030
0
  0
CIRCLE
  5
783
330
1F
100
AcDbEntity
  8
TopSolderMaskLayer
100
AcDbCircle
 10
2.296291592583202
 20
100.62349504699012
 30
0.0
 40
0.6169333672000678
  0
CIRCLE
  5
784
330
1F
100
AcDbEntity
  8
TopSolderMaskLayer
100
AcDbCircle
 10
2.296291592583202
 20
100.62331724663454
 30
0.0
 40
0.9254000508001016
0
HATCH
5
785
100
AcDbEntity
8
TopSolderMaskLayer
100
AcDbHatch
10
0
20
0
30
0
210
0
220
0
230
1
2
SOLID
70
1
71
0
91
1
92
7
72
1
73
1
93
2
10
1.3708915417831005
20
100.62331724663454
42
1
10
3.221691643383304
20
100.62331724663454
42
1
97
1
330

75
0
76
1
47
0.8681437583925616
98
1
10
3.629517071192367
20
33.92795499968543
450
0
451
0
460
0
461
0
452
1
462
1
453
2
463
0
63
5
421
255
463
1
63
7
421
16777215
470
LINEAR
1001
ACAD
1010
0
1020
0
1030
0
  0
CIRCLE
  5
786
330
1F
100
AcDbEntity
  8
BottomSolderMaskLayer
100
AcDbCircle
 10
2.296291592583202
 20
100.62349504699012
 30
0.0
 40
0.6169333672000678
  0
CIRCLE
  5
787
330
1F
100
AcDbEntity
  8
BottomSolderMaskLayer
100
AcDbCircle
 10
2.296291592583202
 20
100.62331724663454
 30
0.0
 40
0.9254000508001016
0
HATCH
5
788
100
AcDbEntity
8
BottomSolderMaskLayer
100
AcDbHatch
10
0
20
0
30
0
210
0
220
0
230
1
2
SOLID
70
1
71
0
91
1
92
7
72
1
73
1
93
2
10
1.3708915417831005
20
100.62331724663454
42
1
10
3.221691643383304
20
100.62331724663454
42
1
97
1
330

75
0
76
1
47
0.8681437583925616
98
1
10
3.629517071192367
20
33.92795499968543
450
0
451
0
460
0
461
0
452
1
462
1
453
2
463
0
63
5
421
255
463
1
63
7
421
16777215
470
LINEAR
1001
ACAD
1010
0
1020
0
1030
0
  0
CIRCLE
  5
789
330
1F
100
AcDbEntity
  8
Multi-Layer
100
AcDbCircle
 10
2.296291592583202
 20
100.62349504699012
 30
0.0
 40
0.6000000000000001
  0
CIRCLE
  5
78a
330
1F
100
AcDbEntity
  8
Multi-Layer
100
AcDbCircle
 10
2.296291592583202
 20
100.62331724663454
 30
0.0
 40
0.9000000000000001
0
HATCH
5
78b
100
AcDbEntity
8
Multi-Layer
100
AcDbHatch
10
0
20
0
30
0
210
0
220
0
230
1
2
SOLID
70
1
71
0
91
1
92
7
72
1
73
1
93
2
10
1.396291592583202
20
100.62331724663454
42
1
10
3.1962915925832025
20
100.62331724663454
42
1
97
1
330

75
0
76
1
47
0.8681437583925616
98
1
10
3.629517071192367
20
33.92795499968543
450
0
451
0
460
0
461
0
452
1
462
1
453
2
463
0
63
5
421
255
463
1
63
7
421
16777215
470
LINEAR
1001
ACAD
1010
0
1020
0
1030
0
  0
CIRCLE
  5
78c
330
1F
100
AcDbEntity
  8
TopSolderMaskLayer
100
AcDbCircle
 10
-10.540005080010133
 20
69.56002032004073
 30
0.0
 40
0.41428571428571437
  0
CIRCLE
  5
78d
330
1F
100
AcDbEntity
  8
TopSolderMaskLayer
100
AcDbCircle
 10
-10.54013208026413
 20
69.55981711963443
 30
0.0
 40
0.7250000000000001
0
HATCH
5
78e
100
AcDbEntity
8
TopSolderMaskLayer
100
AcDbHatch
10
0
20
0
30
0
210
0
220
0
230
1
2
SOLID
70
1
71
0
91
1
92
7
72
1
73
1
93
2
10
-11.265132080264129
20
69.55981711963443
42
1
10
-9.81513208026413
20
69.55981711963443
42
1
97
1
330

75
0
76
1
47
0.8681437583925616
98
1
10
3.629517071192367
20
33.92795499968543
450
0
451
0
460
0
461
0
452
1
462
1
453
2
463
0
63
5
421
255
463
1
63
7
421
16777215
470
LINEAR
1001
ACAD
1010
0
1020
0
1030
0
  0
CIRCLE
  5
78f
330
1F
100
AcDbEntity
  8
BottomSolderMaskLayer
100
AcDbCircle
 10
-10.540005080010133
 20
69.56002032004073
 30
0.0
 40
0.41428571428571437
  0
CIRCLE
  5
790
330
1F
100
AcDbEntity
  8
BottomSolderMaskLayer
100
AcDbCircle
 10
-10.54013208026413
 20
69.55981711963443
 30
0.0
 40
0.7250000000000001
0
HATCH
5
791
100
AcDbEntity
8
BottomSolderMaskLayer
100
AcDbHatch
10
0
20
0
30
0
210
0
220
0
230
1
2
SOLID
70
1
71
0
91
1
92
7
72
1
73
1
93
2
10
-11.265132080264129
20
69.55981711963443
42
1
10
-9.81513208026413
20
69.55981711963443
42
1
97
1
330

75
0
76
1
47
0.8681437583925616
98
1
10
3.629517071192367
20
33.92795499968543
450
0
451
0
460
0
461
0
452
1
462
1
453
2
463
0
63
5
421
255
463
1
63
7
421
16777215
470
LINEAR
1001
ACAD
1010
0
1020
0
1030
0
  0
CIRCLE
  5
792
330
1F
100
AcDbEntity
  8
Multi-Layer
100
AcDbCircle
 10
-10.540005080010133
 20
69.56002032004073
 30
0.0
 40
0.4
  0
CIRCLE
  5
793
330
1F
100
AcDbEntity
  8
Multi-Layer
100
AcDbCircle
 10
-10.54013208026413
 20
69.55981711963443
 30
0.0
 40
0.7000000000000001
0
HATCH
5
794
100
AcDbEntity
8
Multi-Layer
100
AcDbHatch
10
0
20
0
30
0
210
0
220
0
230
1
2
SOLID
70
1
71
0
91
1
92
7
72
1
73
1
93
2
10
-11.240132080264129
20
69.55981711963443
42
1
10
-9.84013208026413
20
69.55981711963443
42
1
97
1
330

75
0
76
1
47
0.8681437583925616
98
1
10
3.629517071192367
20
33.92795499968543
450
0
451
0
460
0
461
0
452
1
462
1
453
2
463
0
63
5
421
255
463
1
63
7
421
16777215
470
LINEAR
1001
ACAD
1010
0
1020
0
1030
0
  0
CIRCLE
  5
795
330
1F
100
AcDbEntity
  8
TopSolderMaskLayer
100
AcDbCircle
 10
-18.540005080010133
 20
69.56002032004073
 30
0.0
 40
0.41428571428571437
  0
CIRCLE
  5
796
330
1F
100
AcDbEntity
  8
TopSolderMaskLayer
100
AcDbCircle
 10
-18.54013208026413
 20
69.55981711963443
 30
0.0
 40
0.7250000000000001
0
HATCH
5
797
100
AcDbEntity
8
TopSolderMaskLayer
100
AcDbHatch
10
0
20
0
30
0
210
0
220
0
230
1
2
SOLID
70
1
71
0
91
1
92
7
72
1
73
1
93
2
10
-19.26513208026413
20
69.55981711963443
42
1
10
-17.815132080264128
20
69.55981711963443
42
1
97
1
330

75
0
76
1
47
0.8681437583925616
98
1
10
3.629517071192367
20
33.92795499968543
450
0
451
0
460
0
461
0
452
1
462
1
453
2
463
0
63
5
421
255
463
1
63
7
421
16777215
470
LINEAR
1001
ACAD
1010
0
1020
0
1030
0
  0
CIRCLE
  5
798
330
1F
100
AcDbEntity
  8
BottomSolderMaskLayer
100
AcDbCircle
 10
-18.540005080010133
 20
69.56002032004073
 30
0.0
 40
0.41428571428571437
  0
CIRCLE
  5
799
330
1F
100
AcDbEntity
  8
BottomSolderMaskLayer
100
AcDbCircle
 10
-18.54013208026413
 20
69.55981711963443
 30
0.0
 40
0.7250000000000001
0
HATCH
5
79a
100
AcDbEntity
8
BottomSolderMaskLayer
100
AcDbHatch
10
0
20
0
30
0
210
0
220
0
230
1
2
SOLID
70
1
71
0
91
1
92
7
72
1
73
1
93
2
10
-19.26513208026413
20
69.55981711963443
42
1
10
-17.815132080264128
20
69.55981711963443
42
1
97
1
330

75
0
76
1
47
0.8681437583925616
98
1
10
3.629517071192367
20
33.92795499968543
450
0
451
0
460
0
461
0
452
1
462
1
453
2
463
0
63
5
421
255
463
1
63
7
421
16777215
470
LINEAR
1001
ACAD
1010
0
1020
0
1030
0
  0
CIRCLE
  5
79b
330
1F
100
AcDbEntity
  8
Multi-Layer
100
AcDbCircle
 10
-18.540005080010133
 20
69.56002032004073
 30
0.0
 40
0.4
  0
CIRCLE
  5
79c
330
1F
100
AcDbEntity
  8
Multi-Layer
100
AcDbCircle
 10
-18.54013208026413
 20
69.55981711963443
 30
0.0
 40
0.7000000000000001
0
HATCH
5
79d
100
AcDbEntity
8
Multi-Layer
100
AcDbHatch
10
0
20
0
30
0
210
0
220
0
230
1
2
SOLID
70
1
71
0
91
1
92
7
72
1
73
1
93
2
10
-19.24013208026413
20
69.55981711963443
42
1
10
-17.84013208026413
20
69.55981711963443
42
1
97
1
330

75
0
76
1
47
0.8681437583925616
98
1
10
3.629517071192367
20
33.92795499968543
450
0
451
0
460
0
461
0
452
1
462
1
453
2
463
0
63
5
421
255
463
1
63
7
421
16777215
470
LINEAR
1001
ACAD
1010
0
1020
0
1030
0
  0
CIRCLE
  5
7a7
330
1F
100
AcDbEntity
  8
TopSolderMaskLayer
100
AcDbCircle
 10
-12.670002540005044
 20
79.57002794005598
 30
0.0
 40
0.5138924166737222
  0
CIRCLE
  5
7a8
330
1F
100
AcDbEntity
  8
TopSolderMaskLayer
100
AcDbCircle
 10
-12.67018034036073
 20
79.5699771399544
 30
0.0
 40
0.9250063500127002
0
HATCH
5
7a9
100
AcDbEntity
8
TopSolderMaskLayer
100
AcDbHatch
10
0
20
0
30
0
210
0
220
0
230
1
2
SOLID
70
1
71
0
91
1
92
7
72
1
73
1
93
2
10
-13.59518669037343
20
79.5699771399544
42
1
10
-11.74517399034803
20
79.5699771399544
42
1
97
1
330

75
0
76
1
47
0.8681437583925616
98
1
10
3.629517071192367
20
33.92795499968543
450
0
451
0
460
0
461
0
452
1
462
1
453
2
463
0
63
5
421
255
463
1
63
7
421
16777215
470
LINEAR
1001
ACAD
1010
0
1020
0
1030
0
  0
CIRCLE
  5
7aa
330
1F
100
AcDbEntity
  8
BottomSolderMaskLayer
100
AcDbCircle
 10
-12.670002540005044
 20
79.57002794005598
 30
0.0
 40
0.5138924166737222
  0
CIRCLE
  5
7ab
330
1F
100
AcDbEntity
  8
BottomSolderMaskLayer
100
AcDbCircle
 10
-12.67018034036073
 20
79.5699771399544
 30
0.0
 40
0.9250063500127002
0
HATCH
5
7ac
100
AcDbEntity
8
BottomSolderMaskLayer
100
AcDbHatch
10
0
20
0
30
0
210
0
220
0
230
1
2
SOLID
70
1
71
0
91
1
92
7
72
1
73
1
93
2
10
-13.59518669037343
20
79.5699771399544
42
1
10
-11.74517399034803
20
79.5699771399544
42
1
97
1
330

75
0
76
1
47
0.8681437583925616
98
1
10
3.629517071192367
20
33.92795499968543
450
0
451
0
460
0
461
0
452
1
462
1
453
2
463
0
63
5
421
255
463
1
63
7
421
16777215
470
LINEAR
1001
ACAD
1010
0
1020
0
1030
0
  0
CIRCLE
  5
7ad
330
1F
100
AcDbEntity
  8
Multi-Layer
100
AcDbCircle
 10
-12.670002540005044
 20
79.57002794005598
 30
0.0
 40
0.5
  0
CIRCLE
  5
7ae
330
1F
100
AcDbEntity
  8
Multi-Layer
100
AcDbCircle
 10
-12.67018034036073
 20
79.5699771399544
 30
0.0
 40
0.9000000000000001
0
HATCH
5
7af
100
AcDbEntity
8
Multi-Layer
100
AcDbHatch
10
0
20
0
30
0
210
0
220
0
230
1
2
SOLID
70
1
71
0
91
1
92
7
72
1
73
1
93
2
10
-13.57018034036073
20
79.5699771399544
42
1
10
-11.77018034036073
20
79.5699771399544
42
1
97
1
330

75
0
76
1
47
0.8681437583925616
98
1
10
3.629517071192367
20
33.92795499968543
450
0
451
0
460
0
461
0
452
1
462
1
453
2
463
0
63
5
421
255
463
1
63
7
421
16777215
470
LINEAR
1001
ACAD
1010
0
1020
0
1030
0
  0
CIRCLE
  5
7b0
330
1F
100
AcDbEntity
  8
TopSolderMaskLayer
100
AcDbCircle
 10
-15.210007620015176
 20
79.57002794005598
 30
0.0
 40
0.5138924166737222
  0
CIRCLE
  5
7b1
330
1F
100
AcDbEntity
  8
TopSolderMaskLayer
100
AcDbCircle
 10
-15.210185420370863
 20
79.5699771399544
 30
0.0
 40
0.9250063500127002
0
HATCH
5
7b2
100
AcDbEntity
8
TopSolderMaskLayer
100
AcDbHatch
10
0
20
0
30
0
210
0
220
0
230
1
2
SOLID
70
1
71
0
91
1
92
7
72
1
73
1
93
2
10
-16.135191770383564
20
79.5699771399544
42
1
10
-14.285179070358163
20
79.5699771399544
42
1
97
1
330

75
0
76
1
47
0.8681437583925616
98
1
10
3.629517071192367
20
33.92795499968543
450
0
451
0
460
0
461
0
452
1
462
1
453
2
463
0
63
5
421
255
463
1
63
7
421
16777215
470
LINEAR
1001
ACAD
1010
0
1020
0
1030
0
  0
CIRCLE
  5
7b3
330
1F
100
AcDbEntity
  8
BottomSolderMaskLayer
100
AcDbCircle
 10
-15.210007620015176
 20
79.57002794005598
 30
0.0
 40
0.5138924166737222
  0
CIRCLE
  5
7b4
330
1F
100
AcDbEntity
  8
BottomSolderMaskLayer
100
AcDbCircle
 10
-15.210185420370863
 20
79.5699771399544
 30
0.0
 40
0.9250063500127002
0
HATCH
5
7b5
100
AcDbEntity
8
BottomSolderMaskLayer
100
AcDbHatch
10
0
20
0
30
0
210
0
220
0
230
1
2
SOLID
70
1
71
0
91
1
92
7
72
1
73
1
93
2
10
-16.135191770383564
20
79.5699771399544
42
1
10
-14.285179070358163
20
79.5699771399544
42
1
97
1
330

75
0
76
1
47
0.8681437583925616
98
1
10
3.629517071192367
20
33.92795499968543
450
0
451
0
460
0
461
0
452
1
462
1
453
2
463
0
63
5
421
255
463
1
63
7
421
16777215
470
LINEAR
1001
ACAD
1010
0
1020
0
1030
0
  0
CIRCLE
  5
7b6
330
1F
100
AcDbEntity
  8
Multi-Layer
100
AcDbCircle
 10
-15.210007620015176
 20
79.57002794005598
 30
0.0
 40
0.5
  0
CIRCLE
  5
7b7
330
1F
100
AcDbEntity
  8
Multi-Layer
100
AcDbCircle
 10
-15.210185420370863
 20
79.5699771399544
 30
0.0
 40
0.9000000000000001
0
HATCH
5
7b8
100
AcDbEntity
8
Multi-Layer
100
AcDbHatch
10
0
20
0
30
0
210
0
220
0
230
1
2
SOLID
70
1
71
0
91
1
92
7
72
1
73
1
93
2
10
-16.11018542037086
20
79.5699771399544
42
1
10
-14.310185420370862
20
79.5699771399544
42
1
97
1
330

75
0
76
1
47
0.8681437583925616
98
1
10
3.629517071192367
20
33.92795499968543
450
0
451
0
460
0
461
0
452
1
462
1
453
2
463
0
63
5
421
255
463
1
63
7
421
16777215
470
LINEAR
1001
ACAD
1010
0
1020
0
1030
0
  0
CIRCLE
  5
7b9
330
1F
100
AcDbEntity
  8
TopSolderMaskLayer
100
AcDbCircle
 10
-17.75001270002531
 20
79.57002794005598
 30
0.0
 40
0.5138924166737222
  0
CIRCLE
  5
7ba
330
1F
100
AcDbEntity
  8
TopSolderMaskLayer
100
AcDbCircle
 10
-17.750190500380995
 20
79.5699771399544
 30
0.0
 40
0.9250063500127002
0
HATCH
5
7bb
100
AcDbEntity
8
TopSolderMaskLayer
100
AcDbHatch
10
0
20
0
30
0
210
0
220
0
230
1
2
SOLID
70
1
71
0
91
1
92
7
72
1
73
1
93
2
10
-18.675196850393696
20
79.5699771399544
42
1
10
-16.825184150368294
20
79.5699771399544
42
1
97
1
330

75
0
76
1
47
0.8681437583925616
98
1
10
3.629517071192367
20
33.92795499968543
450
0
451
0
460
0
461
0
452
1
462
1
453
2
463
0
63
5
421
255
463
1
63
7
421
16777215
470
LINEAR
1001
ACAD
1010
0
1020
0
1030
0
  0
CIRCLE
  5
7bc
330
1F
100
AcDbEntity
  8
BottomSolderMaskLayer
100
AcDbCircle
 10
-17.75001270002531
 20
79.57002794005598
 30
0.0
 40
0.5138924166737222
  0
CIRCLE
  5
7bd
330
1F
100
AcDbEntity
  8
BottomSolderMaskLayer
100
AcDbCircle
 10
-17.750190500380995
 20
79.5699771399544
 30
0.0
 40
0.9250063500127002
0
HATCH
5
7be
100
AcDbEntity
8
BottomSolderMaskLayer
100
AcDbHatch
10
0
20
0
30
0
210
0
220
0
230
1
2
SOLID
70
1
71
0
91
1
92
7
72
1
73
1
93
2
10
-18.675196850393696
20
79.5699771399544
42
1
10
-16.825184150368294
20
79.5699771399544
42
1
97
1
330

75
0
76
1
47
0.8681437583925616
98
1
10
3.629517071192367
20
33.92795499968543
450
0
451
0
460
0
461
0
452
1
462
1
453
2
463
0
63
5
421
255
463
1
63
7
421
16777215
470
LINEAR
1001
ACAD
1010
0
1020
0
1030
0
  0
CIRCLE
  5
7bf
330
1F
100
AcDbEntity
  8
Multi-Layer
100
AcDbCircle
 10
-17.75001270002531
 20
79.57002794005598
 30
0.0
 40
0.5
  0
CIRCLE
  5
7c0
330
1F
100
AcDbEntity
  8
Multi-Layer
100
AcDbCircle
 10
-17.750190500380995
 20
79.5699771399544
 30
0.0
 40
0.9000000000000001
0
HATCH
5
7c1
100
AcDbEntity
8
Multi-Layer
100
AcDbHatch
10
0
20
0
30
0
210
0
220
0
230
1
2
SOLID
70
1
71
0
91
1
92
7
72
1
73
1
93
2
10
-18.650190500380994
20
79.5699771399544
42
1
10
-16.850190500380997
20
79.5699771399544
42
1
97
1
330

75
0
76
1
47
0.8681437583925616
98
1
10
3.629517071192367
20
33.92795499968543
450
0
451
0
460
0
461
0
452
1
462
1
453
2
463
0
63
5
421
255
463
1
63
7
421
16777215
470
LINEAR
1001
ACAD
1010
0
1020
0
1030
0
  0
CIRCLE
  5
7c2
330
1F
100
AcDbEntity
  8
TopSolderMaskLayer
100
AcDbCircle
 10
-17.75001270002531
 20
71.95001270002547
 30
0.0
 40
0.5138924166737222
  0
CIRCLE
  5
7c3
330
1F
100
AcDbEntity
  8
TopSolderMaskLayer
100
AcDbCircle
 10
-17.750190500380995
 20
71.94996189992389
 30
0.0
 40
0.9250063500127002
0
HATCH
5
7c4
100
AcDbEntity
8
TopSolderMaskLayer
100
AcDbHatch
10
0
20
0
30
0
210
0
220
0
230
1
2
SOLID
70
1
71
0
91
1
92
7
72
1
73
1
93
2
10
-18.675196850393696
20
71.94996189992389
42
1
10
-16.825184150368294
20
71.94996189992389
42
1
97
1
330

75
0
76
1
47
0.8681437583925616
98
1
10
3.629517071192367
20
33.92795499968543
450
0
451
0
460
0
461
0
452
1
462
1
453
2
463
0
63
5
421
255
463
1
63
7
421
16777215
470
LINEAR
1001
ACAD
1010
0
1020
0
1030
0
  0
CIRCLE
  5
7c5
330
1F
100
AcDbEntity
  8
BottomSolderMaskLayer
100
AcDbCircle
 10
-17.75001270002531
 20
71.95001270002547
 30
0.0
 40
0.5138924166737222
  0
CIRCLE
  5
7c6
330
1F
100
AcDbEntity
  8
BottomSolderMaskLayer
100
AcDbCircle
 10
-17.750190500380995
 20
71.94996189992389
 30
0.0
 40
0.9250063500127002
0
HATCH
5
7c7
100
AcDbEntity
8
BottomSolderMaskLayer
100
AcDbHatch
10
0
20
0
30
0
210
0
220
0
230
1
2
SOLID
70
1
71
0
91
1
92
7
72
1
73
1
93
2
10
-18.675196850393696
20
71.94996189992389
42
1
10
-16.825184150368294
20
71.94996189992389
42
1
97
1
330

75
0
76
1
47
0.8681437583925616
98
1
10
3.629517071192367
20
33.92795499968543
450
0
451
0
460
0
461
0
452
1
462
1
453
2
463
0
63
5
421
255
463
1
63
7
421
16777215
470
LINEAR
1001
ACAD
1010
0
1020
0
1030
0
  0
CIRCLE
  5
7c8
330
1F
100
AcDbEntity
  8
Multi-Layer
100
AcDbCircle
 10
-17.75001270002531
 20
71.95001270002547
 30
0.0
 40
0.5
  0
CIRCLE
  5
7c9
330
1F
100
AcDbEntity
  8
Multi-Layer
100
AcDbCircle
 10
-17.750190500380995
 20
71.94996189992389
 30
0.0
 40
0.9000000000000001
0
HATCH
5
7ca
100
AcDbEntity
8
Multi-Layer
100
AcDbHatch
10
0
20
0
30
0
210
0
220
0
230
1
2
SOLID
70
1
71
0
91
1
92
7
72
1
73
1
93
2
10
-18.650190500380994
20
71.94996189992389
42
1
10
-16.850190500380997
20
71.94996189992389
42
1
97
1
330

75
0
76
1
47
0.8681437583925616
98
1
10
3.629517071192367
20
33.92795499968543
450
0
451
0
460
0
461
0
452
1
462
1
453
2
463
0
63
5
421
255
463
1
63
7
421
16777215
470
LINEAR
1001
ACAD
1010
0
1020
0
1030
0
  0
CIRCLE
  5
7cb
330
1F
100
AcDbEntity
  8
TopSolderMaskLayer
100
AcDbCircle
 10
-15.210007620015176
 20
71.95001270002547
 30
0.0
 40
0.5138924166737222
  0
CIRCLE
  5
7cc
330
1F
100
AcDbEntity
  8
TopSolderMaskLayer
100
AcDbCircle
 10
-15.210185420370863
 20
71.94996189992389
 30
0.0
 40
0.9250063500127002
0
HATCH
5
7cd
100
AcDbEntity
8
TopSolderMaskLayer
100
AcDbHatch
10
0
20
0
30
0
210
0
220
0
230
1
2
SOLID
70
1
71
0
91
1
92
7
72
1
73
1
93
2
10
-16.135191770383564
20
71.94996189992389
42
1
10
-14.285179070358163
20
71.94996189992389
42
1
97
1
330

75
0
76
1
47
0.8681437583925616
98
1
10
3.629517071192367
20
33.92795499968543
450
0
451
0
460
0
461
0
452
1
462
1
453
2
463
0
63
5
421
255
463
1
63
7
421
16777215
470
LINEAR
1001
ACAD
1010
0
1020
0
1030
0
  0
CIRCLE
  5
7ce
330
1F
100
AcDbEntity
  8
BottomSolderMaskLayer
100
AcDbCircle
 10
-15.210007620015176
 20
71.95001270002547
 30
0.0
 40
0.5138924166737222
  0
CIRCLE
  5
7cf
330
1F
100
AcDbEntity
  8
BottomSolderMaskLayer
100
AcDbCircle
 10
-15.210185420370863
 20
71.94996189992389
 30
0.0
 40
0.9250063500127002
0
HATCH
5
7d0
100
AcDbEntity
8
BottomSolderMaskLayer
100
AcDbHatch
10
0
20
0
30
0
210
0
220
0
230
1
2
SOLID
70
1
71
0
91
1
92
7
72
1
73
1
93
2
10
-16.135191770383564
20
71.94996189992389
42
1
10
-14.285179070358163
20
71.94996189992389
42
1
97
1
330

75
0
76
1
47
0.8681437583925616
98
1
10
3.629517071192367
20
33.92795499968543
450
0
451
0
460
0
461
0
452
1
462
1
453
2
463
0
63
5
421
255
463
1
63
7
421
16777215
470
LINEAR
1001
ACAD
1010
0
1020
0
1030
0
  0
CIRCLE
  5
7d1
330
1F
100
AcDbEntity
  8
Multi-Layer
100
AcDbCircle
 10
-15.210007620015176
 20
71.95001270002547
 30
0.0
 40
0.5
  0
CIRCLE
  5
7d2
330
1F
100
AcDbEntity
  8
Multi-Layer
100
AcDbCircle
 10
-15.210185420370863
 20
71.94996189992389
 30
0.0
 40
0.9000000000000001
0
HATCH
5
7d3
100
AcDbEntity
8
Multi-Layer
100
AcDbHatch
10
0
20
0
30
0
210
0
220
0
230
1
2
SOLID
70
1
71
0
91
1
92
7
72
1
73
1
93
2
10
-16.11018542037086
20
71.94996189992389
42
1
10
-14.310185420370862
20
71.94996189992389
42
1
97
1
330

75
0
76
1
47
0.8681437583925616
98
1
10
3.629517071192367
20
33.92795499968543
450
0
451
0
460
0
461
0
452
1
462
1
453
2
463
0
63
5
421
255
463
1
63
7
421
16777215
470
LINEAR
1001
ACAD
1010
0
1020
0
1030
0
  0
CIRCLE
  5
7d4
330
1F
100
AcDbEntity
  8
TopSolderMaskLayer
100
AcDbCircle
 10
-12.670002540005044
 20
71.95001270002547
 30
0.0
 40
0.5138924166737222
  0
CIRCLE
  5
7d5
330
1F
100
AcDbEntity
  8
TopSolderMaskLayer
100
AcDbCircle
 10
-12.67018034036073
 20
71.94996189992389
 30
0.0
 40
0.9250063500127002
0
HATCH
5
7d6
100
AcDbEntity
8
TopSolderMaskLayer
100
AcDbHatch
10
0
20
0
30
0
210
0
220
0
230
1
2
SOLID
70
1
71
0
91
1
92
7
72
1
73
1
93
2
10
-13.59518669037343
20
71.94996189992389
42
1
10
-11.74517399034803
20
71.94996189992389
42
1
97
1
330

75
0
76
1
47
0.8681437583925616
98
1
10
3.629517071192367
20
33.92795499968543
450
0
451
0
460
0
461
0
452
1
462
1
453
2
463
0
63
5
421
255
463
1
63
7
421
16777215
470
LINEAR
1001
ACAD
1010
0
1020
0
1030
0
  0
CIRCLE
  5
7d7
330
1F
100
AcDbEntity
  8
BottomSolderMaskLayer
100
AcDbCircle
 10
-12.670002540005044
 20
71.95001270002547
 30
0.0
 40
0.5138924166737222
  0
CIRCLE
  5
7d8
330
1F
100
AcDbEntity
  8
BottomSolderMaskLayer
100
AcDbCircle
 10
-12.67018034036073
 20
71.94996189992389
 30
0.0
 40
0.9250063500127002
0
HATCH
5
7d9
100
AcDbEntity
8
BottomSolderMaskLayer
100
AcDbHatch
10
0
20
0
30
0
210
0
220
0
230
1
2
SOLID
70
1
71
0
91
1
92
7
72
1
73
1
93
2
10
-13.59518669037343
20
71.94996189992389
42
1
10
-11.74517399034803
20
71.94996189992389
42
1
97
1
330

75
0
76
1
47
0.8681437583925616
98
1
10
3.629517071192367
20
33.92795499968543
450
0
451
0
460
0
461
0
452
1
462
1
453
2
463
0
63
5
421
255
463
1
63
7
421
16777215
470
LINEAR
1001
ACAD
1010
0
1020
0
1030
0
  0
CIRCLE
  5
7da
330
1F
100
AcDbEntity
  8
Multi-Layer
100
AcDbCircle
 10
-12.670002540005044
 20
71.95001270002547
 30
0.0
 40
0.5
  0
CIRCLE
  5
7db
330
1F
100
AcDbEntity
  8
Multi-Layer
100
AcDbCircle
 10
-12.67018034036073
 20
71.94996189992389
 30
0.0
 40
0.9000000000000001
0
HATCH
5
7dc
100
AcDbEntity
8
Multi-Layer
100
AcDbHatch
10
0
20
0
30
0
210
0
220
0
230
1
2
SOLID
70
1
71
0
91
1
92
7
72
1
73
1
93
2
10
-13.57018034036073
20
71.94996189992389
42
1
10
-11.77018034036073
20
71.94996189992389
42
1
97
1
330

75
0
76
1
47
0.8681437583925616
98
1
10
3.629517071192367
20
33.92795499968543
450
0
451
0
460
0
461
0
452
1
462
1
453
2
463
0
63
5
421
255
463
1
63
7
421
16777215
470
LINEAR
1001
ACAD
1010
0
1020
0
1030
0
  0
CIRCLE
  5
7dd
330
1F
100
AcDbEntity
  8
TopSolderMaskLayer
100
AcDbCircle
 10
-10.129997459994911
 20
71.95001270002547
 30
0.0
 40
0.5138924166737222
  0
CIRCLE
  5
7de
330
1F
100
AcDbEntity
  8
TopSolderMaskLayer
100
AcDbCircle
 10
-10.13017526035037
 20
71.94996189992389
 30
0.0
 40
0.9250063500127002
0
HATCH
5
7df
100
AcDbEntity
8
TopSolderMaskLayer
100
AcDbHatch
10
0
20
0
30
0
210
0
220
0
230
1
2
SOLID
70
1
71
0
91
1
92
7
72
1
73
1
93
2
10
-11.05518161036307
20
71.94996189992389
42
1
10
-9.20516891033767
20
71.94996189992389
42
1
97
1
330

75
0
76
1
47
0.8681437583925616
98
1
10
3.629517071192367
20
33.92795499968543
450
0
451
0
460
0
461
0
452
1
462
1
453
2
463
0
63
5
421
255
463
1
63
7
421
16777215
470
LINEAR
1001
ACAD
1010
0
1020
0
1030
0
  0
CIRCLE
  5
7e0
330
1F
100
AcDbEntity
  8
BottomSolderMaskLayer
100
AcDbCircle
 10
-10.129997459994911
 20
71.95001270002547
 30
0.0
 40
0.5138924166737222
  0
CIRCLE
  5
7e1
330
1F
100
AcDbEntity
  8
BottomSolderMaskLayer
100
AcDbCircle
 10
-10.13017526035037
 20
71.94996189992389
 30
0.0
 40
0.9250063500127002
0
HATCH
5
7e2
100
AcDbEntity
8
BottomSolderMaskLayer
100
AcDbHatch
10
0
20
0
30
0
210
0
220
0
230
1
2
SOLID
70
1
71
0
91
1
92
7
72
1
73
1
93
2
10
-11.05518161036307
20
71.94996189992389
42
1
10
-9.20516891033767
20
71.94996189992389
42
1
97
1
330

75
0
76
1
47
0.8681437583925616
98
1
10
3.629517071192367
20
33.92795499968543
450
0
451
0
460
0
461
0
452
1
462
1
453
2
463
0
63
5
421
255
463
1
63
7
421
16777215
470
LINEAR
1001
ACAD
1010
0
1020
0
1030
0
  0
CIRCLE
  5
7e3
330
1F
100
AcDbEntity
  8
Multi-Layer
100
AcDbCircle
 10
-10.129997459994911
 20
71.95001270002547
 30
0.0
 40
0.5
  0
CIRCLE
  5
7e4
330
1F
100
AcDbEntity
  8
Multi-Layer
100
AcDbCircle
 10
-10.13017526035037
 20
71.94996189992389
 30
0.0
 40
0.9000000000000001
0
HATCH
5
7e5
100
AcDbEntity
8
Multi-Layer
100
AcDbHatch
10
0
20
0
30
0
210
0
220
0
230
1
2
SOLID
70
1
71
0
91
1
92
7
72
1
73
1
93
2
10
-11.03017526035037
20
71.94996189992389
42
1
10
-9.23017526035037
20
71.94996189992389
42
1
97
1
330

75
0
76
1
47
0.8681437583925616
98
1
10
3.629517071192367
20
33.92795499968543
450
0
451
0
460
0
461
0
452
1
462
1
453
2
463
0
63
5
421
255
463
1
63
7
421
16777215
470
LINEAR
1001
ACAD
1010
0
1020
0
1030
0
  0
CIRCLE
  5
7e6
330
1F
100
AcDbEntity
  8
TopSolderMaskLayer
100
AcDbCircle
 10
-13.040005080010133
 20
114.16002032004076
 30
0.0
 40
0.3659264092721734
  0
CIRCLE
  5
7e7
330
1F
100
AcDbEntity
  8
TopSolderMaskLayer
100
AcDbCircle
 10
-13.040005080010133
 20
114.16002032004076
 30
0.0
 40
0.5750063500127001
0
HATCH
5
7e8
100
AcDbEntity
8
TopSolderMaskLayer
100
AcDbHatch
10
0
20
0
30
0
210
0
220
0
230
1
2
SOLID
70
1
71
0
91
1
92
7
72
1
73
1
93
2
10
-13.615011430022832
20
114.16002032004076
42
1
10
-12.464998729997433
20
114.16002032004076
42
1
97
1
330

75
0
76
1
47
0.8681437583925616
98
1
10
3.629517071192367
20
33.92795499968543
450
0
451
0
460
0
461
0
452
1
462
1
453
2
463
0
63
5
421
255
463
1
63
7
421
16777215
470
LINEAR
1001
ACAD
1010
0
1020
0
1030
0
  0
CIRCLE
  5
7e9
330
1F
100
AcDbEntity
  8
BottomSolderMaskLayer
100
AcDbCircle
 10
-13.040005080010133
 20
114.16002032004076
 30
0.0
 40
0.3659264092721734
  0
CIRCLE
  5
7ea
330
1F
100
AcDbEntity
  8
BottomSolderMaskLayer
100
AcDbCircle
 10
-13.040005080010133
 20
114.16002032004076
 30
0.0
 40
0.5750063500127001
0
HATCH
5
7eb
100
AcDbEntity
8
BottomSolderMaskLayer
100
AcDbHatch
10
0
20
0
30
0
210
0
220
0
230
1
2
SOLID
70
1
71
0
91
1
92
7
72
1
73
1
93
2
10
-13.615011430022832
20
114.16002032004076
42
1
10
-12.464998729997433
20
114.16002032004076
42
1
97
1
330

75
0
76
1
47
0.8681437583925616
98
1
10
3.629517071192367
20
33.92795499968543
450
0
451
0
460
0
461
0
452
1
462
1
453
2
463
0
63
5
421
255
463
1
63
7
421
16777215
470
LINEAR
1001
ACAD
1010
0
1020
0
1030
0
  0
CIRCLE
  5
7ec
330
1F
100
AcDbEntity
  8
Multi-Layer
100
AcDbCircle
 10
-13.040005080010133
 20
114.16002032004076
 30
0.0
 40
0.3500127000254001
  0
CIRCLE
  5
7ed
330
1F
100
AcDbEntity
  8
Multi-Layer
100
AcDbCircle
 10
-13.040005080010133
 20
114.16002032004076
 30
0.0
 40
0.55
0
HATCH
5
7ee
100
AcDbEntity
8
Multi-Layer
100
AcDbHatch
10
0
20
0
30
0
210
0
220
0
230
1
2
SOLID
70
1
71
0
91
1
92
7
72
1
73
1
93
2
10
-13.590005080010133
20
114.16002032004076
42
1
10
-12.490005080010132
20
114.16002032004076
42
1
97
1
330

75
0
76
1
47
0.8681437583925616
98
1
10
3.629517071192367
20
33.92795499968543
450
0
451
0
460
0
461
0
452
1
462
1
453
2
463
0
63
5
421
255
463
1
63
7
421
16777215
470
LINEAR
1001
ACAD
1010
0
1020
0
1030
0
  0
CIRCLE
  5
7ef
330
1F
100
AcDbEntity
  8
TopSolderMaskLayer
100
AcDbCircle
 10
-11.040005080010133
 20
114.16002032004076
 30
0.0
 40
0.3659264092721734
  0
CIRCLE
  5
7f0
330
1F
100
AcDbEntity
  8
TopSolderMaskLayer
100
AcDbCircle
 10
-11.040005080010133
 20
114.16002032004076
 30
0.0
 40
0.5750063500127001
0
HATCH
5
7f1
100
AcDbEntity
8
TopSolderMaskLayer
100
AcDbHatch
10
0
20
0
30
0
210
0
220
0
230
1
2
SOLID
70
1
71
0
91
1
92
7
72
1
73
1
93
2
10
-11.615011430022832
20
114.16002032004076
42
1
10
-10.464998729997433
20
114.16002032004076
42
1
97
1
330

75
0
76
1
47
0.8681437583925616
98
1
10
3.629517071192367
20
33.92795499968543
450
0
451
0
460
0
461
0
452
1
462
1
453
2
463
0
63
5
421
255
463
1
63
7
421
16777215
470
LINEAR
1001
ACAD
1010
0
1020
0
1030
0
  0
CIRCLE
  5
7f2
330
1F
100
AcDbEntity
  8
BottomSolderMaskLayer
100
AcDbCircle
 10
-11.040005080010133
 20
114.16002032004076
 30
0.0
 40
0.3659264092721734
  0
CIRCLE
  5
7f3
330
1F
100
AcDbEntity
  8
BottomSolderMaskLayer
100
AcDbCircle
 10
-11.040005080010133
 20
114.16002032004076
 30
0.0
 40
0.5750063500127001
0
HATCH
5
7f4
100
AcDbEntity
8
BottomSolderMaskLayer
100
AcDbHatch
10
0
20
0
30
0
210
0
220
0
230
1
2
SOLID
70
1
71
0
91
1
92
7
72
1
73
1
93
2
10
-11.615011430022832
20
114.16002032004076
42
1
10
-10.464998729997433
20
114.16002032004076
42
1
97
1
330

75
0
76
1
47
0.8681437583925616
98
1
10
3.629517071192367
20
33.92795499968543
450
0
451
0
460
0
461
0
452
1
462
1
453
2
463
0
63
5
421
255
463
1
63
7
421
16777215
470
LINEAR
1001
ACAD
1010
0
1020
0
1030
0
  0
CIRCLE
  5
7f5
330
1F
100
AcDbEntity
  8
Multi-Layer
100
AcDbCircle
 10
-11.040005080010133
 20
114.16002032004076
 30
0.0
 40
0.3500127000254001
  0
CIRCLE
  5
7f6
330
1F
100
AcDbEntity
  8
Multi-Layer
100
AcDbCircle
 10
-11.040005080010133
 20
114.16002032004076
 30
0.0
 40
0.55
0
HATCH
5
7f7
100
AcDbEntity
8
Multi-Layer
100
AcDbHatch
10
0
20
0
30
0
210
0
220
0
230
1
2
SOLID
70
1
71
0
91
1
92
7
72
1
73
1
93
2
10
-11.590005080010133
20
114.16002032004076
42
1
10
-10.490005080010132
20
114.16002032004076
42
1
97
1
330

75
0
76
1
47
0.8681437583925616
98
1
10
3.629517071192367
20
33.92795499968543
450
0
451
0
460
0
461
0
452
1
462
1
453
2
463
0
63
5
421
255
463
1
63
7
421
16777215
470
LINEAR
1001
ACAD
1010
0
1020
0
1030
0
  0
CIRCLE
  5
7f8
330
1F
100
AcDbEntity
  8
TopSolderMaskLayer
100
AcDbCircle
 10
-7.540005080010133
 20
114.16002032004076
 30
0.0
 40
0.3659264092721734
  0
CIRCLE
  5
7f9
330
1F
100
AcDbEntity
  8
TopSolderMaskLayer
100
AcDbCircle
 10
-7.540132080264129
 20
114.16002032004076
 30
0.0
 40
0.5750063500127001
0
HATCH
5
7fa
100
AcDbEntity
8
TopSolderMaskLayer
100
AcDbHatch
10
0
20
0
30
0
210
0
220
0
230
1
2
SOLID
70
1
71
0
91
1
92
7
72
1
73
1
93
2
10
-8.11513843027683
20
114.16002032004076
42
1
10
-6.96512573025143
20
114.16002032004076
42
1
97
1
330

75
0
76
1
47
0.8681437583925616
98
1
10
3.629517071192367
20
33.92795499968543
450
0
451
0
460
0
461
0
452
1
462
1
453
2
463
0
63
5
421
255
463
1
63
7
421
16777215
470
LINEAR
1001
ACAD
1010
0
1020
0
1030
0
  0
CIRCLE
  5
7fb
330
1F
100
AcDbEntity
  8
BottomSolderMaskLayer
100
AcDbCircle
 10
-7.540005080010133
 20
114.16002032004076
 30
0.0
 40
0.3659264092721734
  0
CIRCLE
  5
7fc
330
1F
100
AcDbEntity
  8
BottomSolderMaskLayer
100
AcDbCircle
 10
-7.540132080264129
 20
114.16002032004076
 30
0.0
 40
0.5750063500127001
0
HATCH
5
7fd
100
AcDbEntity
8
BottomSolderMaskLayer
100
AcDbHatch
10
0
20
0
30
0
210
0
220
0
230
1
2
SOLID
70
1
71
0
91
1
92
7
72
1
73
1
93
2
10
-8.11513843027683
20
114.16002032004076
42
1
10
-6.96512573025143
20
114.16002032004076
42
1
97
1
330

75
0
76
1
47
0.8681437583925616
98
1
10
3.629517071192367
20
33.92795499968543
450
0
451
0
460
0
461
0
452
1
462
1
453
2
463
0
63
5
421
255
463
1
63
7
421
16777215
470
LINEAR
1001
ACAD
1010
0
1020
0
1030
0
  0
CIRCLE
  5
7fe
330
1F
100
AcDbEntity
  8
Multi-Layer
100
AcDbCircle
 10
-7.540005080010133
 20
114.16002032004076
 30
0.0
 40
0.3500127000254001
  0
CIRCLE
  5
7ff
330
1F
100
AcDbEntity
  8
Multi-Layer
100
AcDbCircle
 10
-7.540132080264129
 20
114.16002032004076
 30
0.0
 40
0.55
0
HATCH
5
800
100
AcDbEntity
8
Multi-Layer
100
AcDbHatch
10
0
20
0
30
0
210
0
220
0
230
1
2
SOLID
70
1
71
0
91
1
92
7
72
1
73
1
93
2
10
-8.09013208026413
20
114.16002032004076
42
1
10
-6.99013208026413
20
114.16002032004076
42
1
97
1
330

75
0
76
1
47
0.8681437583925616
98
1
10
3.629517071192367
20
33.92795499968543
450
0
451
0
460
0
461
0
452
1
462
1
453
2
463
0
63
5
421
255
463
1
63
7
421
16777215
470
LINEAR
1001
ACAD
1010
0
1020
0
1030
0
  0
CIRCLE
  5
801
330
1F
100
AcDbEntity
  8
TopSolderMaskLayer
100
AcDbCircle
 10
-5.540005080010133
 20
114.16002032004076
 30
0.0
 40
0.3659264092721734
  0
CIRCLE
  5
802
330
1F
100
AcDbEntity
  8
TopSolderMaskLayer
100
AcDbCircle
 10
-5.540132080264129
 20
114.16002032004076
 30
0.0
 40
0.5750063500127001
0
HATCH
5
803
100
AcDbEntity
8
TopSolderMaskLayer
100
AcDbHatch
10
0
20
0
30
0
210
0
220
0
230
1
2
SOLID
70
1
71
0
91
1
92
7
72
1
73
1
93
2
10
-6.115138430276829
20
114.16002032004076
42
1
10
-4.96512573025143
20
114.16002032004076
42
1
97
1
330

75
0
76
1
47
0.8681437583925616
98
1
10
3.629517071192367
20
33.92795499968543
450
0
451
0
460
0
461
0
452
1
462
1
453
2
463
0
63
5
421
255
463
1
63
7
421
16777215
470
LINEAR
1001
ACAD
1010
0
1020
0
1030
0
  0
CIRCLE
  5
804
330
1F
100
AcDbEntity
  8
BottomSolderMaskLayer
100
AcDbCircle
 10
-5.540005080010133
 20
114.16002032004076
 30
0.0
 40
0.3659264092721734
  0
CIRCLE
  5
805
330
1F
100
AcDbEntity
  8
BottomSolderMaskLayer
100
AcDbCircle
 10
-5.540132080264129
 20
114.16002032004076
 30
0.0
 40
0.5750063500127001
0
HATCH
5
806
100
AcDbEntity
8
BottomSolderMaskLayer
100
AcDbHatch
10
0
20
0
30
0
210
0
220
0
230
1
2
SOLID
70
1
71
0
91
1
92
7
72
1
73
1
93
2
10
-6.115138430276829
20
114.16002032004076
42
1
10
-4.96512573025143
20
114.16002032004076
42
1
97
1
330

75
0
76
1
47
0.8681437583925616
98
1
10
3.629517071192367
20
33.92795499968543
450
0
451
0
460
0
461
0
452
1
462
1
453
2
463
0
63
5
421
255
463
1
63
7
421
16777215
470
LINEAR
1001
ACAD
1010
0
1020
0
1030
0
  0
CIRCLE
  5
807
330
1F
100
AcDbEntity
  8
Multi-Layer
100
AcDbCircle
 10
-5.540005080010133
 20
114.16002032004076
 30
0.0
 40
0.3500127000254001
  0
CIRCLE
  5
808
330
1F
100
AcDbEntity
  8
Multi-Layer
100
AcDbCircle
 10
-5.540132080264129
 20
114.16002032004076
 30
0.0
 40
0.55
0
HATCH
5
809
100
AcDbEntity
8
Multi-Layer
100
AcDbHatch
10
0
20
0
30
0
210
0
220
0
230
1
2
SOLID
70
1
71
0
91
1
92
7
72
1
73
1
93
2
10
-6.090132080264129
20
114.16002032004076
42
1
10
-4.99013208026413
20
114.16002032004076
42
1
97
1
330

75
0
76
1
47
0.8681437583925616
98
1
10
3.629517071192367
20
33.92795499968543
450
0
451
0
460
0
461
0
452
1
462
1
453
2
463
0
63
5
421
255
463
1
63
7
421
16777215
470
LINEAR
1001
ACAD
1010
0
1020
0
1030
0
  0
CIRCLE
  5
80a
330
1F
100
AcDbEntity
  8
TopSolderMaskLayer
100
AcDbCircle
 10
-0.040005080009905214
 20
114.16002032004076
 30
0.0
 40
0.3659264092721734
  0
CIRCLE
  5
80b
330
1F
100
AcDbEntity
  8
TopSolderMaskLayer
100
AcDbCircle
 10
-0.040005080009905214
 20
114.16002032004076
 30
0.0
 40
0.5750063500127001
0
HATCH
5
80c
100
AcDbEntity
8
TopSolderMaskLayer
100
AcDbHatch
10
0
20
0
30
0
210
0
220
0
230
1
2
SOLID
70
1
71
0
91
1
92
7
72
1
73
1
93
2
10
-0.6150114300226053
20
114.16002032004076
42
1
10
0.5350012700027948
20
114.16002032004076
42
1
97
1
330

75
0
76
1
47
0.8681437583925616
98
1
10
3.629517071192367
20
33.92795499968543
450
0
451
0
460
0
461
0
452
1
462
1
453
2
463
0
63
5
421
255
463
1
63
7
421
16777215
470
LINEAR
1001
ACAD
1010
0
1020
0
1030
0
  0
CIRCLE
  5
80d
330
1F
100
AcDbEntity
  8
BottomSolderMaskLayer
100
AcDbCircle
 10
-0.040005080009905214
 20
114.16002032004076
 30
0.0
 40
0.3659264092721734
  0
CIRCLE
  5
80e
330
1F
100
AcDbEntity
  8
BottomSolderMaskLayer
100
AcDbCircle
 10
-0.040005080009905214
 20
114.16002032004076
 30
0.0
 40
0.5750063500127001
0
HATCH
5
80f
100
AcDbEntity
8
BottomSolderMaskLayer
100
AcDbHatch
10
0
20
0
30
0
210
0
220
0
230
1
2
SOLID
70
1
71
0
91
1
92
7
72
1
73
1
93
2
10
-0.6150114300226053
20
114.16002032004076
42
1
10
0.5350012700027948
20
114.16002032004076
42
1
97
1
330

75
0
76
1
47
0.8681437583925616
98
1
10
3.629517071192367
20
33.92795499968543
450
0
451
0
460
0
461
0
452
1
462
1
453
2
463
0
63
5
421
255
463
1
63
7
421
16777215
470
LINEAR
1001
ACAD
1010
0
1020
0
1030
0
  0
CIRCLE
  5
810
330
1F
100
AcDbEntity
  8
Multi-Layer
100
AcDbCircle
 10
-0.040005080009905214
 20
114.16002032004076
 30
0.0
 40
0.3500127000254001
  0
CIRCLE
  5
811
330
1F
100
AcDbEntity
  8
Multi-Layer
100
AcDbCircle
 10
-0.040005080009905214
 20
114.16002032004076
 30
0.0
 40
0.55
0
HATCH
5
812
100
AcDbEntity
8
Multi-Layer
100
AcDbHatch
10
0
20
0
30
0
210
0
220
0
230
1
2
SOLID
70
1
71
0
91
1
92
7
72
1
73
1
93
2
10
-0.5900050800099053
20
114.16002032004076
42
1
10
0.5099949199900948
20
114.16002032004076
42
1
97
1
330

75
0
76
1
47
0.8681437583925616
98
1
10
3.629517071192367
20
33.92795499968543
450
0
451
0
460
0
461
0
452
1
462
1
453
2
463
0
63
5
421
255
463
1
63
7
421
16777215
470
LINEAR
1001
ACAD
1010
0
1020
0
1030
0
  0
CIRCLE
  5
813
330
1F
100
AcDbEntity
  8
TopSolderMaskLayer
100
AcDbCircle
 10
-2.0400050800101326
 20
114.16002032004076
 30
0.0
 40
0.3659264092721734
  0
CIRCLE
  5
814
330
1F
100
AcDbEntity
  8
TopSolderMaskLayer
100
AcDbCircle
 10
-2.0400050800101326
 20
114.16002032004076
 30
0.0
 40
0.5750063500127001
0
HATCH
5
815
100
AcDbEntity
8
TopSolderMaskLayer
100
AcDbHatch
10
0
20
0
30
0
210
0
220
0
230
1
2
SOLID
70
1
71
0
91
1
92
7
72
1
73
1
93
2
10
-2.6150114300228324
20
114.16002032004076
42
1
10
-1.4649987299974325
20
114.16002032004076
42
1
97
1
330

75
0
76
1
47
0.8681437583925616
98
1
10
3.629517071192367
20
33.92795499968543
450
0
451
0
460
0
461
0
452
1
462
1
453
2
463
0
63
5
421
255
463
1
63
7
421
16777215
470
LINEAR
1001
ACAD
1010
0
1020
0
1030
0
  0
CIRCLE
  5
816
330
1F
100
AcDbEntity
  8
BottomSolderMaskLayer
100
AcDbCircle
 10
-2.0400050800101326
 20
114.16002032004076
 30
0.0
 40
0.3659264092721734
  0
CIRCLE
  5
817
330
1F
100
AcDbEntity
  8
BottomSolderMaskLayer
100
AcDbCircle
 10
-2.0400050800101326
 20
114.16002032004076
 30
0.0
 40
0.5750063500127001
0
HATCH
5
818
100
AcDbEntity
8
BottomSolderMaskLayer
100
AcDbHatch
10
0
20
0
30
0
210
0
220
0
230
1
2
SOLID
70
1
71
0
91
1
92
7
72
1
73
1
93
2
10
-2.6150114300228324
20
114.16002032004076
42
1
10
-1.4649987299974325
20
114.16002032004076
42
1
97
1
330

75
0
76
1
47
0.8681437583925616
98
1
10
3.629517071192367
20
33.92795499968543
450
0
451
0
460
0
461
0
452
1
462
1
453
2
463
0
63
5
421
255
463
1
63
7
421
16777215
470
LINEAR
1001
ACAD
1010
0
1020
0
1030
0
  0
CIRCLE
  5
819
330
1F
100
AcDbEntity
  8
Multi-Layer
100
AcDbCircle
 10
-2.0400050800101326
 20
114.16002032004076
 30
0.0
 40
0.3500127000254001
  0
CIRCLE
  5
81a
330
1F
100
AcDbEntity
  8
Multi-Layer
100
AcDbCircle
 10
-2.0400050800101326
 20
114.16002032004076
 30
0.0
 40
0.55
0
HATCH
5
81b
100
AcDbEntity
8
Multi-Layer
100
AcDbHatch
10
0
20
0
30
0
210
0
220
0
230
1
2
SOLID
70
1
71
0
91
1
92
7
72
1
73
1
93
2
10
-2.5900050800101324
20
114.16002032004076
42
1
10
-1.4900050800101325
20
114.16002032004076
42
1
97
1
330

75
0
76
1
47
0.8681437583925616
98
1
10
3.629517071192367
20
33.92795499968543
450
0
451
0
460
0
461
0
452
1
462
1
453
2
463
0
63
5
421
255
463
1
63
7
421
16777215
470
LINEAR
1001
ACAD
1010
0
1020
0
1030
0
  0
CIRCLE
  5
81c
330
1F
100
AcDbEntity
  8
TopSolderMaskLayer
100
AcDbCircle
 10
-2.7700025400049526
 20
69.16002032004076
 30
0.0
 40
0.4722009144018289
  0
CIRCLE
  5
81d
330
1F
100
AcDbEntity
  8
TopSolderMaskLayer
100
AcDbCircle
 10
-2.7700025400049526
 20
69.16002032004076
 30
0.0
 40
0.7870015240030481
0
HATCH
5
81e
100
AcDbEntity
8
TopSolderMaskLayer
100
AcDbHatch
10
0
20
0
30
0
210
0
220
0
230
1
2
SOLID
70
1
71
0
91
1
92
7
72
1
73
1
93
2
10
-3.5570040640080007
20
69.16002032004076
42
1
10
-1.9830010160019045
20
69.16002032004076
42
1
97
1
330

75
0
76
1
47
0.8681437583925616
98
1
10
3.629517071192367
20
33.92795499968543
450
0
451
0
460
0
461
0
452
1
462
1
453
2
463
0
63
5
421
255
463
1
63
7
421
16777215
470
LINEAR
1001
ACAD
1010
0
1020
0
1030
0
  0
CIRCLE
  5
81f
330
1F
100
AcDbEntity
  8
BottomSolderMaskLayer
100
AcDbCircle
 10
-2.7700025400049526
 20
69.16002032004076
 30
0.0
 40
0.4722009144018289
  0
CIRCLE
  5
820
330
1F
100
AcDbEntity
  8
BottomSolderMaskLayer
100
AcDbCircle
 10
-2.7700025400049526
 20
69.16002032004076
 30
0.0
 40
0.7870015240030481
0
HATCH
5
821
100
AcDbEntity
8
BottomSolderMaskLayer
100
AcDbHatch
10
0
20
0
30
0
210
0
220
0
230
1
2
SOLID
70
1
71
0
91
1
92
7
72
1
73
1
93
2
10
-3.5570040640080007
20
69.16002032004076
42
1
10
-1.9830010160019045
20
69.16002032004076
42
1
97
1
330

75
0
76
1
47
0.8681437583925616
98
1
10
3.629517071192367
20
33.92795499968543
450
0
451
0
460
0
461
0
452
1
462
1
453
2
463
0
63
5
421
255
463
1
63
7
421
16777215
470
LINEAR
1001
ACAD
1010
0
1020
0
1030
0
  0
CIRCLE
  5
822
330
1F
100
AcDbEntity
  8
Multi-Layer
100
AcDbCircle
 10
-2.7700025400049526
 20
69.16002032004076
 30
0.0
 40
0.45720091440182886
  0
CIRCLE
  5
823
330
1F
100
AcDbEntity
  8
Multi-Layer
100
AcDbCircle
 10
-2.7700025400049526
 20
69.16002032004076
 30
0.0
 40
0.7620015240030481
0
HATCH
5
824
100
AcDbEntity
8
Multi-Layer
100
AcDbHatch
10
0
20
0
30
0
210
0
220
0
230
1
2
SOLID
70
1
71
0
91
1
92
7
72
1
73
1
93
2
10
-3.532004064008001
20
69.16002032004076
42
1
10
-2.0080010160019044
20
69.16002032004076
42
1
97
1
330

75
0
76
1
47
0.8681437583925616
98
1
10
3.629517071192367
20
33.92795499968543
450
0
451
0
460
0
461
0
452
1
462
1
453
2
463
0
63
5
421
255
463
1
63
7
421
16777215
470
LINEAR
1001
ACAD
1010
0
1020
0
1030
0
  0
CIRCLE
  5
825
330
1F
100
AcDbEntity
  8
TopSolderMaskLayer
100
AcDbCircle
 10
-5.310007620015313
 20
69.16002032004076
 30
0.0
 40
0.4722009144018289
  0
CIRCLE
  5
826
330
1F
100
AcDbEntity
  8
TopSolderMaskLayer
100
AcDbCircle
 10
-5.310007620015313
 20
69.16002032004076
 30
0.0
 40
0.7870015240030481
0
HATCH
5
827
100
AcDbEntity
8
TopSolderMaskLayer
100
AcDbHatch
10
0
20
0
30
0
210
0
220
0
230
1
2
SOLID
70
1
71
0
91
1
92
7
72
1
73
1
93
2
10
-6.097009144018361
20
69.16002032004076
42
1
10
-4.523006096012264
20
69.16002032004076
42
1
97
1
330

75
0
76
1
47
0.8681437583925616
98
1
10
3.629517071192367
20
33.92795499968543
450
0
451
0
460
0
461
0
452
1
462
1
453
2
463
0
63
5
421
255
463
1
63
7
421
16777215
470
LINEAR
1001
ACAD
1010
0
1020
0
1030
0
  0
CIRCLE
  5
828
330
1F
100
AcDbEntity
  8
BottomSolderMaskLayer
100
AcDbCircle
 10
-5.310007620015313
 20
69.16002032004076
 30
0.0
 40
0.4722009144018289
  0
CIRCLE
  5
829
330
1F
100
AcDbEntity
  8
BottomSolderMaskLayer
100
AcDbCircle
 10
-5.310007620015313
 20
69.16002032004076
 30
0.0
 40
0.7870015240030481
0
HATCH
5
82a
100
AcDbEntity
8
BottomSolderMaskLayer
100
AcDbHatch
10
0
20
0
30
0
210
0
220
0
230
1
2
SOLID
70
1
71
0
91
1
92
7
72
1
73
1
93
2
10
-6.097009144018361
20
69.16002032004076
42
1
10
-4.523006096012264
20
69.16002032004076
42
1
97
1
330

75
0
76
1
47
0.8681437583925616
98
1
10
3.629517071192367
20
33.92795499968543
450
0
451
0
460
0
461
0
452
1
462
1
453
2
463
0
63
5
421
255
463
1
63
7
421
16777215
470
LINEAR
1001
ACAD
1010
0
1020
0
1030
0
  0
CIRCLE
  5
82b
330
1F
100
AcDbEntity
  8
Multi-Layer
100
AcDbCircle
 10
-5.310007620015313
 20
69.16002032004076
 30
0.0
 40
0.45720091440182886
  0
CIRCLE
  5
82c
330
1F
100
AcDbEntity
  8
Multi-Layer
100
AcDbCircle
 10
-5.310007620015313
 20
69.16002032004076
 30
0.0
 40
0.7620015240030481
0
HATCH
5
82d
100
AcDbEntity
8
Multi-Layer
100
AcDbHatch
10
0
20
0
30
0
210
0
220
0
230
1
2
SOLID
70
1
71
0
91
1
92
7
72
1
73
1
93
2
10
-6.07200914401836
20
69.16002032004076
42
1
10
-4.548006096012265
20
69.16002032004076
42
1
97
1
330

75
0
76
1
47
0.8681437583925616
98
1
10
3.629517071192367
20
33.92795499968543
450
0
451
0
460
0
461
0
452
1
462
1
453
2
463
0
63
5
421
255
463
1
63
7
421
16777215
470
LINEAR
1001
ACAD
1010
0
1020
0
1030
0
  0
CIRCLE
  5
82e
330
1F
100
AcDbEntity
  8
TopSolderMaskLayer
100
AcDbCircle
 10
-18.87000254000509
 20
82.16002032004076
 30
0.0
 40
0.4722009144018289
  0
CIRCLE
  5
82f
330
1F
100
AcDbEntity
  8
TopSolderMaskLayer
100
AcDbCircle
 10
-18.870078740157396
 20
82.16002032004076
 30
0.0
 40
0.7870015240030481
0
HATCH
5
830
100
AcDbEntity
8
TopSolderMaskLayer
100
AcDbHatch
10
0
20
0
30
0
210
0
220
0
230
1
2
SOLID
70
1
71
0
91
1
92
7
72
1
73
1
93
2
10
-19.657080264160445
20
82.16002032004076
42
1
10
-18.083077216154347
20
82.16002032004076
42
1
97
1
330

75
0
76
1
47
0.8681437583925616
98
1
10
3.629517071192367
20
33.92795499968543
450
0
451
0
460
0
461
0
452
1
462
1
453
2
463
0
63
5
421
255
463
1
63
7
421
16777215
470
LINEAR
1001
ACAD
1010
0
1020
0
1030
0
  0
CIRCLE
  5
831
330
1F
100
AcDbEntity
  8
BottomSolderMaskLayer
100
AcDbCircle
 10
-18.87000254000509
 20
82.16002032004076
 30
0.0
 40
0.4722009144018289
  0
CIRCLE
  5
832
330
1F
100
AcDbEntity
  8
BottomSolderMaskLayer
100
AcDbCircle
 10
-18.870078740157396
 20
82.16002032004076
 30
0.0
 40
0.7870015240030481
0
HATCH
5
833
100
AcDbEntity
8
BottomSolderMaskLayer
100
AcDbHatch
10
0
20
0
30
0
210
0
220
0
230
1
2
SOLID
70
1
71
0
91
1
92
7
72
1
73
1
93
2
10
-19.657080264160445
20
82.16002032004076
42
1
10
-18.083077216154347
20
82.16002032004076
42
1
97
1
330

75
0
76
1
47
0.8681437583925616
98
1
10
3.629517071192367
20
33.92795499968543
450
0
451
0
460
0
461
0
452
1
462
1
453
2
463
0
63
5
421
255
463
1
63
7
421
16777215
470
LINEAR
1001
ACAD
1010
0
1020
0
1030
0
  0
CIRCLE
  5
834
330
1F
100
AcDbEntity
  8
Multi-Layer
100
AcDbCircle
 10
-18.87000254000509
 20
82.16002032004076
 30
0.0
 40
0.45720091440182886
  0
CIRCLE
  5
835
330
1F
100
AcDbEntity
  8
Multi-Layer
100
AcDbCircle
 10
-18.870078740157396
 20
82.16002032004076
 30
0.0
 40
0.7620015240030481
0
HATCH
5
836
100
AcDbEntity
8
Multi-Layer
100
AcDbHatch
10
0
20
0
30
0
210
0
220
0
230
1
2
SOLID
70
1
71
0
91
1
92
7
72
1
73
1
93
2
10
-19.632080264160443
20
82.16002032004076
42
1
10
-18.10807721615435
20
82.16002032004076
42
1
97
1
330

75
0
76
1
47
0.8681437583925616
98
1
10
3.629517071192367
20
33.92795499968543
450
0
451
0
460
0
461
0
452
1
462
1
453
2
463
0
63
5
421
255
463
1
63
7
421
16777215
470
LINEAR
1001
ACAD
1010
0
1020
0
1030
0
  0
CIRCLE
  5
837
330
1F
100
AcDbEntity
  8
TopSolderMaskLayer
100
AcDbCircle
 10
-21.41000762001522
 20
82.16002032004076
 30
0.0
 40
0.4722009144018289
  0
CIRCLE
  5
838
330
1F
100
AcDbEntity
  8
TopSolderMaskLayer
100
AcDbCircle
 10
-21.410083820167642
 20
82.16002032004076
 30
0.0
 40
0.7870015240030481
0
HATCH
5
839
100
AcDbEntity
8
TopSolderMaskLayer
100
AcDbHatch
10
0
20
0
30
0
210
0
220
0
230
1
2
SOLID
70
1
71
0
91
1
92
7
72
1
73
1
93
2
10
-22.19708534417069
20
82.16002032004076
42
1
10
-20.623082296164593
20
82.16002032004076
42
1
97
1
330

75
0
76
1
47
0.8681437583925616
98
1
10
3.629517071192367
20
33.92795499968543
450
0
451
0
460
0
461
0
452
1
462
1
453
2
463
0
63
5
421
255
463
1
63
7
421
16777215
470
LINEAR
1001
ACAD
1010
0
1020
0
1030
0
  0
CIRCLE
  5
83a
330
1F
100
AcDbEntity
  8
BottomSolderMaskLayer
100
AcDbCircle
 10
-21.41000762001522
 20
82.16002032004076
 30
0.0
 40
0.4722009144018289
  0
CIRCLE
  5
83b
330
1F
100
AcDbEntity
  8
BottomSolderMaskLayer
100
AcDbCircle
 10
-21.410083820167642
 20
82.16002032004076
 30
0.0
 40
0.7870015240030481
0
HATCH
5
83c
100
AcDbEntity
8
BottomSolderMaskLayer
100
AcDbHatch
10
0
20
0
30
0
210
0
220
0
230
1
2
SOLID
70
1
71
0
91
1
92
7
72
1
73
1
93
2
10
-22.19708534417069
20
82.16002032004076
42
1
10
-20.623082296164593
20
82.16002032004076
42
1
97
1
330

75
0
76
1
47
0.8681437583925616
98
1
10
3.629517071192367
20
33.92795499968543
450
0
451
0
460
0
461
0
452
1
462
1
453
2
463
0
63
5
421
255
463
1
63
7
421
16777215
470
LINEAR
1001
ACAD
1010
0
1020
0
1030
0
  0
CIRCLE
  5
83d
330
1F
100
AcDbEntity
  8
Multi-Layer
100
AcDbCircle
 10
-21.41000762001522
 20
82.16002032004076
 30
0.0
 40
0.45720091440182886
  0
CIRCLE
  5
83e
330
1F
100
AcDbEntity
  8
Multi-Layer
100
AcDbCircle
 10
-21.410083820167642
 20
82.16002032004076
 30
0.0
 40
0.7620015240030481
0
HATCH
5
83f
100
AcDbEntity
8
Multi-Layer
100
AcDbHatch
10
0
20
0
30
0
210
0
220
0
230
1
2
SOLID
70
1
71
0
91
1
92
7
72
1
73
1
93
2
10
-22.17208534417069
20
82.16002032004076
42
1
10
-20.648082296164596
20
82.16002032004076
42
1
97
1
330

75
0
76
1
47
0.8681437583925616
98
1
10
3.629517071192367
20
33.92795499968543
450
0
451
0
460
0
461
0
452
1
462
1
453
2
463
0
63
5
421
255
463
1
63
7
421
16777215
470
LINEAR
1001
ACAD
1010
0
1020
0
1030
0
  0
CIRCLE
  5
8c7
330
1F
100
AcDbEntity
  8
TopSolderMaskLayer
100
AcDbCircle
 10
10.459994919989867
 20
112.43002286004582
 30
0.0
 40
0.5655353117157847
  0
CIRCLE
  5
8c8
330
1F
100
AcDbEntity
  8
TopSolderMaskLayer
100
AcDbCircle
 10
10.460121920243864
 20
112.43002286004582
 30
0.0
 40
0.9254000508001016
0
HATCH
5
8c9
100
AcDbEntity
8
TopSolderMaskLayer
100
AcDbHatch
10
0
20
0
30
0
210
0
220
0
230
1
2
SOLID
70
1
71
0
91
1
92
7
72
1
73
1
93
2
10
9.534721869443763
20
112.43002286004582
42
1
10
11.385521971043966
20
112.43002286004582
42
1
97
1
330

75
0
76
1
47
0.8681437583925616
98
1
10
3.629517071192367
20
33.92795499968543
450
0
451
0
460
0
461
0
452
1
462
1
453
2
463
0
63
5
421
255
463
1
63
7
421
16777215
470
LINEAR
1001
ACAD
1010
0
1020
0
1030
0
  0
CIRCLE
  5
8ca
330
1F
100
AcDbEntity
  8
BottomSolderMaskLayer
100
AcDbCircle
 10
10.459994919989867
 20
112.43002286004582
 30
0.0
 40
0.5655353117157847
  0
CIRCLE
  5
8cb
330
1F
100
AcDbEntity
  8
BottomSolderMaskLayer
100
AcDbCircle
 10
10.460121920243864
 20
112.43002286004582
 30
0.0
 40
0.9254000508001016
0
HATCH
5
8cc
100
AcDbEntity
8
BottomSolderMaskLayer
100
AcDbHatch
10
0
20
0
30
0
210
0
220
0
230
1
2
SOLID
70
1
71
0
91
1
92
7
72
1
73
1
93
2
10
9.534721869443763
20
112.43002286004582
42
1
10
11.385521971043966
20
112.43002286004582
42
1
97
1
330

75
0
76
1
47
0.8681437583925616
98
1
10
3.629517071192367
20
33.92795499968543
450
0
451
0
460
0
461
0
452
1
462
1
453
2
463
0
63
5
421
255
463
1
63
7
421
16777215
470
LINEAR
1001
ACAD
1010
0
1020
0
1030
0
  0
CIRCLE
  5
8cd
330
1F
100
AcDbEntity
  8
Multi-Layer
100
AcDbCircle
 10
10.459994919989867
 20
112.43002286004582
 30
0.0
 40
0.5500127000254001
  0
CIRCLE
  5
8ce
330
1F
100
AcDbEntity
  8
Multi-Layer
100
AcDbCircle
 10
10.460121920243864
 20
112.43002286004582
 30
0.0
 40
0.9000000000000001
0
HATCH
5
8cf
100
AcDbEntity
8
Multi-Layer
100
AcDbHatch
10
0
20
0
30
0
210
0
220
0
230
1
2
SOLID
70
1
71
0
91
1
92
7
72
1
73
1
93
2
10
9.560121920243864
20
112.43002286004582
42
1
10
11.360121920243865
20
112.43002286004582
42
1
97
1
330

75
0
76
1
47
0.8681437583925616
98
1
10
3.629517071192367
20
33.92795499968543
450
0
451
0
460
0
461
0
452
1
462
1
453
2
463
0
63
5
421
255
463
1
63
7
421
16777215
470
LINEAR
1001
ACAD
1010
0
1020
0
1030
0
  0
CIRCLE
  5
8d9
330
1F
100
AcDbEntity
  8
TopSolderMaskLayer
100
AcDbCircle
 10
6.170002540005044
 20
11.828016256032583
 30
0.0
 40
0.46501312335958017
  0
CIRCLE
  5
8da
330
1F
100
AcDbEntity
  8
TopSolderMaskLayer
100
AcDbCircle
 10
6.170053340106733
 20
11.828041656083315
 30
0.0
 40
0.7874015748031498
0
HATCH
5
8db
100
AcDbEntity
8
TopSolderMaskLayer
100
AcDbHatch
10
0
20
0
30
0
210
0
220
0
230
1
2
SOLID
70
1
71
0
91
1
92
7
72
1
73
1
93
2
10
5.382651765303583
20
11.828041656083315
42
1
10
6.957454914909883
20
11.828041656083315
42
1
97
1
330

75
0
76
1
47
0.8681437583925616
98
1
10
3.629517071192367
20
33.92795499968543
450
0
451
0
460
0
461
0
452
1
462
1
453
2
463
0
63
5
421
255
463
1
63
7
421
16777215
470
LINEAR
1001
ACAD
1010
0
1020
0
1030
0
  0
CIRCLE
  5
8dc
330
1F
100
AcDbEntity
  8
BottomSolderMaskLayer
100
AcDbCircle
 10
6.170002540005044
 20
11.828016256032583
 30
0.0
 40
0.46501312335958017
  0
CIRCLE
  5
8dd
330
1F
100
AcDbEntity
  8
BottomSolderMaskLayer
100
AcDbCircle
 10
6.170053340106733
 20
11.828041656083315
 30
0.0
 40
0.7874015748031498
0
HATCH
5
8de
100
AcDbEntity
8
BottomSolderMaskLayer
100
AcDbHatch
10
0
20
0
30
0
210
0
220
0
230
1
2
SOLID
70
1
71
0
91
1
92
7
72
1
73
1
93
2
10
5.382651765303583
20
11.828041656083315
42
1
10
6.957454914909883
20
11.828041656083315
42
1
97
1
330

75
0
76
1
47
0.8681437583925616
98
1
10
3.629517071192367
20
33.92795499968543
450
0
451
0
460
0
461
0
452
1
462
1
453
2
463
0
63
5
421
255
463
1
63
7
421
16777215
470
LINEAR
1001
ACAD
1010
0
1020
0
1030
0
  0
CIRCLE
  5
8df
330
1F
100
AcDbEntity
  8
Multi-Layer
100
AcDbCircle
 10
6.170002540005044
 20
11.828016256032583
 30
0.0
 40
0.4500127000254001
  0
CIRCLE
  5
8e0
330
1F
100
AcDbEntity
  8
Multi-Layer
100
AcDbCircle
 10
6.170053340106733
 20
11.828041656083315
 30
0.0
 40
0.7620015240030481
0
HATCH
5
8e1
100
AcDbEntity
8
Multi-Layer
100
AcDbHatch
10
0
20
0
30
0
210
0
220
0
230
1
2
SOLID
70
1
71
0
91
1
92
7
72
1
73
1
93
2
10
5.4080518161036855
20
11.828041656083315
42
1
10
6.932054864109781
20
11.828041656083315
42
1
97
1
330

75
0
76
1
47
0.8681437583925616
98
1
10
3.629517071192367
20
33.92795499968543
450
0
451
0
460
0
461
0
452
1
462
1
453
2
463
0
63
5
421
255
463
1
63
7
421
16777215
470
LINEAR
1001
ACAD
1010
0
1020
0
1030
0
  0
CIRCLE
  5
8e2
330
1F
100
AcDbEntity
  8
TopSolderMaskLayer
100
AcDbCircle
 10
6.170002540005044
 20
3.8280162560325834
 30
0.0
 40
0.46501312335958017
  0
CIRCLE
  5
8e3
330
1F
100
AcDbEntity
  8
TopSolderMaskLayer
100
AcDbCircle
 10
6.170053340106733
 20
3.8280416560834283
 30
0.0
 40
0.7874015748031498
0
HATCH
5
8e4
100
AcDbEntity
8
TopSolderMaskLayer
100
AcDbHatch
10
0
20
0
30
0
210
0
220
0
230
1
2
SOLID
70
1
71
0
91
1
92
7
72
1
73
1
93
2
10
5.382651765303583
20
3.8280416560834283
42
1
10
6.957454914909883
20
3.8280416560834283
42
1
97
1
330

75
0
76
1
47
0.8681437583925616
98
1
10
3.629517071192367
20
33.92795499968543
450
0
451
0
460
0
461
0
452
1
462
1
453
2
463
0
63
5
421
255
463
1
63
7
421
16777215
470
LINEAR
1001
ACAD
1010
0
1020
0
1030
0
  0
CIRCLE
  5
8e5
330
1F
100
AcDbEntity
  8
BottomSolderMaskLayer
100
AcDbCircle
 10
6.170002540005044
 20
3.8280162560325834
 30
0.0
 40
0.46501312335958017
  0
CIRCLE
  5
8e6
330
1F
100
AcDbEntity
  8
BottomSolderMaskLayer
100
AcDbCircle
 10
6.170053340106733
 20
3.8280416560834283
 30
0.0
 40
0.7874015748031498
0
HATCH
5
8e7
100
AcDbEntity
8
BottomSolderMaskLayer
100
AcDbHatch
10
0
20
0
30
0
210
0
220
0
230
1
2
SOLID
70
1
71
0
91
1
92
7
72
1
73
1
93
2
10
5.382651765303583
20
3.8280416560834283
42
1
10
6.957454914909883
20
3.8280416560834283
42
1
97
1
330

75
0
76
1
47
0.8681437583925616
98
1
10
3.629517071192367
20
33.92795499968543
450
0
451
0
460
0
461
0
452
1
462
1
453
2
463
0
63
5
421
255
463
1
63
7
421
16777215
470
LINEAR
1001
ACAD
1010
0
1020
0
1030
0
  0
CIRCLE
  5
8e8
330
1F
100
AcDbEntity
  8
Multi-Layer
100
AcDbCircle
 10
6.170002540005044
 20
3.8280162560325834
 30
0.0
 40
0.4500127000254001
  0
CIRCLE
  5
8e9
330
1F
100
AcDbEntity
  8
Multi-Layer
100
AcDbCircle
 10
6.170053340106733
 20
3.8280416560834283
 30
0.0
 40
0.7620015240030481
0
HATCH
5
8ea
100
AcDbEntity
8
Multi-Layer
100
AcDbHatch
10
0
20
0
30
0
210
0
220
0
230
1
2
SOLID
70
1
71
0
91
1
92
7
72
1
73
1
93
2
10
5.4080518161036855
20
3.8280416560834283
42
1
10
6.932054864109781
20
3.8280416560834283
42
1
97
1
330

75
0
76
1
47
0.8681437583925616
98
1
10
3.629517071192367
20
33.92795499968543
450
0
451
0
460
0
461
0
452
1
462
1
453
2
463
0
63
5
421
255
463
1
63
7
421
16777215
470
LINEAR
1001
ACAD
1010
0
1020
0
1030
0
  0
CIRCLE
  5
8f4
330
1F
100
AcDbEntity
  8
TopSolderMaskLayer
100
AcDbCircle
 10
-20.54000508001002
 20
115.16002032004076
 30
0.0
 40
0.5661936530704181
  0
CIRCLE
  5
8f5
330
1F
100
AcDbEntity
  8
TopSolderMaskLayer
100
AcDbCircle
 10
-20.54013208026413
 20
115.16002032004076
 30
0.0
 40
0.8750063500127
0
HATCH
5
8f6
100
AcDbEntity
8
TopSolderMaskLayer
100
AcDbHatch
10
0
20
0
30
0
210
0
220
0
230
1
2
SOLID
70
1
71
0
91
1
92
7
72
1
73
1
93
2
10
-21.41513843027683
20
115.16002032004076
42
1
10
-19.66512573025143
20
115.16002032004076
42
1
97
1
330

75
0
76
1
47
0.8681437583925616
98
1
10
3.629517071192367
20
33.92795499968543
450
0
451
0
460
0
461
0
452
1
462
1
453
2
463
0
63
5
421
255
463
1
63
7
421
16777215
470
LINEAR
1001
ACAD
1010
0
1020
0
1030
0
  0
CIRCLE
  5
8f7
330
1F
100
AcDbEntity
  8
BottomSolderMaskLayer
100
AcDbCircle
 10
-20.54000508001002
 20
115.16002032004076
 30
0.0
 40
0.5661936530704181
  0
CIRCLE
  5
8f8
330
1F
100
AcDbEntity
  8
BottomSolderMaskLayer
100
AcDbCircle
 10
-20.54013208026413
 20
115.16002032004076
 30
0.0
 40
0.8750063500127
0
HATCH
5
8f9
100
AcDbEntity
8
BottomSolderMaskLayer
100
AcDbHatch
10
0
20
0
30
0
210
0
220
0
230
1
2
SOLID
70
1
71
0
91
1
92
7
72
1
73
1
93
2
10
-21.41513843027683
20
115.16002032004076
42
1
10
-19.66512573025143
20
115.16002032004076
42
1
97
1
330

75
0
76
1
47
0.8681437583925616
98
1
10
3.629517071192367
20
33.92795499968543
450
0
451
0
460
0
461
0
452
1
462
1
453
2
463
0
63
5
421
255
463
1
63
7
421
16777215
470
LINEAR
1001
ACAD
1010
0
1020
0
1030
0
  0
CIRCLE
  5
8fa
330
1F
100
AcDbEntity
  8
Multi-Layer
100
AcDbCircle
 10
-20.54000508001002
 20
115.16002032004076
 30
0.0
 40
0.5500127000254001
  0
CIRCLE
  5
8fb
330
1F
100
AcDbEntity
  8
Multi-Layer
100
AcDbCircle
 10
-20.54013208026413
 20
115.16002032004076
 30
0.0
 40
0.8500000000000001
0
HATCH
5
8fc
100
AcDbEntity
8
Multi-Layer
100
AcDbHatch
10
0
20
0
30
0
210
0
220
0
230
1
2
SOLID
70
1
71
0
91
1
92
7
72
1
73
1
93
2
10
-21.39013208026413
20
115.16002032004076
42
1
10
-19.690132080264128
20
115.16002032004076
42
1
97
1
330

75
0
76
1
47
0.8681437583925616
98
1
10
3.629517071192367
20
33.92795499968543
450
0
451
0
460
0
461
0
452
1
462
1
453
2
463
0
63
5
421
255
463
1
63
7
421
16777215
470
LINEAR
1001
ACAD
1010
0
1020
0
1030
0
  0
CIRCLE
  5
8fd
330
1F
100
AcDbEntity
  8
TopSolderMaskLayer
100
AcDbCircle
 10
-20.54000508001002
 20
112.62001524003063
 30
0.0
 40
0.5661936530704181
  0
CIRCLE
  5
8fe
330
1F
100
AcDbEntity
  8
TopSolderMaskLayer
100
AcDbCircle
 10
-20.54013208026413
 20
112.62001524003063
 30
0.0
 40
0.8750063500127
0
HATCH
5
8ff
100
AcDbEntity
8
TopSolderMaskLayer
100
AcDbHatch
10
0
20
0
30
0
210
0
220
0
230
1
2
SOLID
70
1
71
0
91
1
92
7
72
1
73
1
93
2
10
-21.41513843027683
20
112.62001524003063
42
1
10
-19.66512573025143
20
112.62001524003063
42
1
97
1
330

75
0
76
1
47
0.8681437583925616
98
1
10
3.629517071192367
20
33.92795499968543
450
0
451
0
460
0
461
0
452
1
462
1
453
2
463
0
63
5
421
255
463
1
63
7
421
16777215
470
LINEAR
1001
ACAD
1010
0
1020
0
1030
0
  0
CIRCLE
  5
900
330
1F
100
AcDbEntity
  8
BottomSolderMaskLayer
100
AcDbCircle
 10
-20.54000508001002
 20
112.62001524003063
 30
0.0
 40
0.5661936530704181
  0
CIRCLE
  5
901
330
1F
100
AcDbEntity
  8
BottomSolderMaskLayer
100
AcDbCircle
 10
-20.54013208026413
 20
112.62001524003063
 30
0.0
 40
0.8750063500127
0
HATCH
5
902
100
AcDbEntity
8
BottomSolderMaskLayer
100
AcDbHatch
10
0
20
0
30
0
210
0
220
0
230
1
2
SOLID
70
1
71
0
91
1
92
7
72
1
73
1
93
2
10
-21.41513843027683
20
112.62001524003063
42
1
10
-19.66512573025143
20
112.62001524003063
42
1
97
1
330

75
0
76
1
47
0.8681437583925616
98
1
10
3.629517071192367
20
33.92795499968543
450
0
451
0
460
0
461
0
452
1
462
1
453
2
463
0
63
5
421
255
463
1
63
7
421
16777215
470
LINEAR
1001
ACAD
1010
0
1020
0
1030
0
  0
CIRCLE
  5
903
330
1F
100
AcDbEntity
  8
Multi-Layer
100
AcDbCircle
 10
-20.54000508001002
 20
112.62001524003063
 30
0.0
 40
0.5500127000254001
  0
CIRCLE
  5
904
330
1F
100
AcDbEntity
  8
Multi-Layer
100
AcDbCircle
 10
-20.54013208026413
 20
112.62001524003063
 30
0.0
 40
0.8500000000000001
0
HATCH
5
905
100
AcDbEntity
8
Multi-Layer
100
AcDbHatch
10
0
20
0
30
0
210
0
220
0
230
1
2
SOLID
70
1
71
0
91
1
92
7
72
1
73
1
93
2
10
-21.39013208026413
20
112.62001524003063
42
1
10
-19.690132080264128
20
112.62001524003063
42
1
97
1
330

75
0
76
1
47
0.8681437583925616
98
1
10
3.629517071192367
20
33.92795499968543
450
0
451
0
460
0
461
0
452
1
462
1
453
2
463
0
63
5
421
255
463
1
63
7
421
16777215
470
LINEAR
1001
ACAD
1010
0
1020
0
1030
0
  0
CIRCLE
  5
906
330
1F
100
AcDbEntity
  8
TopSolderMaskLayer
100
AcDbCircle
 10
-16.470027940055843
 20
111.74909829819671
 30
0.0
 40
0.4643006318270701
  0
CIRCLE
  5
907
330
1F
100
AcDbEntity
  8
TopSolderMaskLayer
100
AcDbCircle
 10
-16.470027940055843
 20
111.74904749809502
 30
0.0
 40
0.8254000508001016
0
HATCH
5
908
100
AcDbEntity
8
TopSolderMaskLayer
100
AcDbHatch
10
0
20
0
30
0
210
0
220
0
230
1
2
SOLID
70
1
71
0
91
1
92
7
72
1
73
1
93
2
10
-17.295427990855945
20
111.74904749809502
42
1
10
-15.64462788925574
20
111.74904749809502
42
1
97
1
330

75
0
76
1
47
0.8681437583925616
98
1
10
3.629517071192367
20
33.92795499968543
450
0
451
0
460
0
461
0
452
1
462
1
453
2
463
0
63
5
421
255
463
1
63
7
421
16777215
470
LINEAR
1001
ACAD
1010
0
1020
0
1030
0
  0
CIRCLE
  5
909
330
1F
100
AcDbEntity
  8
BottomSolderMaskLayer
100
AcDbCircle
 10
-16.470027940055843
 20
111.74909829819671
 30
0.0
 40
0.4643006318270701
  0
CIRCLE
  5
90a
330
1F
100
AcDbEntity
  8
BottomSolderMaskLayer
100
AcDbCircle
 10
-16.470027940055843
 20
111.74904749809502
 30
0.0
 40
0.8254000508001016
0
HATCH
5
90b
100
AcDbEntity
8
BottomSolderMaskLayer
100
AcDbHatch
10
0
20
0
30
0
210
0
220
0
230
1
2
SOLID
70
1
71
0
91
1
92
7
72
1
73
1
93
2
10
-17.295427990855945
20
111.74904749809502
42
1
10
-15.64462788925574
20
111.74904749809502
42
1
97
1
330

75
0
76
1
47
0.8681437583925616
98
1
10
3.629517071192367
20
33.92795499968543
450
0
451
0
460
0
461
0
452
1
462
1
453
2
463
0
63
5
421
255
463
1
63
7
421
16777215
470
LINEAR
1001
ACAD
1010
0
1020
0
1030
0
  0
CIRCLE
  5
90c
330
1F
100
AcDbEntity
  8
Multi-Layer
100
AcDbCircle
 10
-16.470027940055843
 20
111.74909829819671
 30
0.0
 40
0.4500127000254001
  0
CIRCLE
  5
90d
330
1F
100
AcDbEntity
  8
Multi-Layer
100
AcDbCircle
 10
-16.470027940055843
 20
111.74904749809502
 30
0.0
 40
0.8
0
HATCH
5
90e
100
AcDbEntity
8
Multi-Layer
100
AcDbHatch
10
0
20
0
30
0
210
0
220
0
230
1
2
SOLID
70
1
71
0
91
1
92
7
72
1
73
1
93
2
10
-17.270027940055844
20
111.74904749809502
42
1
10
-15.670027940055842
20
111.74904749809502
42
1
97
1
330

75
0
76
1
47
0.8681437583925616
98
1
10
3.629517071192367
20
33.92795499968543
450
0
451
0
460
0
461
0
452
1
462
1
453
2
463
0
63
5
421
255
463
1
63
7
421
16777215
470
LINEAR
1001
ACAD
1010
0
1020
0
1030
0
  0
CIRCLE
  5
90f
330
1F
100
AcDbEntity
  8
TopSolderMaskLayer
100
AcDbCircle
 10
-16.470027940055843
 20
109.20909321818647
 30
0.0
 40
0.4643006318270701
  0
CIRCLE
  5
910
330
1F
100
AcDbEntity
  8
TopSolderMaskLayer
100
AcDbCircle
 10
-16.470027940055843
 20
109.20904241808489
 30
0.0
 40
0.8254000508001016
0
HATCH
5
911
100
AcDbEntity
8
TopSolderMaskLayer
100
AcDbHatch
10
0
20
0
30
0
210
0
220
0
230
1
2
SOLID
70
1
71
0
91
1
92
7
72
1
73
1
93
2
10
-17.295427990855945
20
109.20904241808489
42
1
10
-15.64462788925574
20
109.20904241808489
42
1
97
1
330

75
0
76
1
47
0.8681437583925616
98
1
10
3.629517071192367
20
33.92795499968543
450
0
451
0
460
0
461
0
452
1
462
1
453
2
463
0
63
5
421
255
463
1
63
7
421
16777215
470
LINEAR
1001
ACAD
1010
0
1020
0
1030
0
  0
CIRCLE
  5
912
330
1F
100
AcDbEntity
  8
BottomSolderMaskLayer
100
AcDbCircle
 10
-16.470027940055843
 20
109.20909321818647
 30
0.0
 40
0.4643006318270701
  0
CIRCLE
  5
913
330
1F
100
AcDbEntity
  8
BottomSolderMaskLayer
100
AcDbCircle
 10
-16.470027940055843
 20
109.20904241808489
 30
0.0
 40
0.8254000508001016
0
HATCH
5
914
100
AcDbEntity
8
BottomSolderMaskLayer
100
AcDbHatch
10
0
20
0
30
0
210
0
220
0
230
1
2
SOLID
70
1
71
0
91
1
92
7
72
1
73
1
93
2
10
-17.295427990855945
20
109.20904241808489
42
1
10
-15.64462788925574
20
109.20904241808489
42
1
97
1
330

75
0
76
1
47
0.8681437583925616
98
1
10
3.629517071192367
20
33.92795499968543
450
0
451
0
460
0
461
0
452
1
462
1
453
2
463
0
63
5
421
255
463
1
63
7
421
16777215
470
LINEAR
1001
ACAD
1010
0
1020
0
1030
0
  0
CIRCLE
  5
915
330
1F
100
AcDbEntity
  8
Multi-Layer
100
AcDbCircle
 10
-16.470027940055843
 20
109.20909321818647
 30
0.0
 40
0.4500127000254001
  0
CIRCLE
  5
916
330
1F
100
AcDbEntity
  8
Multi-Layer
100
AcDbCircle
 10
-16.470027940055843
 20
109.20904241808489
 30
0.0
 40
0.8
0
HATCH
5
917
100
AcDbEntity
8
Multi-Layer
100
AcDbHatch
10
0
20
0
30
0
210
0
220
0
230
1
2
SOLID
70
1
71
0
91
1
92
7
72
1
73
1
93
2
10
-17.270027940055844
20
109.20904241808489
42
1
10
-15.670027940055842
20
109.20904241808489
42
1
97
1
330

75
0
76
1
47
0.8681437583925616
98
1
10
3.629517071192367
20
33.92795499968543
450
0
451
0
460
0
461
0
452
1
462
1
453
2
463
0
63
5
421
255
463
1
63
7
421
16777215
470
LINEAR
1001
ACAD
1010
0
1020
0
1030
0
  0
CIRCLE
  5
918
330
1F
100
AcDbEntity
  8
TopSolderMaskLayer
100
AcDbCircle
 10
-16.470027940055843
 20
106.66908813817633
 30
0.0
 40
0.4643006318270701
  0
CIRCLE
  5
919
330
1F
100
AcDbEntity
  8
TopSolderMaskLayer
100
AcDbCircle
 10
-16.470027940055843
 20
106.66903733807476
 30
0.0
 40
0.8254000508001016
0
HATCH
5
91a
100
AcDbEntity
8
TopSolderMaskLayer
100
AcDbHatch
10
0
20
0
30
0
210
0
220
0
230
1
2
SOLID
70
1
71
0
91
1
92
7
72
1
73
1
93
2
10
-17.295427990855945
20
106.66903733807476
42
1
10
-15.64462788925574
20
106.66903733807476
42
1
97
1
330

75
0
76
1
47
0.8681437583925616
98
1
10
3.629517071192367
20
33.92795499968543
450
0
451
0
460
0
461
0
452
1
462
1
453
2
463
0
63
5
421
255
463
1
63
7
421
16777215
470
LINEAR
1001
ACAD
1010
0
1020
0
1030
0
  0
CIRCLE
  5
91b
330
1F
100
AcDbEntity
  8
BottomSolderMaskLayer
100
AcDbCircle
 10
-16.470027940055843
 20
106.66908813817633
 30
0.0
 40
0.4643006318270701
  0
CIRCLE
  5
91c
330
1F
100
AcDbEntity
  8
BottomSolderMaskLayer
100
AcDbCircle
 10
-16.470027940055843
 20
106.66903733807476
 30
0.0
 40
0.8254000508001016
0
HATCH
5
91d
100
AcDbEntity
8
BottomSolderMaskLayer
100
AcDbHatch
10
0
20
0
30
0
210
0
220
0
230
1
2
SOLID
70
1
71
0
91
1
92
7
72
1
73
1
93
2
10
-17.295427990855945
20
106.66903733807476
42
1
10
-15.64462788925574
20
106.66903733807476
42
1
97
1
330

75
0
76
1
47
0.8681437583925616
98
1
10
3.629517071192367
20
33.92795499968543
450
0
451
0
460
0
461
0
452
1
462
1
453
2
463
0
63
5
421
255
463
1
63
7
421
16777215
470
LINEAR
1001
ACAD
1010
0
1020
0
1030
0
  0
CIRCLE
  5
91e
330
1F
100
AcDbEntity
  8
Multi-Layer
100
AcDbCircle
 10
-16.470027940055843
 20
106.66908813817633
 30
0.0
 40
0.4500127000254001
  0
CIRCLE
  5
91f
330
1F
100
AcDbEntity
  8
Multi-Layer
100
AcDbCircle
 10
-16.470027940055843
 20
106.66903733807476
 30
0.0
 40
0.8
0
HATCH
5
920
100
AcDbEntity
8
Multi-Layer
100
AcDbHatch
10
0
20
0
30
0
210
0
220
0
230
1
2
SOLID
70
1
71
0
91
1
92
7
72
1
73
1
93
2
10
-17.270027940055844
20
106.66903733807476
42
1
10
-15.670027940055842
20
106.66903733807476
42
1
97
1
330

75
0
76
1
47
0.8681437583925616
98
1
10
3.629517071192367
20
33.92795499968543
450
0
451
0
460
0
461
0
452
1
462
1
453
2
463
0
63
5
421
255
463
1
63
7
421
16777215
470
LINEAR
1001
ACAD
1010
0
1020
0
1030
0
  0
CIRCLE
  5
921
330
1F
100
AcDbEntity
  8
TopSolderMaskLayer
100
AcDbCircle
 10
-16.470027940055843
 20
104.1290830581662
 30
0.0
 40
0.4643006318270701
  0
CIRCLE
  5
922
330
1F
100
AcDbEntity
  8
TopSolderMaskLayer
100
AcDbCircle
 10
-16.470027940055843
 20
104.12903225806463
 30
0.0
 40
0.8254000508001016
0
HATCH
5
923
100
AcDbEntity
8
TopSolderMaskLayer
100
AcDbHatch
10
0
20
0
30
0
210
0
220
0
230
1
2
SOLID
70
1
71
0
91
1
92
7
72
1
73
1
93
2
10
-17.295427990855945
20
104.12903225806463
42
1
10
-15.64462788925574
20
104.12903225806463
42
1
97
1
330

75
0
76
1
47
0.8681437583925616
98
1
10
3.629517071192367
20
33.92795499968543
450
0
451
0
460
0
461
0
452
1
462
1
453
2
463
0
63
5
421
255
463
1
63
7
421
16777215
470
LINEAR
1001
ACAD
1010
0
1020
0
1030
0
  0
CIRCLE
  5
924
330
1F
100
AcDbEntity
  8
BottomSolderMaskLayer
100
AcDbCircle
 10
-16.470027940055843
 20
104.1290830581662
 30
0.0
 40
0.4643006318270701
  0
CIRCLE
  5
925
330
1F
100
AcDbEntity
  8
BottomSolderMaskLayer
100
AcDbCircle
 10
-16.470027940055843
 20
104.12903225806463
 30
0.0
 40
0.8254000508001016
0
HATCH
5
926
100
AcDbEntity
8
BottomSolderMaskLayer
100
AcDbHatch
10
0
20
0
30
0
210
0
220
0
230
1
2
SOLID
70
1
71
0
91
1
92
7
72
1
73
1
93
2
10
-17.295427990855945
20
104.12903225806463
42
1
10
-15.64462788925574
20
104.12903225806463
42
1
97
1
330

75
0
76
1
47
0.8681437583925616
98
1
10
3.629517071192367
20
33.92795499968543
450
0
451
0
460
0
461
0
452
1
462
1
453
2
463
0
63
5
421
255
463
1
63
7
421
16777215
470
LINEAR
1001
ACAD
1010
0
1020
0
1030
0
  0
CIRCLE
  5
927
330
1F
100
AcDbEntity
  8
Multi-Layer
100
AcDbCircle
 10
-16.470027940055843
 20
104.1290830581662
 30
0.0
 40
0.4500127000254001
  0
CIRCLE
  5
928
330
1F
100
AcDbEntity
  8
Multi-Layer
100
AcDbCircle
 10
-16.470027940055843
 20
104.12903225806463
 30
0.0
 40
0.8
0
HATCH
5
929
100
AcDbEntity
8
Multi-Layer
100
AcDbHatch
10
0
20
0
30
0
210
0
220
0
230
1
2
SOLID
70
1
71
0
91
1
92
7
72
1
73
1
93
2
10
-17.270027940055844
20
104.12903225806463
42
1
10
-15.670027940055842
20
104.12903225806463
42
1
97
1
330

75
0
76
1
47
0.8681437583925616
98
1
10
3.629517071192367
20
33.92795499968543
450
0
451
0
460
0
461
0
452
1
462
1
453
2
463
0
63
5
421
255
463
1
63
7
421
16777215
470
LINEAR
1001
ACAD
1010
0
1020
0
1030
0
  0
CIRCLE
  5
92a
330
1F
100
AcDbEntity
  8
TopSolderMaskLayer
100
AcDbCircle
 10
-16.470027940055843
 20
101.58907797815607
 30
0.0
 40
0.4643006318270701
  0
CIRCLE
  5
92b
330
1F
100
AcDbEntity
  8
TopSolderMaskLayer
100
AcDbCircle
 10
-16.470027940055843
 20
101.58902717805438
 30
0.0
 40
0.8254000508001016
0
HATCH
5
92c
100
AcDbEntity
8
TopSolderMaskLayer
100
AcDbHatch
10
0
20
0
30
0
210
0
220
0
230
1
2
SOLID
70
1
71
0
91
1
92
7
72
1
73
1
93
2
10
-17.295427990855945
20
101.58902717805438
42
1
10
-15.64462788925574
20
101.58902717805438
42
1
97
1
330

75
0
76
1
47
0.8681437583925616
98
1
10
3.629517071192367
20
33.92795499968543
450
0
451
0
460
0
461
0
452
1
462
1
453
2
463
0
63
5
421
255
463
1
63
7
421
16777215
470
LINEAR
1001
ACAD
1010
0
1020
0
1030
0
  0
CIRCLE
  5
92d
330
1F
100
AcDbEntity
  8
BottomSolderMaskLayer
100
AcDbCircle
 10
-16.470027940055843
 20
101.58907797815607
 30
0.0
 40
0.4643006318270701
  0
CIRCLE
  5
92e
330
1F
100
AcDbEntity
  8
BottomSolderMaskLayer
100
AcDbCircle
 10
-16.470027940055843
 20
101.58902717805438
 30
0.0
 40
0.8254000508001016
0
HATCH
5
92f
100
AcDbEntity
8
BottomSolderMaskLayer
100
AcDbHatch
10
0
20
0
30
0
210
0
220
0
230
1
2
SOLID
70
1
71
0
91
1
92
7
72
1
73
1
93
2
10
-17.295427990855945
20
101.58902717805438
42
1
10
-15.64462788925574
20
101.58902717805438
42
1
97
1
330

75
0
76
1
47
0.8681437583925616
98
1
10
3.629517071192367
20
33.92795499968543
450
0
451
0
460
0
461
0
452
1
462
1
453
2
463
0
63
5
421
255
463
1
63
7
421
16777215
470
LINEAR
1001
ACAD
1010
0
1020
0
1030
0
  0
CIRCLE
  5
930
330
1F
100
AcDbEntity
  8
Multi-Layer
100
AcDbCircle
 10
-16.470027940055843
 20
101.58907797815607
 30
0.0
 40
0.4500127000254001
  0
CIRCLE
  5
931
330
1F
100
AcDbEntity
  8
Multi-Layer
100
AcDbCircle
 10
-16.470027940055843
 20
101.58902717805438
 30
0.0
 40
0.8
0
HATCH
5
932
100
AcDbEntity
8
Multi-Layer
100
AcDbHatch
10
0
20
0
30
0
210
0
220
0
230
1
2
SOLID
70
1
71
0
91
1
92
7
72
1
73
1
93
2
10
-17.270027940055844
20
101.58902717805438
42
1
10
-15.670027940055842
20
101.58902717805438
42
1
97
1
330

75
0
76
1
47
0.8681437583925616
98
1
10
3.629517071192367
20
33.92795499968543
450
0
451
0
460
0
461
0
452
1
462
1
453
2
463
0
63
5
421
255
463
1
63
7
421
16777215
470
LINEAR
1001
ACAD
1010
0
1020
0
1030
0
  0
CIRCLE
  5
933
330
1F
100
AcDbEntity
  8
TopSolderMaskLayer
100
AcDbCircle
 10
-16.470027940055843
 20
99.04907289814582
 30
0.0
 40
0.4643006318270701
  0
CIRCLE
  5
934
330
1F
100
AcDbEntity
  8
TopSolderMaskLayer
100
AcDbCircle
 10
-16.470027940055843
 20
99.04902209804425
 30
0.0
 40
0.8254000508001016
0
HATCH
5
935
100
AcDbEntity
8
TopSolderMaskLayer
100
AcDbHatch
10
0
20
0
30
0
210
0
220
0
230
1
2
SOLID
70
1
71
0
91
1
92
7
72
1
73
1
93
2
10
-17.295427990855945
20
99.04902209804425
42
1
10
-15.64462788925574
20
99.04902209804425
42
1
97
1
330

75
0
76
1
47
0.8681437583925616
98
1
10
3.629517071192367
20
33.92795499968543
450
0
451
0
460
0
461
0
452
1
462
1
453
2
463
0
63
5
421
255
463
1
63
7
421
16777215
470
LINEAR
1001
ACAD
1010
0
1020
0
1030
0
  0
CIRCLE
  5
936
330
1F
100
AcDbEntity
  8
BottomSolderMaskLayer
100
AcDbCircle
 10
-16.470027940055843
 20
99.04907289814582
 30
0.0
 40
0.4643006318270701
  0
CIRCLE
  5
937
330
1F
100
AcDbEntity
  8
BottomSolderMaskLayer
100
AcDbCircle
 10
-16.470027940055843
 20
99.04902209804425
 30
0.0
 40
0.8254000508001016
0
HATCH
5
938
100
AcDbEntity
8
BottomSolderMaskLayer
100
AcDbHatch
10
0
20
0
30
0
210
0
220
0
230
1
2
SOLID
70
1
71
0
91
1
92
7
72
1
73
1
93
2
10
-17.295427990855945
20
99.04902209804425
42
1
10
-15.64462788925574
20
99.04902209804425
42
1
97
1
330

75
0
76
1
47
0.8681437583925616
98
1
10
3.629517071192367
20
33.92795499968543
450
0
451
0
460
0
461
0
452
1
462
1
453
2
463
0
63
5
421
255
463
1
63
7
421
16777215
470
LINEAR
1001
ACAD
1010
0
1020
0
1030
0
  0
CIRCLE
  5
939
330
1F
100
AcDbEntity
  8
Multi-Layer
100
AcDbCircle
 10
-16.470027940055843
 20
99.04907289814582
 30
0.0
 40
0.4500127000254001
  0
CIRCLE
  5
93a
330
1F
100
AcDbEntity
  8
Multi-Layer
100
AcDbCircle
 10
-16.470027940055843
 20
99.04902209804425
 30
0.0
 40
0.8
0
HATCH
5
93b
100
AcDbEntity
8
Multi-Layer
100
AcDbHatch
10
0
20
0
30
0
210
0
220
0
230
1
2
SOLID
70
1
71
0
91
1
92
7
72
1
73
1
93
2
10
-17.270027940055844
20
99.04902209804425
42
1
10
-15.670027940055842
20
99.04902209804425
42
1
97
1
330

75
0
76
1
47
0.8681437583925616
98
1
10
3.629517071192367
20
33.92795499968543
450
0
451
0
460
0
461
0
452
1
462
1
453
2
463
0
63
5
421
255
463
1
63
7
421
16777215
470
LINEAR
1001
ACAD
1010
0
1020
0
1030
0
  0
CIRCLE
  5
93c
330
1F
100
AcDbEntity
  8
TopSolderMaskLayer
100
AcDbCircle
 10
-16.470027940055843
 20
96.50906781813569
 30
0.0
 40
0.4643006318270701
  0
CIRCLE
  5
93d
330
1F
100
AcDbEntity
  8
TopSolderMaskLayer
100
AcDbCircle
 10
-16.470027940055843
 20
96.50901701803411
 30
0.0
 40
0.8254000508001016
0
HATCH
5
93e
100
AcDbEntity
8
TopSolderMaskLayer
100
AcDbHatch
10
0
20
0
30
0
210
0
220
0
230
1
2
SOLID
70
1
71
0
91
1
92
7
72
1
73
1
93
2
10
-17.295427990855945
20
96.50901701803411
42
1
10
-15.64462788925574
20
96.50901701803411
42
1
97
1
330

75
0
76
1
47
0.8681437583925616
98
1
10
3.629517071192367
20
33.92795499968543
450
0
451
0
460
0
461
0
452
1
462
1
453
2
463
0
63
5
421
255
463
1
63
7
421
16777215
470
LINEAR
1001
ACAD
1010
0
1020
0
1030
0
  0
CIRCLE
  5
93f
330
1F
100
AcDbEntity
  8
BottomSolderMaskLayer
100
AcDbCircle
 10
-16.470027940055843
 20
96.50906781813569
 30
0.0
 40
0.4643006318270701
  0
CIRCLE
  5
940
330
1F
100
AcDbEntity
  8
BottomSolderMaskLayer
100
AcDbCircle
 10
-16.470027940055843
 20
96.50901701803411
 30
0.0
 40
0.8254000508001016
0
HATCH
5
941
100
AcDbEntity
8
BottomSolderMaskLayer
100
AcDbHatch
10
0
20
0
30
0
210
0
220
0
230
1
2
SOLID
70
1
71
0
91
1
92
7
72
1
73
1
93
2
10
-17.295427990855945
20
96.50901701803411
42
1
10
-15.64462788925574
20
96.50901701803411
42
1
97
1
330

75
0
76
1
47
0.8681437583925616
98
1
10
3.629517071192367
20
33.92795499968543
450
0
451
0
460
0
461
0
452
1
462
1
453
2
463
0
63
5
421
255
463
1
63
7
421
16777215
470
LINEAR
1001
ACAD
1010
0
1020
0
1030
0
  0
CIRCLE
  5
942
330
1F
100
AcDbEntity
  8
Multi-Layer
100
AcDbCircle
 10
-16.470027940055843
 20
96.50906781813569
 30
0.0
 40
0.4500127000254001
  0
CIRCLE
  5
943
330
1F
100
AcDbEntity
  8
Multi-Layer
100
AcDbCircle
 10
-16.470027940055843
 20
96.50901701803411
 30
0.0
 40
0.8
0
HATCH
5
944
100
AcDbEntity
8
Multi-Layer
100
AcDbHatch
10
0
20
0
30
0
210
0
220
0
230
1
2
SOLID
70
1
71
0
91
1
92
7
72
1
73
1
93
2
10
-17.270027940055844
20
96.50901701803411
42
1
10
-15.670027940055842
20
96.50901701803411
42
1
97
1
330

75
0
76
1
47
0.8681437583925616
98
1
10
3.629517071192367
20
33.92795499968543
450
0
451
0
460
0
461
0
452
1
462
1
453
2
463
0
63
5
421
255
463
1
63
7
421
16777215
470
LINEAR
1001
ACAD
1010
0
1020
0
1030
0
  0
CIRCLE
  5
945
330
1F
100
AcDbEntity
  8
TopSolderMaskLayer
100
AcDbCircle
 10
-16.470027940055843
 20
93.96906273812556
 30
0.0
 40
0.4643006318270701
  0
CIRCLE
  5
946
330
1F
100
AcDbEntity
  8
TopSolderMaskLayer
100
AcDbCircle
 10
-16.470027940055843
 20
93.96901193802398
 30
0.0
 40
0.8254000508001016
0
HATCH
5
947
100
AcDbEntity
8
TopSolderMaskLayer
100
AcDbHatch
10
0
20
0
30
0
210
0
220
0
230
1
2
SOLID
70
1
71
0
91
1
92
7
72
1
73
1
93
2
10
-17.295427990855945
20
93.96901193802398
42
1
10
-15.64462788925574
20
93.96901193802398
42
1
97
1
330

75
0
76
1
47
0.8681437583925616
98
1
10
3.629517071192367
20
33.92795499968543
450
0
451
0
460
0
461
0
452
1
462
1
453
2
463
0
63
5
421
255
463
1
63
7
421
16777215
470
LINEAR
1001
ACAD
1010
0
1020
0
1030
0
  0
CIRCLE
  5
948
330
1F
100
AcDbEntity
  8
BottomSolderMaskLayer
100
AcDbCircle
 10
-16.470027940055843
 20
93.96906273812556
 30
0.0
 40
0.4643006318270701
  0
CIRCLE
  5
949
330
1F
100
AcDbEntity
  8
BottomSolderMaskLayer
100
AcDbCircle
 10
-16.470027940055843
 20
93.96901193802398
 30
0.0
 40
0.8254000508001016
0
HATCH
5
94a
100
AcDbEntity
8
BottomSolderMaskLayer
100
AcDbHatch
10
0
20
0
30
0
210
0
220
0
230
1
2
SOLID
70
1
71
0
91
1
92
7
72
1
73
1
93
2
10
-17.295427990855945
20
93.96901193802398
42
1
10
-15.64462788925574
20
93.96901193802398
42
1
97
1
330

75
0
76
1
47
0.8681437583925616
98
1
10
3.629517071192367
20
33.92795499968543
450
0
451
0
460
0
461
0
452
1
462
1
453
2
463
0
63
5
421
255
463
1
63
7
421
16777215
470
LINEAR
1001
ACAD
1010
0
1020
0
1030
0
  0
CIRCLE
  5
94b
330
1F
100
AcDbEntity
  8
Multi-Layer
100
AcDbCircle
 10
-16.470027940055843
 20
93.96906273812556
 30
0.0
 40
0.4500127000254001
  0
CIRCLE
  5
94c
330
1F
100
AcDbEntity
  8
Multi-Layer
100
AcDbCircle
 10
-16.470027940055843
 20
93.96901193802398
 30
0.0
 40
0.8
0
HATCH
5
94d
100
AcDbEntity
8
Multi-Layer
100
AcDbHatch
10
0
20
0
30
0
210
0
220
0
230
1
2
SOLID
70
1
71
0
91
1
92
7
72
1
73
1
93
2
10
-17.270027940055844
20
93.96901193802398
42
1
10
-15.670027940055842
20
93.96901193802398
42
1
97
1
330

75
0
76
1
47
0.8681437583925616
98
1
10
3.629517071192367
20
33.92795499968543
450
0
451
0
460
0
461
0
452
1
462
1
453
2
463
0
63
5
421
255
463
1
63
7
421
16777215
470
LINEAR
1001
ACAD
1010
0
1020
0
1030
0
  0
CIRCLE
  5
94e
330
1F
100
AcDbEntity
  8
TopSolderMaskLayer
100
AcDbCircle
 10
6.390017780035578
 20
93.96906273812556
 30
0.0
 40
0.4643006318270701
  0
CIRCLE
  5
94f
330
1F
100
AcDbEntity
  8
TopSolderMaskLayer
100
AcDbCircle
 10
6.390017780035578
 20
93.96901193802398
 30
0.0
 40
0.8254000508001016
0
HATCH
5
950
100
AcDbEntity
8
TopSolderMaskLayer
100
AcDbHatch
10
0
20
0
30
0
210
0
220
0
230
1
2
SOLID
70
1
71
0
91
1
92
7
72
1
73
1
93
2
10
5.564617729235476
20
93.96901193802398
42
1
10
7.21541783083568
20
93.96901193802398
42
1
97
1
330

75
0
76
1
47
0.8681437583925616
98
1
10
3.629517071192367
20
33.92795499968543
450
0
451
0
460
0
461
0
452
1
462
1
453
2
463
0
63
5
421
255
463
1
63
7
421
16777215
470
LINEAR
1001
ACAD
1010
0
1020
0
1030
0
  0
CIRCLE
  5
951
330
1F
100
AcDbEntity
  8
BottomSolderMaskLayer
100
AcDbCircle
 10
6.390017780035578
 20
93.96906273812556
 30
0.0
 40
0.4643006318270701
  0
CIRCLE
  5
952
330
1F
100
AcDbEntity
  8
BottomSolderMaskLayer
100
AcDbCircle
 10
6.390017780035578
 20
93.96901193802398
 30
0.0
 40
0.8254000508001016
0
HATCH
5
953
100
AcDbEntity
8
BottomSolderMaskLayer
100
AcDbHatch
10
0
20
0
30
0
210
0
220
0
230
1
2
SOLID
70
1
71
0
91
1
92
7
72
1
73
1
93
2
10
5.564617729235476
20
93.96901193802398
42
1
10
7.21541783083568
20
93.96901193802398
42
1
97
1
330

75
0
76
1
47
0.8681437583925616
98
1
10
3.629517071192367
20
33.92795499968543
450
0
451
0
460
0
461
0
452
1
462
1
453
2
463
0
63
5
421
255
463
1
63
7
421
16777215
470
LINEAR
1001
ACAD
1010
0
1020
0
1030
0
  0
CIRCLE
  5
954
330
1F
100
AcDbEntity
  8
Multi-Layer
100
AcDbCircle
 10
6.390017780035578
 20
93.96906273812556
 30
0.0
 40
0.4500127000254001
  0
CIRCLE
  5
955
330
1F
100
AcDbEntity
  8
Multi-Layer
100
AcDbCircle
 10
6.390017780035578
 20
93.96901193802398
 30
0.0
 40
0.8
0
HATCH
5
956
100
AcDbEntity
8
Multi-Layer
100
AcDbHatch
10
0
20
0
30
0
210
0
220
0
230
1
2
SOLID
70
1
71
0
91
1
92
7
72
1
73
1
93
2
10
5.590017780035578
20
93.96901193802398
42
1
10
7.190017780035578
20
93.96901193802398
42
1
97
1
330

75
0
76
1
47
0.8681437583925616
98
1
10
3.629517071192367
20
33.92795499968543
450
0
451
0
460
0
461
0
452
1
462
1
453
2
463
0
63
5
421
255
463
1
63
7
421
16777215
470
LINEAR
1001
ACAD
1010
0
1020
0
1030
0
  0
CIRCLE
  5
957
330
1F
100
AcDbEntity
  8
TopSolderMaskLayer
100
AcDbCircle
 10
6.390017780035578
 20
96.50906781813569
 30
0.0
 40
0.4643006318270701
  0
CIRCLE
  5
958
330
1F
100
AcDbEntity
  8
TopSolderMaskLayer
100
AcDbCircle
 10
6.390017780035578
 20
96.50901701803411
 30
0.0
 40
0.8254000508001016
0
HATCH
5
959
100
AcDbEntity
8
TopSolderMaskLayer
100
AcDbHatch
10
0
20
0
30
0
210
0
220
0
230
1
2
SOLID
70
1
71
0
91
1
92
7
72
1
73
1
93
2
10
5.564617729235476
20
96.50901701803411
42
1
10
7.21541783083568
20
96.50901701803411
42
1
97
1
330

75
0
76
1
47
0.8681437583925616
98
1
10
3.629517071192367
20
33.92795499968543
450
0
451
0
460
0
461
0
452
1
462
1
453
2
463
0
63
5
421
255
463
1
63
7
421
16777215
470
LINEAR
1001
ACAD
1010
0
1020
0
1030
0
  0
CIRCLE
  5
95a
330
1F
100
AcDbEntity
  8
BottomSolderMaskLayer
100
AcDbCircle
 10
6.390017780035578
 20
96.50906781813569
 30
0.0
 40
0.4643006318270701
  0
CIRCLE
  5
95b
330
1F
100
AcDbEntity
  8
BottomSolderMaskLayer
100
AcDbCircle
 10
6.390017780035578
 20
96.50901701803411
 30
0.0
 40
0.8254000508001016
0
HATCH
5
95c
100
AcDbEntity
8
BottomSolderMaskLayer
100
AcDbHatch
10
0
20
0
30
0
210
0
220
0
230
1
2
SOLID
70
1
71
0
91
1
92
7
72
1
73
1
93
2
10
5.564617729235476
20
96.50901701803411
42
1
10
7.21541783083568
20
96.50901701803411
42
1
97
1
330

75
0
76
1
47
0.8681437583925616
98
1
10
3.629517071192367
20
33.92795499968543
450
0
451
0
460
0
461
0
452
1
462
1
453
2
463
0
63
5
421
255
463
1
63
7
421
16777215
470
LINEAR
1001
ACAD
1010
0
1020
0
1030
0
  0
CIRCLE
  5
95d
330
1F
100
AcDbEntity
  8
Multi-Layer
100
AcDbCircle
 10
6.390017780035578
 20
96.50906781813569
 30
0.0
 40
0.4500127000254001
  0
CIRCLE
  5
95e
330
1F
100
AcDbEntity
  8
Multi-Layer
100
AcDbCircle
 10
6.390017780035578
 20
96.50901701803411
 30
0.0
 40
0.8
0
HATCH
5
95f
100
AcDbEntity
8
Multi-Layer
100
AcDbHatch
10
0
20
0
30
0
210
0
220
0
230
1
2
SOLID
70
1
71
0
91
1
92
7
72
1
73
1
93
2
10
5.590017780035578
20
96.50901701803411
42
1
10
7.190017780035578
20
96.50901701803411
42
1
97
1
330

75
0
76
1
47
0.8681437583925616
98
1
10
3.629517071192367
20
33.92795499968543
450
0
451
0
460
0
461
0
452
1
462
1
453
2
463
0
63
5
421
255
463
1
63
7
421
16777215
470
LINEAR
1001
ACAD
1010
0
1020
0
1030
0
  0
CIRCLE
  5
960
330
1F
100
AcDbEntity
  8
TopSolderMaskLayer
100
AcDbCircle
 10
6.390017780035578
 20
99.04907289814582
 30
0.0
 40
0.4643006318270701
  0
CIRCLE
  5
961
330
1F
100
AcDbEntity
  8
TopSolderMaskLayer
100
AcDbCircle
 10
6.390017780035578
 20
99.04902209804425
 30
0.0
 40
0.8254000508001016
0
HATCH
5
962
100
AcDbEntity
8
TopSolderMaskLayer
100
AcDbHatch
10
0
20
0
30
0
210
0
220
0
230
1
2
SOLID
70
1
71
0
91
1
92
7
72
1
73
1
93
2
10
5.564617729235476
20
99.04902209804425
42
1
10
7.21541783083568
20
99.04902209804425
42
1
97
1
330

75
0
76
1
47
0.8681437583925616
98
1
10
3.629517071192367
20
33.92795499968543
450
0
451
0
460
0
461
0
452
1
462
1
453
2
463
0
63
5
421
255
463
1
63
7
421
16777215
470
LINEAR
1001
ACAD
1010
0
1020
0
1030
0
  0
CIRCLE
  5
963
330
1F
100
AcDbEntity
  8
BottomSolderMaskLayer
100
AcDbCircle
 10
6.390017780035578
 20
99.04907289814582
 30
0.0
 40
0.4643006318270701
  0
CIRCLE
  5
964
330
1F
100
AcDbEntity
  8
BottomSolderMaskLayer
100
AcDbCircle
 10
6.390017780035578
 20
99.04902209804425
 30
0.0
 40
0.8254000508001016
0
HATCH
5
965
100
AcDbEntity
8
BottomSolderMaskLayer
100
AcDbHatch
10
0
20
0
30
0
210
0
220
0
230
1
2
SOLID
70
1
71
0
91
1
92
7
72
1
73
1
93
2
10
5.564617729235476
20
99.04902209804425
42
1
10
7.21541783083568
20
99.04902209804425
42
1
97
1
330

75
0
76
1
47
0.8681437583925616
98
1
10
3.629517071192367
20
33.92795499968543
450
0
451
0
460
0
461
0
452
1
462
1
453
2
463
0
63
5
421
255
463
1
63
7
421
16777215
470
LINEAR
1001
ACAD
1010
0
1020
0
1030
0
  0
CIRCLE
  5
966
330
1F
100
AcDbEntity
  8
Multi-Layer
100
AcDbCircle
 10
6.390017780035578
 20
99.04907289814582
 30
0.0
 40
0.4500127000254001
  0
CIRCLE
  5
967
330
1F
100
AcDbEntity
  8
Multi-Layer
100
AcDbCircle
 10
6.390017780035578
 20
99.04902209804425
 30
0.0
 40
0.8
0
HATCH
5
968
100
AcDbEntity
8
Multi-Layer
100
AcDbHatch
10
0
20
0
30
0
210
0
220
0
230
1
2
SOLID
70
1
71
0
91
1
92
7
72
1
73
1
93
2
10
5.590017780035578
20
99.04902209804425
42
1
10
7.190017780035578
20
99.04902209804425
42
1
97
1
330

75
0
76
1
47
0.8681437583925616
98
1
10
3.629517071192367
20
33.92795499968543
450
0
451
0
460
0
461
0
452
1
462
1
453
2
463
0
63
5
421
255
463
1
63
7
421
16777215
470
LINEAR
1001
ACAD
1010
0
1020
0
1030
0
  0
CIRCLE
  5
969
330
1F
100
AcDbEntity
  8
TopSolderMaskLayer
100
AcDbCircle
 10
6.390017780035578
 20
101.58907797815607
 30
0.0
 40
0.4643006318270701
  0
CIRCLE
  5
96a
330
1F
100
AcDbEntity
  8
TopSolderMaskLayer
100
AcDbCircle
 10
6.390017780035578
 20
101.58902717805438
 30
0.0
 40
0.8254000508001016
0
HATCH
5
96b
100
AcDbEntity
8
TopSolderMaskLayer
100
AcDbHatch
10
0
20
0
30
0
210
0
220
0
230
1
2
SOLID
70
1
71
0
91
1
92
7
72
1
73
1
93
2
10
5.564617729235476
20
101.58902717805438
42
1
10
7.21541783083568
20
101.58902717805438
42
1
97
1
330

75
0
76
1
47
0.8681437583925616
98
1
10
3.629517071192367
20
33.92795499968543
450
0
451
0
460
0
461
0
452
1
462
1
453
2
463
0
63
5
421
255
463
1
63
7
421
16777215
470
LINEAR
1001
ACAD
1010
0
1020
0
1030
0
  0
CIRCLE
  5
96c
330
1F
100
AcDbEntity
  8
BottomSolderMaskLayer
100
AcDbCircle
 10
6.390017780035578
 20
101.58907797815607
 30
0.0
 40
0.4643006318270701
  0
CIRCLE
  5
96d
330
1F
100
AcDbEntity
  8
BottomSolderMaskLayer
100
AcDbCircle
 10
6.390017780035578
 20
101.58902717805438
 30
0.0
 40
0.8254000508001016
0
HATCH
5
96e
100
AcDbEntity
8
BottomSolderMaskLayer
100
AcDbHatch
10
0
20
0
30
0
210
0
220
0
230
1
2
SOLID
70
1
71
0
91
1
92
7
72
1
73
1
93
2
10
5.564617729235476
20
101.58902717805438
42
1
10
7.21541783083568
20
101.58902717805438
42
1
97
1
330

75
0
76
1
47
0.8681437583925616
98
1
10
3.629517071192367
20
33.92795499968543
450
0
451
0
460
0
461
0
452
1
462
1
453
2
463
0
63
5
421
255
463
1
63
7
421
16777215
470
LINEAR
1001
ACAD
1010
0
1020
0
1030
0
  0
CIRCLE
  5
96f
330
1F
100
AcDbEntity
  8
Multi-Layer
100
AcDbCircle
 10
6.390017780035578
 20
101.58907797815607
 30
0.0
 40
0.4500127000254001
  0
CIRCLE
  5
970
330
1F
100
AcDbEntity
  8
Multi-Layer
100
AcDbCircle
 10
6.390017780035578
 20
101.58902717805438
 30
0.0
 40
0.8
0
HATCH
5
971
100
AcDbEntity
8
Multi-Layer
100
AcDbHatch
10
0
20
0
30
0
210
0
220
0
230
1
2
SOLID
70
1
71
0
91
1
92
7
72
1
73
1
93
2
10
5.590017780035578
20
101.58902717805438
42
1
10
7.190017780035578
20
101.58902717805438
42
1
97
1
330

75
0
76
1
47
0.8681437583925616
98
1
10
3.629517071192367
20
33.92795499968543
450
0
451
0
460
0
461
0
452
1
462
1
453
2
463
0
63
5
421
255
463
1
63
7
421
16777215
470
LINEAR
1001
ACAD
1010
0
1020
0
1030
0
  0
CIRCLE
  5
972
330
1F
100
AcDbEntity
  8
TopSolderMaskLayer
100
AcDbCircle
 10
6.390017780035578
 20
104.1290830581662
 30
0.0
 40
0.4643006318270701
  0
CIRCLE
  5
973
330
1F
100
AcDbEntity
  8
TopSolderMaskLayer
100
AcDbCircle
 10
6.390017780035578
 20
104.12903225806463
 30
0.0
 40
0.8254000508001016
0
HATCH
5
974
100
AcDbEntity
8
TopSolderMaskLayer
100
AcDbHatch
10
0
20
0
30
0
210
0
220
0
230
1
2
SOLID
70
1
71
0
91
1
92
7
72
1
73
1
93
2
10
5.564617729235476
20
104.12903225806463
42
1
10
7.21541783083568
20
104.12903225806463
42
1
97
1
330

75
0
76
1
47
0.8681437583925616
98
1
10
3.629517071192367
20
33.92795499968543
450
0
451
0
460
0
461
0
452
1
462
1
453
2
463
0
63
5
421
255
463
1
63
7
421
16777215
470
LINEAR
1001
ACAD
1010
0
1020
0
1030
0
  0
CIRCLE
  5
975
330
1F
100
AcDbEntity
  8
BottomSolderMaskLayer
100
AcDbCircle
 10
6.390017780035578
 20
104.1290830581662
 30
0.0
 40
0.4643006318270701
  0
CIRCLE
  5
976
330
1F
100
AcDbEntity
  8
BottomSolderMaskLayer
100
AcDbCircle
 10
6.390017780035578
 20
104.12903225806463
 30
0.0
 40
0.8254000508001016
0
HATCH
5
977
100
AcDbEntity
8
BottomSolderMaskLayer
100
AcDbHatch
10
0
20
0
30
0
210
0
220
0
230
1
2
SOLID
70
1
71
0
91
1
92
7
72
1
73
1
93
2
10
5.564617729235476
20
104.12903225806463
42
1
10
7.21541783083568
20
104.12903225806463
42
1
97
1
330

75
0
76
1
47
0.8681437583925616
98
1
10
3.629517071192367
20
33.92795499968543
450
0
451
0
460
0
461
0
452
1
462
1
453
2
463
0
63
5
421
255
463
1
63
7
421
16777215
470
LINEAR
1001
ACAD
1010
0
1020
0
1030
0
  0
CIRCLE
  5
978
330
1F
100
AcDbEntity
  8
Multi-Layer
100
AcDbCircle
 10
6.390017780035578
 20
104.1290830581662
 30
0.0
 40
0.4500127000254001
  0
CIRCLE
  5
979
330
1F
100
AcDbEntity
  8
Multi-Layer
100
AcDbCircle
 10
6.390017780035578
 20
104.12903225806463
 30
0.0
 40
0.8
0
HATCH
5
97a
100
AcDbEntity
8
Multi-Layer
100
AcDbHatch
10
0
20
0
30
0
210
0
220
0
230
1
2
SOLID
70
1
71
0
91
1
92
7
72
1
73
1
93
2
10
5.590017780035578
20
104.12903225806463
42
1
10
7.190017780035578
20
104.12903225806463
42
1
97
1
330

75
0
76
1
47
0.8681437583925616
98
1
10
3.629517071192367
20
33.92795499968543
450
0
451
0
460
0
461
0
452
1
462
1
453
2
463
0
63
5
421
255
463
1
63
7
421
16777215
470
LINEAR
1001
ACAD
1010
0
1020
0
1030
0
  0
CIRCLE
  5
97b
330
1F
100
AcDbEntity
  8
TopSolderMaskLayer
100
AcDbCircle
 10
6.390017780035578
 20
106.66908813817633
 30
0.0
 40
0.4643006318270701
  0
CIRCLE
  5
97c
330
1F
100
AcDbEntity
  8
TopSolderMaskLayer
100
AcDbCircle
 10
6.390017780035578
 20
106.66903733807476
 30
0.0
 40
0.8254000508001016
0
HATCH
5
97d
100
AcDbEntity
8
TopSolderMaskLayer
100
AcDbHatch
10
0
20
0
30
0
210
0
220
0
230
1
2
SOLID
70
1
71
0
91
1
92
7
72
1
73
1
93
2
10
5.564617729235476
20
106.66903733807476
42
1
10
7.21541783083568
20
106.66903733807476
42
1
97
1
330

75
0
76
1
47
0.8681437583925616
98
1
10
3.629517071192367
20
33.92795499968543
450
0
451
0
460
0
461
0
452
1
462
1
453
2
463
0
63
5
421
255
463
1
63
7
421
16777215
470
LINEAR
1001
ACAD
1010
0
1020
0
1030
0
  0
CIRCLE
  5
97e
330
1F
100
AcDbEntity
  8
BottomSolderMaskLayer
100
AcDbCircle
 10
6.390017780035578
 20
106.66908813817633
 30
0.0
 40
0.4643006318270701
  0
CIRCLE
  5
97f
330
1F
100
AcDbEntity
  8
BottomSolderMaskLayer
100
AcDbCircle
 10
6.390017780035578
 20
106.66903733807476
 30
0.0
 40
0.8254000508001016
0
HATCH
5
980
100
AcDbEntity
8
BottomSolderMaskLayer
100
AcDbHatch
10
0
20
0
30
0
210
0
220
0
230
1
2
SOLID
70
1
71
0
91
1
92
7
72
1
73
1
93
2
10
5.564617729235476
20
106.66903733807476
42
1
10
7.21541783083568
20
106.66903733807476
42
1
97
1
330

75
0
76
1
47
0.8681437583925616
98
1
10
3.629517071192367
20
33.92795499968543
450
0
451
0
460
0
461
0
452
1
462
1
453
2
463
0
63
5
421
255
463
1
63
7
421
16777215
470
LINEAR
1001
ACAD
1010
0
1020
0
1030
0
  0
CIRCLE
  5
981
330
1F
100
AcDbEntity
  8
Multi-Layer
100
AcDbCircle
 10
6.390017780035578
 20
106.66908813817633
 30
0.0
 40
0.4500127000254001
  0
CIRCLE
  5
982
330
1F
100
AcDbEntity
  8
Multi-Layer
100
AcDbCircle
 10
6.390017780035578
 20
106.66903733807476
 30
0.0
 40
0.8
0
HATCH
5
983
100
AcDbEntity
8
Multi-Layer
100
AcDbHatch
10
0
20
0
30
0
210
0
220
0
230
1
2
SOLID
70
1
71
0
91
1
92
7
72
1
73
1
93
2
10
5.590017780035578
20
106.66903733807476
42
1
10
7.190017780035578
20
106.66903733807476
42
1
97
1
330

75
0
76
1
47
0.8681437583925616
98
1
10
3.629517071192367
20
33.92795499968543
450
0
451
0
460
0
461
0
452
1
462
1
453
2
463
0
63
5
421
255
463
1
63
7
421
16777215
470
LINEAR
1001
ACAD
1010
0
1020
0
1030
0
  0
CIRCLE
  5
984
330
1F
100
AcDbEntity
  8
TopSolderMaskLayer
100
AcDbCircle
 10
6.390017780035578
 20
109.20909321818647
 30
0.0
 40
0.4643006318270701
  0
CIRCLE
  5
985
330
1F
100
AcDbEntity
  8
TopSolderMaskLayer
100
AcDbCircle
 10
6.390017780035578
 20
109.20904241808489
 30
0.0
 40
0.8254000508001016
0
HATCH
5
986
100
AcDbEntity
8
TopSolderMaskLayer
100
AcDbHatch
10
0
20
0
30
0
210
0
220
0
230
1
2
SOLID
70
1
71
0
91
1
92
7
72
1
73
1
93
2
10
5.564617729235476
20
109.20904241808489
42
1
10
7.21541783083568
20
109.20904241808489
42
1
97
1
330

75
0
76
1
47
0.8681437583925616
98
1
10
3.629517071192367
20
33.92795499968543
450
0
451
0
460
0
461
0
452
1
462
1
453
2
463
0
63
5
421
255
463
1
63
7
421
16777215
470
LINEAR
1001
ACAD
1010
0
1020
0
1030
0
  0
CIRCLE
  5
987
330
1F
100
AcDbEntity
  8
BottomSolderMaskLayer
100
AcDbCircle
 10
6.390017780035578
 20
109.20909321818647
 30
0.0
 40
0.4643006318270701
  0
CIRCLE
  5
988
330
1F
100
AcDbEntity
  8
BottomSolderMaskLayer
100
AcDbCircle
 10
6.390017780035578
 20
109.20904241808489
 30
0.0
 40
0.8254000508001016
0
HATCH
5
989
100
AcDbEntity
8
BottomSolderMaskLayer
100
AcDbHatch
10
0
20
0
30
0
210
0
220
0
230
1
2
SOLID
70
1
71
0
91
1
92
7
72
1
73
1
93
2
10
5.564617729235476
20
109.20904241808489
42
1
10
7.21541783083568
20
109.20904241808489
42
1
97
1
330

75
0
76
1
47
0.8681437583925616
98
1
10
3.629517071192367
20
33.92795499968543
450
0
451
0
460
0
461
0
452
1
462
1
453
2
463
0
63
5
421
255
463
1
63
7
421
16777215
470
LINEAR
1001
ACAD
1010
0
1020
0
1030
0
  0
CIRCLE
  5
98a
330
1F
100
AcDbEntity
  8
Multi-Layer
100
AcDbCircle
 10
6.390017780035578
 20
109.20909321818647
 30
0.0
 40
0.4500127000254001
  0
CIRCLE
  5
98b
330
1F
100
AcDbEntity
  8
Multi-Layer
100
AcDbCircle
 10
6.390017780035578
 20
109.20904241808489
 30
0.0
 40
0.8
0
HATCH
5
98c
100
AcDbEntity
8
Multi-Layer
100
AcDbHatch
10
0
20
0
30
0
210
0
220
0
230
1
2
SOLID
70
1
71
0
91
1
92
7
72
1
73
1
93
2
10
5.590017780035578
20
109.20904241808489
42
1
10
7.190017780035578
20
109.20904241808489
42
1
97
1
330

75
0
76
1
47
0.8681437583925616
98
1
10
3.629517071192367
20
33.92795499968543
450
0
451
0
460
0
461
0
452
1
462
1
453
2
463
0
63
5
421
255
463
1
63
7
421
16777215
470
LINEAR
1001
ACAD
1010
0
1020
0
1030
0
  0
CIRCLE
  5
98d
330
1F
100
AcDbEntity
  8
TopSolderMaskLayer
100
AcDbCircle
 10
6.390017780035578
 20
111.74909829819671
 30
0.0
 40
0.4643006318270701
  0
CIRCLE
  5
98e
330
1F
100
AcDbEntity
  8
TopSolderMaskLayer
100
AcDbCircle
 10
6.390017780035578
 20
111.74904749809502
 30
0.0
 40
0.8254000508001016
0
HATCH
5
98f
100
AcDbEntity
8
TopSolderMaskLayer
100
AcDbHatch
10
0
20
0
30
0
210
0
220
0
230
1
2
SOLID
70
1
71
0
91
1
92
7
72
1
73
1
93
2
10
5.564617729235476
20
111.74904749809502
42
1
10
7.21541783083568
20
111.74904749809502
42
1
97
1
330

75
0
76
1
47
0.8681437583925616
98
1
10
3.629517071192367
20
33.92795499968543
450
0
451
0
460
0
461
0
452
1
462
1
453
2
463
0
63
5
421
255
463
1
63
7
421
16777215
470
LINEAR
1001
ACAD
1010
0
1020
0
1030
0
  0
CIRCLE
  5
990
330
1F
100
AcDbEntity
  8
BottomSolderMaskLayer
100
AcDbCircle
 10
6.390017780035578
 20
111.74909829819671
 30
0.0
 40
0.4643006318270701
  0
CIRCLE
  5
991
330
1F
100
AcDbEntity
  8
BottomSolderMaskLayer
100
AcDbCircle
 10
6.390017780035578
 20
111.74904749809502
 30
0.0
 40
0.8254000508001016
0
HATCH
5
992
100
AcDbEntity
8
BottomSolderMaskLayer
100
AcDbHatch
10
0
20
0
30
0
210
0
220
0
230
1
2
SOLID
70
1
71
0
91
1
92
7
72
1
73
1
93
2
10
5.564617729235476
20
111.74904749809502
42
1
10
7.21541783083568
20
111.74904749809502
42
1
97
1
330

75
0
76
1
47
0.8681437583925616
98
1
10
3.629517071192367
20
33.92795499968543
450
0
451
0
460
0
461
0
452
1
462
1
453
2
463
0
63
5
421
255
463
1
63
7
421
16777215
470
LINEAR
1001
ACAD
1010
0
1020
0
1030
0
  0
CIRCLE
  5
993
330
1F
100
AcDbEntity
  8
Multi-Layer
100
AcDbCircle
 10
6.390017780035578
 20
111.74909829819671
 30
0.0
 40
0.4500127000254001
  0
CIRCLE
  5
994
330
1F
100
AcDbEntity
  8
Multi-Layer
100
AcDbCircle
 10
6.390017780035578
 20
111.74904749809502
 30
0.0
 40
0.8
0
HATCH
5
995
100
AcDbEntity
8
Multi-Layer
100
AcDbHatch
10
0
20
0
30
0
210
0
220
0
230
1
2
SOLID
70
1
71
0
91
1
92
7
72
1
73
1
93
2
10
5.590017780035578
20
111.74904749809502
42
1
10
7.190017780035578
20
111.74904749809502
42
1
97
1
330

75
0
76
1
47
0.8681437583925616
98
1
10
3.629517071192367
20
33.92795499968543
450
0
451
0
460
0
461
0
452
1
462
1
453
2
463
0
63
5
421
255
463
1
63
7
421
16777215
470
LINEAR
1001
ACAD
1010
0
1020
0
1030
0
  0
CIRCLE
  5
996
330
1F
100
AcDbEntity
  8
TopSolderMaskLayer
100
AcDbCircle
 10
-9.266573533147039
 20
128.66002032004076
 30
0.0
 40
0.48768097536195076
  0
CIRCLE
  5
997
330
1F
100
AcDbEntity
  8
TopSolderMaskLayer
100
AcDbCircle
 10
-9.266319532639045
 20
128.65963931927877
 30
0.0
 40
0.8128016256032513
0
HATCH
5
998
100
AcDbEntity
8
TopSolderMaskLayer
100
AcDbHatch
10
0
20
0
30
0
210
0
220
0
230
1
2
SOLID
70
1
71
0
91
1
92
7
72
1
73
1
93
2
10
-10.079121158242296
20
128.65963931927877
42
1
10
-8.453517907035794
20
128.65963931927877
42
1
97
1
330

75
0
76
1
47
0.8681437583925616
98
1
10
3.629517071192367
20
33.92795499968543
450
0
451
0
460
0
461
0
452
1
462
1
453
2
463
0
63
5
421
255
463
1
63
7
421
16777215
470
LINEAR
1001
ACAD
1010
0
1020
0
1030
0
  0
CIRCLE
  5
999
330
1F
100
AcDbEntity
  8
BottomSolderMaskLayer
100
AcDbCircle
 10
-9.266573533147039
 20
128.66002032004076
 30
0.0
 40
0.48768097536195076
  0
CIRCLE
  5
99a
330
1F
100
AcDbEntity
  8
BottomSolderMaskLayer
100
AcDbCircle
 10
-9.266319532639045
 20
128.65963931927877
 30
0.0
 40
0.8128016256032513
0
HATCH
5
99b
100
AcDbEntity
8
BottomSolderMaskLayer
100
AcDbHatch
10
0
20
0
30
0
210
0
220
0
230
1
2
SOLID
70
1
71
0
91
1
92
7
72
1
73
1
93
2
10
-10.079121158242296
20
128.65963931927877
42
1
10
-8.453517907035794
20
128.65963931927877
42
1
97
1
330

75
0
76
1
47
0.8681437583925616
98
1
10
3.629517071192367
20
33.92795499968543
450
0
451
0
460
0
461
0
452
1
462
1
453
2
463
0
63
5
421
255
463
1
63
7
421
16777215
470
LINEAR
1001
ACAD
1010
0
1020
0
1030
0
  0
CIRCLE
  5
99c
330
1F
100
AcDbEntity
  8
Multi-Layer
100
AcDbCircle
 10
-9.266573533147039
 20
128.66002032004076
 30
0.0
 40
0.45720091440182886
  0
CIRCLE
  5
99d
330
1F
100
AcDbEntity
  8
Multi-Layer
100
AcDbCircle
 10
-9.266319532639045
 20
128.65963931927877
 30
0.0
 40
0.7620015240030481
0
HATCH
5
99e
100
AcDbEntity
8
Multi-Layer
100
AcDbHatch
10
0
20
0
30
0
210
0
220
0
230
1
2
SOLID
70
1
71
0
91
1
92
7
72
1
73
1
93
2
10
-10.028321056642094
20
128.65963931927877
42
1
10
-8.504318008635996
20
128.65963931927877
42
1
97
1
330

75
0
76
1
47
0.8681437583925616
98
1
10
3.629517071192367
20
33.92795499968543
450
0
451
0
460
0
461
0
452
1
462
1
453
2
463
0
63
5
421
255
463
1
63
7
421
16777215
470
LINEAR
1001
ACAD
1010
0
1020
0
1030
0
  0
CIRCLE
  5
99f
330
1F
100
AcDbEntity
  8
TopSolderMaskLayer
100
AcDbCircle
 10
-11.806578613157171
 20
128.66002032004076
 30
0.0
 40
0.48768097536195076
  0
CIRCLE
  5
9a0
330
1F
100
AcDbEntity
  8
TopSolderMaskLayer
100
AcDbCircle
 10
-11.806324612649178
 20
128.65963931927877
 30
0.0
 40
0.8128016256032513
0
HATCH
5
9a1
100
AcDbEntity
8
TopSolderMaskLayer
100
AcDbHatch
10
0
20
0
30
0
210
0
220
0
230
1
2
SOLID
70
1
71
0
91
1
92
7
72
1
73
1
93
2
10
-12.619126238252429
20
128.65963931927877
42
1
10
-10.993522987045926
20
128.65963931927877
42
1
97
1
330

75
0
76
1
47
0.8681437583925616
98
1
10
3.629517071192367
20
33.92795499968543
450
0
451
0
460
0
461
0
452
1
462
1
453
2
463
0
63
5
421
255
463
1
63
7
421
16777215
470
LINEAR
1001
ACAD
1010
0
1020
0
1030
0
  0
CIRCLE
  5
9a2
330
1F
100
AcDbEntity
  8
BottomSolderMaskLayer
100
AcDbCircle
 10
-11.806578613157171
 20
128.66002032004076
 30
0.0
 40
0.48768097536195076
  0
CIRCLE
  5
9a3
330
1F
100
AcDbEntity
  8
BottomSolderMaskLayer
100
AcDbCircle
 10
-11.806324612649178
 20
128.65963931927877
 30
0.0
 40
0.8128016256032513
0
HATCH
5
9a4
100
AcDbEntity
8
BottomSolderMaskLayer
100
AcDbHatch
10
0
20
0
30
0
210
0
220
0
230
1
2
SOLID
70
1
71
0
91
1
92
7
72
1
73
1
93
2
10
-12.619126238252429
20
128.65963931927877
42
1
10
-10.993522987045926
20
128.65963931927877
42
1
97
1
330

75
0
76
1
47
0.8681437583925616
98
1
10
3.629517071192367
20
33.92795499968543
450
0
451
0
460
0
461
0
452
1
462
1
453
2
463
0
63
5
421
255
463
1
63
7
421
16777215
470
LINEAR
1001
ACAD
1010
0
1020
0
1030
0
  0
CIRCLE
  5
9a5
330
1F
100
AcDbEntity
  8
Multi-Layer
100
AcDbCircle
 10
-11.806578613157171
 20
128.66002032004076
 30
0.0
 40
0.45720091440182886
  0
CIRCLE
  5
9a6
330
1F
100
AcDbEntity
  8
Multi-Layer
100
AcDbCircle
 10
-11.806324612649178
 20
128.65963931927877
 30
0.0
 40
0.7620015240030481
0
HATCH
5
9a7
100
AcDbEntity
8
Multi-Layer
100
AcDbHatch
10
0
20
0
30
0
210
0
220
0
230
1
2
SOLID
70
1
71
0
91
1
92
7
72
1
73
1
93
2
10
-12.568326136652226
20
128.65963931927877
42
1
10
-11.044323088646129
20
128.65963931927877
42
1
97
1
330

75
0
76
1
47
0.8681437583925616
98
1
10
3.629517071192367
20
33.92795499968543
450
0
451
0
460
0
461
0
452
1
462
1
453
2
463
0
63
5
421
255
463
1
63
7
421
16777215
470
LINEAR
1001
ACAD
1010
0
1020
0
1030
0
  0
CIRCLE
  5
9a8
330
1F
100
AcDbEntity
  8
TopSolderMaskLayer
100
AcDbCircle
 10
-14.346583693167304
 20
128.66002032004076
 30
0.0
 40
0.47244094488188987
  0
CIRCLE
  5
9a9
330
1F
100
AcDbEntity
  8
TopSolderMaskLayer
100
AcDbCircle
 10
-14.34632969265931
 20
128.65963931927877
 30
0.0
 40
0.7874015748031498
0
HATCH
5
9aa
100
AcDbEntity
8
TopSolderMaskLayer
100
AcDbHatch
10
0
20
0
30
0
210
0
220
0
230
1
2
SOLID
70
1
71
0
91
1
92
7
72
1
73
1
93
2
10
-15.13373126746246
20
128.65963931927877
42
1
10
-13.55892811785616
20
128.65963931927877
42
1
97
1
330

75
0
76
1
47
0.8681437583925616
98
1
10
3.629517071192367
20
33.92795499968543
450
0
451
0
460
0
461
0
452
1
462
1
453
2
463
0
63
5
421
255
463
1
63
7
421
16777215
470
LINEAR
1001
ACAD
1010
0
1020
0
1030
0
  0
CIRCLE
  5
9ab
330
1F
100
AcDbEntity
  8
BottomSolderMaskLayer
100
AcDbCircle
 10
-14.346583693167304
 20
128.66002032004076
 30
0.0
 40
0.47244094488188987
  0
CIRCLE
  5
9ac
330
1F
100
AcDbEntity
  8
BottomSolderMaskLayer
100
AcDbCircle
 10
-14.34632969265931
 20
128.65963931927877
 30
0.0
 40
0.7874015748031498
0
HATCH
5
9ad
100
AcDbEntity
8
BottomSolderMaskLayer
100
AcDbHatch
10
0
20
0
30
0
210
0
220
0
230
1
2
SOLID
70
1
71
0
91
1
92
7
72
1
73
1
93
2
10
-15.13373126746246
20
128.65963931927877
42
1
10
-13.55892811785616
20
128.65963931927877
42
1
97
1
330

75
0
76
1
47
0.8681437583925616
98
1
10
3.629517071192367
20
33.92795499968543
450
0
451
0
460
0
461
0
452
1
462
1
453
2
463
0
63
5
421
255
463
1
63
7
421
16777215
470
LINEAR
1001
ACAD
1010
0
1020
0
1030
0
  0
CIRCLE
  5
9ae
330
1F
100
AcDbEntity
  8
Multi-Layer
100
AcDbCircle
 10
-14.346583693167304
 20
128.66002032004076
 30
0.0
 40
0.45720091440182886
  0
CIRCLE
  5
9af
330
1F
100
AcDbEntity
  8
Multi-Layer
100
AcDbCircle
 10
-14.34632969265931
 20
128.65963931927877
 30
0.0
 40
0.7620015240030481
0
HATCH
5
9b0
100
AcDbEntity
8
Multi-Layer
100
AcDbHatch
10
0
20
0
30
0
210
0
220
0
230
1
2
SOLID
70
1
71
0
91
1
92
7
72
1
73
1
93
2
10
-15.108331216662359
20
128.65963931927877
42
1
10
-13.584328168656262
20
128.65963931927877
42
1
97
1
330

75
0
76
1
47
0.8681437583925616
98
1
10
3.629517071192367
20
33.92795499968543
450
0
451
0
460
0
461
0
452
1
462
1
453
2
463
0
63
5
421
255
463
1
63
7
421
16777215
470
LINEAR
1001
ACAD
1010
0
1020
0
1030
0
  0
CIRCLE
  5
9b1
330
1F
100
AcDbEntity
  8
TopSolderMaskLayer
100
AcDbCircle
 10
-16.886588773177436
 20
128.66002032004076
 30
0.0
 40
0.48768097536195076
  0
CIRCLE
  5
9b2
330
1F
100
AcDbEntity
  8
TopSolderMaskLayer
100
AcDbCircle
 10
-16.886334772669443
 20
128.65963931927877
 30
0.0
 40
0.8128016256032513
0
HATCH
5
9b3
100
AcDbEntity
8
TopSolderMaskLayer
100
AcDbHatch
10
0
20
0
30
0
210
0
220
0
230
1
2
SOLID
70
1
71
0
91
1
92
7
72
1
73
1
93
2
10
-17.699136398272692
20
128.65963931927877
42
1
10
-16.073533147066193
20
128.65963931927877
42
1
97
1
330

75
0
76
1
47
0.8681437583925616
98
1
10
3.629517071192367
20
33.92795499968543
450
0
451
0
460
0
461
0
452
1
462
1
453
2
463
0
63
5
421
255
463
1
63
7
421
16777215
470
LINEAR
1001
ACAD
1010
0
1020
0
1030
0
  0
CIRCLE
  5
9b4
330
1F
100
AcDbEntity
  8
BottomSolderMaskLayer
100
AcDbCircle
 10
-16.886588773177436
 20
128.66002032004076
 30
0.0
 40
0.48768097536195076
  0
CIRCLE
  5
9b5
330
1F
100
AcDbEntity
  8
BottomSolderMaskLayer
100
AcDbCircle
 10
-16.886334772669443
 20
128.65963931927877
 30
0.0
 40
0.8128016256032513
0
HATCH
5
9b6
100
AcDbEntity
8
BottomSolderMaskLayer
100
AcDbHatch
10
0
20
0
30
0
210
0
220
0
230
1
2
SOLID
70
1
71
0
91
1
92
7
72
1
73
1
93
2
10
-17.699136398272692
20
128.65963931927877
42
1
10
-16.073533147066193
20
128.65963931927877
42
1
97
1
330

75
0
76
1
47
0.8681437583925616
98
1
10
3.629517071192367
20
33.92795499968543
450
0
451
0
460
0
461
0
452
1
462
1
453
2
463
0
63
5
421
255
463
1
63
7
421
16777215
470
LINEAR
1001
ACAD
1010
0
1020
0
1030
0
  0
CIRCLE
  5
9b7
330
1F
100
AcDbEntity
  8
Multi-Layer
100
AcDbCircle
 10
-16.886588773177436
 20
128.66002032004076
 30
0.0
 40
0.45720091440182886
  0
CIRCLE
  5
9b8
330
1F
100
AcDbEntity
  8
Multi-Layer
100
AcDbCircle
 10
-16.886334772669443
 20
128.65963931927877
 30
0.0
 40
0.7620015240030481
0
HATCH
5
9b9
100
AcDbEntity
8
Multi-Layer
100
AcDbHatch
10
0
20
0
30
0
210
0
220
0
230
1
2
SOLID
70
1
71
0
91
1
92
7
72
1
73
1
93
2
10
-17.64833629667249
20
128.65963931927877
42
1
10
-16.124333248666396
20
128.65963931927877
42
1
97
1
330

75
0
76
1
47
0.8681437583925616
98
1
10
3.629517071192367
20
33.92795499968543
450
0
451
0
460
0
461
0
452
1
462
1
453
2
463
0
63
5
421
255
463
1
63
7
421
16777215
470
LINEAR
1001
ACAD
1010
0
1020
0
1030
0
  0
CIRCLE
  5
9ba
330
1F
100
AcDbEntity
  8
TopSolderMaskLayer
100
AcDbCircle
 10
-19.35801371602747
 20
128.66002032004076
 30
0.0
 40
0.48768097536195076
  0
CIRCLE
  5
9bb
330
1F
100
AcDbEntity
  8
TopSolderMaskLayer
100
AcDbCircle
 10
-19.357759715519478
 20
128.65963931927877
 30
0.0
 40
0.8128016256032513
0
HATCH
5
9bc
100
AcDbEntity
8
TopSolderMaskLayer
100
AcDbHatch
10
0
20
0
30
0
210
0
220
0
230
1
2
SOLID
70
1
71
0
91
1
92
7
72
1
73
1
93
2
10
-20.170561341122728
20
128.65963931927877
42
1
10
-18.54495808991623
20
128.65963931927877
42
1
97
1
330

75
0
76
1
47
0.8681437583925616
98
1
10
3.629517071192367
20
33.92795499968543
450
0
451
0
460
0
461
0
452
1
462
1
453
2
463
0
63
5
421
255
463
1
63
7
421
16777215
470
LINEAR
1001
ACAD
1010
0
1020
0
1030
0
  0
CIRCLE
  5
9bd
330
1F
100
AcDbEntity
  8
BottomSolderMaskLayer
100
AcDbCircle
 10
-19.35801371602747
 20
128.66002032004076
 30
0.0
 40
0.48768097536195076
  0
CIRCLE
  5
9be
330
1F
100
AcDbEntity
  8
BottomSolderMaskLayer
100
AcDbCircle
 10
-19.357759715519478
 20
128.65963931927877
 30
0.0
 40
0.8128016256032513
0
HATCH
5
9bf
100
AcDbEntity
8
BottomSolderMaskLayer
100
AcDbHatch
10
0
20
0
30
0
210
0
220
0
230
1
2
SOLID
70
1
71
0
91
1
92
7
72
1
73
1
93
2
10
-20.170561341122728
20
128.65963931927877
42
1
10
-18.54495808991623
20
128.65963931927877
42
1
97
1
330

75
0
76
1
47
0.8681437583925616
98
1
10
3.629517071192367
20
33.92795499968543
450
0
451
0
460
0
461
0
452
1
462
1
453
2
463
0
63
5
421
255
463
1
63
7
421
16777215
470
LINEAR
1001
ACAD
1010
0
1020
0
1030
0
  0
CIRCLE
  5
9c0
330
1F
100
AcDbEntity
  8
Multi-Layer
100
AcDbCircle
 10
-19.35801371602747
 20
128.66002032004076
 30
0.0
 40
0.45720091440182886
  0
CIRCLE
  5
9c1
330
1F
100
AcDbEntity
  8
Multi-Layer
100
AcDbCircle
 10
-19.357759715519478
 20
128.65963931927877
 30
0.0
 40
0.7620015240030481
0
HATCH
5
9c2
100
AcDbEntity
8
Multi-Layer
100
AcDbHatch
10
0
20
0
30
0
210
0
220
0
230
1
2
SOLID
70
1
71
0
91
1
92
7
72
1
73
1
93
2
10
-20.119761239522525
20
128.65963931927877
42
1
10
-18.59575819151643
20
128.65963931927877
42
1
97
1
330

75
0
76
1
47
0.8681437583925616
98
1
10
3.629517071192367
20
33.92795499968543
450
0
451
0
460
0
461
0
452
1
462
1
453
2
463
0
63
5
421
255
463
1
63
7
421
16777215
470
LINEAR
1001
ACAD
1010
0
1020
0
1030
0
  0
CIRCLE
  5
9c3
330
1F
100
AcDbEntity
  8
TopSolderMaskLayer
100
AcDbCircle
 10
10.459994919989867
 20
119.93002286004582
 30
0.0
 40
0.5655353117157847
  0
CIRCLE
  5
9c4
330
1F
100
AcDbEntity
  8
TopSolderMaskLayer
100
AcDbCircle
 10
10.460121920243864
 20
119.92989585979183
 30
0.0
 40
0.9254000508001016
0
HATCH
5
9c5
100
AcDbEntity
8
TopSolderMaskLayer
100
AcDbHatch
10
0
20
0
30
0
210
0
220
0
230
1
2
SOLID
70
1
71
0
91
1
92
7
72
1
73
1
93
2
10
9.534721869443763
20
119.92989585979183
42
1
10
11.385521971043966
20
119.92989585979183
42
1
97
1
330

75
0
76
1
47
0.8681437583925616
98
1
10
3.629517071192367
20
33.92795499968543
450
0
451
0
460
0
461
0
452
1
462
1
453
2
463
0
63
5
421
255
463
1
63
7
421
16777215
470
LINEAR
1001
ACAD
1010
0
1020
0
1030
0
  0
CIRCLE
  5
9c6
330
1F
100
AcDbEntity
  8
BottomSolderMaskLayer
100
AcDbCircle
 10
10.459994919989867
 20
119.93002286004582
 30
0.0
 40
0.5655353117157847
  0
CIRCLE
  5
9c7
330
1F
100
AcDbEntity
  8
BottomSolderMaskLayer
100
AcDbCircle
 10
10.460121920243864
 20
119.92989585979183
 30
0.0
 40
0.9254000508001016
0
HATCH
5
9c8
100
AcDbEntity
8
BottomSolderMaskLayer
100
AcDbHatch
10
0
20
0
30
0
210
0
220
0
230
1
2
SOLID
70
1
71
0
91
1
92
7
72
1
73
1
93
2
10
9.534721869443763
20
119.92989585979183
42
1
10
11.385521971043966
20
119.92989585979183
42
1
97
1
330

75
0
76
1
47
0.8681437583925616
98
1
10
3.629517071192367
20
33.92795499968543
450
0
451
0
460
0
461
0
452
1
462
1
453
2
463
0
63
5
421
255
463
1
63
7
421
16777215
470
LINEAR
1001
ACAD
1010
0
1020
0
1030
0
  0
CIRCLE
  5
9c9
330
1F
100
AcDbEntity
  8
Multi-Layer
100
AcDbCircle
 10
10.459994919989867
 20
119.93002286004582
 30
0.0
 40
0.5500127000254001
  0
CIRCLE
  5
9ca
330
1F
100
AcDbEntity
  8
Multi-Layer
100
AcDbCircle
 10
10.460121920243864
 20
119.92989585979183
 30
0.0
 40
0.9000000000000001
0
HATCH
5
9cb
100
AcDbEntity
8
Multi-Layer
100
AcDbHatch
10
0
20
0
30
0
210
0
220
0
230
1
2
SOLID
70
1
71
0
91
1
92
7
72
1
73
1
93
2
10
9.560121920243864
20
119.92989585979183
42
1
10
11.360121920243865
20
119.92989585979183
42
1
97
1
330

75
0
76
1
47
0.8681437583925616
98
1
10
3.629517071192367
20
33.92795499968543
450
0
451
0
460
0
461
0
452
1
462
1
453
2
463
0
63
5
421
255
463
1
63
7
421
16777215
470
LINEAR
1001
ACAD
1010
0
1020
0
1030
0
  0
CIRCLE
  5
9d5
330
1F
100
AcDbEntity
  8
TopSolderMaskLayer
100
AcDbCircle
 10
-11.540005080010133
 20
-2.8399796799592423
 30
0.0
 40
0.7627129404796444
  0
CIRCLE
  5
9d6
330
1F
100
AcDbEntity
  8
TopSolderMaskLayer
100
AcDbCircle
 10
-11.539878079756136
 20
-2.8399796799592423
 30
0.0
 40
1.525400050800102
0
HATCH
5
9d7
100
AcDbEntity
8
TopSolderMaskLayer
100
AcDbHatch
10
0
20
0
30
0
210
0
220
0
230
1
2
SOLID
70
1
71
0
91
1
92
7
72
1
73
1
93
2
10
-13.065278130556237
20
-2.8399796799592423
42
1
10
-10.014478028956034
20
-2.8399796799592423
42
1
97
1
330

75
0
76
1
47
0.8681437583925616
98
1
10
3.629517071192367
20
33.92795499968543
450
0
451
0
460
0
461
0
452
1
462
1
453
2
463
0
63
5
421
255
463
1
63
7
421
16777215
470
LINEAR
1001
ACAD
1010
0
1020
0
1030
0
  0
CIRCLE
  5
9d8
330
1F
100
AcDbEntity
  8
BottomSolderMaskLayer
100
AcDbCircle
 10
-11.540005080010133
 20
-2.8399796799592423
 30
0.0
 40
0.7627129404796444
  0
CIRCLE
  5
9d9
330
1F
100
AcDbEntity
  8
BottomSolderMaskLayer
100
AcDbCircle
 10
-11.539878079756136
 20
-2.8399796799592423
 30
0.0
 40
1.525400050800102
0
HATCH
5
9da
100
AcDbEntity
8
BottomSolderMaskLayer
100
AcDbHatch
10
0
20
0
30
0
210
0
220
0
230
1
2
SOLID
70
1
71
0
91
1
92
7
72
1
73
1
93
2
10
-13.065278130556237
20
-2.8399796799592423
42
1
10
-10.014478028956034
20
-2.8399796799592423
42
1
97
1
330

75
0
76
1
47
0.8681437583925616
98
1
10
3.629517071192367
20
33.92795499968543
450
0
451
0
460
0
461
0
452
1
462
1
453
2
463
0
63
5
421
255
463
1
63
7
421
16777215
470
LINEAR
1001
ACAD
1010
0
1020
0
1030
0
  0
CIRCLE
  5
9db
330
1F
100
AcDbEntity
  8
Multi-Layer
100
AcDbCircle
 10
-11.540005080010133
 20
-2.8399796799592423
 30
0.0
 40
0.7500127000254001
  0
CIRCLE
  5
9dc
330
1F
100
AcDbEntity
  8
Multi-Layer
100
AcDbCircle
 10
-11.539878079756136
 20
-2.8399796799592423
 30
0.0
 40
1.5000000000000002
0
HATCH
5
9dd
100
AcDbEntity
8
Multi-Layer
100
AcDbHatch
10
0
20
0
30
0
210
0
220
0
230
1
2
SOLID
70
1
71
0
91
1
92
7
72
1
73
1
93
2
10
-13.039878079756136
20
-2.8399796799592423
42
1
10
-10.039878079756136
20
-2.8399796799592423
42
1
97
1
330

75
0
76
1
47
0.8681437583925616
98
1
10
3.629517071192367
20
33.92795499968543
450
0
451
0
460
0
461
0
452
1
462
1
453
2
463
0
63
5
421
255
463
1
63
7
421
16777215
470
LINEAR
1001
ACAD
1010
0
1020
0
1030
0
  0
CIRCLE
  5
9de
330
1F
100
AcDbEntity
  8
TopSolderMaskLayer
100
AcDbCircle
 10
1.4599949199898674
 20
-2.8399796799592423
 30
0.0
 40
0.7627129404796444
  0
CIRCLE
  5
9df
330
1F
100
AcDbEntity
  8
TopSolderMaskLayer
100
AcDbCircle
 10
1.4601219202438642
 20
-2.8399796799592423
 30
0.0
 40
1.525400050800102
0
HATCH
5
9e0
100
AcDbEntity
8
TopSolderMaskLayer
100
AcDbHatch
10
0
20
0
30
0
210
0
220
0
230
1
2
SOLID
70
1
71
0
91
1
92
7
72
1
73
1
93
2
10
-0.06527813055623777
20
-2.8399796799592423
42
1
10
2.9855219710439664
20
-2.8399796799592423
42
1
97
1
330

75
0
76
1
47
0.8681437583925616
98
1
10
3.629517071192367
20
33.92795499968543
450
0
451
0
460
0
461
0
452
1
462
1
453
2
463
0
63
5
421
255
463
1
63
7
421
16777215
470
LINEAR
1001
ACAD
1010
0
1020
0
1030
0
  0
CIRCLE
  5
9e1
330
1F
100
AcDbEntity
  8
BottomSolderMaskLayer
100
AcDbCircle
 10
1.4599949199898674
 20
-2.8399796799592423
 30
0.0
 40
0.7627129404796444
  0
CIRCLE
  5
9e2
330
1F
100
AcDbEntity
  8
BottomSolderMaskLayer
100
AcDbCircle
 10
1.4601219202438642
 20
-2.8399796799592423
 30
0.0
 40
1.525400050800102
0
HATCH
5
9e3
100
AcDbEntity
8
BottomSolderMaskLayer
100
AcDbHatch
10
0
20
0
30
0
210
0
220
0
230
1
2
SOLID
70
1
71
0
91
1
92
7
72
1
73
1
93
2
10
-0.06527813055623777
20
-2.8399796799592423
42
1
10
2.9855219710439664
20
-2.8399796799592423
42
1
97
1
330

75
0
76
1
47
0.8681437583925616
98
1
10
3.629517071192367
20
33.92795499968543
450
0
451
0
460
0
461
0
452
1
462
1
453
2
463
0
63
5
421
255
463
1
63
7
421
16777215
470
LINEAR
1001
ACAD
1010
0
1020
0
1030
0
  0
CIRCLE
  5
9e4
330
1F
100
AcDbEntity
  8
Multi-Layer
100
AcDbCircle
 10
1.4599949199898674
 20
-2.8399796799592423
 30
0.0
 40
0.7500127000254001
  0
CIRCLE
  5
9e5
330
1F
100
AcDbEntity
  8
Multi-Layer
100
AcDbCircle
 10
1.4601219202438642
 20
-2.8399796799592423
 30
0.0
 40
1.5000000000000002
0
HATCH
5
9e6
100
AcDbEntity
8
Multi-Layer
100
AcDbHatch
10
0
20
0
30
0
210
0
220
0
230
1
2
SOLID
70
1
71
0
91
1
92
7
72
1
73
1
93
2
10
-0.039878079756136
20
-2.8399796799592423
42
1
10
2.9601219202438642
20
-2.8399796799592423
42
1
97
1
330

75
0
76
1
47
0.8681437583925616
98
1
10
3.629517071192367
20
33.92795499968543
450
0
451
0
460
0
461
0
452
1
462
1
453
2
463
0
63
5
421
255
463
1
63
7
421
16777215
470
LINEAR
1001
ACAD
1010
0
1020
0
1030
0
  0
CIRCLE
  5
9e7
330
1F
100
AcDbEntity
  8
TopSolderMaskLayer
100
AcDbCircle
 10
-15.359994919989731
 20
65.28001016002042
 30
0.0
 40
0.7627129404796444
  0
CIRCLE
  5
9e8
330
1F
100
AcDbEntity
  8
TopSolderMaskLayer
100
AcDbCircle
 10
-15.36004572009142
 20
65.27990855981716
 30
0.0
 40
1.525400050800102
0
HATCH
5
9e9
100
AcDbEntity
8
TopSolderMaskLayer
100
AcDbHatch
10
0
20
0
30
0
210
0
220
0
230
1
2
SOLID
70
1
71
0
91
1
92
7
72
1
73
1
93
2
10
-16.885445770891522
20
65.27990855981716
42
1
10
-13.83464566929132
20
65.27990855981716
42
1
97
1
330

75
0
76
1
47
0.8681437583925616
98
1
10
3.629517071192367
20
33.92795499968543
450
0
451
0
460
0
461
0
452
1
462
1
453
2
463
0
63
5
421
255
463
1
63
7
421
16777215
470
LINEAR
1001
ACAD
1010
0
1020
0
1030
0
  0
CIRCLE
  5
9ea
330
1F
100
AcDbEntity
  8
BottomSolderMaskLayer
100
AcDbCircle
 10
-15.359994919989731
 20
65.28001016002042
 30
0.0
 40
0.7627129404796444
  0
CIRCLE
  5
9eb
330
1F
100
AcDbEntity
  8
BottomSolderMaskLayer
100
AcDbCircle
 10
-15.36004572009142
 20
65.27990855981716
 30
0.0
 40
1.525400050800102
0
HATCH
5
9ec
100
AcDbEntity
8
BottomSolderMaskLayer
100
AcDbHatch
10
0
20
0
30
0
210
0
220
0
230
1
2
SOLID
70
1
71
0
91
1
92
7
72
1
73
1
93
2
10
-16.885445770891522
20
65.27990855981716
42
1
10
-13.83464566929132
20
65.27990855981716
42
1
97
1
330

75
0
76
1
47
0.8681437583925616
98
1
10
3.629517071192367
20
33.92795499968543
450
0
451
0
460
0
461
0
452
1
462
1
453
2
463
0
63
5
421
255
463
1
63
7
421
16777215
470
LINEAR
1001
ACAD
1010
0
1020
0
1030
0
  0
CIRCLE
  5
9ed
330
1F
100
AcDbEntity
  8
Multi-Layer
100
AcDbCircle
 10
-15.359994919989731
 20
65.28001016002042
 30
0.0
 40
0.7500127000254001
  0
CIRCLE
  5
9ee
330
1F
100
AcDbEntity
  8
Multi-Layer
100
AcDbCircle
 10
-15.36004572009142
 20
65.27990855981716
 30
0.0
 40
1.5000000000000002
0
HATCH
5
9ef
100
AcDbEntity
8
Multi-Layer
100
AcDbHatch
10
0
20
0
30
0
210
0
220
0
230
1
2
SOLID
70
1
71
0
91
1
92
7
72
1
73
1
93
2
10
-16.86004572009142
20
65.27990855981716
42
1
10
-13.86004572009142
20
65.27990855981716
42
1
97
1
330

75
0
76
1
47
0.8681437583925616
98
1
10
3.629517071192367
20
33.92795499968543
450
0
451
0
460
0
461
0
452
1
462
1
453
2
463
0
63
5
421
255
463
1
63
7
421
16777215
470
LINEAR
1001
ACAD
1010
0
1020
0
1030
0
  0
CIRCLE
  5
9f0
330
1F
100
AcDbEntity
  8
TopSolderMaskLayer
100
AcDbCircle
 10
-11.008001016002027
 20
65.28001016002042
 30
0.0
 40
0.7627129404796444
  0
CIRCLE
  5
9f1
330
1F
100
AcDbEntity
  8
TopSolderMaskLayer
100
AcDbCircle
 10
-11.008001016002027
 20
65.27990855981716
 30
0.0
 40
1.525400050800102
0
HATCH
5
9f2
100
AcDbEntity
8
TopSolderMaskLayer
100
AcDbHatch
10
0
20
0
30
0
210
0
220
0
230
1
2
SOLID
70
1
71
0
91
1
92
7
72
1
73
1
93
2
10
-12.533401066802128
20
65.27990855981716
42
1
10
-9.482600965201925
20
65.27990855981716
42
1
97
1
330

75
0
76
1
47
0.8681437583925616
98
1
10
3.629517071192367
20
33.92795499968543
450
0
451
0
460
0
461
0
452
1
462
1
453
2
463
0
63
5
421
255
463
1
63
7
421
16777215
470
LINEAR
1001
ACAD
1010
0
1020
0
1030
0
  0
CIRCLE
  5
9f3
330
1F
100
AcDbEntity
  8
BottomSolderMaskLayer
100
AcDbCircle
 10
-11.008001016002027
 20
65.28001016002042
 30
0.0
 40
0.7627129404796444
  0
CIRCLE
  5
9f4
330
1F
100
AcDbEntity
  8
BottomSolderMaskLayer
100
AcDbCircle
 10
-11.008001016002027
 20
65.27990855981716
 30
0.0
 40
1.525400050800102
0
HATCH
5
9f5
100
AcDbEntity
8
BottomSolderMaskLayer
100
AcDbHatch
10
0
20
0
30
0
210
0
220
0
230
1
2
SOLID
70
1
71
0
91
1
92
7
72
1
73
1
93
2
10
-12.533401066802128
20
65.27990855981716
42
1
10
-9.482600965201925
20
65.27990855981716
42
1
97
1
330

75
0
76
1
47
0.8681437583925616
98
1
10
3.629517071192367
20
33.92795499968543
450
0
451
0
460
0
461
0
452
1
462
1
453
2
463
0
63
5
421
255
463
1
63
7
421
16777215
470
LINEAR
1001
ACAD
1010
0
1020
0
1030
0
  0
CIRCLE
  5
9f6
330
1F
100
AcDbEntity
  8
Multi-Layer
100
AcDbCircle
 10
-11.008001016002027
 20
65.28001016002042
 30
0.0
 40
0.7500127000254001
  0
CIRCLE
  5
9f7
330
1F
100
AcDbEntity
  8
Multi-Layer
100
AcDbCircle
 10
-11.008001016002027
 20
65.27990855981716
 30
0.0
 40
1.5000000000000002
0
HATCH
5
9f8
100
AcDbEntity
8
Multi-Layer
100
AcDbHatch
10
0
20
0
30
0
210
0
220
0
230
1
2
SOLID
70
1
71
0
91
1
92
7
72
1
73
1
93
2
10
-12.508001016002027
20
65.27990855981716
42
1
10
-9.508001016002027
20
65.27990855981716
42
1
97
1
330

75
0
76
1
47
0.8681437583925616
98
1
10
3.629517071192367
20
33.92795499968543
450
0
451
0
460
0
461
0
452
1
462
1
453
2
463
0
63
5
421
255
463
1
63
7
421
16777215
470
LINEAR
1001
ACAD
1010
0
1020
0
1030
0
  0
CIRCLE
  5
543
330
1F
100
AcDbEntity
  8
TopSolderMaskLayer
100
AcDbCircle
 10
-4.665074930149785
 20
127.15991871983749
 30
0.0
 40
0.315240030480061
0
HATCH
5
545
100
AcDbEntity
8
TopSolderMaskLayer
100
AcDbHatch
10
0
20
0
30
0
210
0
220
0
230
1
2
SOLID
70
1
71
0
91
1
92
7
72
0
73
1
93
4
10
-4.139673589024596
20
127.68531360933696
10
-5.190473690624913
20
127.68531360933696
10
-5.190473690624913
20
126.63451350773676
10
-4.139673589024596
20
126.63451350773676
97
1
330

75
0
76
1
47
0.4128176842155181
98
1
10
34.90568961886538
20
22.81183545379326
450
0
451
0
460
0
461
0
452
1
462
1
453
2
463
0
63
5
421
255
463
1
63
7
421
16777215
470
LINEAR
1001
ACAD
1010
0
1020
0
1030
0
  0
CIRCLE
  5
546
330
1F
100
AcDbEntity
  8
BottomSolderMaskLayer
100
AcDbCircle
 10
-4.665074930149785
 20
127.15991871983749
 30
0.0
 40
0.315240030480061
0
HATCH
5
548
100
AcDbEntity
8
BottomSolderMaskLayer
100
AcDbHatch
10
0
20
0
30
0
210
0
220
0
230
1
2
SOLID
70
1
71
0
91
1
92
7
72
0
73
1
93
4
10
-4.139673589024596
20
127.68531360933696
10
-5.190473690624913
20
127.68531360933696
10
-5.190473690624913
20
126.63451350773676
10
-4.139673589024596
20
126.63451350773676
97
1
330

75
0
76
1
47
0.4128176842155181
98
1
10
34.90568961886538
20
22.81183545379326
450
0
451
0
460
0
461
0
452
1
462
1
453
2
463
0
63
5
421
255
463
1
63
7
421
16777215
470
LINEAR
1001
ACAD
1010
0
1020
0
1030
0
  0
CIRCLE
  5
549
330
1F
100
AcDbEntity
  8
Multi-Layer
100
AcDbCircle
 10
-4.665074930149785
 20
127.15991871983749
 30
0.0
 40
0.30000000000000004
0
HATCH
5
54b
100
AcDbEntity
8
Multi-Layer
100
AcDbHatch
10
0
20
0
30
0
210
0
220
0
230
1
2
SOLID
70
1
71
0
91
1
92
7
72
0
73
1
93
4
10
-4.165074930149785
20
127.6599187198376
10
-5.165074930149785
20
127.6599187198376
10
-5.165074930149785
20
126.65991871983749
10
-4.165074930149785
20
126.65991871983749
97
1
330

75
0
76
1
47
0.4128176842155181
98
1
10
34.90568961886538
20
22.81183545379326
450
0
451
0
460
0
461
0
452
1
462
1
453
2
463
0
63
5
421
255
463
1
63
7
421
16777215
470
LINEAR
1001
ACAD
1010
0
1020
0
1030
0
  0
CIRCLE
  5
555
330
1F
100
AcDbEntity
  8
TopSolderMaskLayer
100
AcDbCircle
 10
0.6499872999745548
 20
128.66002032004076
 30
0.0
 40
0.471854789863426
0
HATCH
5
557
100
AcDbEntity
8
TopSolderMaskLayer
100
AcDbHatch
10
0
20
0
30
0
210
0
220
0
230
1
2
SOLID
70
1
71
0
91
1
92
7
72
0
73
1
93
4
10
-0.22632226802898003
20
127.78372638283747
10
1.5262812371779546
20
127.78372638283747
10
1.5262812371779546
20
129.5363298880444
10
-0.22632226802898003
20
129.5363298880444
97
1
330

75
0
76
1
47
0.4128176842155181
98
1
10
34.90568961886538
20
22.81183545379326
450
0
451
0
460
0
461
0
452
1
462
1
453
2
463
0
63
5
421
255
463
1
63
7
421
16777215
470
LINEAR
1001
ACAD
1010
0
1020
0
1030
0
  0
CIRCLE
  5
558
330
1F
100
AcDbEntity
  8
BottomSolderMaskLayer
100
AcDbCircle
 10
0.6499872999745548
 20
128.66002032004076
 30
0.0
 40
0.471854789863426
0
HATCH
5
55a
100
AcDbEntity
8
BottomSolderMaskLayer
100
AcDbHatch
10
0
20
0
30
0
210
0
220
0
230
1
2
SOLID
70
1
71
0
91
1
92
7
72
0
73
1
93
4
10
-0.22632226802898003
20
127.78372638283747
10
1.5262812371779546
20
127.78372638283747
10
1.5262812371779546
20
129.5363298880444
10
-0.22632226802898003
20
129.5363298880444
97
1
330

75
0
76
1
47
0.4128176842155181
98
1
10
34.90568961886538
20
22.81183545379326
450
0
451
0
460
0
461
0
452
1
462
1
453
2
463
0
63
5
421
255
463
1
63
7
421
16777215
470
LINEAR
1001
ACAD
1010
0
1020
0
1030
0
  0
CIRCLE
  5
55b
330
1F
100
AcDbEntity
  8
Multi-Layer
100
AcDbCircle
 10
0.6499872999745548
 20
128.66002032004076
 30
0.0
 40
0.4445008890017781
0
HATCH
5
55d
100
AcDbEntity
8
Multi-Layer
100
AcDbHatch
10
0
20
0
30
0
210
0
220
0
230
1
2
SOLID
70
1
71
0
91
1
92
7
72
0
73
1
93
4
10
-0.17551435102859614
20
127.83451866903738
10
1.4754889509779332
20
127.83451866903738
10
1.4754889509779332
20
129.48552197104402
10
-0.17551435102859614
20
129.48552197104402
97
1
330

75
0
76
1
47
0.4128176842155181
98
1
10
34.90568961886538
20
22.81183545379326
450
0
451
0
460
0
461
0
452
1
462
1
453
2
463
0
63
5
421
255
463
1
63
7
421
16777215
470
LINEAR
1001
ACAD
1010
0
1020
0
1030
0
  0
CIRCLE
  5
58b
330
1F
100
AcDbEntity
  8
TopSolderMaskLayer
100
AcDbCircle
 10
-17.540005080010133
 20
120.66002032004076
 30
0.0
 40
0.4663417649415945
0
HATCH
5
58d
100
AcDbEntity
8
TopSolderMaskLayer
100
AcDbHatch
10
0
20
0
30
0
210
0
220
0
230
1
2
SOLID
70
1
71
0
91
1
92
7
72
0
73
1
93
4
10
-16.814609637514195
20
121.385424979145
10
-18.265409739114375
20
121.385424979145
10
-18.265409739114375
20
119.9346248775447
10
-16.814609637514195
20
119.9346248775447
97
1
330

75
0
76
1
47
0.4128176842155181
98
1
10
34.90568961886538
20
22.81183545379326
450
0
451
0
460
0
461
0
452
1
462
1
453
2
463
0
63
5
421
255
463
1
63
7
421
16777215
470
LINEAR
1001
ACAD
1010
0
1020
0
1030
0
  0
CIRCLE
  5
58e
330
1F
100
AcDbEntity
  8
BottomSolderMaskLayer
100
AcDbCircle
 10
-17.540005080010133
 20
120.66002032004076
 30
0.0
 40
0.4663417649415945
0
HATCH
5
590
100
AcDbEntity
8
BottomSolderMaskLayer
100
AcDbHatch
10
0
20
0
30
0
210
0
220
0
230
1
2
SOLID
70
1
71
0
91
1
92
7
72
0
73
1
93
4
10
-16.814609637514195
20
121.385424979145
10
-18.265409739114375
20
121.385424979145
10
-18.265409739114375
20
119.9346248775447
10
-16.814609637514195
20
119.9346248775447
97
1
330

75
0
76
1
47
0.4128176842155181
98
1
10
34.90568961886538
20
22.81183545379326
450
0
451
0
460
0
461
0
452
1
462
1
453
2
463
0
63
5
421
255
463
1
63
7
421
16777215
470
LINEAR
1001
ACAD
1010
0
1020
0
1030
0
  0
CIRCLE
  5
591
330
1F
100
AcDbEntity
  8
Multi-Layer
100
AcDbCircle
 10
-17.540005080010133
 20
120.66002032004076
 30
0.0
 40
0.4500127000254001
0
HATCH
5
593
100
AcDbEntity
8
Multi-Layer
100
AcDbHatch
10
0
20
0
30
0
210
0
220
0
230
1
2
SOLID
70
1
71
0
91
1
92
7
72
0
73
1
93
4
10
-16.840005080010087
20
121.36002032004069
10
-18.240005080010178
20
121.36002032004069
10
-18.240005080010178
20
119.96002032004071
10
-16.840005080010087
20
119.96002032004071
97
1
330

75
0
76
1
47
0.4128176842155181
98
1
10
34.90568961886538
20
22.81183545379326
450
0
451
0
460
0
461
0
452
1
462
1
453
2
463
0
63
5
421
255
463
1
63
7
421
16777215
470
LINEAR
1001
ACAD
1010
0
1020
0
1030
0
  0
CIRCLE
  5
79e
330
1F
100
AcDbEntity
  8
TopSolderMaskLayer
100
AcDbCircle
 10
-10.129997459994911
 20
79.57002794005598
 30
0.0
 40
0.5138924166737222
0
HATCH
5
7a0
100
AcDbEntity
8
TopSolderMaskLayer
100
AcDbHatch
10
0
20
0
30
0
210
0
220
0
230
1
2
SOLID
70
1
71
0
91
1
92
7
72
0
73
1
93
4
10
-9.204993227190698
20
78.64502300151571
10
-11.055005927216143
20
78.64502300151571
10
-11.055005927216143
20
80.49503570154093
10
-9.204993227190698
20
80.49503570154093
97
1
330

75
0
76
1
47
0.4128176842155181
98
1
10
34.90568961886538
20
22.81183545379326
450
0
451
0
460
0
461
0
452
1
462
1
453
2
463
0
63
5
421
255
463
1
63
7
421
16777215
470
LINEAR
1001
ACAD
1010
0
1020
0
1030
0
  0
CIRCLE
  5
7a1
330
1F
100
AcDbEntity
  8
BottomSolderMaskLayer
100
AcDbCircle
 10
-10.129997459994911
 20
79.57002794005598
 30
0.0
 40
0.5138924166737222
0
HATCH
5
7a3
100
AcDbEntity
8
BottomSolderMaskLayer
100
AcDbHatch
10
0
20
0
30
0
210
0
220
0
230
1
2
SOLID
70
1
71
0
91
1
92
7
72
0
73
1
93
4
10
-9.204993227190698
20
78.64502300151571
10
-11.055005927216143
20
78.64502300151571
10
-11.055005927216143
20
80.49503570154093
10
-9.204993227190698
20
80.49503570154093
97
1
330

75
0
76
1
47
0.4128176842155181
98
1
10
34.90568961886538
20
22.81183545379326
450
0
451
0
460
0
461
0
452
1
462
1
453
2
463
0
63
5
421
255
463
1
63
7
421
16777215
470
LINEAR
1001
ACAD
1010
0
1020
0
1030
0
  0
CIRCLE
  5
7a4
330
1F
100
AcDbEntity
  8
Multi-Layer
100
AcDbCircle
 10
-10.129997459994911
 20
79.57002794005598
 30
0.0
 40
0.5
0
HATCH
5
7a6
100
AcDbEntity
8
Multi-Layer
100
AcDbHatch
10
0
20
0
30
0
210
0
220
0
230
1
2
SOLID
70
1
71
0
91
1
92
7
72
0
73
1
93
4
10
-9.22999745999482
20
78.670027940056
10
-11.029997459995002
20
78.670027940056
10
-11.029997459995002
20
80.47002794005596
10
-9.22999745999482
20
80.47002794005596
97
1
330

75
0
76
1
47
0.4128176842155181
98
1
10
34.90568961886538
20
22.81183545379326
450
0
451
0
460
0
461
0
452
1
462
1
453
2
463
0
63
5
421
255
463
1
63
7
421
16777215
470
LINEAR
1001
ACAD
1010
0
1020
0
1030
0
0
HATCH
5
842
100
AcDbEntity
8
TopSolderMaskLayer
100
AcDbHatch
10
0
20
0
30
0
210
0
220
0
230
1
2
SOLID
70
1
71
0
91
1
92
7
72
0
73
1
93
4
10
-19.364986029971988
20
91.43499492160288
10
-20.014998729997387
20
91.43499492160288
10
-20.014998729997387
20
92.48500762162826
10
-19.364986029971988
20
92.48500762162826
97
1
330

75
0
76
1
47
0.4128176842155181
98
1
10
34.90568961886538
20
22.81183545379326
450
0
451
0
460
0
461
0
452
1
462
1
453
2
463
0
63
5
421
255
463
1
63
7
421
16777215
470
LINEAR
1001
ACAD
1010
0
1020
0
1030
0
0
HATCH
5
845
100
AcDbEntity
8
TopPasteMaskLayer
100
AcDbHatch
10
0
20
0
30
0
210
0
220
0
230
1
2
SOLID
70
1
71
0
91
1
92
7
72
0
73
1
93
4
10
-19.389992379984733
20
91.45999491998998
10
-19.989992379984642
20
91.45999491998998
10
-19.989992379984642
20
92.45999491998998
10
-19.389992379984733
20
92.45999491998998
97
1
330

75
0
76
1
47
0.4128176842155181
98
1
10
34.90568961886538
20
22.81183545379326
450
0
451
0
460
0
461
0
452
1
462
1
453
2
463
0
63
5
421
255
463
1
63
7
421
16777215
470
LINEAR
1001
ACAD
1010
0
1020
0
1030
0
0
HATCH
5
848
100
AcDbEntity
8
TopLayer
100
AcDbHatch
10
0
20
0
30
0
210
0
220
0
230
1
2
SOLID
70
1
71
0
91
1
92
7
72
0
73
1
93
4
10
-19.389992379984733
20
91.45999491998998
10
-19.989992379984642
20
91.45999491998998
10
-19.989992379984642
20
92.45999491998998
10
-19.389992379984733
20
92.45999491998998
97
1
330

75
0
76
1
47
0.4128176842155181
98
1
10
34.90568961886538
20
22.81183545379326
450
0
451
0
460
0
461
0
452
1
462
1
453
2
463
0
63
5
421
255
463
1
63
7
421
16777215
470
LINEAR
1001
ACAD
1010
0
1020
0
1030
0
0
HATCH
5
84b
100
AcDbEntity
8
TopSolderMaskLayer
100
AcDbHatch
10
0
20
0
30
0
210
0
220
0
230
1
2
SOLID
70
1
71
0
91
1
92
7
72
0
73
1
93
4
10
-21.26501989885685
20
91.43499492160288
10
-21.915032598882362
20
91.43499492160288
10
-21.915032598882362
20
92.48500762162826
10
-21.26501989885685
20
92.48500762162826
97
1
330

75
0
76
1
47
0.4128176842155181
98
1
10
34.90568961886538
20
22.81183545379326
450
0
451
0
460
0
461
0
452
1
462
1
453
2
463
0
63
5
421
255
463
1
63
7
421
16777215
470
LINEAR
1001
ACAD
1010
0
1020
0
1030
0
0
HATCH
5
84e
100
AcDbEntity
8
TopPasteMaskLayer
100
AcDbHatch
10
0
20
0
30
0
210
0
220
0
230
1
2
SOLID
70
1
71
0
91
1
92
7
72
0
73
1
93
4
10
-21.29001778003544
20
91.45999491998998
10
-21.890017780035464
20
91.45999491998998
10
-21.890017780035464
20
92.45999491998998
10
-21.29001778003544
20
92.45999491998998
97
1
330

75
0
76
1
47
0.4128176842155181
98
1
10
34.90568961886538
20
22.81183545379326
450
0
451
0
460
0
461
0
452
1
462
1
453
2
463
0
63
5
421
255
463
1
63
7
421
16777215
470
LINEAR
1001
ACAD
1010
0
1020
0
1030
0
0
HATCH
5
851
100
AcDbEntity
8
TopLayer
100
AcDbHatch
10
0
20
0
30
0
210
0
220
0
230
1
2
SOLID
70
1
71
0
91
1
92
7
72
0
73
1
93
4
10
-21.29001778003544
20
91.45999491998998
10
-21.890017780035464
20
91.45999491998998
10
-21.890017780035464
20
92.45999491998998
10
-21.29001778003544
20
92.45999491998998
97
1
330

75
0
76
1
47
0.4128176842155181
98
1
10
34.90568961886538
20
22.81183545379326
450
0
451
0
460
0
461
0
452
1
462
1
453
2
463
0
63
5
421
255
463
1
63
7
421
16777215
470
LINEAR
1001
ACAD
1010
0
1020
0
1030
0
0
HATCH
5
854
100
AcDbEntity
8
TopSolderMaskLayer
100
AcDbHatch
10
0
20
0
30
0
210
0
220
0
230
1
2
SOLID
70
1
71
0
91
1
92
7
72
0
73
1
93
4
10
-19.36509609900918
20
93.63512065153168
10
-20.015108799034806
20
93.63512065153168
10
-20.015108799034806
20
94.68513335155717
10
-19.36509609900918
20
94.68513335155717
97
1
330

75
0
76
1
47
0.4128176842155181
98
1
10
34.90568961886538
20
22.81183545379326
450
0
451
0
460
0
461
0
452
1
462
1
453
2
463
0
63
5
421
255
463
1
63
7
421
16777215
470
LINEAR
1001
ACAD
1010
0
1020
0
1030
0
0
HATCH
5
857
100
AcDbEntity
8
TopPasteMaskLayer
100
AcDbHatch
10
0
20
0
30
0
210
0
220
0
230
1
2
SOLID
70
1
71
0
91
1
92
7
72
0
73
1
93
4
10
-19.390093980187885
20
93.66012192024391
10
-19.990093980187794
20
93.66012192024391
10
-19.990093980187794
20
94.66012192024402
10
-19.390093980187885
20
94.66012192024402
97
1
330

75
0
76
1
47
0.4128176842155181
98
1
10
34.90568961886538
20
22.81183545379326
450
0
451
0
460
0
461
0
452
1
462
1
453
2
463
0
63
5
421
255
463
1
63
7
421
16777215
470
LINEAR
1001
ACAD
1010
0
1020
0
1030
0
0
HATCH
5
85a
100
AcDbEntity
8
TopLayer
100
AcDbHatch
10
0
20
0
30
0
210
0
220
0
230
1
2
SOLID
70
1
71
0
91
1
92
7
72
0
73
1
93
4
10
-19.390093980187885
20
93.66012192024391
10
-19.990093980187794
20
93.66012192024391
10
-19.990093980187794
20
94.66012192024402
10
-19.390093980187885
20
94.66012192024402
97
1
330

75
0
76
1
47
0.4128176842155181
98
1
10
34.90568961886538
20
22.81183545379326
450
0
451
0
460
0
461
0
452
1
462
1
453
2
463
0
63
5
421
255
463
1
63
7
421
16777215
470
LINEAR
1001
ACAD
1010
0
1020
0
1030
0
0
HATCH
5
85d
100
AcDbEntity
8
TopSolderMaskLayer
100
AcDbHatch
10
0
20
0
30
0
210
0
220
0
230
1
2
SOLID
70
1
71
0
91
1
92
7
72
0
73
1
93
4
10
-21.264909829819658
20
93.63516128903234
10
-21.914922529844944
20
93.63516128903234
10
-21.914922529844944
20
94.68517398905783
10
-21.264909829819658
20
94.68517398905783
97
1
330

75
0
76
1
47
0.4128176842155181
98
1
10
34.90568961886538
20
22.81183545379326
450
0
451
0
460
0
461
0
452
1
462
1
453
2
463
0
63
5
421
255
463
1
63
7
421
16777215
470
LINEAR
1001
ACAD
1010
0
1020
0
1030
0
0
HATCH
5
860
100
AcDbEntity
8
TopPasteMaskLayer
100
AcDbHatch
10
0
20
0
30
0
210
0
220
0
230
1
2
SOLID
70
1
71
0
91
1
92
7
72
0
73
1
93
4
10
-21.28991617983229
20
93.66017272034549
10
-21.889916179832312
20
93.66017272034549
10
-21.889916179832312
20
94.6601727203456
10
-21.28991617983229
20
94.6601727203456
97
1
330

75
0
76
1
47
0.4128176842155181
98
1
10
34.90568961886538
20
22.81183545379326
450
0
451
0
460
0
461
0
452
1
462
1
453
2
463
0
63
5
421
255
463
1
63
7
421
16777215
470
LINEAR
1001
ACAD
1010
0
1020
0
1030
0
0
HATCH
5
863
100
AcDbEntity
8
TopLayer
100
AcDbHatch
10
0
20
0
30
0
210
0
220
0
230
1
2
SOLID
70
1
71
0
91
1
92
7
72
0
73
1
93
4
10
-21.28991617983229
20
93.66017272034549
10
-21.889916179832312
20
93.66017272034549
10
-21.889916179832312
20
94.6601727203456
10
-21.28991617983229
20
94.6601727203456
97
1
330

75
0
76
1
47
0.4128176842155181
98
1
10
34.90568961886538
20
22.81183545379326
450
0
451
0
460
0
461
0
452
1
462
1
453
2
463
0
63
5
421
255
463
1
63
7
421
16777215
470
LINEAR
1001
ACAD
1010
0
1020
0
1030
0
0
HATCH
5
866
100
AcDbEntity
8
TopSolderMaskLayer
100
AcDbHatch
10
0
20
0
30
0
210
0
220
0
230
1
2
SOLID
70
1
71
0
91
1
92
7
72
0
73
1
93
4
10
-20.31500296441459
20
93.63514732190765
10
-20.965015664439875
20
93.63514732190765
10
-20.965015664439875
20
94.68516002193303
10
-20.31500296441459
20
94.68516002193303
97
1
330

75
0
76
1
47
0.4128176842155181
98
1
10
34.90568961886538
20
22.81183545379326
450
0
451
0
460
0
461
0
452
1
462
1
453
2
463
0
63
5
421
255
463
1
63
7
421
16777215
470
LINEAR
1001
ACAD
1010
0
1020
0
1030
0
0
HATCH
5
869
100
AcDbEntity
8
TopPasteMaskLayer
100
AcDbHatch
10
0
20
0
30
0
210
0
220
0
230
1
2
SOLID
70
1
71
0
91
1
92
7
72
0
73
1
93
4
10
-20.340005080010087
20
93.66014732029475
10
-20.94000508001011
20
93.66014732029475
10
-20.94000508001011
20
94.66014732029475
10
-20.340005080010087
20
94.66014732029475
97
1
330

75
0
76
1
47
0.4128176842155181
98
1
10
34.90568961886538
20
22.81183545379326
450
0
451
0
460
0
461
0
452
1
462
1
453
2
463
0
63
5
421
255
463
1
63
7
421
16777215
470
LINEAR
1001
ACAD
1010
0
1020
0
1030
0
0
HATCH
5
86c
100
AcDbEntity
8
TopLayer
100
AcDbHatch
10
0
20
0
30
0
210
0
220
0
230
1
2
SOLID
70
1
71
0
91
1
92
7
72
0
73
1
93
4
10
-20.340005080010087
20
93.66014732029475
10
-20.94000508001011
20
93.66014732029475
10
-20.94000508001011
20
94.66014732029475
10
-20.340005080010087
20
94.66014732029475
97
1
330

75
0
76
1
47
0.4128176842155181
98
1
10
34.90568961886538
20
22.81183545379326
450
0
451
0
460
0
461
0
452
1
462
1
453
2
463
0
63
5
421
255
463
1
63
7
421
16777215
470
LINEAR
1001
ACAD
1010
0
1020
0
1030
0
0
HATCH
5
86f
100
AcDbEntity
8
TopSolderMaskLayer
100
AcDbHatch
10
0
20
0
30
0
210
0
220
0
230
1
2
SOLID
70
1
71
0
91
1
92
7
72
0
73
1
93
4
10
-3.2074593633058157
20
88.31163972104616
10
-3.2074593633058157
20
88.00814985153545
10
-4.572535564425834
20
88.00814985153545
10
-4.572535564425834
20
88.31163972104616
97
1
330

75
0
76
1
47
0.4128176842155181
98
1
10
34.90568961886538
20
22.81183545379326
450
0
451
0
460
0
461
0
452
1
462
1
453
2
463
0
63
5
421
255
463
1
63
7
421
16777215
470
LINEAR
1001
ACAD
1010
0
1020
0
1030
0
0
HATCH
5
872
100
AcDbEntity
8
TopPasteMaskLayer
100
AcDbHatch
10
0
20
0
30
0
210
0
220
0
230
1
2
SOLID
70
1
71
0
91
1
92
7
72
0
73
1
93
4
10
-3.2399796799593332
20
88.30990601981216
10
-3.2399796799593332
20
88.00988061976136
10
-4.540005080010133
20
88.00988061976136
10
-4.540005080010133
20
88.30990601981216
97
1
330

75
0
76
1
47
0.4128176842155181
98
1
10
34.90568961886538
20
22.81183545379326
450
0
451
0
460
0
461
0
452
1
462
1
453
2
463
0
63
5
421
255
463
1
63
7
421
16777215
470
LINEAR
1001
ACAD
1010
0
1020
0
1030
0
0
HATCH
5
875
100
AcDbEntity
8
TopLayer
100
AcDbHatch
10
0
20
0
30
0
210
0
220
0
230
1
2
SOLID
70
1
71
0
91
1
92
7
72
0
73
1
93
4
10
-3.2399796799593332
20
88.30990601981216
10
-3.2399796799593332
20
88.00988061976136
10
-4.540005080010133
20
88.00988061976136
10
-4.540005080010133
20
88.30990601981216
97
1
330

75
0
76
1
47
0.4128176842155181
98
1
10
34.90568961886538
20
22.81183545379326
450
0
451
0
460
0
461
0
452
1
462
1
453
2
463
0
63
5
421
255
463
1
63
7
421
16777215
470
LINEAR
1001
ACAD
1010
0
1020
0
1030
0
0
HATCH
5
878
100
AcDbEntity
8
TopSolderMaskLayer
100
AcDbHatch
10
0
20
0
30
0
210
0
220
0
230
1
2
SOLID
70
1
71
0
91
1
92
7
72
0
73
1
93
4
10
-3.2074593633058157
20
87.81176672130027
10
-3.2074593633058157
20
87.50827685178956
10
-4.572535564425834
20
87.50827685178956
10
-4.572535564425834
20
87.81176672130027
97
1
330

75
0
76
1
47
0.4128176842155181
98
1
10
34.90568961886538
20
22.81183545379326
450
0
451
0
460
0
461
0
452
1
462
1
453
2
463
0
63
5
421
255
463
1
63
7
421
16777215
470
LINEAR
1001
ACAD
1010
0
1020
0
1030
0
0
HATCH
5
87b
100
AcDbEntity
8
TopPasteMaskLayer
100
AcDbHatch
10
0
20
0
30
0
210
0
220
0
230
1
2
SOLID
70
1
71
0
91
1
92
7
72
0
73
1
93
4
10
-3.2399796799593332
20
87.81003302006616
10
-3.2399796799593332
20
87.51000762001536
10
-4.540005080010133
20
87.51000762001536
10
-4.540005080010133
20
87.81003302006616
97
1
330

75
0
76
1
47
0.4128176842155181
98
1
10
34.90568961886538
20
22.81183545379326
450
0
451
0
460
0
461
0
452
1
462
1
453
2
463
0
63
5
421
255
463
1
63
7
421
16777215
470
LINEAR
1001
ACAD
1010
0
1020
0
1030
0
0
HATCH
5
87e
100
AcDbEntity
8
TopLayer
100
AcDbHatch
10
0
20
0
30
0
210
0
220
0
230
1
2
SOLID
70
1
71
0
91
1
92
7
72
0
73
1
93
4
10
-3.2399796799593332
20
87.81003302006616
10
-3.2399796799593332
20
87.51000762001536
10
-4.540005080010133
20
87.51000762001536
10
-4.540005080010133
20
87.81003302006616
97
1
330

75
0
76
1
47
0.4128176842155181
98
1
10
34.90568961886538
20
22.81183545379326
450
0
451
0
460
0
461
0
452
1
462
1
453
2
463
0
63
5
421
255
463
1
63
7
421
16777215
470
LINEAR
1001
ACAD
1010
0
1020
0
1030
0
0
HATCH
5
881
100
AcDbEntity
8
TopSolderMaskLayer
100
AcDbHatch
10
0
20
0
30
0
210
0
220
0
230
1
2
SOLID
70
1
71
0
91
1
92
7
72
0
73
1
93
4
10
-3.2074593633058157
20
87.31189372155416
10
-3.2074593633058157
20
87.00840385204344
10
-4.572535564425834
20
87.00840385204344
10
-4.572535564425834
20
87.31189372155416
97
1
330

75
0
76
1
47
0.4128176842155181
98
1
10
34.90568961886538
20
22.81183545379326
450
0
451
0
460
0
461
0
452
1
462
1
453
2
463
0
63
5
421
255
463
1
63
7
421
16777215
470
LINEAR
1001
ACAD
1010
0
1020
0
1030
0
0
HATCH
5
884
100
AcDbEntity
8
TopPasteMaskLayer
100
AcDbHatch
10
0
20
0
30
0
210
0
220
0
230
1
2
SOLID
70
1
71
0
91
1
92
7
72
0
73
1
93
4
10
-3.2399796799593332
20
87.31016002032004
10
-3.2399796799593332
20
87.01013462026924
10
-4.540005080010133
20
87.01013462026924
10
-4.540005080010133
20
87.31016002032004
97
1
330

75
0
76
1
47
0.4128176842155181
98
1
10
34.90568961886538
20
22.81183545379326
450
0
451
0
460
0
461
0
452
1
462
1
453
2
463
0
63
5
421
255
463
1
63
7
421
16777215
470
LINEAR
1001
ACAD
1010
0
1020
0
1030
0
0
HATCH
5
887
100
AcDbEntity
8
TopLayer
100
AcDbHatch
10
0
20
0
30
0
210
0
220
0
230
1
2
SOLID
70
1
71
0
91
1
92
7
72
0
73
1
93
4
10
-3.2399796799593332
20
87.31016002032004
10
-3.2399796799593332
20
87.01013462026924
10
-4.540005080010133
20
87.01013462026924
10
-4.540005080010133
20
87.31016002032004
97
1
330

75
0
76
1
47
0.4128176842155181
98
1
10
34.90568961886538
20
22.81183545379326
450
0
451
0
460
0
461
0
452
1
462
1
453
2
463
0
63
5
421
255
463
1
63
7
421
16777215
470
LINEAR
1001
ACAD
1010
0
1020
0
1030
0
0
HATCH
5
88a
100
AcDbEntity
8
TopSolderMaskLayer
100
AcDbHatch
10
0
20
0
30
0
210
0
220
0
230
1
2
SOLID
70
1
71
0
91
1
92
7
72
0
73
1
93
4
10
-3.2074593633058157
20
86.81176672130027
10
-3.2074593633058157
20
86.50827685178956
10
-4.572535564425834
20
86.50827685178956
10
-4.572535564425834
20
86.81176672130027
97
1
330

75
0
76
1
47
0.4128176842155181
98
1
10
34.90568961886538
20
22.81183545379326
450
0
451
0
460
0
461
0
452
1
462
1
453
2
463
0
63
5
421
255
463
1
63
7
421
16777215
470
LINEAR
1001
ACAD
1010
0
1020
0
1030
0
0
HATCH
5
88d
100
AcDbEntity
8
TopPasteMaskLayer
100
AcDbHatch
10
0
20
0
30
0
210
0
220
0
230
1
2
SOLID
70
1
71
0
91
1
92
7
72
0
73
1
93
4
10
-3.2399796799593332
20
86.81003302006616
10
-3.2399796799593332
20
86.51000762001536
10
-4.540005080010133
20
86.51000762001536
10
-4.540005080010133
20
86.81003302006616
97
1
330

75
0
76
1
47
0.4128176842155181
98
1
10
34.90568961886538
20
22.81183545379326
450
0
451
0
460
0
461
0
452
1
462
1
453
2
463
0
63
5
421
255
463
1
63
7
421
16777215
470
LINEAR
1001
ACAD
1010
0
1020
0
1030
0
0
HATCH
5
890
100
AcDbEntity
8
TopLayer
100
AcDbHatch
10
0
20
0
30
0
210
0
220
0
230
1
2
SOLID
70
1
71
0
91
1
92
7
72
0
73
1
93
4
10
-3.2399796799593332
20
86.81003302006616
10
-3.2399796799593332
20
86.51000762001536
10
-4.540005080010133
20
86.51000762001536
10
-4.540005080010133
20
86.81003302006616
97
1
330

75
0
76
1
47
0.4128176842155181
98
1
10
34.90568961886538
20
22.81183545379326
450
0
451
0
460
0
461
0
452
1
462
1
453
2
463
0
63
5
421
255
463
1
63
7
421
16777215
470
LINEAR
1001
ACAD
1010
0
1020
0
1030
0
0
HATCH
5
893
100
AcDbEntity
8
TopSolderMaskLayer
100
AcDbHatch
10
0
20
0
30
0
210
0
220
0
230
1
2
SOLID
70
1
71
0
91
1
92
7
72
0
73
1
93
4
10
-3.2074593633058157
20
86.31163972104628
10
-3.2074593633058157
20
86.00814985153556
10
-4.572535564425834
20
86.00814985153556
10
-4.572535564425834
20
86.31163972104628
97
1
330

75
0
76
1
47
0.4128176842155181
98
1
10
34.90568961886538
20
22.81183545379326
450
0
451
0
460
0
461
0
452
1
462
1
453
2
463
0
63
5
421
255
463
1
63
7
421
16777215
470
LINEAR
1001
ACAD
1010
0
1020
0
1030
0
0
HATCH
5
896
100
AcDbEntity
8
TopPasteMaskLayer
100
AcDbHatch
10
0
20
0
30
0
210
0
220
0
230
1
2
SOLID
70
1
71
0
91
1
92
7
72
0
73
1
93
4
10
-3.2399796799593332
20
86.30990601981216
10
-3.2399796799593332
20
86.00988061976136
10
-4.540005080010133
20
86.00988061976136
10
-4.540005080010133
20
86.30990601981216
97
1
330

75
0
76
1
47
0.4128176842155181
98
1
10
34.90568961886538
20
22.81183545379326
450
0
451
0
460
0
461
0
452
1
462
1
453
2
463
0
63
5
421
255
463
1
63
7
421
16777215
470
LINEAR
1001
ACAD
1010
0
1020
0
1030
0
0
HATCH
5
899
100
AcDbEntity
8
TopLayer
100
AcDbHatch
10
0
20
0
30
0
210
0
220
0
230
1
2
SOLID
70
1
71
0
91
1
92
7
72
0
73
1
93
4
10
-3.2399796799593332
20
86.30990601981216
10
-3.2399796799593332
20
86.00988061976136
10
-4.540005080010133
20
86.00988061976136
10
-4.540005080010133
20
86.30990601981216
97
1
330

75
0
76
1
47
0.4128176842155181
98
1
10
34.90568961886538
20
22.81183545379326
450
0
451
0
460
0
461
0
452
1
462
1
453
2
463
0
63
5
421
255
463
1
63
7
421
16777215
470
LINEAR
1001
ACAD
1010
0
1020
0
1030
0
0
HATCH
5
89c
100
AcDbEntity
8
TopSolderMaskLayer
100
AcDbHatch
10
0
20
0
30
0
210
0
220
0
230
1
2
SOLID
70
1
71
0
91
1
92
7
72
0
73
1
93
4
10
1.5700678519638132
20
86.31602702957275
10
1.5700678519638132
20
86.00427753659483
10
0.04990437722790375
20
86.00427753659483
10
0.04990437722790375
20
86.31602702957275
97
1
330

75
0
76
1
47
0.4128176842155181
98
1
10
34.90568961886538
20
22.81183545379326
450
0
451
0
460
0
461
0
452
1
462
1
453
2
463
0
63
5
421
255
463
1
63
7
421
16777215
470
LINEAR
1001
ACAD
1010
0
1020
0
1030
0
0
HATCH
5
89f
100
AcDbEntity
8
TopPasteMaskLayer
100
AcDbHatch
10
0
20
0
30
0
210
0
220
0
230
1
2
SOLID
70
1
71
0
91
1
92
7
72
0
73
1
93
4
10
1.4600203200407122
20
86.31016002032015
10
1.4600203200407122
20
86.01013462026935
10
0.1599949199896855
20
86.01013462026935
10
0.1599949199896855
20
86.31016002032015
97
1
330

75
0
76
1
47
0.4128176842155181
98
1
10
34.90568961886538
20
22.81183545379326
450
0
451
0
460
0
461
0
452
1
462
1
453
2
463
0
63
5
421
255
463
1
63
7
421
16777215
470
LINEAR
1001
ACAD
1010
0
1020
0
1030
0
0
HATCH
5
8a2
100
AcDbEntity
8
TopLayer
100
AcDbHatch
10
0
20
0
30
0
210
0
220
0
230
1
2
SOLID
70
1
71
0
91
1
92
7
72
0
73
1
93
4
10
1.4600203200407122
20
86.31016002032015
10
1.4600203200407122
20
86.01013462026935
10
0.1599949199896855
20
86.01013462026935
10
0.1599949199896855
20
86.31016002032015
97
1
330

75
0
76
1
47
0.4128176842155181
98
1
10
34.90568961886538
20
22.81183545379326
450
0
451
0
460
0
461
0
452
1
462
1
453
2
463
0
63
5
421
255
463
1
63
7
421
16777215
470
LINEAR
1001
ACAD
1010
0
1020
0
1030
0
0
HATCH
5
8a5
100
AcDbEntity
8
TopSolderMaskLayer
100
AcDbHatch
10
0
20
0
30
0
210
0
220
0
230
1
2
SOLID
70
1
71
0
91
1
92
7
72
0
73
1
93
4
10
1.5700678519638132
20
86.81590002931887
10
1.5700678519638132
20
86.50415053634094
10
0.04990437722790375
20
86.50415053634094
10
0.04990437722790375
20
86.81590002931887
97
1
330

75
0
76
1
47
0.4128176842155181
98
1
10
34.90568961886538
20
22.81183545379326
450
0
451
0
460
0
461
0
452
1
462
1
453
2
463
0
63
5
421
255
463
1
63
7
421
16777215
470
LINEAR
1001
ACAD
1010
0
1020
0
1030
0
0
HATCH
5
8a8
100
AcDbEntity
8
TopPasteMaskLayer
100
AcDbHatch
10
0
20
0
30
0
210
0
220
0
230
1
2
SOLID
70
1
71
0
91
1
92
7
72
0
73
1
93
4
10
1.4600203200407122
20
86.81003302006616
10
1.4600203200407122
20
86.51000762001536
10
0.1599949199896855
20
86.51000762001536
10
0.1599949199896855
20
86.81003302006616
97
1
330

75
0
76
1
47
0.4128176842155181
98
1
10
34.90568961886538
20
22.81183545379326
450
0
451
0
460
0
461
0
452
1
462
1
453
2
463
0
63
5
421
255
463
1
63
7
421
16777215
470
LINEAR
1001
ACAD
1010
0
1020
0
1030
0
0
HATCH
5
8ab
100
AcDbEntity
8
TopLayer
100
AcDbHatch
10
0
20
0
30
0
210
0
220
0
230
1
2
SOLID
70
1
71
0
91
1
92
7
72
0
73
1
93
4
10
1.4600203200407122
20
86.81003302006616
10
1.4600203200407122
20
86.51000762001536
10
0.1599949199896855
20
86.51000762001536
10
0.1599949199896855
20
86.81003302006616
97
1
330

75
0
76
1
47
0.4128176842155181
98
1
10
34.90568961886538
20
22.81183545379326
450
0
451
0
460
0
461
0
452
1
462
1
453
2
463
0
63
5
421
255
463
1
63
7
421
16777215
470
LINEAR
1001
ACAD
1010
0
1020
0
1030
0
0
HATCH
5
8ae
100
AcDbEntity
8
TopSolderMaskLayer
100
AcDbHatch
10
0
20
0
30
0
210
0
220
0
230
1
2
SOLID
70
1
71
0
91
1
92
7
72
0
73
1
93
4
10
1.5700678519638132
20
87.31577302906476
10
1.5700678519638132
20
87.00402353608695
10
0.04990437722790375
20
87.00402353608695
10
0.04990437722790375
20
87.31577302906476
97
1
330

75
0
76
1
47
0.4128176842155181
98
1
10
34.90568961886538
20
22.81183545379326
450
0
451
0
460
0
461
0
452
1
462
1
453
2
463
0
63
5
421
255
463
1
63
7
421
16777215
470
LINEAR
1001
ACAD
1010
0
1020
0
1030
0
0
HATCH
5
8b1
100
AcDbEntity
8
TopPasteMaskLayer
100
AcDbHatch
10
0
20
0
30
0
210
0
220
0
230
1
2
SOLID
70
1
71
0
91
1
92
7
72
0
73
1
93
4
10
1.4600203200407122
20
87.30990601981216
10
1.4600203200407122
20
87.00988061976136
10
0.1599949199896855
20
87.00988061976136
10
0.1599949199896855
20
87.30990601981216
97
1
330

75
0
76
1
47
0.4128176842155181
98
1
10
34.90568961886538
20
22.81183545379326
450
0
451
0
460
0
461
0
452
1
462
1
453
2
463
0
63
5
421
255
463
1
63
7
421
16777215
470
LINEAR
1001
ACAD
1010
0
1020
0
1030
0
0
HATCH
5
8b4
100
AcDbEntity
8
TopLayer
100
AcDbHatch
10
0
20
0
30
0
210
0
220
0
230
1
2
SOLID
70
1
71
0
91
1
92
7
72
0
73
1
93
4
10
1.4600203200407122
20
87.30990601981216
10
1.4600203200407122
20
87.00988061976136
10
0.1599949199896855
20
87.00988061976136
10
0.1599949199896855
20
87.30990601981216
97
1
330

75
0
76
1
47
0.4128176842155181
98
1
10
34.90568961886538
20
22.81183545379326
450
0
451
0
460
0
461
0
452
1
462
1
453
2
463
0
63
5
421
255
463
1
63
7
421
16777215
470
LINEAR
1001
ACAD
1010
0
1020
0
1030
0
0
HATCH
5
8b7
100
AcDbEntity
8
TopSolderMaskLayer
100
AcDbHatch
10
0
20
0
30
0
210
0
220
0
230
1
2
SOLID
70
1
71
0
91
1
92
7
72
0
73
1
93
4
10
1.5700678519638132
20
87.81590002931887
10
1.5700678519638132
20
87.50415053634094
10
0.04990437722790375
20
87.50415053634094
10
0.04990437722790375
20
87.81590002931887
97
1
330

75
0
76
1
47
0.4128176842155181
98
1
10
34.90568961886538
20
22.81183545379326
450
0
451
0
460
0
461
0
452
1
462
1
453
2
463
0
63
5
421
255
463
1
63
7
421
16777215
470
LINEAR
1001
ACAD
1010
0
1020
0
1030
0
0
HATCH
5
8ba
100
AcDbEntity
8
TopPasteMaskLayer
100
AcDbHatch
10
0
20
0
30
0
210
0
220
0
230
1
2
SOLID
70
1
71
0
91
1
92
7
72
0
73
1
93
4
10
1.4600203200407122
20
87.81003302006616
10
1.4600203200407122
20
87.51000762001536
10
0.1599949199896855
20
87.51000762001536
10
0.1599949199896855
20
87.81003302006616
97
1
330

75
0
76
1
47
0.4128176842155181
98
1
10
34.90568961886538
20
22.81183545379326
450
0
451
0
460
0
461
0
452
1
462
1
453
2
463
0
63
5
421
255
463
1
63
7
421
16777215
470
LINEAR
1001
ACAD
1010
0
1020
0
1030
0
0
HATCH
5
8bd
100
AcDbEntity
8
TopLayer
100
AcDbHatch
10
0
20
0
30
0
210
0
220
0
230
1
2
SOLID
70
1
71
0
91
1
92
7
72
0
73
1
93
4
10
1.4600203200407122
20
87.81003302006616
10
1.4600203200407122
20
87.51000762001536
10
0.1599949199896855
20
87.51000762001536
10
0.1599949199896855
20
87.81003302006616
97
1
330

75
0
76
1
47
0.4128176842155181
98
1
10
34.90568961886538
20
22.81183545379326
450
0
451
0
460
0
461
0
452
1
462
1
453
2
463
0
63
5
421
255
463
1
63
7
421
16777215
470
LINEAR
1001
ACAD
1010
0
1020
0
1030
0
0
HATCH
5
8c0
100
AcDbEntity
8
TopSolderMaskLayer
100
AcDbHatch
10
0
20
0
30
0
210
0
220
0
230
1
2
SOLID
70
1
71
0
91
1
92
7
72
0
73
1
93
4
10
1.5700678519638132
20
88.31602702957287
10
1.5700678519638132
20
88.00427753659494
10
0.04990437722790375
20
88.00427753659494
10
0.04990437722790375
20
88.31602702957287
97
1
330

75
0
76
1
47
0.4128176842155181
98
1
10
34.90568961886538
20
22.81183545379326
450
0
451
0
460
0
461
0
452
1
462
1
453
2
463
0
63
5
421
255
463
1
63
7
421
16777215
470
LINEAR
1001
ACAD
1010
0
1020
0
1030
0
0
HATCH
5
8c3
100
AcDbEntity
8
TopPasteMaskLayer
100
AcDbHatch
10
0
20
0
30
0
210
0
220
0
230
1
2
SOLID
70
1
71
0
91
1
92
7
72
0
73
1
93
4
10
1.4600203200407122
20
88.31016002032015
10
1.4600203200407122
20
88.01013462026935
10
0.1599949199896855
20
88.01013462026935
10
0.1599949199896855
20
88.31016002032015
97
1
330

75
0
76
1
47
0.4128176842155181
98
1
10
34.90568961886538
20
22.81183545379326
450
0
451
0
460
0
461
0
452
1
462
1
453
2
463
0
63
5
421
255
463
1
63
7
421
16777215
470
LINEAR
1001
ACAD
1010
0
1020
0
1030
0
0
HATCH
5
8c6
100
AcDbEntity
8
TopLayer
100
AcDbHatch
10
0
20
0
30
0
210
0
220
0
230
1
2
SOLID
70
1
71
0
91
1
92
7
72
0
73
1
93
4
10
1.4600203200407122
20
88.31016002032015
10
1.4600203200407122
20
88.01013462026935
10
0.1599949199896855
20
88.01013462026935
10
0.1599949199896855
20
88.31016002032015
97
1
330

75
0
76
1
47
0.4128176842155181
98
1
10
34.90568961886538
20
22.81183545379326
450
0
451
0
460
0
461
0
452
1
462
1
453
2
463
0
63
5
421
255
463
1
63
7
421
16777215
470
LINEAR
1001
ACAD
1010
0
1020
0
1030
0
  0
CIRCLE
  5
8d0
330
1F
100
AcDbEntity
  8
TopSolderMaskLayer
100
AcDbCircle
 10
10.459994919989867
 20
109.89001778003569
 30
0.0
 40
0.5655353117157847
0
HATCH
5
8d2
100
AcDbEntity
8
TopSolderMaskLayer
100
AcDbHatch
10
0
20
0
30
0
210
0
220
0
230
1
2
SOLID
70
1
71
0
91
1
92
7
72
0
73
1
93
4
10
9.53459845342627
20
108.96461772923567
10
9.53459845342627
20
110.81541783083571
10
11.385398555026313
20
110.81541783083571
10
11.385398555026313
20
108.96461772923567
97
1
330

75
0
76
1
47
0.4128176842155181
98
1
10
34.90568961886538
20
22.81183545379326
450
0
451
0
460
0
461
0
452
1
462
1
453
2
463
0
63
5
421
255
463
1
63
7
421
16777215
470
LINEAR
1001
ACAD
1010
0
1020
0
1030
0
  0
CIRCLE
  5
8d3
330
1F
100
AcDbEntity
  8
BottomSolderMaskLayer
100
AcDbCircle
 10
10.459994919989867
 20
109.89001778003569
 30
0.0
 40
0.5655353117157847
0
HATCH
5
8d5
100
AcDbEntity
8
BottomSolderMaskLayer
100
AcDbHatch
10
0
20
0
30
0
210
0
220
0
230
1
2
SOLID
70
1
71
0
91
1
92
7
72
0
73
1
93
4
10
9.53459845342627
20
108.96461772923567
10
9.53459845342627
20
110.81541783083571
10
11.385398555026313
20
110.81541783083571
10
11.385398555026313
20
108.96461772923567
97
1
330

75
0
76
1
47
0.4128176842155181
98
1
10
34.90568961886538
20
22.81183545379326
450
0
451
0
460
0
461
0
452
1
462
1
453
2
463
0
63
5
421
255
463
1
63
7
421
16777215
470
LINEAR
1001
ACAD
1010
0
1020
0
1030
0
  0
CIRCLE
  5
8d6
330
1F
100
AcDbEntity
  8
Multi-Layer
100
AcDbCircle
 10
10.459994919989867
 20
109.89001778003569
 30
0.0
 40
0.5500127000254001
0
HATCH
5
8d8
100
AcDbEntity
8
Multi-Layer
100
AcDbHatch
10
0
20
0
30
0
210
0
220
0
230
1
2
SOLID
70
1
71
0
91
1
92
7
72
0
73
1
93
4
10
9.559994919989776
20
108.99001778003571
10
9.559994919989776
20
110.79001778003556
10
11.359994919989731
20
110.79001778003556
10
11.359994919989731
20
108.99001778003571
97
1
330

75
0
76
1
47
0.4128176842155181
98
1
10
34.90568961886538
20
22.81183545379326
450
0
451
0
460
0
461
0
452
1
462
1
453
2
463
0
63
5
421
255
463
1
63
7
421
16777215
470
LINEAR
1001
ACAD
1010
0
1020
0
1030
0
  0
CIRCLE
  5
8eb
330
1F
100
AcDbEntity
  8
TopSolderMaskLayer
100
AcDbCircle
 10
-20.54000508001002
 20
117.70002540005089
 30
0.0
 40
0.5661936530704181
0
HATCH
5
8ed
100
AcDbEntity
8
TopSolderMaskLayer
100
AcDbHatch
10
0
20
0
30
0
210
0
220
0
230
1
2
SOLID
70
1
71
0
91
1
92
7
72
0
73
1
93
4
10
-19.66498192009658
20
118.57504482371405
10
-19.66498192009658
20
116.82500597638773
10
-21.415020767422902
20
116.82500597638773
10
-21.415020767422902
20
118.57504482371405
97
1
330

75
0
76
1
47
0.4128176842155181
98
1
10
34.90568961886538
20
22.81183545379326
450
0
451
0
460
0
461
0
452
1
462
1
453
2
463
0
63
5
421
255
463
1
63
7
421
16777215
470
LINEAR
1001
ACAD
1010
0
1020
0
1030
0
  0
CIRCLE
  5
8ee
330
1F
100
AcDbEntity
  8
BottomSolderMaskLayer
100
AcDbCircle
 10
-20.54000508001002
 20
117.70002540005089
 30
0.0
 40
0.5661936530704181
0
HATCH
5
8f0
100
AcDbEntity
8
BottomSolderMaskLayer
100
AcDbHatch
10
0
20
0
30
0
210
0
220
0
230
1
2
SOLID
70
1
71
0
91
1
92
7
72
0
73
1
93
4
10
-19.66498192009658
20
118.57504482371405
10
-19.66498192009658
20
116.82500597638773
10
-21.415020767422902
20
116.82500597638773
10
-21.415020767422902
20
118.57504482371405
97
1
330

75
0
76
1
47
0.4128176842155181
98
1
10
34.90568961886538
20
22.81183545379326
450
0
451
0
460
0
461
0
452
1
462
1
453
2
463
0
63
5
421
255
463
1
63
7
421
16777215
470
LINEAR
1001
ACAD
1010
0
1020
0
1030
0
  0
CIRCLE
  5
8f1
330
1F
100
AcDbEntity
  8
Multi-Layer
100
AcDbCircle
 10
-20.54000508001002
 20
117.70002540005089
 30
0.0
 40
0.5500127000254001
0
HATCH
5
8f3
100
AcDbEntity
8
Multi-Layer
100
AcDbHatch
10
0
20
0
30
0
210
0
220
0
230
1
2
SOLID
70
1
71
0
91
1
92
7
72
0
73
1
93
4
10
-19.689992379984687
20
118.55003810007634
10
-19.689992379984687
20
116.85001270002545
10
-21.390017780035464
20
116.85001270002545
10
-21.390017780035464
20
118.55003810007634
97
1
330

75
0
76
1
47
0.4128176842155181
98
1
10
34.90568961886538
20
22.81183545379326
450
0
451
0
460
0
461
0
452
1
462
1
453
2
463
0
63
5
421
255
463
1
63
7
421
16777215
470
LINEAR
1001
ACAD
1010
0
1020
0
1030
0
  0
CIRCLE
  5
9cc
330
1F
100
AcDbEntity
  8
TopSolderMaskLayer
100
AcDbCircle
 10
10.459994919989867
 20
117.39001778003569
 30
0.0
 40
0.5655353117157847
0
HATCH
5
9ce
100
AcDbEntity
8
TopSolderMaskLayer
100
AcDbHatch
10
0
20
0
30
0
210
0
220
0
230
1
2
SOLID
70
1
71
0
91
1
92
7
72
0
73
1
93
4
10
9.53459845342627
20
116.46462131347198
10
9.53459845342627
20
118.31542141507236
10
11.385398555026313
20
118.31542141507236
10
11.385398555026313
20
116.46462131347198
97
1
330

75
0
76
1
47
0.4128176842155181
98
1
10
34.90568961886538
20
22.81183545379326
450
0
451
0
460
0
461
0
452
1
462
1
453
2
463
0
63
5
421
255
463
1
63
7
421
16777215
470
LINEAR
1001
ACAD
1010
0
1020
0
1030
0
  0
CIRCLE
  5
9cf
330
1F
100
AcDbEntity
  8
BottomSolderMaskLayer
100
AcDbCircle
 10
10.459994919989867
 20
117.39001778003569
 30
0.0
 40
0.5655353117157847
0
HATCH
5
9d1
100
AcDbEntity
8
BottomSolderMaskLayer
100
AcDbHatch
10
0
20
0
30
0
210
0
220
0
230
1
2
SOLID
70
1
71
0
91
1
92
7
72
0
73
1
93
4
10
9.53459845342627
20
116.46462131347198
10
9.53459845342627
20
118.31542141507236
10
11.385398555026313
20
118.31542141507236
10
11.385398555026313
20
116.46462131347198
97
1
330

75
0
76
1
47
0.4128176842155181
98
1
10
34.90568961886538
20
22.81183545379326
450
0
451
0
460
0
461
0
452
1
462
1
453
2
463
0
63
5
421
255
463
1
63
7
421
16777215
470
LINEAR
1001
ACAD
1010
0
1020
0
1030
0
  0
CIRCLE
  5
9d2
330
1F
100
AcDbEntity
  8
Multi-Layer
100
AcDbCircle
 10
10.459994919989867
 20
117.39001778003569
 30
0.0
 40
0.5500127000254001
0
HATCH
5
9d4
100
AcDbEntity
8
Multi-Layer
100
AcDbHatch
10
0
20
0
30
0
210
0
220
0
230
1
2
SOLID
70
1
71
0
91
1
92
7
72
0
73
1
93
4
10
9.559994919989776
20
116.4900177800356
10
9.559994919989776
20
118.29001778003567
10
11.359994919989731
20
118.29001778003567
10
11.359994919989731
20
116.4900177800356
97
1
330

75
0
76
1
47
0.4128176842155181
98
1
10
34.90568961886538
20
22.81183545379326
450
0
451
0
460
0
461
0
452
1
462
1
453
2
463
0
63
5
421
255
463
1
63
7
421
16777215
470
LINEAR
1001
ACAD
1010
0
1020
0
1030
0
  0
CIRCLE
  5
a72
330
1F
100
AcDbEntity
  8
Multi-Layer
100
AcDbCircle
 10
-0.2559055118110791
 20
87.15976631953276
 30
0.0
 40
0.31000762001524007
  0
CIRCLE
  5
a73
330
1F
100
AcDbEntity
  8
Hole
100
AcDbCircle
 10
-0.2559055118110791
 20
87.15976631953276
 30
0.0
 40
0.15499110998222
  0
CIRCLE
  5
a74
330
1F
100
AcDbEntity
  8
Multi-Layer
100
AcDbCircle
 10
0.5119380238761551
 20
85.24790449580905
 30
0.0
 40
0.31000762001524007
  0
CIRCLE
  5
a75
330
1F
100
AcDbEntity
  8
Hole
100
AcDbCircle
 10
0.5119380238761551
 20
85.24790449580905
 30
0.0
 40
0.15499110998222
  0
CIRCLE
  5
a76
330
1F
100
AcDbEntity
  8
Multi-Layer
100
AcDbCircle
 10
-6.1438912877824805
 20
120.06400812801633
 30
0.0
 40
0.31000762001524007
  0
CIRCLE
  5
a77
330
1F
100
AcDbEntity
  8
Hole
100
AcDbCircle
 10
-6.1438912877824805
 20
120.06400812801633
 30
0.0
 40
0.15499110998222
  0
CIRCLE
  5
a78
330
1F
100
AcDbEntity
  8
Multi-Layer
100
AcDbCircle
 10
0.7679705359410036
 20
121.08788417576852
 30
0.0
 40
0.31000762001524007
  0
CIRCLE
  5
a79
330
1F
100
AcDbEntity
  8
Hole
100
AcDbCircle
 10
0.7679705359410036
 20
121.08788417576852
 30
0.0
 40
0.15499110998222
  0
CIRCLE
  5
a7a
330
1F
100
AcDbEntity
  8
Multi-Layer
100
AcDbCircle
 10
-0.5119380238759277
 20
94.97612395224803
 30
0.0
 40
0.31000762001524007
  0
CIRCLE
  5
a7b
330
1F
100
AcDbEntity
  8
Hole
100
AcDbCircle
 10
-0.5119380238759277
 20
94.97612395224803
 30
0.0
 40
0.15499110998222
  0
CIRCLE
  5
a7c
330
1F
100
AcDbEntity
  8
Multi-Layer
100
AcDbCircle
 10
-1.0240030480060796
 20
93.4399288798578
 30
0.0
 40
0.31000762001524007
  0
CIRCLE
  5
a7d
330
1F
100
AcDbEntity
  8
Hole
100
AcDbCircle
 10
-1.0240030480060796
 20
93.4399288798578
 30
0.0
 40
0.15499110998222
  0
CIRCLE
  5
a7e
330
1F
100
AcDbEntity
  8
Multi-Layer
100
AcDbCircle
 10
5.120015240030625
 20
81.4079248158497
 30
0.0
 40
0.31000762001524007
  0
CIRCLE
  5
a7f
330
1F
100
AcDbEntity
  8
Hole
100
AcDbCircle
 10
5.120015240030625
 20
81.4079248158497
 30
0.0
 40
0.15499110998222
  0
CIRCLE
  5
a80
330
1F
100
AcDbEntity
  8
Multi-Layer
100
AcDbCircle
 10
-9.472059944119792
 20
67.58394716789451
 30
0.0
 40
0.31000762001524007
  0
CIRCLE
  5
a81
330
1F
100
AcDbEntity
  8
Hole
100
AcDbCircle
 10
-9.472059944119792
 20
67.58394716789451
 30
0.0
 40
0.15499110998222
  0
CIRCLE
  5
a82
330
1F
100
AcDbEntity
  8
Multi-Layer
100
AcDbCircle
 10
-4.607950215900473
 20
98.04800609601227
 30
0.0
 40
0.31000762001524007
  0
CIRCLE
  5
a83
330
1F
100
AcDbEntity
  8
Hole
100
AcDbCircle
 10
-4.607950215900473
 20
98.04800609601227
 30
0.0
 40
0.15499110998222
  0
CIRCLE
  5
a84
330
1F
100
AcDbEntity
  8
Multi-Layer
100
AcDbCircle
 10
-3.5840741681483905
 20
68.09601219202443
 30
0.0
 40
0.31000762001524007
  0
CIRCLE
  5
a85
330
1F
100
AcDbEntity
  8
Hole
100
AcDbCircle
 10
-3.5840741681483905
 20
68.09601219202443
 30
0.0
 40
0.15499110998222
  0
CIRCLE
  5
a86
330
1F
100
AcDbEntity
  8
Multi-Layer
100
AcDbCircle
 10
-14.079883159766268
 20
87.55194310388629
 30
0.0
 40
0.31000762001524007
  0
CIRCLE
  5
a87
330
1F
100
AcDbEntity
  8
Hole
100
AcDbCircle
 10
-14.079883159766268
 20
87.55194310388629
 30
0.0
 40
0.15499110998222
  0
CIRCLE
  5
a88
330
1F
100
AcDbEntity
  8
Multi-Layer
100
AcDbCircle
 10
-7.424053848107633
 20
99.83997967995947
 30
0.0
 40
0.31000762001524007
  0
CIRCLE
  5
a89
330
1F
100
AcDbEntity
  8
Hole
100
AcDbCircle
 10
-7.424053848107633
 20
99.83997967995947
 30
0.0
 40
0.15499110998222
  0
CIRCLE
  5
a8a
330
1F
100
AcDbEntity
  8
Multi-Layer
100
AcDbCircle
 10
-4.863982727965322
 20
102.40005080010178
 30
0.0
 40
0.31000762001524007
  0
CIRCLE
  5
a8b
330
1F
100
AcDbEntity
  8
Hole
100
AcDbCircle
 10
-4.863982727965322
 20
102.40005080010178
 30
0.0
 40
0.15499110998222
  0
CIRCLE
  5
a8c
330
1F
100
AcDbEntity
  8
Multi-Layer
100
AcDbCircle
 10
-10.495935991871875
 20
92.41605283210572
 30
0.0
 40
0.31000762001524007
  0
CIRCLE
  5
a8d
330
1F
100
AcDbEntity
  8
Hole
100
AcDbCircle
 10
-10.495935991871875
 20
92.41605283210572
 30
0.0
 40
0.15499110998222
  0
CIRCLE
  5
a8e
330
1F
100
AcDbEntity
  8
Multi-Layer
100
AcDbCircle
 10
-9.472059944119792
 20
90.62407924815864
 30
0.0
 40
0.31000762001524007
  0
CIRCLE
  5
a8f
330
1F
100
AcDbEntity
  8
Hole
100
AcDbCircle
 10
-9.472059944119792
 20
90.62407924815864
 30
0.0
 40
0.15499110998222
  0
CIRCLE
  5
a90
330
1F
100
AcDbEntity
  8
Multi-Layer
100
AcDbCircle
 10
2.048133096266156
 20
89.85598171196352
 30
0.0
 40
0.31000762001524007
  0
CIRCLE
  5
a91
330
1F
100
AcDbEntity
  8
Hole
100
AcDbCircle
 10
2.048133096266156
 20
89.85598171196352
 30
0.0
 40
0.15499110998222
  0
CIRCLE
  5
a92
330
1F
100
AcDbEntity
  8
Multi-Layer
100
AcDbCircle
 10
4.095885191770321
 20
90.36804673609356
 30
0.0
 40
0.31000762001524007
  0
CIRCLE
  5
a93
330
1F
100
AcDbEntity
  8
Hole
100
AcDbCircle
 10
4.095885191770321
 20
90.36804673609356
 30
0.0
 40
0.15499110998222
  0
CIRCLE
  5
a94
330
1F
100
AcDbEntity
  8
Multi-Layer
100
AcDbCircle
 10
-7.424053848107633
 20
82.68808737617485
 30
0.0
 40
0.31000762001524007
  0
CIRCLE
  5
a95
330
1F
100
AcDbEntity
  8
Hole
100
AcDbCircle
 10
-7.424053848107633
 20
82.68808737617485
 30
0.0
 40
0.15499110998222
  0
CIRCLE
  5
a96
330
1F
100
AcDbEntity
  8
Multi-Layer
100
AcDbCircle
 10
-9.728092456184868
 20
82.68808737617485
 30
0.0
 40
0.31000762001524007
  0
CIRCLE
  5
a97
330
1F
100
AcDbEntity
  8
Hole
100
AcDbCircle
 10
-9.728092456184868
 20
82.68808737617485
 30
0.0
 40
0.15499110998222
  0
CIRCLE
  5
a98
330
1F
100
AcDbEntity
  8
Multi-Layer
100
AcDbCircle
 10
-6.655956311912632
 20
82.68808737617485
 30
0.0
 40
0.31000762001524007
  0
CIRCLE
  5
a99
330
1F
100
AcDbEntity
  8
Hole
100
AcDbCircle
 10
-6.655956311912632
 20
82.68808737617485
 30
0.0
 40
0.15499110998222
  0
CIRCLE
  5
a9a
330
1F
100
AcDbEntity
  8
Multi-Layer
100
AcDbCircle
 10
-9.472059944119792
 20
83.45593091186197
 30
0.0
 40
0.31000762001524007
  0
CIRCLE
  5
a9b
330
1F
100
AcDbEntity
  8
Hole
100
AcDbCircle
 10
-9.472059944119792
 20
83.45593091186197
 30
0.0
 40
0.15499110998222
  0
CIRCLE
  5
a9c
330
1F
100
AcDbEntity
  8
Multi-Layer
100
AcDbCircle
 10
-6.655956311912632
 20
83.45593091186197
 30
0.0
 40
0.31000762001524007
  0
CIRCLE
  5
a9d
330
1F
100
AcDbEntity
  8
Hole
100
AcDbCircle
 10
-6.655956311912632
 20
83.45593091186197
 30
0.0
 40
0.15499110998222
  0
CIRCLE
  5
a9e
330
1F
100
AcDbEntity
  8
Multi-Layer
100
AcDbCircle
 10
-10.495935991871875
 20
82.68808737617485
 30
0.0
 40
0.31000762001524007
  0
CIRCLE
  5
a9f
330
1F
100
AcDbEntity
  8
Hole
100
AcDbCircle
 10
-10.495935991871875
 20
82.68808737617485
 30
0.0
 40
0.15499110998222
  0
CIRCLE
  5
aa0
330
1F
100
AcDbEntity
  8
Multi-Layer
100
AcDbCircle
 10
-2.5401320802641294
 20
86.16002032004064
 30
0.0
 40
0.31000762001524007
  0
CIRCLE
  5
aa1
330
1F
100
AcDbEntity
  8
Hole
100
AcDbCircle
 10
-2.5401320802641294
 20
86.16002032004064
 30
0.0
 40
0.15499110998222
  0
CIRCLE
  5
aa2
330
1F
100
AcDbEntity
  8
Multi-Layer
100
AcDbCircle
 10
-9.728092456184868
 20
87.55194310388629
 30
0.0
 40
0.31000762001524007
  0
CIRCLE
  5
aa3
330
1F
100
AcDbEntity
  8
Hole
100
AcDbCircle
 10
-9.728092456184868
 20
87.55194310388629
 30
0.0
 40
0.15499110998222
  0
CIRCLE
  5
aa4
330
1F
100
AcDbEntity
  8
Multi-Layer
100
AcDbCircle
 10
-2.5401320802641294
 20
86.96012192024386
 30
0.0
 40
0.31000762001524007
  0
CIRCLE
  5
aa5
330
1F
100
AcDbEntity
  8
Hole
100
AcDbCircle
 10
-2.5401320802641294
 20
86.96012192024386
 30
0.0
 40
0.15499110998222
  0
CIRCLE
  5
aa6
330
1F
100
AcDbEntity
  8
Multi-Layer
100
AcDbCircle
 10
-1.7400304800607955
 20
86.96012192024386
 30
0.0
 40
0.31000762001524007
  0
CIRCLE
  5
aa7
330
1F
100
AcDbEntity
  8
Hole
100
AcDbCircle
 10
-1.7400304800607955
 20
86.96012192024386
 30
0.0
 40
0.15499110998222
  0
CIRCLE
  5
aa8
330
1F
100
AcDbEntity
  8
Multi-Layer
100
AcDbCircle
 10
-0.3399796799592423
 20
85.96012192024398
 30
0.0
 40
0.31000762001524007
  0
CIRCLE
  5
aa9
330
1F
100
AcDbEntity
  8
Hole
100
AcDbCircle
 10
-0.3399796799592423
 20
85.96012192024398
 30
0.0
 40
0.15499110998222
  0
CIRCLE
  5
aaa
330
1F
100
AcDbEntity
  8
Multi-Layer
100
AcDbCircle
 10
-1.2399034798067987
 20
87.65989331978676
 30
0.0
 40
0.31000762001524007
  0
CIRCLE
  5
aab
330
1F
100
AcDbEntity
  8
Hole
100
AcDbCircle
 10
-1.2399034798067987
 20
87.65989331978676
 30
0.0
 40
0.15499110998222
  0
CIRCLE
  5
aac
330
1F
100
AcDbEntity
  8
Multi-Layer
100
AcDbCircle
 10
-0.5398780797561358
 20
88.26009652019309
 30
0.0
 40
0.31000762001524007
  0
CIRCLE
  5
aad
330
1F
100
AcDbEntity
  8
Hole
100
AcDbCircle
 10
-0.5398780797561358
 20
88.26009652019309
 30
0.0
 40
0.15499110998222
  0
CIRCLE
  5
aae
330
1F
100
AcDbEntity
  8
Multi-Layer
100
AcDbCircle
 10
-21.74003048006091
 20
93.05994411988843
 30
0.0
 40
0.31000762001524007
  0
CIRCLE
  5
aaf
330
1F
100
AcDbEntity
  8
Hole
100
AcDbCircle
 10
-21.74003048006091
 20
93.05994411988843
 30
0.0
 40
0.15499110998222
  0
CIRCLE
  5
ab0
330
1F
100
AcDbEntity
  8
Multi-Layer
100
AcDbCircle
 10
-20.639954279908466
 20
93.05994411988843
 30
0.0
 40
0.31000762001524007
  0
CIRCLE
  5
ab1
330
1F
100
AcDbEntity
  8
Hole
100
AcDbCircle
 10
-20.639954279908466
 20
93.05994411988843
 30
0.0
 40
0.15499110998222
  0
CIRCLE
  5
ab2
330
1F
100
AcDbEntity
  8
Multi-Layer
100
AcDbCircle
 10
-19.63995427990858
 20
93.05994411988843
 30
0.0
 40
0.31000762001524007
  0
CIRCLE
  5
ab3
330
1F
100
AcDbEntity
  8
Hole
100
AcDbCircle
 10
-19.63995427990858
 20
93.05994411988843
 30
0.0
 40
0.15499110998222
  0
CIRCLE
  5
ab4
330
1F
100
AcDbEntity
  8
Multi-Layer
100
AcDbCircle
 10
-20.639954279908466
 20
92.26009652019309
 30
0.0
 40
0.31000762001524007
  0
CIRCLE
  5
ab5
330
1F
100
AcDbEntity
  8
Hole
100
AcDbCircle
 10
-20.639954279908466
 20
92.26009652019309
 30
0.0
 40
0.15499110998222
  0
CIRCLE
  5
ab6
330
1F
100
AcDbEntity
  8
Multi-Layer
100
AcDbCircle
 10
-21.040005080010133
 20
124.65989331978665
 30
0.0
 40
1.5000000000000002
  0
CIRCLE
  5
ab7
330
1F
100
AcDbEntity
  8
Multi-Layer
100
AcDbCircle
 10
10.959994919989867
 20
124.65989331978665
 30
0.0
 40
1.5000000000000002
  0
CIRCLE
  5
ab8
330
1F
100
AcDbEntity
  8
Multi-Layer
100
AcDbCircle
 10
10.959994919989867
 20
71.16002032004076
 30
0.0
 40
1.5000000000000002
  0
CIRCLE
  5
ab9
330
1F
100
AcDbEntity
  8
Multi-Layer
100
AcDbCircle
 10
-21.040005080010133
 20
71.16002032004076
 30
0.0
 40
1.5000000000000002
0
HATCH
5
abb
100
AcDbEntity
8
BottomSolderMaskLayer
100
AcDbHatch
10
0
20
0
30
0
210
0
220
0
230
1
2
SOLID
70
1
71
0
91
1
92
7
72
0
73
1
93
6
10
2.4599949199898674
20
-6.839979679959242
10
1.9599949199898674
20
-6.839979679959242
10
-0.040005080009905214
20
-3.839979679959356
10
-0.040005080009905214
20
0.16002032004064404
10
7.4240030480061705
20
-2.3039878079755454
10
2.4599949199898674
20
-6.839979679959242
97
1
330

75
0
76
1
47
0.4128176842155181
98
1
10
34.90568961886538
20
22.81183545379326
450
0
451
0
460
0
461
0
452
1
462
1
453
2
463
0
63
5
421
255
463
1
63
7
421
16777215
470
LINEAR
1001
ACAD
1010
0
1020
0
1030
0
0
HATCH
5
abd
100
AcDbEntity
8
BottomSolderMaskLayer
100
AcDbHatch
10
0
20
0
30
0
210
0
220
0
230
1
2
SOLID
70
1
71
0
91
1
92
7
72
0
73
1
93
6
10
-12.568021336042648
20
-6.799999999999841
10
-12.068021336042648
20
-6.799999999999841
10
-10.068021336042648
20
-3.7999999999999545
10
-10.068021336042648
20
0.20000000000004547
10
-17.532029464058724
20
-2.2640081280162576
10
-12.568021336042648
20
-6.799999999999841
97
1
330

75
0
76
1
47
0.4128176842155181
98
1
10
34.90568961886538
20
22.81183545379326
450
0
451
0
460
0
461
0
452
1
462
1
453
2
463
0
63
5
421
255
463
1
63
7
421
16777215
470
LINEAR
1001
ACAD
1010
0
1020
0
1030
0
0
HATCH
5
abf
100
AcDbEntity
8
TopSolderMaskLayer
100
AcDbHatch
10
0
20
0
30
0
210
0
220
0
230
1
2
SOLID
70
1
71
0
91
1
92
7
72
0
73
1
93
6
10
2.4599949199898674
20
-6.839979679959242
10
1.9599949199898674
20
-6.839979679959242
10
-0.040005080009905214
20
-3.839979679959356
10
-0.040005080009905214
20
0.16002032004064404
10
7.4240030480061705
20
-2.3039878079755454
10
2.4599949199898674
20
-6.839979679959242
97
1
330

75
0
76
1
47
0.4128176842155181
98
1
10
34.90568961886538
20
22.81183545379326
450
0
451
0
460
0
461
0
452
1
462
1
453
2
463
0
63
5
421
255
463
1
63
7
421
16777215
470
LINEAR
1001
ACAD
1010
0
1020
0
1030
0
0
HATCH
5
ac1
100
AcDbEntity
8
TopSolderMaskLayer
100
AcDbHatch
10
0
20
0
30
0
210
0
220
0
230
1
2
SOLID
70
1
71
0
91
1
92
7
72
0
73
1
93
6
10
-12.567995935991803
20
-6.799999999999841
10
-12.067995935991803
20
-6.799999999999841
10
-10.067995935991803
20
-3.7999999999999545
10
-10.067995935991803
20
0.20000000000004547
10
-17.532004064008106
20
-2.2640081280162576
10
-12.567995935991803
20
-6.799999999999841
97
1
330

75
0
76
1
47
0.4128176842155181
98
1
10
34.90568961886538
20
22.81183545379326
450
0
451
0
460
0
461
0
452
1
462
1
453
2
463
0
63
5
421
255
463
1
63
7
421
16777215
470
LINEAR
1001
ACAD
1010
0
1020
0
1030
0
0
HATCH
5
ac3
100
AcDbEntity
8
Document
100
AcDbHatch
10
0
20
0
30
0
210
0
220
0
230
1
2
SOLID
70
1
71
0
91
1
92
7
72
0
73
1
93
6
10
-4.340132080264084
20
128.26002032004078
10
-4.340132080264084
20
127.96002032004071
10
-6.040132080264129
20
127.96002032004071
10
-6.040132080264129
20
126.66002032004076
10
-6.340132080264084
20
126.66002032004076
10
-6.340132080264084
20
128.26002032004078
97
1
330

75
0
76
1
47
0.4128176842155181
98
1
10
34.90568961886538
20
22.81183545379326
450
0
451
0
460
0
461
0
452
1
462
1
453
2
463
0
63
5
421
255
463
1
63
7
421
16777215
470
LINEAR
1001
ACAD
1010
0
1020
0
1030
0
0
HATCH
5
ac5
100
AcDbEntity
8
Document
100
AcDbHatch
10
0
20
0
30
0
210
0
220
0
230
1
2
SOLID
70
1
71
0
91
1
92
7
72
0
73
1
93
6
10
-6.040132080264129
20
125.96002032004071
10
-6.340132080264084
20
125.96002032004071
10
-6.340132080264084
20
125.06002032004073
10
-5.44013208026422
20
125.06002032004073
10
-5.44013208026422
20
125.46002032004083
10
-6.040132080264129
20
125.46002032004083
97
1
330

75
0
76
1
47
0.4128176842155181
98
1
10
34.90568961886538
20
22.81183545379326
450
0
451
0
460
0
461
0
452
1
462
1
453
2
463
0
63
5
421
255
463
1
63
7
421
16777215
470
LINEAR
1001
ACAD
1010
0
1020
0
1030
0
0
HATCH
5
ac7
100
AcDbEntity
8
Document
100
AcDbHatch
10
0
20
0
30
0
210
0
220
0
230
1
2
SOLID
70
1
71
0
91
1
92
7
72
0
73
1
93
6
10
-2.590119380238775
20
125.41003302006618
10
-2.590119380238775
20
125.11003302006623
10
-1.6901193802386842
20
125.11003302006623
10
-1.6901193802386842
20
126.01003302006609
10
-2.090119380238775
20
126.01003302006609
10
-2.090119380238775
20
125.41003302006618
97
1
330

75
0
76
1
47
0.4128176842155181
98
1
10
34.90568961886538
20
22.81183545379326
450
0
451
0
460
0
461
0
452
1
462
1
453
2
463
0
63
5
421
255
463
1
63
7
421
16777215
470
LINEAR
1001
ACAD
1010
0
1020
0
1030
0
0
HATCH
5
ac9
100
AcDbEntity
8
Document
100
AcDbHatch
10
0
20
0
30
0
210
0
220
0
230
1
2
SOLID
70
1
71
0
91
1
92
7
72
0
73
1
93
6
10
-3.740132080264175
20
128.26002032004078
10
-3.740132080264175
20
127.96002032004071
10
-2.0401320802641294
20
127.96002032004071
10
-2.0401320802641294
20
126.66002032004076
10
-1.7401320802639475
20
126.66002032004076
10
-1.7401320802639475
20
128.26002032004078
97
1
330

75
0
76
1
47
0.4128176842155181
98
1
10
34.90568961886538
20
22.81183545379326
450
0
451
0
460
0
461
0
452
1
462
1
453
2
463
0
63
5
421
255
463
1
63
7
421
16777215
470
LINEAR
1001
ACAD
1010
0
1020
0
1030
0
0
HATCH
5
acb
100
AcDbEntity
8
TopSilkLayer
100
AcDbHatch
10
0
20
0
30
0
210
0
220
0
230
1
2
SOLID
70
1
71
0
91
1
92
7
72
0
73
1
93
71
10
-13.490017780035487
20
88.16002032004076
10
-13.554497962272308
20
88.09082557111662
10
-13.617458499218174
20
88.02024527664696
10
-13.678869626121468
20
87.94831280364315
10
-13.738702310717372
20
87.87506215836265
10
-13.796928266953955
20
87.80052797023211
10
-13.853519968364253
20
87.72474547547608
10
-13.908450661079314
20
87.64775050045944
10
-13.961694376475862
20
87.56957944475005
10
-14.01322594345379
20
87.49026926391082
10
-14.063021000335539
20
87.40985745202909
10
-14.111056006382569
20
87.3283820239908
10
-14.157308252925304
20
87.24588149750934
10
-14.201755874097898
20
87.162394874916
10
-14.244377857175778
20
87.07796162472107
10
-14.28515405250937
20
86.99262166295603
10
-14.324065183050152
20
86.90641533430187
10
-14.361092853462878
20
86.81938339301735
10
-14.39621955882376
20
86.7315669836712
10
-14.429428692894135
20
86.6430076216916
10
-14.460704555973052
20
86.55374717373934
10
-14.490032362317379
20
86.46382783791546
10
-14.51739824713286
20
86.37329212381212
10
-14.54278927312862
20
86.28218283241517
10
-14.566193436633739
20
86.19054303587143
10
-14.587599673270915
20
86.09841605712472
10
-14.606997863187871
20
86.00584544943581
10
-14.62437883584198
20
85.91287497579196
10
-14.639734374334012
20
85.81954858821814
10
-14.653057219295306
20
85.72591040699865
10
-14.664341072317256
20
85.63200469981882
10
-14.673580598929675
20
85.53787586083774
10
-14.680771431123276
20
85.44356838970032
10
-14.685910169414456
20
85.34912687050075
10
-14.688994384451235
20
85.25459595070424
10
-14.690022618163539
20
85.16002032004087
10
-14.688994384451235
20
85.06544468937739
10
-14.685910169414456
20
84.97091376958087
10
-14.680771431123276
20
84.87647225038131
10
-14.673580598929675
20
84.78216477924389
10
-14.664341072317256
20
84.68803594026281
10
-14.653057219295306
20
84.59413023308298
10
-14.639734374334012
20
84.50049205186338
10
-14.62437883584198
20
84.40716566428978
10
-14.606997863187871
20
84.31419519064582
10
-14.587599673270915
20
84.2216245829569
10
-14.566193436633739
20
84.1294976042102
10
-14.54278927312862
20
84.03785780766646
10
-14.51739824713286
20
83.94674851626951
10
-14.490032362317379
20
83.85621280216617
10
-14.460704555973052
20
83.76629346634229
10
-14.429428692894135
20
83.67703301839003
10
-14.39621955882376
20
83.58847365641054
10
-14.361092853462878
20
83.50065724706428
10
-14.324065183050152
20
83.41362530577976
10
-14.28515405250937
20
83.3274189771256
10
-14.244377857175778
20
83.24207901536056
10
-14.201755874097898
20
83.15764576516563
10
-14.157308252925304
20
83.07415914257228
10
-14.111056006382569
20
82.99165861609083
10
-14.063021000335539
20
82.91018318805254
10
-14.01322594345379
20
82.82977137617081
10
-13.961694376475862
20
82.75046119533158
10
-13.908450661079314
20
82.67229013962219
10
-13.853519968364253
20
82.59529516460555
10
-13.796928266953955
20
82.51951266984952
10
-13.738702310717372
20
82.44497848171886
10
-13.678869626121468
20
82.37172783643837
10
-13.617458499218174
20
82.29979536343467
10
-13.554497962272308
20
82.229215068965
10
-13.490017780035487
20
82.16002032004076
97
1
330

75
0
76
1
47
0.4128176842155181
98
1
10
34.90568961886538
20
22.81183545379326
450
0
451
0
460
0
461
0
452
1
462
1
453
2
463
0
63
5
421
255
463
1
63
7
421
16777215
470
LINEAR
1001
ACAD
1010
0
1020
0
1030
0
0
HATCH
5
acd
100
AcDbEntity
8
Document
100
AcDbHatch
10
0
20
0
30
0
210
0
220
0
230
1
2
SOLID
70
1
71
0
91
1
92
7
72
0
73
1
93
6
10
-14.240005080010178
20
84.96002032004083
10
-12.840005080010087
20
84.96002032004083
10
-12.840005080010087
20
85.36002032004069
10
-14.440005080009996
20
85.36002032004069
10
-14.640005080010042
20
85.36002032004069
10
-14.640005080010042
20
84.96002032004083
97
1
330

75
0
76
1
47
0.4128176842155181
98
1
10
34.90568961886538
20
22.81183545379326
450
0
451
0
460
0
461
0
452
1
462
1
453
2
463
0
63
5
421
255
463
1
63
7
421
16777215
470
LINEAR
1001
ACAD
1010
0
1020
0
1030
0
0
HATCH
5
acf
100
AcDbEntity
8
Document
100
AcDbHatch
10
0
20
0
30
0
210
0
220
0
230
1
2
SOLID
70
1
71
0
91
1
92
7
72
0
73
1
93
6
10
-8.240005080010178
20
84.96002032004083
10
-6.840005080010087
20
84.96002032004083
10
-6.840005080010087
20
85.36002032004069
10
-8.440005080010224
20
85.36002032004069
10
-8.640005080010269
20
85.36002032004069
10
-8.640005080010269
20
84.96002032004083
97
1
330

75
0
76
1
47
0.4128176842155181
98
1
10
34.90568961886538
20
22.81183545379326
450
0
451
0
460
0
461
0
452
1
462
1
453
2
463
0
63
5
421
255
463
1
63
7
421
16777215
470
LINEAR
1001
ACAD
1010
0
1020
0
1030
0
0
HATCH
5
ad1
100
AcDbEntity
8
Document
100
AcDbHatch
10
0
20
0
30
0
210
0
220
0
230
1
2
SOLID
70
1
71
0
91
1
92
7
72
0
73
1
93
6
10
-7.540005080010133
20
84.66002032004076
10
-7.540005080010133
20
86.06002032004073
10
-7.9400050800102235
20
86.06002032004073
10
-7.9400050800102235
20
84.46002032004083
10
-7.9400050800102235
20
84.26002032004078
10
-7.540005080010133
20
84.25999491998994
97
1
330

75
0
76
1
47
0.4128176842155181
98
1
10
34.90568961886538
20
22.81183545379326
450
0
451
0
460
0
461
0
452
1
462
1
453
2
463
0
63
5
421
255
463
1
63
7
421
16777215
470
LINEAR
1001
ACAD
1010
0
1020
0
1030
0
0
HATCH
5
ad3
100
AcDbEntity
8
Document
100
AcDbHatch
10
0
20
0
30
0
210
0
220
0
230
1
2
SOLID
70
1
71
0
91
1
92
7
72
0
73
1
93
6
10
-13.513030226060437
20
69.65306070612155
10
-12.673050546100967
20
69.65311150622313
10
-12.672999745999505
20
69.3731013462027
10
-13.513030226060437
20
69.3731013462027
10
-13.793014986029903
20
69.37307594615197
10
-13.793014986029903
20
69.65311150622313
97
1
330

75
0
76
1
47
0.4128176842155181
98
1
10
34.90568961886538
20
22.81183545379326
450
0
451
0
460
0
461
0
452
1
462
1
453
2
463
0
63
5
421
255
463
1
63
7
421
16777215
470
LINEAR
1001
ACAD
1010
0
1020
0
1030
0
0
HATCH
5
ad5
100
AcDbEntity
8
Document
100
AcDbHatch
10
0
20
0
30
0
210
0
220
0
230
1
2
SOLID
70
1
71
0
91
1
92
7
72
0
73
1
93
6
10
-15.707010414020715
20
69.88702057404123
10
-15.707010414020715
20
69.04696469392945
10
-15.986995173990408
20
69.0469900939803
10
-15.987020574041026
20
69.88699517399039
10
-15.986995173990408
20
70.16697993395996
10
-15.707010414020715
20
70.16695453390912
97
1
330

75
0
76
1
47
0.4128176842155181
98
1
10
34.90568961886538
20
22.81183545379326
450
0
451
0
460
0
461
0
452
1
462
1
453
2
463
0
63
5
421
255
463
1
63
7
421
16777215
470
LINEAR
1001
ACAD
1010
0
1020
0
1030
0
0
HATCH
5
ad7
100
AcDbEntity
8
Document
100
AcDbHatch
10
0
20
0
30
0
210
0
220
0
230
1
2
SOLID
70
1
71
0
91
1
92
7
72
0
73
1
93
6
10
-15.567005334010673
20
69.46697993395992
10
-16.406985013969916
20
69.46692913385834
10
-16.407035814071605
20
69.74693929387877
10
-15.567005334010673
20
69.74693929387877
10
-15.287020574041208
20
69.7469646939295
10
-15.287020574041208
20
69.46692913385834
97
1
330

75
0
76
1
47
0.4128176842155181
98
1
10
34.90568961886538
20
22.81183545379326
450
0
451
0
460
0
461
0
452
1
462
1
453
2
463
0
63
5
421
255
463
1
63
7
421
16777215
470
LINEAR
1001
ACAD
1010
0
1020
0
1030
0
0
HATCH
5
ad9
100
AcDbEntity
8
Document
100
AcDbHatch
10
0
20
0
30
0
210
0
220
0
230
1
2
SOLID
70
1
71
0
91
1
92
7
72
0
73
1
93
5
10
-12.840005080010087
20
113.16002032004076
10
-13.540005080010133
20
113.16002032004076
10
-13.540005080010133
20
113.36002032004069
10
-12.740005080010178
20
113.36002032004069
10
-12.740005080010178
20
113.16002032004076
97
1
330

75
0
76
1
47
0.4128176842155181
98
1
10
34.90568961886538
20
22.81183545379326
450
0
451
0
460
0
461
0
452
1
462
1
453
2
463
0
63
5
421
255
463
1
63
7
421
16777215
470
LINEAR
1001
ACAD
1010
0
1020
0
1030
0
0
HATCH
5
adb
100
AcDbEntity
8
Document
100
AcDbHatch
10
0
20
0
30
0
210
0
220
0
230
1
2
SOLID
70
1
71
0
91
1
92
7
72
0
73
1
93
5
10
-10.340005080010087
20
113.65999491998991
10
-10.340005080010087
20
112.96002032004071
10
-10.540030480060977
20
112.96002032004071
10
-10.540030480060977
20
113.76002032004067
10
-10.340005080010087
20
113.76002032004067
97
1
330

75
0
76
1
47
0.4128176842155181
98
1
10
34.90568961886538
20
22.81183545379326
450
0
451
0
460
0
461
0
452
1
462
1
453
2
463
0
63
5
421
255
463
1
63
7
421
16777215
470
LINEAR
1001
ACAD
1010
0
1020
0
1030
0
0
HATCH
5
add
100
AcDbEntity
8
Document
100
AcDbHatch
10
0
20
0
30
0
210
0
220
0
230
1
2
SOLID
70
1
71
0
91
1
92
7
72
0
73
1
93
5
10
-10.140005080010042
20
113.25999491998994
10
-10.840005080010087
20
113.25999491998994
10
-10.840005080010087
20
113.45999491998987
10
-10.040005080010133
20
113.45999491998987
10
-10.040005080010133
20
113.25999491998994
97
1
330

75
0
76
1
47
0.4128176842155181
98
1
10
34.90568961886538
20
22.81183545379326
450
0
451
0
460
0
461
0
452
1
462
1
453
2
463
0
63
5
421
255
463
1
63
7
421
16777215
470
LINEAR
1001
ACAD
1010
0
1020
0
1030
0
0
HATCH
5
adf
100
AcDbEntity
8
TopSilkLayer
100
AcDbHatch
10
0
20
0
30
0
210
0
220
0
230
1
2
SOLID
70
1
71
0
91
1
92
7
72
0
73
1
93
5
10
-10.340005080010087
20
113.65999491998991
10
-10.340005080010087
20
112.96002032004071
10
-10.540030480060977
20
112.96002032004071
10
-10.540030480060977
20
113.76002032004067
10
-10.340005080010087
20
113.76002032004067
97
1
330

75
0
76
1
47
0.4128176842155181
98
1
10
34.90568961886538
20
22.81183545379326
450
0
451
0
460
0
461
0
452
1
462
1
453
2
463
0
63
5
421
255
463
1
63
7
421
16777215
470
LINEAR
1001
ACAD
1010
0
1020
0
1030
0
0
HATCH
5
ae1
100
AcDbEntity
8
TopSilkLayer
100
AcDbHatch
10
0
20
0
30
0
210
0
220
0
230
1
2
SOLID
70
1
71
0
91
1
92
7
72
0
73
1
93
5
10
-10.140005080010042
20
113.25999491998994
10
-10.840005080010087
20
113.25999491998994
10
-10.840005080010087
20
113.45999491998987
10
-10.040005080010133
20
113.45999491998987
10
-10.040005080010133
20
113.25999491998994
97
1
330

75
0
76
1
47
0.4128176842155181
98
1
10
34.90568961886538
20
22.81183545379326
450
0
451
0
460
0
461
0
452
1
462
1
453
2
463
0
63
5
421
255
463
1
63
7
421
16777215
470
LINEAR
1001
ACAD
1010
0
1020
0
1030
0
0
HATCH
5
ae3
100
AcDbEntity
8
TopSilkLayer
100
AcDbHatch
10
0
20
0
30
0
210
0
220
0
230
1
2
SOLID
70
1
71
0
91
1
92
7
72
0
73
1
93
5
10
-12.840005080010087
20
113.16002032004076
10
-13.540005080010133
20
113.16002032004076
10
-13.540005080010133
20
113.36002032004069
10
-12.740005080010178
20
113.36002032004069
10
-12.740005080010178
20
113.16002032004076
97
1
330

75
0
76
1
47
0.4128176842155181
98
1
10
34.90568961886538
20
22.81183545379326
450
0
451
0
460
0
461
0
452
1
462
1
453
2
463
0
63
5
421
255
463
1
63
7
421
16777215
470
LINEAR
1001
ACAD
1010
0
1020
0
1030
0
0
HATCH
5
ae5
100
AcDbEntity
8
TopSilkLayer
100
AcDbHatch
10
0
20
0
30
0
210
0
220
0
230
1
2
SOLID
70
1
71
0
91
1
92
7
72
0
73
1
93
51
10
-13.945008890017789
20
112.50901701803411
10
-13.945008890017789
20
115.68402336804684
10
-13.951384302768474
20
115.67764795529592
10
-13.998305668676721
20
115.62922949559231
10
-14.043683003098067
20
115.57936107532919
10
-14.087471523050226
20
115.5280919097504
10
-14.129628013554793
20
115.47547259649889
10
-14.170110870286635
20
115.42155506568031
10
-14.208880140633028
20
115.36639252861448
10
-14.245897563123208
20
115.31003942531993
10
-14.28112660518832
20
115.2525513707875
10
-14.314532499216284
20
115.1939851000941
10
-14.346082276862717
20
115.13439841240984
10
-14.375744801589008
20
115.07385011395638
10
-14.403490799389601
20
115.01239995997128
10
-14.42929288768346
20
114.95010859573506
10
-14.453125602338332
20
114.88703749672027
10
-14.474965422799642
20
114.82324890792142
10
-14.49479079530488
20
114.75880578242493
10
-14.51258215415396
20
114.69377171928079
10
-14.528321941019158
20
114.62821090073658
10
-14.541994622273478
20
114.56218802889623
10
-14.553586704319741
20
114.49576826186433
10
-14.563086746909221
20
114.42901714944253
10
-14.570485374430746
20
114.36200056843802
10
-14.575775285164127
20
114.2947846576493
10
-14.578951258485404
20
114.22743575259358
10
-14.580010160020265
20
114.16002032004076
10
-14.580010160020265
20
113.9894335788282
10
-14.578904891830007
20
113.9275282420599
10
-14.575590783857251
20
113.86570179928242
10
-14.570072059423865
20
113.80403303880519
10
-14.562355751296764
20
113.74260054799572
10
-14.552451692726208
20
113.68148261313206
10
-14.540372504913876
20
113.62075711963905
10
-14.526133580930718
20
113.56050145283518
10
-14.509753066099165
20
113.50079239931722
10
-14.491251834870354
20
113.44170604910676
10
-14.470653464223233
20
113.38331769868603
10
-14.447984203618944
20
113.3257017550435
10
-14.423272941549385
20
113.2689316408539
10
-14.3965511687245
20
113.21307970091198
10
-14.367852937941507
20
113.15821710994067
10
-14.337214820689269
20
113.1044137818892
10
-14.304675860544648
20
113.051738280839
10
-14.270277523417008
20
113.00025773362927
10
-14.234063644705657
20
112.95003774431382
10
-14.196080373439372
20
112.90114231055907
10
-14.156376113465967
20
112.85363374208828
10
-14.115001461769225
20
112.80757258127846
10
-14.072009143990499
20
112.76301752600762
97
1
330

75
0
76
1
47
0.4128176842155181
98
1
10
34.90568961886538
20
22.81183545379326
450
0
451
0
460
0
461
0
452
1
462
1
453
2
463
0
63
5
421
255
463
1
63
7
421
16777215
470
LINEAR
1001
ACAD
1010
0
1020
0
1030
0
0
HATCH
5
ae7
100
AcDbEntity
8
Document
100
AcDbHatch
10
0
20
0
30
0
210
0
220
0
230
1
2
SOLID
70
1
71
0
91
1
92
7
72
0
73
1
93
5
10
-7.340005080010087
20
113.16002032004076
10
-8.040005080010133
20
113.16002032004076
10
-8.040005080010133
20
113.36002032004069
10
-7.240005080010178
20
113.36002032004069
10
-7.240005080010178
20
113.16002032004076
97
1
330

75
0
76
1
47
0.4128176842155181
98
1
10
34.90568961886538
20
22.81183545379326
450
0
451
0
460
0
461
0
452
1
462
1
453
2
463
0
63
5
421
255
463
1
63
7
421
16777215
470
LINEAR
1001
ACAD
1010
0
1020
0
1030
0
0
HATCH
5
ae9
100
AcDbEntity
8
Document
100
AcDbHatch
10
0
20
0
30
0
210
0
220
0
230
1
2
SOLID
70
1
71
0
91
1
92
7
72
0
73
1
93
5
10
-4.840005080010087
20
113.65999491998991
10
-4.840005080010087
20
112.96002032004071
10
-5.040030480060977
20
112.96002032004071
10
-5.040030480060977
20
113.76002032004067
10
-4.840005080010087
20
113.76002032004067
97
1
330

75
0
76
1
47
0.4128176842155181
98
1
10
34.90568961886538
20
22.81183545379326
450
0
451
0
460
0
461
0
452
1
462
1
453
2
463
0
63
5
421
255
463
1
63
7
421
16777215
470
LINEAR
1001
ACAD
1010
0
1020
0
1030
0
0
HATCH
5
aeb
100
AcDbEntity
8
Document
100
AcDbHatch
10
0
20
0
30
0
210
0
220
0
230
1
2
SOLID
70
1
71
0
91
1
92
7
72
0
73
1
93
5
10
-4.640005080010042
20
113.25999491998994
10
-5.340005080010087
20
113.25999491998994
10
-5.340005080010087
20
113.45999491998987
10
-4.540005080010133
20
113.45999491998987
10
-4.540005080010133
20
113.25999491998994
97
1
330

75
0
76
1
47
0.4128176842155181
98
1
10
34.90568961886538
20
22.81183545379326
450
0
451
0
460
0
461
0
452
1
462
1
453
2
463
0
63
5
421
255
463
1
63
7
421
16777215
470
LINEAR
1001
ACAD
1010
0
1020
0
1030
0
0
HATCH
5
aed
100
AcDbEntity
8
TopSilkLayer
100
AcDbHatch
10
0
20
0
30
0
210
0
220
0
230
1
2
SOLID
70
1
71
0
91
1
92
7
72
0
73
1
93
5
10
-4.840005080010087
20
113.65999491998991
10
-4.840005080010087
20
112.96002032004071
10
-5.040030480060977
20
112.96002032004071
10
-5.040030480060977
20
113.76002032004067
10
-4.840005080010087
20
113.76002032004067
97
1
330

75
0
76
1
47
0.4128176842155181
98
1
10
34.90568961886538
20
22.81183545379326
450
0
451
0
460
0
461
0
452
1
462
1
453
2
463
0
63
5
421
255
463
1
63
7
421
16777215
470
LINEAR
1001
ACAD
1010
0
1020
0
1030
0
0
HATCH
5
aef
100
AcDbEntity
8
TopSilkLayer
100
AcDbHatch
10
0
20
0
30
0
210
0
220
0
230
1
2
SOLID
70
1
71
0
91
1
92
7
72
0
73
1
93
5
10
-4.640005080010042
20
113.25999491998994
10
-5.340005080010087
20
113.25999491998994
10
-5.340005080010087
20
113.45999491998987
10
-4.540005080010133
20
113.45999491998987
10
-4.540005080010133
20
113.25999491998994
97
1
330

75
0
76
1
47
0.4128176842155181
98
1
10
34.90568961886538
20
22.81183545379326
450
0
451
0
460
0
461
0
452
1
462
1
453
2
463
0
63
5
421
255
463
1
63
7
421
16777215
470
LINEAR
1001
ACAD
1010
0
1020
0
1030
0
0
HATCH
5
af1
100
AcDbEntity
8
TopSilkLayer
100
AcDbHatch
10
0
20
0
30
0
210
0
220
0
230
1
2
SOLID
70
1
71
0
91
1
92
7
72
0
73
1
93
5
10
-7.340005080010087
20
113.16002032004076
10
-8.040005080010133
20
113.16002032004076
10
-8.040005080010133
20
113.36002032004069
10
-7.240005080010178
20
113.36002032004069
10
-7.240005080010178
20
113.16002032004076
97
1
330

75
0
76
1
47
0.4128176842155181
98
1
10
34.90568961886538
20
22.81183545379326
450
0
451
0
460
0
461
0
452
1
462
1
453
2
463
0
63
5
421
255
463
1
63
7
421
16777215
470
LINEAR
1001
ACAD
1010
0
1020
0
1030
0
0
HATCH
5
af3
100
AcDbEntity
8
TopSilkLayer
100
AcDbHatch
10
0
20
0
30
0
210
0
220
0
230
1
2
SOLID
70
1
71
0
91
1
92
7
72
0
73
1
93
51
10
-8.445008890017789
20
112.50901701803411
10
-8.445008890017789
20
115.68402336804684
10
-8.451384302768702
20
115.67764795529592
10
-8.498305668676721
20
115.62922949559231
10
-8.543683003098067
20
115.57936107532907
10
-8.587471523050226
20
115.5280919097504
10
-8.629628013554793
20
115.47547259649889
10
-8.670110870286635
20
115.42155506568031
10
-8.708880140633028
20
115.36639252861437
10
-8.745897563123208
20
115.31003942531993
10
-8.78112660518832
20
115.2525513707875
10
-8.814532499216057
20
115.1939851000941
10
-8.846082276862717
20
115.13439841240972
10
-8.87574480158878
20
115.07385011395638
10
-8.903490799389374
20
115.01239995997128
10
-8.92929288768346
20
114.95010859573506
10
-8.953125602338105
20
114.88703749672027
10
-8.974965422799414
20
114.82324890792142
10
-8.994790795304652
20
114.75880578242493
10
-9.01258215415396
20
114.69377171928079
10
-9.028321941019158
20
114.62821090073658
10
-9.04199462227325
20
114.56218802889623
10
-9.053586704319741
20
114.49576826186433
10
-9.063086746909221
20
114.42901714944253
10
-9.070485374430746
20
114.36200056843802
10
-9.0757752851639
20
114.2947846576493
10
-9.078951258485404
20
114.22743575259358
10
-9.080010160020265
20
114.16002032004076
10
-9.080010160020265
20
113.9894335788282
10
-9.078904891830007
20
113.9275282420599
10
-9.075590783857251
20
113.86570179928242
10
-9.070072059423865
20
113.80403303880519
10
-9.062355751296536
20
113.74260054799572
10
-9.052451692725981
20
113.68148261313206
10
-9.040372504913876
20
113.62075711963905
10
-9.026133580930718
20
113.56050145283518
10
-9.009753066099165
20
113.50079239931722
10
-8.991251834870354
20
113.44170604910676
10
-8.970653464223233
20
113.38331769868603
10
-8.947984203618716
20
113.3257017550435
10
-8.923272941549158
20
113.2689316408539
10
-8.8965511687245
20
113.21307970091198
10
-8.867852937941507
20
113.15821710994067
10
-8.837214820689269
20
113.1044137818892
10
-8.804675860544648
20
113.051738280839
10
-8.77027752341678
20
113.00025773362927
10
-8.73406364470543
20
112.95003774431382
10
-8.696080373439145
20
112.90114231055907
10
-8.656376113465967
20
112.85363374208828
10
-8.615001461769225
20
112.80757258127846
10
-8.572009143990499
20
112.76301752600762
97
1
330

75
0
76
1
47
0.4128176842155181
98
1
10
34.90568961886538
20
22.81183545379326
450
0
451
0
460
0
461
0
452
1
462
1
453
2
463
0
63
5
421
255
463
1
63
7
421
16777215
470
LINEAR
1001
ACAD
1010
0
1020
0
1030
0
0
HATCH
5
af5
100
AcDbEntity
8
Document
100
AcDbHatch
10
0
20
0
30
0
210
0
220
0
230
1
2
SOLID
70
1
71
0
91
1
92
7
72
0
73
1
93
5
10
-0.2400050800099507
20
115.16002032004076
10
0.4599949199898674
20
115.16002032004076
10
0.4599949199898674
20
114.96002032004071
10
-0.3400050800100871
20
114.96002032004071
10
-0.3400050800100871
20
115.16002032004076
97
1
330

75
0
76
1
47
0.4128176842155181
98
1
10
34.90568961886538
20
22.81183545379326
450
0
451
0
460
0
461
0
452
1
462
1
453
2
463
0
63
5
421
255
463
1
63
7
421
16777215
470
LINEAR
1001
ACAD
1010
0
1020
0
1030
0
0
HATCH
5
af7
100
AcDbEntity
8
Document
100
AcDbHatch
10
0
20
0
30
0
210
0
220
0
230
1
2
SOLID
70
1
71
0
91
1
92
7
72
0
73
1
93
5
10
-2.740005080010178
20
114.66004572009149
10
-2.740005080010178
20
115.3600203200408
10
-2.5399796799592878
20
115.3600203200408
10
-2.5399796799592878
20
114.56002032004073
10
-2.740005080010178
20
114.56002032004073
97
1
330

75
0
76
1
47
0.4128176842155181
98
1
10
34.90568961886538
20
22.81183545379326
450
0
451
0
460
0
461
0
452
1
462
1
453
2
463
0
63
5
421
255
463
1
63
7
421
16777215
470
LINEAR
1001
ACAD
1010
0
1020
0
1030
0
0
HATCH
5
af9
100
AcDbEntity
8
Document
100
AcDbHatch
10
0
20
0
30
0
210
0
220
0
230
1
2
SOLID
70
1
71
0
91
1
92
7
72
0
73
1
93
5
10
-2.940005080009996
20
115.06004572009158
10
-2.2400050800099507
20
115.06004572009158
10
-2.2400050800099507
20
114.86004572009153
10
-3.0400050800101326
20
114.86004572009153
10
-3.0400050800101326
20
115.06004572009158
97
1
330

75
0
76
1
47
0.4128176842155181
98
1
10
34.90568961886538
20
22.81183545379326
450
0
451
0
460
0
461
0
452
1
462
1
453
2
463
0
63
5
421
255
463
1
63
7
421
16777215
470
LINEAR
1001
ACAD
1010
0
1020
0
1030
0
0
HATCH
5
afb
100
AcDbEntity
8
TopSilkLayer
100
AcDbHatch
10
0
20
0
30
0
210
0
220
0
230
1
2
SOLID
70
1
71
0
91
1
92
7
72
0
73
1
93
5
10
-2.740005080010178
20
114.66004572009149
10
-2.740005080010178
20
115.3600203200408
10
-2.5399796799592878
20
115.3600203200408
10
-2.5399796799592878
20
114.56002032004073
10
-2.740005080010178
20
114.56002032004073
97
1
330

75
0
76
1
47
0.4128176842155181
98
1
10
34.90568961886538
20
22.81183545379326
450
0
451
0
460
0
461
0
452
1
462
1
453
2
463
0
63
5
421
255
463
1
63
7
421
16777215
470
LINEAR
1001
ACAD
1010
0
1020
0
1030
0
0
HATCH
5
afd
100
AcDbEntity
8
TopSilkLayer
100
AcDbHatch
10
0
20
0
30
0
210
0
220
0
230
1
2
SOLID
70
1
71
0
91
1
92
7
72
0
73
1
93
5
10
-2.940005080009996
20
115.06004572009158
10
-2.2400050800099507
20
115.06004572009158
10
-2.2400050800099507
20
114.86004572009153
10
-3.0400050800101326
20
114.86004572009153
10
-3.0400050800101326
20
115.06004572009158
97
1
330

75
0
76
1
47
0.4128176842155181
98
1
10
34.90568961886538
20
22.81183545379326
450
0
451
0
460
0
461
0
452
1
462
1
453
2
463
0
63
5
421
255
463
1
63
7
421
16777215
470
LINEAR
1001
ACAD
1010
0
1020
0
1030
0
0
HATCH
5
aff
100
AcDbEntity
8
TopSilkLayer
100
AcDbHatch
10
0
20
0
30
0
210
0
220
0
230
1
2
SOLID
70
1
71
0
91
1
92
7
72
0
73
1
93
5
10
-0.2400050800099507
20
115.16002032004076
10
0.4599949199898674
20
115.16002032004076
10
0.4599949199898674
20
114.96002032004071
10
-0.3400050800100871
20
114.96002032004071
10
-0.3400050800100871
20
115.16002032004076
97
1
330

75
0
76
1
47
0.4128176842155181
98
1
10
34.90568961886538
20
22.81183545379326
450
0
451
0
460
0
461
0
452
1
462
1
453
2
463
0
63
5
421
255
463
1
63
7
421
16777215
470
LINEAR
1001
ACAD
1010
0
1020
0
1030
0
0
HATCH
5
b01
100
AcDbEntity
8
TopSilkLayer
100
AcDbHatch
10
0
20
0
30
0
210
0
220
0
230
1
2
SOLID
70
1
71
0
91
1
92
7
72
0
73
1
93
51
10
0.8649987299972963
20
115.8110236220474
10
0.8649987299972963
20
112.63601727203468
10
0.8713741427484365
20
112.64239268478548
10
0.9182955086564561
20
112.69081114448909
10
0.9636728430778021
20
112.74067956475233
10
1.007461363029961
20
112.791948730331
10
1.049617853534528
20
112.84456804358263
10
1.0901007102663698
20
112.89848557440109
10
1.1288699806127624
20
112.95364811146703
10
1.1658874031027153
20
113.01000121476159
10
1.2011164451680543
20
113.0674892692939
10
1.234522339196019
20
113.1260555399873
10
1.2660721168422242
20
113.18564222767168
10
1.2957346415685151
20
113.24619052612525
10
1.3234806393693361
20
113.30764068011024
10
1.3492827276631942
20
113.36993204434634
10
1.3731154423178396
20
113.43300314336113
10
1.394955262779149
20
113.49679173216009
10
1.4147806352841599
20
113.56123485765659
10
1.4325719941334683
20
113.62626892080073
10
1.4483117809988926
20
113.69182973934483
10
1.4619844622529854
20
113.7578526111854
10
1.4735765442992488
20
113.82427237821719
10
1.4830765868887283
20
113.89102349063899
10
1.4904752144104805
20
113.9580400716435
10
1.4957651251434072
20
114.02525598243233
10
1.4989410984649112
20
114.09260488748794
10
1.5
20
114.16002032004076
10
1.5
20
114.33060706125332
10
1.4988947318095143
20
114.39251239802161
10
1.495580623836986
20
114.4543388407991
10
1.490061899403372
20
114.51600760127633
10
1.4823455912764985
20
114.5774400920858
10
1.4724415327057159
20
114.63855802694957
10
1.4603623448936105
20
114.69928352044258
10
1.4461234209106806
20
114.75953918724633
10
1.4297429060789
20
114.81924824076441
10
1.4112416748500891
20
114.87833459097487
10
1.3906433042029676
20
114.9367229413956
10
1.3679740435984513
20
114.99433888503802
10
1.3432627815288924
20
115.05110899922761
10
1.3165410087042346
20
115.10696093916954
10
1.2878427779210142
20
115.16182353014085
10
1.2572046606690037
20
115.21562685819242
10
1.2246657005243833
20
115.26830235924251
10
1.1902673633967424
20
115.31978290645225
10
1.1540534846853916
20
115.3700028957677
10
1.1160702134188796
20
115.41889832952268
10
1.076365953445702
20
115.46640689799335
10
1.0349913017489598
20
115.51246805880317
10
0.9919989839702339
20
115.55702311407413
97
1
330

75
0
76
1
47
0.4128176842155181
98
1
10
34.90568961886538
20
22.81183545379326
450
0
451
0
460
0
461
0
452
1
462
1
453
2
463
0
63
5
421
255
463
1
63
7
421
16777215
470
LINEAR
1001
ACAD
1010
0
1020
0
1030
0
  0
ENDSEC
  0
SECTION
  2
OBJECTS
  0
DICTIONARY
  5
C
330
0
100
AcDbDictionary
281
     1
  3
ACAD_CIP_PREVIOUS_PRODUCT_INFO
350
216
  3
ACAD_COLOR
350
6B
  3
ACAD_DETAILVIEWSTYLE
350
21B
  3
ACAD_GROUP
350
D
  3
ACAD_LAYOUT
350
1A
  3
ACAD_MATERIAL
350
6A
  3
ACAD_MLEADERSTYLE
350
12D
  3
ACAD_MLINESTYLE
350
17
  3
ACAD_PLOTSETTINGS
350
19
  3
ACAD_PLOTSTYLENAME
350
E
  3
ACAD_SCALELIST
350
10C
  3
ACAD_SECTIONVIEWSTYLE
350
219
  3
ACAD_TABLESTYLE
350
7E
  3
ACAD_VISUALSTYLE
350
EF
  3
ACDB_RECOMPOSE_DATA
350
27D
  3
AcDbVariableDictionary
350
5E
  3
AcDsDecomposeData
350
283
  0
DICTIONARY
  5
1FF
330
2
100
AcDbDictionary
280
     1
281
     1
  3
ACAD_LAYERSTATES
360
200
  0
DICTIONARY
  5
13C
330
10
100
AcDbDictionary
280
     1
281
     1
  0
DICTIONARY
  5
1CE
330
1F
100
AcDbDictionary
280
     1
281
     1
  0
XRECORD
  5
216
102
{ACAD_REACTORS
330
C
102
}
330
C
100
AcDbXrecord
280
     1
300
ACD
300
2017
300
ACD_F_S
  0
DICTIONARY
  5
6B
102
{ACAD_REACTORS
330
C
102
}
330
C
100
AcDbDictionary
281
     1
  0
DICTIONARY
  5
21B
102
{ACAD_REACTORS
330
C
102
}
330
C
100
AcDbDictionary
281
     1
  3
Metric50
350
21C
  0
DICTIONARY
  5
D
102
{ACAD_REACTORS
330
C
102
}
330
C
100
AcDbDictionary
281
     1
  0
DICTIONARY
  5
1A
102
{ACAD_REACTORS
330
C
102
}
330
C
100
AcDbDictionary
281
     1
  3
Model
350
22
  3
布局1
350
D3
  3
布局2
350
D7
  0
DICTIONARY
  5
6A
102
{ACAD_REACTORS
330
C
102
}
330
C
100
AcDbDictionary
281
     1
  3
ByBlock
350
ED
  3
ByLayer
350
EC
  3
Global
350
EE
  0
DICTIONARY
  5
12D
102
{ACAD_REACTORS
330
C
102
}
330
C
100
AcDbDictionary
281
     1
  3
Annotative
350
13B
  3
Standard
350
12E
  0
DICTIONARY
  5
17
102
{ACAD_REACTORS
330
C
102
}
330
C
100
AcDbDictionary
281
     1
  3
Standard
350
18
  0
DICTIONARY
  5
19
102
{ACAD_REACTORS
330
C
102
}
330
C
100
AcDbDictionary
281
     1
  0
ACDBDICTIONARYWDFLT
  5
E
102
{ACAD_REACTORS
330
C
102
}
330
C
100
AcDbDictionary
281
     1
  3
Normal
350
F
100
AcDbDictionaryWithDefault
340
F
  0
DICTIONARY
  5
10C
102
{ACAD_REACTORS
330
C
102
}
330
C
100
AcDbDictionary
281
     1
  3
A0
350
10D
  3
A1
350
1BE
  3
A2
350
1BF
  3
A3
350
1C0
  3
A4
350
1C1
  3
A5
350
1C2
  3
A6
350
1C3
  3
A7
350
1C4
  3
A8
350
1C5
  3
A9
350
1C6
  3
B0
350
1C7
  3
B1
350
1C8
  3
B2
350
1C9
  3
B3
350
1CA
  3
B4
350
1CB
  3
B5
350
1CC
  3
B6
350
1CD
  0
DICTIONARY
  5
219
102
{ACAD_REACTORS
330
C
102
}
330
C
100
AcDbDictionary
281
     1
  3
Metric50
350
21A
  0
DICTIONARY
  5
7E
102
{ACAD_REACTORS
330
C
102
}
330
C
100
AcDbDictionary
281
     1
  3
Standard
350
7F
  0
DICTIONARY
  5
EF
102
{ACAD_REACTORS
330
C
102
}
330
C
100
AcDbDictionary
281
     1
  3
2dWireframe
350
F5
  3
Basic
350
F4
  3
Brighten
350
FB
  3
ColorChange
350
FF
  3
Conceptual
350
F8
  3
Dim
350
FA
  3
EdgeColorOff
350
1E6
  3
Facepattern
350
FE
  3
Flat
350
F0
  3
FlatWithEdges
350
F1
  3
Gouraud
350
F2
  3
GouraudWithEdges
350
F3
  3
Hidden
350
F7
  3
JitterOff
350
1E4
  3
Linepattern
350
FD
  3
OverhangOff
350
1E5
  3
Realistic
350
F9
  3
Shaded
350
1F3
  3
Shaded with edges
350
1F2
  3
Shades of Gray
350
1EF
  3
Sketchy
350
1F0
  3
Thicken
350
FC
  3
Wireframe
350
F6
  3
X-Ray
350
1F1
  0
XRECORD
  5
27D
102
{ACAD_REACTORS
330
C
102
}
330
C
100
AcDbXrecord
280
     1
 90
        1
330
7F
  0
DICTIONARY
  5
5E
102
{ACAD_REACTORS
330
C
102
}
330
C
100
AcDbDictionary
281
     1
  3
CANNOSCALE
350
146
  3
CENTEREXE
350
259
  3
CENTERLTYPEFILE
350
25A
  3
CMLEADERSTYLE
350
145
  3
CTABLESTYLE
350
84
  3
CVIEWDETAILSTYLE
350
227
  3
CVIEWSECTIONSTYLE
350
228
  3
DIMASSOC
350
5F
  3
HIDETEXT
350
63
  3
LAYEREVAL
350
1AE
  3
LAYERNOTIFY
350
1AF
  3
XCLIPFRAME
350
27B
  0
DICTIONARY
  5
283
102
{ACAD_REACTORS
330
C
102
}
330
C
100
AcDbDictionary
281
     1
  3
AcDsRecords
350
285
  3
AcDsSchemas
350
284
1001
ACAD
1070
     2
  0
DICTIONARY
  5
200
102
{ACAD_REACTORS
330
1FF
102
}
330
1FF
100
AcDbDictionary
281
     1
  0
ACDBDETAILVIEWSTYLE
  5
21C
102
{ACAD_XDICTIONARY
360
236
102
}
102
{ACAD_REACTORS
330
21B
102
}
330
21B
100
AcDbModelDocViewStyle
 70
     0
  3
Metric50
290
     0
100
AcDbDetailViewStyle
 70
     0
 71
     0
 90
        3
 71
     1
340
11
 62
   256
 40
5.0
340
0
 62
   256
 40
5.0
300

 40
0.0
280
     1
 71
     2
340
16
 90
       25
 62
   256
 71
     3
340
11
 62
   256
 40
5.0
 90
        0
 40
15.0
 90
        1
300
%<AcVar ViewDetailId>% (%<AcVar ViewScale  "%sn">%)
 71
     4
340
16
 90
       25
 62
   256
340
16
 90
       25
 62
   256
280
     0
  0
LAYOUT
  5
22
102
{ACAD_XDICTIONARY
360
205
102
}
102
{ACAD_REACTORS
330
1A
102
}
330
1A
100
AcDbPlotSettings
  1

  2
none_device
  4
ISO_A4_(210.00_x_297.00_MM)
  6

 40
7.5
 41
20.0
 42
7.5
 43
20.0
 44
210.0
 45
297.0
 46
11.54999923706054
 47
-13.65000009536743
 48
0.0
 49
0.0
140
0.0
141
0.0
142
1.0
143
8.704084754739808
 70
 11952
 72
     1
 73
     0
 74
     0
  7

 75
     0
147
0.1148885871608098
 76
     0
 77
     2
 78
   300
148
0.0
149
0.0
100
AcDbLayout
  1
Model
 70
     1
 71
     0
 10
0.0
 20
0.0
 11
12.0
 21
9.0
 12
0.0
 22
0.0
 32
0.0
 14
0.0
 24
0.0
 34
0.0
 15
0.0
 25
0.0
 35
0.0
146
0.0
 13
0.0
 23
0.0
 33
0.0
 16
1.0
 26
0.0
 36
0.0
 17
0.0
 27
1.0
 37
0.0
 76
     0
330
1F
331
EA
1001
ACAD_PSEXT
1000
None
1000
None
1000
Not applicable
1000
The layout will not be plotted unless a new plotter configuration name is selected.
1070
     0
  0
LAYOUT
  5
D3
102
{ACAD_REACTORS
330
1A
102
}
330
1A
100
AcDbPlotSettings
  1

  2
C:Documents and SettingsasasApplication DataAutodeskAutoCAD 2005R16.1enuplottersDefault Windows System Printer.pc3
  4

  6

 40
0.0
 41
0.0
 42
0.0
 43
0.0
 44
0.0
 45
0.0
 46
0.0
 47
0.0
 48
0.0
 49
0.0
140
0.0
141
0.0
142
1.0
143
1.0
 70
   688
 72
     0
 73
     0
 74
     5
  7

 75
    16
147
1.0
 76
     0
 77
     2
 78
   300
148
0.0
149
0.0
100
AcDbLayout
  1
布局1
 70
     1
 71
     1
 10
0.0
 20
0.0
 11
12.0
 21
9.0
 12
0.0
 22
0.0
 32
0.0
 14
0.0
 24
0.0
 34
0.0
 15
0.0
 25
0.0
 35
0.0
146
0.0
 13
0.0
 23
0.0
 33
0.0
 16
1.0
 26
0.0
 36
0.0
 17
0.0
 27
1.0
 37
0.0
 76
     0
330
D2
  0
LAYOUT
  5
D7
102
{ACAD_REACTORS
330
1A
102
}
330
1A
100
AcDbPlotSettings
  1

  2
C:Documents and SettingsasasApplication DataAutodeskAutoCAD 2005R16.1enuplottersDefault Windows System Printer.pc3
  4

  6

 40
0.0
 41
0.0
 42
0.0
 43
0.0
 44
0.0
 45
0.0
 46
0.0
 47
0.0
 48
0.0
 49
0.0
140
0.0
141
0.0
142
1.0
143
1.0
 70
   688
 72
     0
 73
     0
 74
     5
  7

 75
    16
147
1.0
 76
     0
 77
     2
 78
   300
148
0.0
149
0.0
100
AcDbLayout
  1
布局2
 70
     1
 71
     2
 10
0.0
 20
0.0
 11
12.0
 21
9.0
 12
0.0
 22
0.0
 32
0.0
 14
0.0
 24
0.0
 34
0.0
 15
0.0
 25
0.0
 35
0.0
146
0.0
 13
0.0
 23
0.0
 33
0.0
 16
1.0
 26
0.0
 36
0.0
 17
0.0
 27
1.0
 37
0.0
 76
     0
330
D6
  0
MATERIAL
  5
ED
102
{ACAD_XDICTIONARY
360
1F9
102
}
102
{ACAD_REACTORS
330
6A
102
}
330
6A
100
AcDbMaterial
  1
ByBlock
 94
       63
  0
MATERIAL
  5
EC
102
{ACAD_XDICTIONARY
360
1F7
102
}
102
{ACAD_REACTORS
330
6A
102
}
330
6A
100
AcDbMaterial
  1
ByLayer
 94
       63
  0
MATERIAL
  5
EE
102
{ACAD_XDICTIONARY
360
173
102
}
102
{ACAD_REACTORS
330
6A
102
}
330
6A
100
AcDbMaterial
  1
Global
 43
0.0007999999797903
 43
0.0
 43
0.0
 43
0.0
 43
0.0
 43
0.0007999999797903
 43
0.0
 43
0.0
 43
0.0
 43
0.0
 43
1.0
 43
0.0
 43
0.0
 43
0.0
 43
0.0
 43
1.0
 49
0.0007999999797903
 49
0.0
 49
0.0
 49
0.0
 49
0.0
 49
0.0007999999797903
 49
0.0
 49
0.0
 49
0.0
 49
0.0
 49
1.0
 49
0.0
 49
0.0
 49
0.0
 49
0.0
 49
1.0
142
0.0007999999797903
142
0.0
142
0.0
142
0.0
142
0.0
142
0.0007999999797903
142
0.0
142
0.0
142
0.0
142
0.0
142
1.0
142
0.0
142
0.0
142
0.0
142
0.0
142
1.0
144
0.0007999999797903
144
0.0
144
0.0
144
0.0
144
0.0
144
0.0007999999797903
144
0.0
144
0.0
144
0.0
144
0.0
144
1.0
144
0.0
144
0.0
144
0.0
144
0.0
144
1.0
 94
       63
1001
ACAD
1070
    -1
1070
     3
1070
     0
1000

1071
        0
1070
     0
  0
MLEADERSTYLE
  5
13B
102
{ACAD_REACTORS
330
12D
102
}
330
12D
100
AcDbMLeaderStyle
170
     2
171
     1
172
     0
 90
        2
 40
0.0
 41
0.0
173
     1
 91
-1056964608
340
14
 92
       -2
290
     1
 42
2.0
291
     1
 43
8.0
  3
Standard
 44
4.0
300

342
11
174
     1
178
     1
175
     1
176
     0
 93
-1056964608
 45
4.0
292
     0
297
     0
 46
4.0
 94
-1056964608
 47
1.0
 49
1.0
140
1.0
293
     1
141
0.0
294
     1
177
     0
142
1.0
295
     0
296
     1
143
3.75
1001
ACAD_MLEADERVER
1070
     2
  0
MLEADERSTYLE
  5
12E
102
{ACAD_REACTORS
330
12D
102
}
330
12D
100
AcDbMLeaderStyle
170
     2
171
     1
172
     0
 90
        2
 40
0.0
 41
0.0
173
     1
 91
-1056964608
340
14
 92
       -2
290
     1
 42
2.0
291
     1
 43
8.0
  3
Standard
 44
4.0
300

342
11
174
     1
178
     1
175
     1
176
     0
 93
-1056964608
 45
4.0
292
     0
297
     0
 46
4.0
 94
-1056964608
 47
1.0
 49
1.0
140
1.0
293
     1
141
0.0
294
     1
177
     0
142
1.0
295
     0
296
     0
143
3.75
1001
ACAD_MLEADERVER
1070
     2
  0
MLINESTYLE
  5
18
102
{ACAD_REACTORS
330
17
102
}
330
17
100
AcDbMlineStyle
  2
STANDARD
 70
     0
  3

 62
   256
 51
90.0
 52
90.0
 71
     2
 49
0.5
 62
   256
  6
BYLAYER
 49
-0.5
 62
   256
  6
BYLAYER
  0
ACDBPLACEHOLDER
  5
F
102
{ACAD_REACTORS
330
E
102
}
330
E
  0
SCALE
  5
10D
102
{ACAD_REACTORS
330
10C
102
}
330
10C
100
AcDbScale
 70
     0
300
1:1
140
1.0
141
1.0
290
     1
  0
SCALE
  5
1BE
102
{ACAD_REACTORS
330
10C
102
}
330
10C
100
AcDbScale
 70
     0
300
1:2
140
1.0
141
2.0
290
     0
  0
SCALE
  5
1BF
102
{ACAD_REACTORS
330
10C
102
}
330
10C
100
AcDbScale
 70
     0
300
1:4
140
1.0
141
4.0
290
     0
  0
SCALE
  5
1C0
102
{ACAD_REACTORS
330
10C
102
}
330
10C
100
AcDbScale
 70
     0
300
1:5
140
1.0
141
5.0
290
     0
  0
SCALE
  5
1C1
102
{ACAD_REACTORS
330
10C
102
}
330
10C
100
AcDbScale
 70
     0
300
1:8
140
1.0
141
8.0
290
     0
  0
SCALE
  5
1C2
102
{ACAD_REACTORS
330
10C
102
}
330
10C
100
AcDbScale
 70
     0
300
1:10
140
1.0
141
10.0
290
     0
  0
SCALE
  5
1C3
102
{ACAD_REACTORS
330
10C
102
}
330
10C
100
AcDbScale
 70
     0
300
1:16
140
1.0
141
16.0
290
     0
  0
SCALE
  5
1C4
102
{ACAD_REACTORS
330
10C
102
}
330
10C
100
AcDbScale
 70
     0
300
1:20
140
1.0
141
20.0
290
     0
  0
SCALE
  5
1C5
102
{ACAD_REACTORS
330
10C
102
}
330
10C
100
AcDbScale
 70
     0
300
1:30
140
1.0
141
30.0
290
     0
  0
SCALE
  5
1C6
102
{ACAD_REACTORS
330
10C
102
}
330
10C
100
AcDbScale
 70
     0
300
1:40
140
1.0
141
40.0
290
     0
  0
SCALE
  5
1C7
102
{ACAD_REACTORS
330
10C
102
}
330
10C
100
AcDbScale
 70
     0
300
1:50
140
1.0
141
50.0
290
     0
  0
SCALE
  5
1C8
102
{ACAD_REACTORS
330
10C
102
}
330
10C
100
AcDbScale
 70
     0
300
1:100
140
1.0
141
100.0
290
     0
  0
SCALE
  5
1C9
102
{ACAD_REACTORS
330
10C
102
}
330
10C
100
AcDbScale
 70
     0
300
2:1
140
2.0
141
1.0
290
     0
  0
SCALE
  5
1CA
102
{ACAD_REACTORS
330
10C
102
}
330
10C
100
AcDbScale
 70
     0
300
4:1
140
4.0
141
1.0
290
     0
  0
SCALE
  5
1CB
102
{ACAD_REACTORS
330
10C
102
}
330
10C
100
AcDbScale
 70
     0
300
8:1
140
8.0
141
1.0
290
     0
  0
SCALE
  5
1CC
102
{ACAD_REACTORS
330
10C
102
}
330
10C
100
AcDbScale
 70
     0
300
10:1
140
10.0
141
1.0
290
     0
  0
SCALE
  5
1CD
102
{ACAD_REACTORS
330
10C
102
}
330
10C
100
AcDbScale
 70
     0
300
100:1
140
100.0
141
1.0
290
     0
  0
ACDBSECTIONVIEWSTYLE
  5
21A
102
{ACAD_XDICTIONARY
360
234
102
}
102
{ACAD_REACTORS
330
219
102
}
330
219
100
AcDbModelDocViewStyle
 70
     0
  3
Metric50
290
     0
100
AcDbSectionViewStyle
 70
     0
 71
     0
 90
      102
 71
     1
340
11
 62
   256
 40
5.0
340
0
340
0
 62
   256
 40
5.0
300
I, O, Q, S, X, Z
 40
10.0
 90
        0
 40
2.5
 90
        0
 71
     2
340
16
 90
       25
 62
   256
340
16
 90
       50
 62
   256
 40
5.0
 40
2.5
 40
5.0
 71
     3
340
11
 62
   256
 40
5.0
 90
        0
 40
15.0
 90
        1
300
%<AcVar ViewSectionStartId>%-%<AcVar ViewSectionEndId>% (%<AcVar ViewScale  "%sn">%)
 71
     4
 62
   256
 62
   257
300
ANSI31
 40
1.0
 90
        0
290
     0
290
     0
 90
        6
 40
0.0
 40
1.570796326794896
 40
0.2617993877991494
 40
1.308996938995747
 40
-0.2617993877991494
 40
1.832595714594046
  0
TABLESTYLE
  5
7F
102
{ACAD_XDICTIONARY
360
162
102
}
102
{ACAD_REACTORS
330
7E
102
}
330
7E
100
AcDbTableStyle
  3
Standard
 70
     0
 71
     0
 40
1.5
 41
1.5
280
     0
281
     0
  7
Standard
140
4.5
170
     2
 62
     0
 63
     7
283
     0
 90
      512
 91
        0
  1

274
    -2
284
     1
 64
     0
275
    -2
285
     1
 65
     0
276
    -2
286
     1
 66
     0
277
    -2
287
     1
 67
     0
278
    -2
288
     1
 68
     0
279
    -2
289
     1
 69
     0
  7
Standard
140
6.0
170
     5
 62
     0
 63
     7
283
     0
 90
      512
 91
        0
  1

274
    -2
284
     1
 64
     0
275
    -2
285
     1
 65
     0
276
    -2
286
     1
 66
     0
277
    -2
287
     1
 67
     0
278
    -2
288
     1
 68
     0
279
    -2
289
     1
 69
     0
  7
Standard
140
4.5
170
     5
 62
     0
 63
     7
283
     0
 90
      512
 91
        0
  1

274
    -2
284
     1
 64
     0
275
    -2
285
     1
 65
     0
276
    -2
286
     1
 66
     0
277
    -2
287
     1
 67
     0
278
    -2
288
     1
 68
     0
279
    -2
289
     1
 69
     0
  0
VISUALSTYLE
  5
F5
102
{ACAD_XDICTIONARY
360
290
102
}
102
{ACAD_REACTORS
330
EF
102
}
330
EF
100
AcDbVisualStyle
  2
2dWireframe
 70
     4
 71
     0
 72
     2
 73
     1
 90
        0
 40
-0.6
 41
-30.0
 62
     5
 63
     7
421
 16777215
 74
     1
 91
        4
 64
     7
 65
   257
 75
     1
175
     1
 42
1.0
 92
        0
 66
   257
 43
1.0
 76
     1
 77
     6
 78
     2
 67
     7
 79
     5
170
     0
171
     0
290
     0
174
     0
 93
        1
 44
0.0
173
     0
291
     0
 45
0.0
1001
ACAD
1000
AcDbSavedByObjectVersion
1070
     0
  0
VISUALSTYLE
  5
F4
102
{ACAD_XDICTIONARY
360
28E
102
}
102
{ACAD_REACTORS
330
EF
102
}
330
EF
100
AcDbVisualStyle
  2
Basic
 70
     7
 71
     1
 72
     0
 73
     1
 90
        0
 40
-0.6
 41
-30.0
 62
     5
 63
     7
421
 16777215
 74
     0
 91
        4
 64
     7
 65
   257
 75
     1
175
     1
 42
1.0
 92
        8
 66
     7
 43
1.0
 76
     1
 77
     6
 78
     2
 67
     7
 79
     5
170
     0
171
     0
290
     0
174
     0
 93
        1
 44
0.0
173
     0
291
     1
 45
0.0
1001
ACAD
1000
AcDbSavedByObjectVersion
1070
     0
  0
VISUALSTYLE
  5
FB
102
{ACAD_XDICTIONARY
360
29C
102
}
102
{ACAD_REACTORS
330
EF
102
}
330
EF
100
AcDbVisualStyle
  2
Brighten
 70
    12
 71
     2
 72
     2
 73
     1
 90
        0
 40
-0.6
 41
-30.0
 62
     5
 63
     7
421
 16777215
 74
     1
 91
        4
 64
     7
 65
   257
 75
     1
175
     1
 42
1.0
 92
        8
 66
     7
 43
1.0
 76
     1
 77
     6
 78
     2
 67
     7
 79
     5
170
     0
171
     0
290
     0
174
     0
 93
        1
 44
50.0
173
     0
291
     1
 45
0.0
1001
ACAD
1000
AcDbSavedByObjectVersion
1070
     0
  0
VISUALSTYLE
  5
FF
102
{ACAD_XDICTIONARY
360
2A4
102
}
102
{ACAD_REACTORS
330
EF
102
}
330
EF
100
AcDbVisualStyle
  2
ColorChange
 70
    16
 71
     2
 72
     2
 73
     3
 90
        0
 40
-0.6
 41
-30.0
 62
     5
 63
     8
421
  8421504
 74
     1
 91
        4
 64
     7
 65
   257
 75
     1
175
     1
 42
1.0
 92
        8
 66
     8
424
  8421504
 43
1.0
 76
     1
 77
     6
 78
     2
 67
     7
 79
     5
170
     0
171
     0
290
     0
174
     0
 93
        1
 44
0.0
173
     0
291
     1
 45
0.0
1001
ACAD
1000
AcDbSavedByObjectVersion
1070
     0
  0
VISUALSTYLE
  5
F8
102
{ACAD_XDICTIONARY
360
296
102
}
102
{ACAD_REACTORS
330
EF
102
}
330
EF
100
AcDbVisualStyle
  2
Conceptual
 70
     9
 71
     3
 72
     2
 73
     1
 90
        0
 40
-0.6
 41
-30.0
 62
     5
 63
     7
421
 16777215
 74
     2
 91
        2
 64
     7
 65
   257
 75
     1
175
     1
 42
40.0
 92
        8
 66
     7
 43
1.0
 76
     1
 77
     6
 78
     2
 67
     7
 79
     3
170
     0
171
     0
290
     0
174
     0
 93
        1
 44
0.0
173
     0
291
     0
 45
0.0
1001
ACAD
1000
AcDbSavedByObjectVersion
1070
     0
  0
VISUALSTYLE
  5
FA
102
{ACAD_XDICTIONARY
360
29A
102
}
102
{ACAD_REACTORS
330
EF
102
}
330
EF
100
AcDbVisualStyle
  2
Dim
 70
    11
 71
     2
 72
     2
 73
     1
 90
        0
 40
-0.6
 41
-30.0
 62
     5
 63
     7
421
 16777215
 74
     1
 91
        4
 64
     7
 65
   257
 75
     1
175
     1
 42
1.0
 92
        8
 66
     7
 43
1.0
 76
     1
 77
     6
 78
     2
 67
     7
 79
     5
170
     0
171
     0
290
     0
174
     0
 93
        1
 44
-50.0
173
     0
291
     1
 45
0.0
1001
ACAD
1000
AcDbSavedByObjectVersion
1070
     0
  0
VISUALSTYLE
  5
1E6
102
{ACAD_XDICTIONARY
360
2AA
102
}
102
{ACAD_REACTORS
330
EF
102
}
330
EF
100
AcDbVisualStyle
  2
EdgeColorOff
 70
    22
 71
     2
 72
     2
 73
     0
 90
        0
 40
-0.6
 41
-30.0
 62
     5
 63
     7
421
 16777215
 74
     1
 91
        4
 64
     7
 65
   257
 75
     1
175
     1
 42
1.0
 92
        8
 66
     7
 43
1.0
 76
     1
 77
     6
 78
     2
 67
     7
 79
     5
170
     0
171
     0
290
     0
174
     0
 93
        1
 44
0.0
173
     0
291
     1
 45
0.0
1001
ACAD
1000
AcDbSavedByObjectVersion
1070
     0
  0
VISUALSTYLE
  5
FE
102
{ACAD_XDICTIONARY
360
2A2
102
}
102
{ACAD_REACTORS
330
EF
102
}
330
EF
100
AcDbVisualStyle
  2
Facepattern
 70
    15
 71
     2
 72
     2
 73
     1
 90
        0
 40
-0.6
 41
-30.0
 62
     5
 63
     7
421
 16777215
 74
     1
 91
        4
 64
     7
 65
   257
 75
     1
175
     1
 42
1.0
 92
        8
 66
     7
 43
1.0
 76
     1
 77
     6
 78
     2
 67
     7
 79
     5
170
     0
171
     0
290
     0
174
     0
 93
        1
 44
0.0
173
     0
291
     1
 45
0.0
1001
ACAD
1000
AcDbSavedByObjectVersion
1070
     0
  0
VISUALSTYLE
  5
F0
102
{ACAD_XDICTIONARY
360
286
102
}
102
{ACAD_REACTORS
330
EF
102
}
330
EF
100
AcDbVisualStyle
  2
Flat
 70
     0
 71
     2
 72
     1
 73
     1
 90
        2
 40
-0.6
 41
30.0
 62
     5
 63
     7
421
 16777215
 74
     0
 91
        0
 64
     7
 65
   257
 75
     1
175
     1
 42
1.0
 92
        8
 66
     7
 43
1.0
 76
     1
 77
     6
 78
     2
 67
     7
 79
     5
170
     0
171
     0
290
     0
174
     0
 93
       13
 44
0.0
173
     0
291
     1
 45
0.0
1001
ACAD
1000
AcDbSavedByObjectVersion
1070
     0
  0
VISUALSTYLE
  5
F1
102
{ACAD_XDICTIONARY
360
288
102
}
102
{ACAD_REACTORS
330
EF
102
}
330
EF
100
AcDbVisualStyle
  2
FlatWithEdges
 70
     1
 71
     2
 72
     1
 73
     1
 90
        2
 40
-0.6
 41
30.0
 62
     5
 63
     7
421
 16777215
 74
     1
 91
        0
 64
     7
 65
   257
 75
     1
175
     1
 42
1.0
 92
        0
 66
   257
 43
1.0
 76
     1
 77
     6
 78
     2
 67
     7
 79
     5
170
     0
171
     0
290
     0
174
     0
 93
       13
 44
0.0
173
     0
291
     1
 45
0.0
1001
ACAD
1000
AcDbSavedByObjectVersion
1070
     0
  0
VISUALSTYLE
  5
F2
102
{ACAD_XDICTIONARY
360
28A
102
}
102
{ACAD_REACTORS
330
EF
102
}
330
EF
100
AcDbVisualStyle
  2
Gouraud
 70
     2
 71
     2
 72
     2
 73
     1
 90
        2
 40
-0.6
 41
30.0
 62
     5
 63
     7
421
 16777215
 74
     0
 91
        0
 64
     7
 65
   257
 75
     1
175
     1
 42
1.0
 92
        0
 66
     7
 43
1.0
 76
     1
 77
     6
 78
     2
 67
     7
 79
     5
170
     0
171
     0
290
     0
174
     0
 93
       13
 44
0.0
173
     0
291
     1
 45
0.0
1001
ACAD
1000
AcDbSavedByObjectVersion
1070
     0
  0
VISUALSTYLE
  5
F3
102
{ACAD_XDICTIONARY
360
28C
102
}
102
{ACAD_REACTORS
330
EF
102
}
330
EF
100
AcDbVisualStyle
  2
GouraudWithEdges
 70
     3
 71
     2
 72
     2
 73
     1
 90
        2
 40
-0.6
 41
30.0
 62
     5
 63
     7
421
 16777215
 74
     1
 91
        0
 64
     7
 65
   257
 75
     1
175
     1
 42
1.0
 92
        0
 66
   257
 43
1.0
 76
     1
 77
     6
 78
     2
 67
     7
 79
     5
170
     0
171
     0
290
     0
174
     0
 93
       13
 44
0.0
173
     0
291
     1
 45
0.0
1001
ACAD
1000
AcDbSavedByObjectVersion
1070
     0
  0
VISUALSTYLE
  5
F7
102
{ACAD_XDICTIONARY
360
294
102
}
102
{ACAD_REACTORS
330
EF
102
}
330
EF
100
AcDbVisualStyle
  2
Hidden
 70
     6
 71
     1
 72
     2
 73
     2
 90
        0
 40
-0.6
 41
-30.0
 62
     5
 63
     7
421
 16777215
 74
     2
 91
        2
 64
     7
 65
   257
 75
     2
175
     1
 42
40.0
 92
        0
 66
   257
 43
1.0
 76
     1
 77
     6
 78
     2
 67
     7
 79
     3
170
     0
171
     0
290
     0
174
     0
 93
        1
 44
0.0
173
     0
291
     0
 45
0.0
1001
ACAD
1000
AcDbSavedByObjectVersion
1070
     0
  0
VISUALSTYLE
  5
1E4
102
{ACAD_XDICTIONARY
360
2A6
102
}
102
{ACAD_REACTORS
330
EF
102
}
330
EF
100
AcDbVisualStyle
  2
JitterOff
 70
    20
 71
     2
 72
     2
 73
     0
 90
        0
 40
-0.6
 41
-30.0
 62
     5
 63
     7
421
 16777215
 74
     1
 91
        4
 64
     7
 65
   257
 75
     1
175
     1
 42
1.0
 92
       10
 66
     7
 43
1.0
 76
     1
 77
     6
 78
     2
 67
     7
 79
     5
170
     0
171
     0
290
     0
174
     0
 93
        1
 44
0.0
173
     0
291
     1
 45
0.0
1001
ACAD
1000
AcDbSavedByObjectVersion
1070
     0
  0
VISUALSTYLE
  5
FD
102
{ACAD_XDICTIONARY
360
2A0
102
}
102
{ACAD_REACTORS
330
EF
102
}
330
EF
100
AcDbVisualStyle
  2
Linepattern
 70
    14
 71
     2
 72
     2
 73
     1
 90
        0
 40
-0.6
 41
-30.0
 62
     5
 63
     7
421
 16777215
 74
     1
 91
        4
 64
     7
 65
   257
 75
     7
175
     7
 42
1.0
 92
        8
 66
     7
 43
1.0
 76
     1
 77
     6
 78
     2
 67
     7
 79
     5
170
     0
171
     0
290
     0
174
     0
 93
        1
 44
0.0
173
     0
291
     1
 45
0.0
1001
ACAD
1000
AcDbSavedByObjectVersion
1070
     0
  0
VISUALSTYLE
  5
1E5
102
{ACAD_XDICTIONARY
360
2A8
102
}
102
{ACAD_REACTORS
330
EF
102
}
330
EF
100
AcDbVisualStyle
  2
OverhangOff
 70
    21
 71
     2
 72
     2
 73
     0
 90
        0
 40
-0.6
 41
-30.0
 62
     5
 63
     7
421
 16777215
 74
     1
 91
        4
 64
     7
 65
   257
 75
     1
175
     1
 42
1.0
 92
        9
 66
     7
 43
1.0
 76
     1
 77
     6
 78
     2
 67
     7
 79
     5
170
     0
171
     0
290
     0
174
     0
 93
        1
 44
0.0
173
     0
291
     1
 45
0.0
1001
ACAD
1000
AcDbSavedByObjectVersion
1070
     0
  0
VISUALSTYLE
  5
F9
102
{ACAD_XDICTIONARY
360
298
102
}
102
{ACAD_REACTORS
330
EF
102
}
330
EF
100
AcDbVisualStyle
  2
Realistic
 70
     8
 71
     2
 72
     3
 73
     0
 90
        2
 40
-0.6
 41
30.0
 62
     5
 63
     7
421
 16777215
 74
     0
 91
        0
 64
     7
 65
   257
 75
     1
175
     1
 42
1.0
 92
        8
 66
   257
 43
1.0
 76
     1
 77
     6
 78
     2
 67
     7
 79
     3
170
     0
171
     0
290
     0
174
     0
 93
       13
 44
0.0
173
     0
291
     0
 45
0.0
1001
ACAD
1000
AcDbSavedByObjectVersion
1070
     0
  0
VISUALSTYLE
  5
1F3
102
{ACAD_XDICTIONARY
360
2B4
102
}
102
{ACAD_REACTORS
330
EF
102
}
330
EF
100
AcDbVisualStyle
  2
Shaded
 70
    27
 71
     2
 72
     2
 73
     1
 90
        2
 40
-0.6
 41
30.0
 62
     5
 63
     7
421
 16777215
 74
     0
 91
        4
 64
     7
 65
   257
 75
     1
175
     1
 42
1.0
 92
        8
 66
   257
 43
1.0
 76
     1
 77
     6
 78
     2
 67
     8
425
  7895160
 79
     3
170
     0
171
     0
290
     0
174
     0
 93
        5
 44
0.0
173
     0
291
     0
 45
0.0
1001
ACAD
1000
AcDbSavedByObjectVersion
1070
     0
  0
VISUALSTYLE
  5
1F2
102
{ACAD_XDICTIONARY
360
2B2
102
}
102
{ACAD_REACTORS
330
EF
102
}
330
EF
100
AcDbVisualStyle
  2
Shaded with edges
 70
    26
 71
     2
 72
     2
 73
     1
 90
        2
 40
-0.6
 41
30.0
 62
     5
 63
     7
421
 16777215
 74
     1
 91
        2
 64
     7
 65
   257
 75
     2
175
     1
 42
1.0
 92
        8
 66
   257
 43
1.0
 76
     1
 77
     6
 78
     2
 67
     7
 79
     3
170
     0
171
     0
290
     0
174
     0
 93
        5
 44
0.0
173
     0
291
     0
 45
0.0
1001
ACAD
1000
AcDbSavedByObjectVersion
1070
     0
  0
VISUALSTYLE
  5
1EF
102
{ACAD_XDICTIONARY
360
2AC
102
}
102
{ACAD_REACTORS
330
EF
102
}
330
EF
100
AcDbVisualStyle
  2
Shades of Gray
 70
    23
 71
     2
 72
     2
 73
     3
 90
        0
 40
-0.6
 41
-30.0
 62
     5
 63
     7
421
 16777215
 74
     2
 91
        2
 64
     7
 65
     7
 75
     1
175
     1
 42
40.0
 92
        8
 66
     7
 43
1.0
 76
     1
 77
     6
 78
     2
 67
     7
 79
     3
170
     0
171
     0
290
     0
174
     0
 93
        1
 44
0.0
173
     0
291
     0
 45
0.0
1001
ACAD
1000
AcDbSavedByObjectVersion
1070
     0
  0
VISUALSTYLE
  5
1F0
102
{ACAD_XDICTIONARY
360
2AE
102
}
102
{ACAD_REACTORS
330
EF
102
}
330
EF
100
AcDbVisualStyle
  2
Sketchy
 70
    24
 71
     1
 72
     2
 73
     2
 90
        0
 40
-0.6
 41
-30.0
 62
     5
 63
     7
421
 16777215
 74
     2
 91
        2
 64
     7
 65
     7
 75
     1
175
     1
 42
40.0
 92
       11
 66
     7
 43
1.0
 76
     1
 77
     6
 78
     2
 67
     7
 79
     6
170
     0
171
     0
290
     0
174
     0
 93
        1
 44
0.0
173
     0
291
     0
 45
0.0
1001
ACAD
1000
AcDbSavedByObjectVersion
1070
     0
  0
VISUALSTYLE
  5
FC
102
{ACAD_XDICTIONARY
360
29E
102
}
102
{ACAD_REACTORS
330
EF
102
}
330
EF
100
AcDbVisualStyle
  2
Thicken
 70
    13
 71
     2
 72
     2
 73
     1
 90
        0
 40
-0.6
 41
-30.0
 62
     5
 63
     7
421
 16777215
 74
     1
 91
        4
 64
     7
 65
   257
 75
     1
175
     1
 42
1.0
 92
       12
 66
     7
 43
1.0
 76
     1
 77
     6
 78
     2
 67
     7
 79
     5
170
     0
171
     0
290
     0
174
     0
 93
        1
 44
0.0
173
     0
291
     1
 45
0.0
1001
ACAD
1000
AcDbSavedByObjectVersion
1070
     0
  0
VISUALSTYLE
  5
F6
102
{ACAD_XDICTIONARY
360
292
102
}
102
{ACAD_REACTORS
330
EF
102
}
330
EF
100
AcDbVisualStyle
  2
Wireframe
 70
     5
 71
     0
 72
     2
 73
     0
 90
        0
 40
-0.6
 41
-30.0
 62
     5
 63
     7
421
 16777215
 74
     1
 91
        4
 64
     7
 65
   257
 75
     1
175
     1
 42
1.0
 92
        0
 66
   257
 43
1.0
 76
     1
 77
     6
 78
     2
 67
     7
 79
     3
170
     0
171
     0
290
     0
174
     0
 93
        1
 44
0.0
173
     0
291
     0
 45
0.0
1001
ACAD
1000
AcDbSavedByObjectVersion
1070
     0
  0
VISUALSTYLE
  5
1F1
102
{ACAD_XDICTIONARY
360
2B0
102
}
102
{ACAD_REACTORS
330
EF
102
}
330
EF
100
AcDbVisualStyle
  2
X-Ray
 70
    25
 71
     2
 72
     2
 73
     1
 90
        1
 40
0.5
 41
-30.0
 62
     5
 63
     7
421
 16777215
 74
     1
 91
        0
 64
     7
 65
   257
 75
     1
175
     1
 42
1.0
 92
        8
 66
     7
 43
1.0
 76
     1
 77
     6
 78
     2
 67
     7
 79
     3
170
     0
171
     0
290
     0
174
     0
 93
       13
 44
0.0
173
     0
291
     0
 45
0.0
1001
ACAD
1000
AcDbSavedByObjectVersion
1070
     0
  0
DICTIONARYVAR
  5
146
102
{ACAD_REACTORS
330
5E
102
}
330
5E
100
DictionaryVariables
280
     0
  1
1:1
  0
DICTIONARYVAR
  5
259
102
{ACAD_REACTORS
330
5E
102
}
330
5E
100
DictionaryVariables
280
     0
  1
3.500000
  0
DICTIONARYVAR
  5
25A
102
{ACAD_REACTORS
330
5E
102
}
330
5E
100
DictionaryVariables
280
     0
  1
acadiso.lin
  0
DICTIONARYVAR
  5
145
102
{ACAD_REACTORS
330
5E
102
}
330
5E
100
DictionaryVariables
280
     0
  1
STANDARD
  0
DICTIONARYVAR
  5
84
102
{ACAD_REACTORS
330
5E
102
}
330
5E
100
DictionaryVariables
280
     0
  1
STANDARD
  0
DICTIONARYVAR
  5
227
102
{ACAD_REACTORS
330
5E
102
}
330
5E
100
DictionaryVariables
280
     0
  1
Metric50
  0
DICTIONARYVAR
  5
228
102
{ACAD_REACTORS
330
5E
102
}
330
5E
100
DictionaryVariables
280
     0
  1
Metric50
  0
DICTIONARYVAR
  5
5F
102
{ACAD_REACTORS
330
5E
102
}
330
5E
100
DictionaryVariables
280
     0
  1
2
  0
DICTIONARYVAR
  5
63
102
{ACAD_REACTORS
330
5E
102
}
330
5E
100
DictionaryVariables
280
     0
  1
1
  0
DICTIONARYVAR
  5
1AE
102
{ACAD_REACTORS
330
5E
102
}
330
5E
100
DictionaryVariables
280
     0
  1
0
  0
DICTIONARYVAR
  5
1AF
102
{ACAD_REACTORS
330
5E
102
}
330
5E
100
DictionaryVariables
280
     0
  1
0
  0
DICTIONARYVAR
  5
27B
102
{ACAD_REACTORS
330
5E
102
}
330
5E
100
DictionaryVariables
280
     0
  1
2
  0
DICTIONARY
  5
285
102
{ACAD_REACTORS
330
283
102
}
330
283
100
AcDbDictionary
281
     1
  0
DICTIONARY
  5
284
102
{ACAD_REACTORS
330
283
102
}
330
283
100
AcDbDictionary
281
     1
  3
1923465580128
350
27E
  3
1923465580144
350
27F
  3
1923465580160
350
280
  3
1923465580176
350
281
  3
1923465580192
350
282
  0
DICTIONARY
  5
236
330
21C
100
AcDbDictionary
280
     1
281
     1
  3
ACAD_XREC_ROUNDTRIP
360
2B7
  0
DICTIONARY
  5
205
330
22
100
AcDbDictionary
280
     1
281
     1
  0
DICTIONARY
  5
1F9
330
ED
100
AcDbDictionary
280
     1
281
     1
  3
FBXASSET
360
1FA
  0
DICTIONARY
  5
1F7
330
EC
100
AcDbDictionary
280
     1
281
     1
  3
FBXASSET
360
1F8
  0
DICTIONARY
  5
173
330
EE
100
AcDbDictionary
280
     1
281
     1
  3
BUMPTILE
360
175
  3
DIFFUSETILE
360
174
  3
FBXASSET
360
1FB
  3
OPACITYTILE
360
176
  3
REFLECTIONTILE
360
177
  0
DICTIONARY
  5
234
330
21A
100
AcDbDictionary
280
     1
281
     1
  3
ACAD_XREC_ROUNDTRIP
360
2B6
  0
DICTIONARY
  5
162
330
7F
100
AcDbDictionary
280
     1
281
     1
  3
ACAD_ROUNDTRIP_2008_TABLESTYLE_CELLSTYLEMAP
360
27C
  0
DICTIONARY
  5
290
330
F5
100
AcDbDictionary
280
     1
281
     1
  3
ACAD_XREC_ROUNDTRIP
360
291
  0
DICTIONARY
  5
28E
330
F4
100
AcDbDictionary
280
     1
281
     1
  3
ACAD_XREC_ROUNDTRIP
360
28F
  0
DICTIONARY
  5
29C
330
FB
100
AcDbDictionary
280
     1
281
     1
  3
ACAD_XREC_ROUNDTRIP
360
29D
  0
DICTIONARY
  5
2A4
330
FF
100
AcDbDictionary
280
     1
281
     1
  3
ACAD_XREC_ROUNDTRIP
360
2A5
  0
DICTIONARY
  5
296
330
F8
100
AcDbDictionary
280
     1
281
     1
  3
ACAD_XREC_ROUNDTRIP
360
297
  0
DICTIONARY
  5
29A
330
FA
100
AcDbDictionary
280
     1
281
     1
  3
ACAD_XREC_ROUNDTRIP
360
29B
  0
DICTIONARY
  5
2AA
330
1E6
100
AcDbDictionary
280
     1
281
     1
  3
ACAD_XREC_ROUNDTRIP
360
2AB
  0
DICTIONARY
  5
2A2
330
FE
100
AcDbDictionary
280
     1
281
     1
  3
ACAD_XREC_ROUNDTRIP
360
2A3
  0
DICTIONARY
  5
286
330
F0
100
AcDbDictionary
280
     1
281
     1
  3
ACAD_XREC_ROUNDTRIP
360
287
  0
DICTIONARY
  5
288
330
F1
100
AcDbDictionary
280
     1
281
     1
  3
ACAD_XREC_ROUNDTRIP
360
289
  0
DICTIONARY
  5
28A
330
F2
100
AcDbDictionary
280
     1
281
     1
  3
ACAD_XREC_ROUNDTRIP
360
28B
  0
DICTIONARY
  5
28C
330
F3
100
AcDbDictionary
280
     1
281
     1
  3
ACAD_XREC_ROUNDTRIP
360
28D
  0
DICTIONARY
  5
294
330
F7
100
AcDbDictionary
280
     1
281
     1
  3
ACAD_XREC_ROUNDTRIP
360
295
  0
DICTIONARY
  5
2A6
330
1E4
100
AcDbDictionary
280
     1
281
     1
  3
ACAD_XREC_ROUNDTRIP
360
2A7
  0
DICTIONARY
  5
2A0
330
FD
100
AcDbDictionary
280
     1
281
     1
  3
ACAD_XREC_ROUNDTRIP
360
2A1
  0
DICTIONARY
  5
2A8
330
1E5
100
AcDbDictionary
280
     1
281
     1
  3
ACAD_XREC_ROUNDTRIP
360
2A9
  0
DICTIONARY
  5
298
330
F9
100
AcDbDictionary
280
     1
281
     1
  3
ACAD_XREC_ROUNDTRIP
360
299
  0
DICTIONARY
  5
2B4
330
1F3
100
AcDbDictionary
280
     1
281
     1
  3
ACAD_XREC_ROUNDTRIP
360
2B5
  0
DICTIONARY
  5
2B2
330
1F2
100
AcDbDictionary
280
     1
281
     1
  3
ACAD_XREC_ROUNDTRIP
360
2B3
  0
DICTIONARY
  5
2AC
330
1EF
100
AcDbDictionary
280
     1
281
     1
  3
ACAD_XREC_ROUNDTRIP
360
2AD
  0
DICTIONARY
  5
2AE
330
1F0
100
AcDbDictionary
280
     1
281
     1
  3
ACAD_XREC_ROUNDTRIP
360
2AF
  0
DICTIONARY
  5
29E
330
FC
100
AcDbDictionary
280
     1
281
     1
  3
ACAD_XREC_ROUNDTRIP
360
29F
  0
DICTIONARY
  5
292
330
F6
100
AcDbDictionary
280
     1
281
     1
  3
ACAD_XREC_ROUNDTRIP
360
293
  0
DICTIONARY
  5
2B0
330
1F1
100
AcDbDictionary
280
     1
281
     1
  3
ACAD_XREC_ROUNDTRIP
360
2B1
  0
XRECORD
  5
27E
102
{ACAD_REACTORS
330
284
102
}
330
284
100
AcDbXrecord
280
     1
  1
AcDb_Thumbnail_Schema
102
{ATTRRECORD
341
27F
  2
AcDbDs::TreatedAsObjectData
280
     1
291
     1
102
ATTRRECORD}
102
{ATTRRECORD
341
280
  2
AcDbDs::Legacy
280
     1
291
     1
102
ATTRRECORD}
  2
AcDbDs::ID
280
    10
 91
        8
102
{ATTRRECORD
341
281
  2
AcDs:Indexable
280
     1
291
     1
102
ATTRRECORD}
102
{ATTRRECORD
341
282
  2
AcDbDs::HandleAttribute
280
     7
282
     1
102
ATTRRECORD}
  2
Thumbnail_Data
280
    15
 91
        0
  0
XRECORD
  5
27F
102
{ACAD_REACTORS
330
284
102
}
330
284
100
AcDbXrecord
280
     1
  1
AcDbDs::TreatedAsObjectDataSchema
  2
AcDbDs::TreatedAsObjectData
280
     1
 91
        0
  0
XRECORD
  5
280
102
{ACAD_REACTORS
330
284
102
}
330
284
100
AcDbXrecord
280
     1
  1
AcDbDs::LegacySchema
  2
AcDbDs::Legacy
280
     1
 91
        0
  0
XRECORD
  5
281
102
{ACAD_REACTORS
330
284
102
}
330
284
100
AcDbXrecord
280
     1
  1
AcDbDs::IndexedPropertySchema
  2
AcDs:Indexable
280
     1
 91
        0
  0
XRECORD
  5
282
102
{ACAD_REACTORS
330
284
102
}
330
284
100
AcDbXrecord
280
     1
  1
AcDbDs::HandleAttributeSchema
  2
AcDbDs::HandleAttribute
280
     7
 91
        1
284
     1
  0
XRECORD
  5
2B7
102
{ACAD_REACTORS
330
236
102
}
330
236
100
AcDbXrecord
280
     1
102
DISPLAYNAME
  1
Metric50
102
FLAGS
 90
        0
  0
XRECORD
  5
1FA
102
{ACAD_REACTORS
330
1F9
102
}
330
1F9
100
AcDbXrecord
280
     1
 70
     1
 90
429727718
  1
D62C5603-E3A1-4AEA-B7FB-FE5D8D0755AF
310
504B03040A0000080000CC70623B3DEE336E79000000790000001B0000006175746F6465736B2D64657369676E2D7061636B6167652E786D6C3C3F786D6C2076657273696F6E3D22312E302220656E636F64696E673D227574662D3822203F3E3C666F726D6174733E3C666F726D61743E687474703A2F2F736368656D612E
310
6175746F6465736B2E636F6D2F64657369676E2D7061636B6167652F323030393C2F666F726D61743E3C2F666F726D6174733E504B0304140006080800CC70623BD486FD9CA0000000F4000000130000005B436F6E74656E745F54797065735D2E786D6C7D8EC10E82300C865F65E91D8A1E8C310C0EEA1BF002731658846E
310
D98AC1B77784ABF1D8FE5FBFBF75BBCE937A534CCEB38643598122B6FEE978D0B0485F9C41B54DDD7D022595594E1A469170414C76A4D9A4D207E29CF43ECE46F218070CC6BECC4078ACAA135ACF422C856C0E68EA1BF5669944DDD7BCDE7B1F8E415D77AECB980613C2E4AC91FC167A2B244592486606FC29C8FD7F045B9A
310
EF7053A7E60B504B0304140006080800CC70623B853B8169EB0000007C01000008000000636F72652E786D6C8D90416EC3201045AF62CDB6C206821CC7C244919D9CA01740401C94182C03558F5F9C3852BBEB6A467FFE9B197D7EFC9E1EC5975982F5AE035262288C535E5B377690E21535501C055FBC8FBF6C503839990E
310
5619041F179FE64D52DE45E362569DD7661365082642A11EB9E920A89B99642953CC8E702F67A9EE7234257977194EC9EAE275C4EABCCF5EAD5940D4AC6F0E35A568B8F43562CD7046CD199FD07E60174276A7BE677B5EADB0E0D14EEFFB6A31321A0D82627C4084204C3F096B71DD52F6819B16635EADF63F509AF53FA164
310
5DDCD1EDDD17164090FCC8732078B56691CB33A85CD7DCC40F504B0304140006080800CC70623B55019EA25F0000007C00000007000000636E782E786D6C4DCB3B0E80201045D1AD90E915ED2CF8AC45050C11660C8261F98AB1B07AC9C97D42D718D865D3E909258CFD00CCE24AC6E326A164D74DC0B4128928FF32603847
310
2BA13128B1252AC747C6BAB984FC68F0B87FE8960A5C09FE86CFB69FBA01504B0304140006080800CC70623BDBABAAF470010000D40300000C0000006662782F636F72652E786D6CC553D16E823014FD95A6AF4B694182CC941A83FA05FB810A9511A125A5257EFE2E82712ECEB8A7F100CD39F7F69E734AF9FADC366850B6
310
AF8DCE7018308C942E4C59EB2AC3DE1D498AD15A706B8CFB56869196ADCAF00863C12B6B7C374385D14E6907A836A59A41D9F7CA615434B0C8705F7CAA5606D23BA8E84F41278B93AC54100640439DE0BDB320004D43C63716C7C399D30917DCFBBA9CD9BA8469F5B156168B24CED3F7248AC8769F27244EB73B92EED8862C
310
B7F13E0C179B3C8F979C8ECD82BBBABDAA2BAC924E9558448CBD9330242CFA08E3154B5651FCC6D215639C8EE5774DBE2B5F6CF2B5768B68963BB5F5588420E442FC700B1139D4CB01F450C1E918227C2E09DF070D8140C84E1E9AAB8F1340832A9CB13130A5F1376A908D57309505ECF2A0DF179C4E9D30F5B239B87E3823
310
7A79C6F31DE1A8A5AEC08474B03C7837EAE4938639B44E5932B833D2C6B6B279CDC613877FA26EE21F4A2A4C63EC7F29A2F301D1F9F7A0E37D145F504B0304140006080800CC70623B9C113CC27E0000009D0000000B0000006662782F636E782E786D6C4DCCDF0A83201C86E15B91DFB94BFB330DD428C8FB886521330DA7
310
6397BF1A1DECE883878F57749FCDA1B7892F1BBC047A23808C7F84D9FA55424E0BE6803A256208E9EF06C84F9B91703228B1C690F78B66B34CD9A5439DF5CF0BFBF65E35BCA1B8D6A5C6F540381E886698B5741C695F9503EBA150A2F8958E3DC3EA0B504B0304140006080800CC70623B7DF2F77C2A010000120200003100
310
00006662782F41393633353835312D344632462D344230382D423046372D3739314545314133324237412F636F72652E786D6C8D51DB8EC22014FC15C2939B0D2DB4B45643319AE817EC0F6041255A68B86CFCFC856D4D76DF7CE190393373060EDB3DC707F856CE6B6B7A480A0C81328395DA5C7B18C3057510EC3873D686
310
3F34088C18550F330C39BB3A1BA7051AAC09CA84841A2BD5020AEF55806078A44B0FFD7053A328440C89E1EFC52486BBB8AA8214A99D789CF9E05200300FC927E4FB4D5B375D43103D5527440FB843077C5AA3F5861C8F645F5787F59E95B390B318B55CE45AA638FAA2957BD7248B390B7A7CC51F9C124149C82B8C378810
310
84AB2F42B7B8DD56F413775B8C5999E9FF4471926F8AA236A1AE96B8B3CC434E5839373893369E1FAF30EA395917409EB7F26AF8801C171837A4A6AC9C89E9F9C9B1A58BA30FD6A5EF5DDDCF894B9AD9B6A59C957943A9FCAE2FD5BC4DFE03504B0304140006080800CC70623BAD7543B64E01000033030000300000006662
310
782F41393633353835312D344632462D344230382D423046372D3739314545314133324237412F636E782E786D6CD593CD6EC32010845F0571AD6CE3D48AD20813A9873E410FBD12D82434182C7EAAE6EDBB2424CD25871E7B41D6EC30B3FA84F9E67BB2E40B4234DE8DB46F1925E094D7C6ED479AD3AE5951B2113C789FEE
310
6C943839C1488B4C05DF079FE72A69D8C96C13AAD6B8631503449F83828872B949AC57D26200B826A308D316B4064D6E46FCDA41C05550DC9E483A00797BFD207EFB092A45DE9514C1BBD22178396BD39D891265658C238DEA00936C654E5E433CB65A26D9F6EDB5EBC14EBF49A45CB856E66048291F6939A9A81BB5C89177
310
38143CA680F4AA299D66A042CEB3354A2684DC9D8D178FE0D9B8B41CAAD720F880EE7EF93C0C18769E099ECC04D5A102C8049A8A05632F4DDF376CF1DE0F6BB65C2F8627B65A33C6BB62177CEBBDAD973006829F89F22E814B54F4BC2BE347F8AA8F681390B50FA73F804400B5F542E796F19FF974E7F78DB802FE05E20750
310
4B0304140006080800CC70623BE75B7789680500003C100000340000006662782F41393633353835312D344632462D344230382D423046372D3739314545314133324237412F6F626A656374732E786D6CAD575B8F9B3818FD2B887D06C22499CB8AA1CA655245D5B455A356FB305264C061D8018C6C3393D95FBFC7600890
310
A4CD5EF210B0B1BFEBF98E3F7B1FF6596ABC522E1296DF9BAE3D320D9A872C4AF2F8DE2CE5CEBA358D0FBEC719939D65A691938CDE9B6ADAF4BD98B3B2D05311DD91329583D9D5FC0F438434A7A611A644887B5384CF34233629258BA878B12322891DEFF6B66BD70BFB62634E8AE781D082709A4B588AF91C528CDA28B73F
310
1C998EEF39EABBEFA97FBD6A7C7E9553F9D3D79FE442923C3C523610337627CB87ABE99D359D4CC6D6E4FACAB5E6ABF9D2726FC6A3C5F56271377BB88362213924694B38DD99FE47C48627A1E7D49F5A8BB5E1A74C0A599ED3B0F21F1E56366B89112D681E218F0915D0D6F17AD41FBA2A369DCF6335D62ABBD39779D5DDD1
310
11D4D8DE3CBB96B2E04FB8202E41051754A1AA8E8F76B4C6DFE810B580B1547F4B84911149794252234D024EF8BBE963A95AE27B3D310A9D5C215C7960FAEE415ED75694C6AFB17BCACA5D99A60A9AA65F217B0BFC53292ACB92BF283FAD0D3621576592CB5BED907C2FA8E9DF794E35E97BEA31BED21FEB401ABB94C44839
310
DCACBF0E1C5DA8DA5B2F4DFFD32AD86F543D9E565E7056502E157C00AD2671CD534549AB752FCA9CDA00677A313F04E51B22FF19E57B300579E3C97EB29F682D92935CEC18CF901B7B54FD8C51F362B56FC72FE0B3C1EAE335EDCCBF5AEC39ADB17DC238973F804BA5E6F6BFE7AF1FB32E523BE9F3BD571418E3631DCA4D48
310
5250CF639223210A9446CA30052EDF057BD35F8329C1ECD84552BF0DC8D18BE7BCE23BFE6BD960AB4A7DE79923A103BEBD80F911CBAA2C60DB19B01CF164A5583B772EE6D3FFA56666CBCDA74DC97724A48F9A58967497E489C4D979006FD7A05E227A1EBDD0F737C623387A9C844D3709995625106D157315F8B8392CD4E0
310
A0B9A720C4BE9829CEF37EA1E13111214D53925356365ADA634861B52519DD27A00AEB808EAF0628E6F435519D446F45CF2C9CF5214F0A15B2F6D06B79DA3EE3CBF7F56780D2F4E7EF73A0F5E5B02A38D07DC852C6B7C1FBB6664213E0C39E3EBA7FF4E1AD23EA2829407C85E586727488B751B2DB9502BC7B228A3FD68B6E
310
A65A22397E690AA8D158D7E404EC8CDA235CC3B7D1898680131CEC2CDF2638C65196279577750F15884AEE19F94199155B92B13297978469D4F8D358DF0AEF7631E28DC8F0D9F437D5D39A83B2231A1D52D543813A824EF8D44BCFF2FA6A31BD1E8DAD87F1CCB526B3879935BF59CDADD5C37479BB1CDD4CA7B3556B516589
310
EF352754B706114D9C885EC9131DE6EFEB43D99AFE2391C2F958179413D7CFEF6B1B6DB1E7600F00DE6E5C67454A339A4BA2E0FBA85ED26F045D454F463DBFCE484C2F90F2E5E3666003662ED8F755951A7D1BECD5B30B550B2785C8E7320B7292A4838DDA71BBC863ED7613CAF659337A3354231D4FF4A182A54904C2898C
310
98B28C4AD0CE056CCF332A80986E571EE9DBC305BB5FEB7E509220A58D25CF042D712A806AC0AD0C657FDEF80D2D9CEAA2EE4D1C76F60BFE74219A06527D6F82DF6412526107381E55E353090704D085B52408A8913C4ED159D79BDA71BB4BC506F4831350EB6F975CD22D69BF7AC49B91A2C0A9DDA3D5CA36AD20FC478E37
310
E61844E2352865EBCB61A275A65283CAAA9DD27703B4102F5AF51EF5F573B75CBB5AD38BC845F7A49F82A0966A49C2E3EA5EA0ECD326CD965F1DB402C6FA8B51A4658C5C5E2EC9E214602E55810345408596591009A82E7E7FFACA19EEA299B14A0081A705CB3296EBC14CDF658DCD336EA6D1136881AAEB87B81AB9EE53D5
310
F5EB8BC8362082DA24122F98680A4E7930C01A0079749CEA14382A0783E5EBA5A10F8C098456A03D6A4AEB6BB881E2513747552A5DB22C7EDAF83BD5528081A365F7FF06504B0304140006080000CC70623B000000000000000000000000350000006662782F41393633353835312D344632462D344230382D423046372D37
310
39314545314133324237412F76657274696365732E62696E504B0304140006080800CC70623BF270F1330600000004000000360000006662782F41393633353835312D344632462D344230382D423046372D3739314545314133324237412F747269616E676C65732E62696E636660600000504B0304140006080000CC7062
310
3B000000000000000000000000370000006662782F41393633353835312D344632462D344230382D423046372D3739314545314133324237412F617474726962757465732E62696E504B0304140006080800CC70623B08DA0BD19000000041010000360000006662782F41393633353835312D344632462D344230382D4230
310
46372D3739314545314133324237412F6469726563746F72792E786D6C858F410AC3201045AF22B36F53E9A60B35CBEEBAE80D244E44489C6234F4F835464A48035D0DF398FF9F8AF63D0E6CC63039F212F8F9020C7D47C6792B21C5FE7403D62A1188E2E60C98D7234A5830286103A55745067B9D86B8A3CF9C7F90C11DE6
310
07FB144396D7B6A82D282E9A152AD114D5EF2CB866EEE831B8EEA07A7BB5A8D7D61A2BAAEB7FD5F70921FF497D00504B0304140006080800CC70623BEDD1DC58FD000000A00100003B0000006662782F41393633353835312D344632462D344230382D423046372D3739314545314133324237412F7265736F75726365732F
310
636F72652E786D6C8D504B6E833010BD0A9A6D65B00922041947112427E8052C33A156828DFCA97AFC9A40A576D7CDCCE87D344F8F9FBFE667F689CE6B6B3A6039850C8DB2A336530731DC4903D95970676DF82583CCC8193B5861107C72362E3BA4AC096842428D1D7107A5F7182053CF7474E0D507CE32973124857FE48B
310
540F3961CEF244279DE03EB81420DB9EAC1384436FA353E879B1B182C7A8C75DA3C7F453DF353A1075D537A7BA6464B8F535A99AE14A9A2BBD90E350DD183B5CFABE3AF262350B1EF4FC9351399401471025A527C218A1E53BAB5A5AB765F5469B96525EACF23FA6B88CFF34456DC2A1DCE36E360F82A5202F42F062ED2BAD
310
579969AFDD8A6F504B010214000A0000080000CC70623B3DEE336E79000000790000001B00000000000000000000000000000000006175746F6465736B2D64657369676E2D7061636B6167652E786D6C504B01021400140006080800CC70623BD486FD9CA0000000F40000001300000000000000000000000000B20000005B
310
436F6E74656E745F54797065735D2E786D6C504B01021400140006080800CC70623B853B8169EB0000007C010000080000000000000000000000000083010000636F72652E786D6C504B01021400140006080800CC70623B55019EA25F0000007C000000070000000000000000000000000094020000636E782E786D6C504B
310
01021400140006080800CC70623BDBABAAF470010000D40300000C00000000000000000000000000180300006662782F636F72652E786D6C504B01021400140006080800CC70623B9C113CC27E0000009D0000000B00000000000000000000000000B20400006662782F636E782E786D6C504B01021400140006080800CC70
310
623B7DF2F77C2A010000120200003100000000000000000000000000590500006662782F41393633353835312D344632462D344230382D423046372D3739314545314133324237412F636F72652E786D6C504B01021400140006080800CC70623BAD7543B64E010000330300003000000000000000000000000000D2060000
310
6662782F41393633353835312D344632462D344230382D423046372D3739314545314133324237412F636E782E786D6C504B01021400140006080800CC70623BE75B7789680500003C10000034000000000000000000000000006E0800006662782F41393633353835312D344632462D344230382D423046372D3739314545
310
314133324237412F6F626A656374732E786D6C504B01021400140006080000CC70623B0000000000000000000000003500000000000000000000000000280E00006662782F41393633353835312D344632462D344230382D423046372D3739314545314133324237412F76657274696365732E62696E504B01021400140006
310
080800CC70623BF270F133060000000400000036000000000000000000000000007B0E00006662782F41393633353835312D344632462D344230382D423046372D3739314545314133324237412F747269616E676C65732E62696E504B01021400140006080000CC70623B0000000000000000000000003700000000000000
310
000000000000D50E00006662782F41393633353835312D344632462D344230382D423046372D3739314545314133324237412F617474726962757465732E62696E504B01021400140006080800CC70623B08DA0BD1900000004101000036000000000000000000000000002A0F00006662782F41393633353835312D344632
310
462D344230382D423046372D3739314545314133324237412F6469726563746F72792E786D6C504B01021400140006080800CC70623BEDD1DC58FD000000A00100003B000000000000000000000000000E1000006662782F41393633353835312D344632462D344230382D423046372D3739314545314133324237412F7265
310
736F75726365732F636F72652E786D6C504B0506000000000E000E0080040000641100000000
  0
XRECORD
  5
1F8
102
{ACAD_REACTORS
330
1F7
102
}
330
1F7
100
AcDbXrecord
280
     1
 70
     1
 90
429727718
  1
30362254-06B7-45E0-A893-8CFA70E3D6BC
310
504B03040A0000080000CC70623B3DEE336E79000000790000001B0000006175746F6465736B2D64657369676E2D7061636B6167652E786D6C3C3F786D6C2076657273696F6E3D22312E302220656E636F64696E673D227574662D3822203F3E3C666F726D6174733E3C666F726D61743E687474703A2F2F736368656D612E
310
6175746F6465736B2E636F6D2F64657369676E2D7061636B6167652F323030393C2F666F726D61743E3C2F666F726D6174733E504B0304140006080800CC70623BD486FD9CA0000000F4000000130000005B436F6E74656E745F54797065735D2E786D6C7D8EC10E82300C865F65E91D8A1E8C310C0EEA1BF002731658846E
310
D98AC1B77784ABF1D8FE5FBFBF75BBCE937A534CCEB38643598122B6FEE978D0B0485F9C41B54DDD7D022595594E1A469170414C76A4D9A4D207E29CF43ECE46F218070CC6BECC4078ACAA135ACF422C856C0E68EA1BF5669944DDD7BCDE7B1F8E415D77AECB980613C2E4AC91FC167A2B244592486606FC29C8FD7F045B9A
310
EF7053A7E60B504B0304140006080800CC70623B1EC5D7A3EB0000007C01000008000000636F72652E786D6C8D90416EC3201045AF82665B6103C6756C6122AB4D4ED00B204C5C94182C03558F5F9C3852BBEB6A467FFE9B197D71FC9E6FE8CBACC17AD7032D0820E3B41FAD9B7A48F1820F808E52ACDEC75F36404ECDA687
310
4D0629A6D5A76597B477D1B89855E747B38B2A041301E95B6E7A08FAD3CCAA50296647B8168BD2573599823EBB0CA76447F43862C7BCCF5EAC59410E4DDD9C7973C2755553CCCFA4C603E3040F1565ED3B1FDE4E432BCA0D9622DAF9795FAF464533826484B498524CD807E51D79ED187F21878E10516EF63F505AC67F42C9
310
BA58B1FDDD071640D2FCC87D2045B96591CB3DA85CB7DCE40F504B0304140006080800CC70623B55019EA25F0000007C00000007000000636E782E786D6C4DCB3B0E80201045D1AD90E915ED2CF8AC45050C11660C8261F98AB1B07AC9C97D42D718D865D3E909258CFD00CCE24AC6E326A164D74DC0B4128928FF32603847
310
2BA13128B1252AC747C6BAB984FC68F0B87FE8960A5C09FE86CFB69FBA01504B0304140006080800CC70623B8C9102E971010000D40300000C0000006662782F636F72652E786D6CC5535B6E833010BC8AE5DF0A6C08340F1947A84D4ED00B38C6A128602363A31CBFCB234A53A551FA553EC09AD9F5CE8C31DB9E9B1AF5CA
310
7695D1198E428A91D2D214952E33ECDD315861B4E5CC1AE3BE9561A445A3323CC098B3D21ADFCE9034DA29ED00D5A6503328BA4E398C640D8B0C77F253352214DE4145770A5B214FA2546114020D759C75CE8200340D19DE981F0F6746269C33EFAB6266AB02A655C74A59CCF365BADC27CB5D902ED22848F6340DF238A141
310
BE88E2F57B92BFEDF23523433367AE6A2EEAA455C2A902F398D2751045018D3FA264435F3771F242571B4A1919CA6F9A7C5B3CD9E42BED16F12C776AEB308F40C848FC700B1139D4891EF410CEC810227CC6846F8386402064270EF5C5C709A05E49676C024C61FC95EA45ED154CA5211D1FF4FB8291A913A68E9B83EBBB33
310
E2A7673CDE118E5AE8124C0807CB8377834E366998436B950D7A7746DAD846D4CFD978E0F04FD455FC5D49D2D4C6FE9722321F10997F0F32DC47FE05504B0304140006080800CC70623BFFEA85907E0000009D0000000B0000006662782F636E782E786D6C4DCCD10A83201886E15B91FFDC95D95A811AB6F23E625948A6C3
310
E9D8E5AF46073BFAE0E1E365ED67B3E8ADC3CB78C7815C7240DA3DFC64DCC221C519D7805AC182F7F1EF06C88D9BE6703008B6049F9E274D7A1E938DBB5AE3D6131B2589BA0D3D965551E0B2EA732C9B9A624AAEB41E3A557677029960D9AFB4EF11165F504B0304140006080800CC70623B4FEEA4082C0100001202000031
310
0000006662782F39464131463745442D413632322D343644302D413938332D3331353338454246344243312F636F72652E786D6C8D515B6EC32010BC0AE2AB55850DD871ED0813254D72825EC00192A2C460F1A872FC42ED48ED5F7E00CDCECCCEB26C731F6FE05B39AFADE921293004CA082BB5B9F43086336A21D870E6AC
310
0D7F68109861543DCC30E4ECE26C9C164858139409093556AA051CBC570102714B8F1E7AF1A5C6A11862480C7F2DA6415C878B2A4891CA89C7990F2E050073937C42DE1DB7E4F87ED8A36D4329AA9B3D46DBAEAD504556557BD81DEBDD0761E52CE42C462D17B996298E3E6BE59E35C962CE821E1FF18553435012728A7187
310
0841987E927A8D9B35ADDF70BBC6989599FE4F1427F9A4286A132ABAC49D651EF234CD5CE04CDA78BA3DC2A8FB645D00B9DF8B57E215725C60BCA2A463E54C4CE327C7A65E1C7DB02E7DEFCBF594B864C5CA6CDBD49C957943E9FA5D5FBAF336F90F504B0304140006080800CC70623BAD7543B64E01000033030000300000
310
006662782F39464131463745442D413632322D343644302D413938332D3331353338454246344243312F636E782E786D6CD593CD6EC32010845F0571AD6CE3D48AD20813A9873E410FBD12D82434182C7EAAE6EDBB2424CD25871E7B41D6EC30B3FA84F9E67BB2E40B4234DE8DB46F1925E094D7C6ED479AD3AE5951B2113C
310
789FEE6C943839C1488B4C05DF079FE72A69D8C96C13AAD6B8631503449F83828872B949AC57D26200B826A308D316B4064D6E46FCDA41C05550DC9E483A00797BFD207EFB092A45DE9514C1BBD22178396BD39D891265658C238DEA00936C654E5E433CB65A26D9F6EDB5EBC14EBF49A45CB856E66048291F6939A9A81BB5
310
C8917738143CA680F4AA299D66A042CEB3354A2684DC9D8D178FE0D9B8B41CAAD720F880EE7EF93C0C18769E099ECC04D5A102C8049A8A05632F4DDF376CF1DE0F6BB65C2F8627B65A33C6BB62177CEBBDAD973006829F89F22E814B54F4BC2BE347F8AA8F681390B50FA73F804400B5F542E796F19FF974E7F78DB802FE05
310
E207504B0304140006080800CC70623B16AB87BA640500003C100000340000006662782F39464131463745442D413632322D343644302D413938332D3331353338454246344243312F6F626A656374732E786D6CAD575B6FA33818FD2B887DE6924B3BED8A326A92B68A663B534DD4D13E548A0C38942D60649B369D5FBFC7
310
600890A493BDE42160637FD7F31D7FF63E6FB3D478A55C242CBF3247B66B1A340F5994E4F19559CA8D75611A9F7D8F33263BCB4C232719BD32D5B4E97B316765A1A722BA21652A07B3B7B33F0D11D29C9A46981221AE4C113ED38CD8A4942CA2E2C58E882476BCD9DA23BB5ED8171B73523C0F841684D35CC252CCE79062D4
310
468DFA43D7747CCF51DF7D4FFDEB5593E3AB9CCA9FBEFE241792E4E19EB28198C968BAB8199F5D5A67D3E9C49A9E8F47D6EC76B6B0469F26EEFC7C3EBFBCBEB98462213924694B38DD98FE1D62C393D073EA4FADC5DAF04326852CCF6958F90F0F2B9BB5C48816348F90C7840A68EB78EDF68723159BCEE7891A6B95DDE9D3
310
BCEAEEE8086A6C6F9E5D4B59F0175C10A7A0820BAA5055C7473B5AE3CFDD452D602CD5DF12616444529E90D448938013FE6EFA58AA96F85E4F8C42275708571E98FE6827AF6B2B4AE3D7D83D64E5A64C53054DD3AF90BD06FEA9149565C94FCA0F6B834DC85599E4F2423B24DF0B6AFA979E534DFA9E7A4CC6FA631D486393
310
921829879BF5D781A373557BCB85E97FB90DB62B558F8795179C15944B051F40AB495CF35451D26A4727654E6D8033BD98EF82F21D91FF8AF2DD9982BCF1643BDD4EB516C9492E368C67C88DED563FC36D5EACF66DFF057C3658BDBFA69DF9578B3DA735B64F18C7F20770A9D45CFCF7FCF563D6456A277DBEF78A02637CA2
310
43B90A490AEAB94F72244481D24819A6C0E59B606BFA4B3025981DBB48EAB701D97BF19C577CC77F2D1B6C55A9EF3C732474C0B727303F625995056C3B02963D9EAC146BE78EC5FCEC7FA999EBC5EACBAAE41B12D27B4D2C0BBA49F244E2ECDC81B76B502F113D8F5EE8FB1BE3111CDD4FC2AA9B844CAB1288B68AB90A7CDC
310
1C166AB0D3DC5310625FCC14E779BFD0709F8890A629C9292B1B2DED31A4B0DA928CEE135085754027E3018A397D4D5427D15BD1330B677DC8934285AC3DF45A9EB68FF8F2B8FC0A509AFEECFD0FF2DE25CC6047F7214B195F07EFEB9A094D800F7BFAE8FED187B78EA8A3A400F115961BCAD1215E47C966530AF0EE8128FE
310
58CEBB996A8964FFA529A046635D9353B0336A8F700DDF46271A024E70B0B37C9DE01847591E54DED53D54202AB947E4076556AC49C6CA5C9E1226B7F1A7B1BE15DEED62C41B91E1B3E9AFAAA735036547343A925075041DF0A9979E893B391F8FCFA6967B3EFB644DCF6E5CEBFAE272625DCC6FAF3FB93793C5F90CE1EF57
310
407342756B10D1C489E8953CD1617E5CEECAD6F4EF8914CE5D5D504E5C3F1F9736DA62CFC11E00BCDDB8CC8A9466349744C1F75EBDA4DF09BA8A9E8C7A7E9991989E20E5DBDD6A6003664ED8F7A04A8DBE0DF6EAD9B9AA858342E47399053949D2C146EDB85DE4B176BB0965FBAC19BD19AA918E27FA50C1D22402E144464C
310
59462568E704B6E71915404CB72B8FF4EDE184DDAF753F284990D2C6926782963815403548A70C657FDEF80D2D9CEAA2AE4C1C76F60BFE74219A06527D6582DF6412526107381E55E353090704D085B52408D0933C4ED159D79BDA71BB4BC506F4831350EB6F979CD22D69BF7AC49B91A2C0A9DDA3D5CA36AD20FC478E37E6
310
1844E2352865EBCB6EA275A652E3836BE04EFB400BF1A2556F515F1FBB35B2AB35BD889C744FFA1004B5544B121E57F70215746DD2F5E2C1412B602CBF19455AC6C8E5E9922C4E01E65215385004546899059180EAFCF7A707CE7017CD8CDB0410789AB32C63B91E5CEBBBACB17AC6CD347A022D5075FD106377347AAABA7E
310
7D11590744509B44E205134DC1290F06580320F78E537D3D73540E06CB970B431F185308AD40BBD794D6D77003C5A36E8EAA54BA64597CD8F83BD552A080A365F7FF06504B0304140006080000CC70623B000000000000000000000000350000006662782F39464131463745442D413632322D343644302D413938332D3331
310
353338454246344243312F76657274696365732E62696E504B0304140006080800CC70623BF270F1330600000004000000360000006662782F39464131463745442D413632322D343644302D413938332D3331353338454246344243312F747269616E676C65732E62696E636660600000504B0304140006080000CC70623B
310
000000000000000000000000370000006662782F39464131463745442D413632322D343644302D413938332D3331353338454246344243312F617474726962757465732E62696E504B0304140006080800CC70623B08DA0BD19000000041010000360000006662782F39464131463745442D413632322D343644302D413938
310
332D3331353338454246344243312F6469726563746F72792E786D6C858F410AC3201045AF22B36F53E9A60B35CBEEBAE80D244E44489C6234F4F835464A48035D0DF398FF9F8AF63D0E6CC63039F212F8F9020C7D47C6792B21C5FE7403D62A1188E2E60C98D7234A5830286103A55745067B9D86B8A3CF9C7F90C11DE607
310
FB144396D7B6A82D282E9A152AD114D5EF2CB866EEE831B8EEA07A7BB5A8D7D61A2BAAEB7FD5F70921FF497D00504B0304140006080800CC70623B0D6EF93BFE000000A00100003B0000006662782F39464131463745442D413632322D343644302D413938332D3331353338454246344243312F7265736F75726365732F63
310
6F72652E786D6C8D50596E833010BD0A9ADFCA60B334011947A8694ED00B586642AC041B79A97AFC9A40A5F6AF3F33A3B7689E1E3F7DCD8FEC139DD7D6F4C0720A191A65476DA61E62B892236427C19DB5E1970C322367EC618541F0C9D9B8EC90B226A009093576C41D94DE63804C3DD2D18357379C652E63480A7FCF17A9
310
EE72C29CE5894E3AC17D702940B63D59270887DE46A7D0F36263058F518FBB468FE9A7BE6A7420864373B8D4873369AA8691FA421B3294352543C5CAF65C0F6FEF43CB8BD52C78D0F34F46E550061C419494B6843142CB0F5677F4B52BEB177AEC28E5C52AFF638ACBF84F53D42654E51E77B379102C05791282176B5F693D
310
CB4C7BED567C03504B010214000A0000080000CC70623B3DEE336E79000000790000001B00000000000000000000000000000000006175746F6465736B2D64657369676E2D7061636B6167652E786D6C504B01021400140006080800CC70623BD486FD9CA0000000F40000001300000000000000000000000000B20000005B
310
436F6E74656E745F54797065735D2E786D6C504B01021400140006080800CC70623B1EC5D7A3EB0000007C010000080000000000000000000000000083010000636F72652E786D6C504B01021400140006080800CC70623B55019EA25F0000007C000000070000000000000000000000000094020000636E782E786D6C504B
310
01021400140006080800CC70623B8C9102E971010000D40300000C00000000000000000000000000180300006662782F636F72652E786D6C504B01021400140006080800CC70623BFFEA85907E0000009D0000000B00000000000000000000000000B30400006662782F636E782E786D6C504B01021400140006080800CC70
310
623B4FEEA4082C0100001202000031000000000000000000000000005A0500006662782F39464131463745442D413632322D343644302D413938332D3331353338454246344243312F636F72652E786D6C504B01021400140006080800CC70623BAD7543B64E010000330300003000000000000000000000000000D5060000
310
6662782F39464131463745442D413632322D343644302D413938332D3331353338454246344243312F636E782E786D6C504B01021400140006080800CC70623B16AB87BA640500003C1000003400000000000000000000000000710800006662782F39464131463745442D413632322D343644302D413938332D3331353338
310
454246344243312F6F626A656374732E786D6C504B01021400140006080000CC70623B0000000000000000000000003500000000000000000000000000270E00006662782F39464131463745442D413632322D343644302D413938332D3331353338454246344243312F76657274696365732E62696E504B01021400140006
310
080800CC70623BF270F133060000000400000036000000000000000000000000007A0E00006662782F39464131463745442D413632322D343644302D413938332D3331353338454246344243312F747269616E676C65732E62696E504B01021400140006080000CC70623B0000000000000000000000003700000000000000
310
000000000000D40E00006662782F39464131463745442D413632322D343644302D413938332D3331353338454246344243312F617474726962757465732E62696E504B01021400140006080800CC70623B08DA0BD190000000410100003600000000000000000000000000290F00006662782F39464131463745442D413632
310
322D343644302D413938332D3331353338454246344243312F6469726563746F72792E786D6C504B01021400140006080800CC70623B0D6EF93BFE000000A00100003B000000000000000000000000000D1000006662782F39464131463745442D413632322D343644302D413938332D3331353338454246344243312F7265
310
736F75726365732F636F72652E786D6C504B0506000000000E000E0080040000641100000000
  0
XRECORD
  5
175
102
{ACAD_REACTORS
330
173
102
}
330
173
100
AcDbXrecord
280
     1
270
     1
271
     1
  0
XRECORD
  5
174
102
{ACAD_REACTORS
330
173
102
}
330
173
100
AcDbXrecord
280
     1
270
     1
271
     1
  0
XRECORD
  5
1FB
102
{ACAD_REACTORS
330
173
102
}
330
173
100
AcDbXrecord
280
     1
 70
     0
 90
1673772943
  1
ECE7A1D2-D628-4531-984C-D00F80459256
310
504B03040A0000080000CC70623B3DEE336E79000000790000001B0000006175746F6465736B2D64657369676E2D7061636B6167652E786D6C3C3F786D6C2076657273696F6E3D22312E302220656E636F64696E673D227574662D3822203F3E3C666F726D6174733E3C666F726D61743E687474703A2F2F736368656D612E
310
6175746F6465736B2E636F6D2F64657369676E2D7061636B6167652F323030393C2F666F726D61743E3C2F666F726D6174733E504B0304140006080800CC70623BD486FD9CA0000000F4000000130000005B436F6E74656E745F54797065735D2E786D6C7D8EC10E82300C865F65E91D8A1E8C310C0EEA1BF002731658846E
310
D98AC1B77784ABF1D8FE5FBFBF75BBCE937A534CCEB38643598122B6FEE978D0B0485F9C41B54DDD7D022595594E1A469170414C76A4D9A4D207E29CF43ECE46F218070CC6BECC4078ACAA135ACF422C856C0E68EA1BF5669944DDD7BCDE7B1F8E415D77AECB980613C2E4AC91FC167A2B244592486606FC29C8FD7F045B9A
310
EF7053A7E60B504B0304140006080800CC70623BD9DDAED0EC0000007C01000008000000636F72652E786D6C8D90416EC3201045AF82665B61836D9CD8C2444DD39CA01740405C94182C03558F5F9C3852BBEB6A467FFE9B197D7EF89E6EE8CB2CC17A37002D0820E394D7D68D03A478C17B4007C117EFE32F1B20272733C0
310
2A83E0E3E2D3BC49CABB685CCCAAF3DA6CA20CC14440EA969B0182FA34932C648AD911AEC52CD5558EA6A0CF2EC329598D1E47ACCEFBECC59A050463A7EA5833865FEBDD0E37353BE3EE8DBDE3F6786A48D375FBF6CC78B9C282473B3DEFABC5C86834888A900E538A49F5419B9EB47DD5BC907D4F082F57FB1F28CDFA9F50
310
B22ED6D5F6EE030B20687EE43E10BC5CB3C8E51E54AE6B6EE207504B0304140006080800CC70623B55019EA25F0000007C00000007000000636E782E786D6C4DCB3B0E80201045D1AD90E915ED2CF8AC45050C11660C8261F98AB1B07AC9C97D42D718D865D3E909258CFD00CCE24AC6E326A164D74DC0B4128928FF326038
310
472BA13128B1252AC747C6BAB984FC68F0B87FE8960A5C09FE86CFB69FBA01504B0304140006080800CC70623BA24EB22D72010000D40300000C0000006662782F636F72652E786D6CC5535B6E833010BC8AE5DF0A6C5E49888CA3A6694ED00B38E05014B091B1518EDFE511A5A9D228FD2A1F60CDEC7A67C6986DCE4D8D7A
310
69BA4AAB0C073EC548AA5C17952A33ECECD15B61B4E1CC686DBF9561A44423333CC098B3D268D7CE50AE9595CA02AA74216750749DB418E5352C32DCE59FB211BE70162ABA93DF8AFC244AE9073ED050C759670D0840D390E18DF9F1706664C23973AE2A66B62A605A75ACA4C13C4976E1364A12EF355A2EBD384AF65EFA96
310
BC7B8BED2EA6719AAE16FB8491A199335B351775B991C2CA02F390D2D40B028F861F41BCA68B7518BFD0D59A524686F29B26D7164F36B94AD9289CE54E6D1DE6010819891F6E21228B3AD1831EC219194284CF98F06DD01008846CC5A1BEF83801D4CBDC6A1303536877A57A513B0953A94FC707FDBE6064EA84A9E3E6E0FA
310
EE8CF0E9198F7784A316AA0413C2C2F2E0ECA0934D1AE6D05A69BCDE9E91D2A611F573361E38FC1375157F5752AE6B6DFE4B11990F88CCBF0719EE23FF02504B0304140006080800CC70623B408A7D3B7C0000009D0000000B0000006662782F636E782E786D6C4DCCD10A83201886E15B91FFDC552A92A0064DBC8F581632
310
D3703A76F9ABD1C18E3E78F878E5F0D9027ABBFCF2292AE86E2D20171F69F6715550CB827B40839639A5F2770314A7CD293819B45C73AAFB45B35BA61ACAA1C1C7E7855C58C15BC331339661262CC762340413D68D77DA5B42298546CBE6573AF60CEB2F504B0304140006080800CC70623B449FB9BD290100001202000031
310
0000006662782F36394639363044362D344446342D343946362D394244322D3234314243333846323333332F636F72652E786D6C8D515B6EC32010BC0AE22B55850D98B871848994463E412FE002495162B07854397EA176A4F62F3F2C9A9D991D587EB84F37F0AD7D30CEF6905418026DA553C65E7A98E219ED203808EE9D
310
8B7F6810D871D23D2C3014FCE25D9A57483A1BB58D19B54EE9151C43D0110279CB971E06F9A5A7B11A53CC8C70ADE6515EC78BAE4895DB992778883E0700CB907242D17643D7E2538BD869608875438BBAE38922CAC8F1BDD90DB4691A5E2F42C153326A951B95E398B3D1FE599322163C9AE9115F7A3D46ADA0A018778810
310
84E907617BDCEE297BC5BB3DC6BC2EF47FA234AB2745C9D8D8D035EE220B50105E2F0DC1954B9FB747187D9F9D8FA0CCDB042D5FA0C015C65B42DF78BD10F3F3B363CB56C7109DCFDFBBB97E662ED92EB62D13BC2E1BCAE5777DB9966D8A1F504B0304140006080800CC70623BAD7543B64E01000033030000300000006662
310
782F36394639363044362D344446342D343946362D394244322D3234314243333846323333332F636E782E786D6CD593CD6EC32010845F0571AD6CE3D48AD20813A9873E410FBD12D82434182C7EAAE6EDBB2424CD25871E7B41D6EC30B3FA84F9E67BB2E40B4234DE8DB46F1925E094D7C6ED479AD3AE5951B2113C789FEE
310
6C943839C1488B4C05DF079FE72A69D8C96C13AAD6B8631503449F83828872B949AC57D26200B826A308D316B4064D6E46FCDA41C05550DC9E483A00797BFD207EFB092A45DE9514C1BBD22178396BD39D891265658C238DEA00936C654E5E433CB65A26D9F6EDB5EBC14EBF49A45CB856E66048291F6939A9A81BB5C89177
310
38143CA680F4AA299D66A042CEB3354A2684DC9D8D178FE0D9B8B41CAAD720F880EE7EF93C0C18769E099ECC04D5A102C8049A8A05632F4DDF376CF1DE0F6BB65C2F8627B65A33C6BB62177CEBBDAD973006829F89F22E814B54F4BC2BE347F8AA8F681390B50FA73F804400B5F542E796F19FF974E7F78DB802FE05E20750
310
4B0304140006080800CC70623B8D05915C650500003B100000340000006662782F36394639363044362D344446342D343946362D394244322D3234314243333846323333332F6F626A656374732E786D6CAD575B6FA33814FE2B887D06429276DA1565D4266D158D3A339A6846FB502932E050B66023DB74D2FDF5FB190C01
310
9276B2973C046C8ECFF53B17071F77456EBD502133CEAE6CDF9DD81665314F32965ED995DA3A17B6F5310C04E7AA47665B8C14F4CAD6DB7618A48257A5D94AE89654B91AEDDEDDFC61C998326A5B714EA4BCB265FC440BE2924AF184CA6737218AB8E976E7FA6E4338649B0A523E8D98964450A6A029F619B8588D52FE7039
310
B1BD30F0F4F730D0FF866AF6369557DB33949F31A9088B0F848DD8CCFCF9F2767A76E99CCDE733677E3EF59D9BBB9BA5E37F984D16E78BC5E5F5ED25044B25C0C96822E8D60EEFE11B91C581D77CEA34368A1F5329E68CD1B8B61F16D63A1B8E092D294B10C78C4A48EB593D192E7DED9BDEE7995E1B91FDEDD3ACEA9FE831
310
6A756F9F7D4D79F4274C90A7A04248AA51D5F8C718DAE06FB2F75AC4796EBE65D22A88A22223B995679120E2D50E41AA49C260C046A35368846B0BECD0DFF3EBEB8AD4F835768F69B9ADF25C43D30E6B646F807FAA64AD59F61715C7A54127C4AACA98BA3006A9D792DAE165E0D59B61A01FB3A9F9D838D2DAE62445C86166
310
F37564E842E7DE6A69879FEEA2DD5AE7E371E1A5E025154AC307D06A03D73EB5978C58FFA4C8E9033066E0F3BD53BEC1F39F91BE7B55103791EDE6BBB991A2046172CB4581D8B893FA674DDA17A77B3B7C413D1B511FD2743BFF8A38F03A658705E3ADF8015C3A3417FF3D7E439FF591DA0B5F18BC20C1B8981957AE6392A3
310
F43C640C01D1A0B4728E2DD4F26DB4B3C3152A252A3B4E913CEC1C72F012782FF88EFF8637AA552DBEF76408E8A8DE9E50F9E1CB3A2DA0DB1B6039A893B56063DC5B3E3FFB5F72E67AB9FEB4AEC496C4F4C1149625DD662C53E89D7BF0F6151A046260D1337DFDC94502430F83B0EE07A130A224BCAD7DAE1D9FB6CD422FF6
310
920702629C4BB9AE79C12F243C6432A6794E18E5552BA56B431AAB5D91317302B2B071E86C3A42B1A02F999E24061403B5D0EB639195DA655DD3EBEAB4FB862DDF579F014AD0E73C22F99E28DA57FB98E75C6CA2D74D53086D600F4786E0FE3144B771A8A7B900F03594DB8A633CBC49B2EDB69228BB479CF863B5E807AAAB
310
23872F6DFEB4129B949CA33823F58830E86D65621E10047D9DB34D862E8EAC3C2ABC2F7B2C40D67CDFE01F5545B92105AF983AC54D93D69E56FB8E797F88913F898A9FEC705D3F9D1B54EC8426FB500D40A03BD0119B06E1B95DDC7EB8F6975367793EBD70E66733DFB9BC982F9CE564727731999F5D4ECFCE3B8D6A4DC2A0
310
6D50FD148437D110834A64C6CDDF57FBACB5C307A2A477DFE4939736CFEF2B175371E0E10CF0DD1D5C15654E0BCA14D1E87DD02FF93782A162C0A3D95F1524A52770F972BF1EE9809D13CE7DD599467F8ECE9ADD85CE85A34CD45355448C64F9E8A031DC2D596ACC6E5DD93D9B82DE2EF5CAF81363A8E47996A0DE24564A79
310
4115AACE09C55E14540231FDA13C319787134EBF34E3A022514E5B4D9E0826E25C02D5805B15ABE1BEF51B26383D445DD9E875EE33FE4C22DA16427D65A3BCA92CA6D28DD01DF5DC53330704308475351050232CCD31583787BA75774AFB06E5070DD0C8EF484E19968C5D83BA5B90B244D31E54D55A372320FE4786B7EA58
310
44E135AA5467CB7EA333A61683CC6A8C3257034C10CF46F40EF9F5BE59BE5BD30C3C72D235E95D10345C1D45445A5F0BB47E46A5EBE5570F9380B5FA629579952296A773720405982B9DE04011506178964401AA8BDF1FBF0A8EAB6861DD6580C0E38217056766716DAEB2D6FA0917D3E4116581EADB879C4E7CFFB11EFACD
310
3D641311495D92C8676CB409A72D18610D803CE8A626049E8EC1887CB5B44CC39883690DDA8399B4B9855B481E7D71D4A9D22F96E5BB73BF5793020C02137BF837504B0304140006080000CC70623B000000000000000000000000350000006662782F36394639363044362D344446342D343946362D394244322D32343142
310
43333846323333332F76657274696365732E62696E504B0304140006080800CC70623BF270F1330600000004000000360000006662782F36394639363044362D344446342D343946362D394244322D3234314243333846323333332F747269616E676C65732E62696E636660600000504B0304140006080000CC70623B0000
310
00000000000000000000370000006662782F36394639363044362D344446342D343946362D394244322D3234314243333846323333332F617474726962757465732E62696E504B0304140006080800CC70623B08DA0BD19000000041010000360000006662782F36394639363044362D344446342D343946362D394244322D
310
3234314243333846323333332F6469726563746F72792E786D6C858F410AC3201045AF22B36F53E9A60B35CBEEBAE80D244E44489C6234F4F835464A48035D0DF398FF9F8AF63D0E6CC63039F212F8F9020C7D47C6792B21C5FE7403D62A1188E2E60C98D7234A5830286103A55745067B9D86B8A3CF9C7F90C11DE607FB14
310
4396D7B6A82D282E9A152AD114D5EF2CB866EEE831B8EEA07A7BB5A8D7D61A2BAAEB7FD5F70921FF497D00504B0304140006080800CC70623BCA768048FE000000A00100003B0000006662782F36394639363044362D344446342D343946362D394244322D3234314243333846323333332F7265736F75726365732F636F72
310
652E786D6C8D50596E833010BD0A9ADFCA60D600328E9AA639412F609909B1126CE4A5EAF16B0295DABFFECC8CDEA2797AECF8353F924FB44E193D409E5248504B332A3D0D10FC95B4901C39B3C6F85F3248B49871801506CE266BC2B243D2688FDA47549B11775038871E12F988C7004EDE7016A9083E2ADC3D5D84BC8B09
310
D33C8D74D471E6BC8D0192EDC93A815B742658898E651BCB59086ADC356A8C3FD555A1055ED7E7E254D615792D0F075295F585746FF53B694EE78A565DD736979A65AB9933AFE69F8CD2A2F038022F28ED489E135A7CE4554F9BBEA85E68DB53CAB255FEC71496F19FA6A0B42F8B3DEE6673C0F318E4497096AD7DC5F52C33
310
EEB55BFE0D504B010214000A0000080000CC70623B3DEE336E79000000790000001B00000000000000000000000000000000006175746F6465736B2D64657369676E2D7061636B6167652E786D6C504B01021400140006080800CC70623BD486FD9CA0000000F40000001300000000000000000000000000B20000005B436F
310
6E74656E745F54797065735D2E786D6C504B01021400140006080800CC70623BD9DDAED0EC0000007C010000080000000000000000000000000083010000636F72652E786D6C504B01021400140006080800CC70623B55019EA25F0000007C000000070000000000000000000000000095020000636E782E786D6C504B0102
310
1400140006080800CC70623BA24EB22D72010000D40300000C00000000000000000000000000190300006662782F636F72652E786D6C504B01021400140006080800CC70623B408A7D3B7C0000009D0000000B00000000000000000000000000B50400006662782F636E782E786D6C504B01021400140006080800CC70623B
310
449FB9BD290100001202000031000000000000000000000000005A0500006662782F36394639363044362D344446342D343946362D394244322D3234314243333846323333332F636F72652E786D6C504B01021400140006080800CC70623BAD7543B64E010000330300003000000000000000000000000000D20600006662
310
782F36394639363044362D344446342D343946362D394244322D3234314243333846323333332F636E782E786D6C504B01021400140006080800CC70623B8D05915C650500003B10000034000000000000000000000000006E0800006662782F36394639363044362D344446342D343946362D394244322D32343142433338
310
46323333332F6F626A656374732E786D6C504B01021400140006080000CC70623B0000000000000000000000003500000000000000000000000000250E00006662782F36394639363044362D344446342D343946362D394244322D3234314243333846323333332F76657274696365732E62696E504B010214001400060808
310
00CC70623BF270F13306000000040000003600000000000000000000000000780E00006662782F36394639363044362D344446342D343946362D394244322D3234314243333846323333332F747269616E676C65732E62696E504B01021400140006080000CC70623B00000000000000000000000037000000000000000000
310
00000000D20E00006662782F36394639363044362D344446342D343946362D394244322D3234314243333846323333332F617474726962757465732E62696E504B01021400140006080800CC70623B08DA0BD190000000410100003600000000000000000000000000270F00006662782F36394639363044362D344446342D
310
343946362D394244322D3234314243333846323333332F6469726563746F72792E786D6C504B01021400140006080800CC70623BCA768048FE000000A00100003B000000000000000000000000000B1000006662782F36394639363044362D344446342D343946362D394244322D3234314243333846323333332F7265736F
310
75726365732F636F72652E786D6C504B0506000000000E000E0080040000621100000000
  0
XRECORD
  5
176
102
{ACAD_REACTORS
330
173
102
}
330
173
100
AcDbXrecord
280
     1
270
     1
271
     1
  0
XRECORD
  5
177
102
{ACAD_REACTORS
330
173
102
}
330
173
100
AcDbXrecord
280
     1
270
     1
271
     1
  0
XRECORD
  5
2B6
102
{ACAD_REACTORS
330
234
102
}
330
234
100
AcDbXrecord
280
     1
102
DISPLAYNAME
  1
Metric50
102
FLAGS
 90
        0
  0
CELLSTYLEMAP
  5
27C
102
{ACAD_REACTORS
330
162
102
}
330
162
100
AcDbCellStyleMap
 90
        3
300
CELLSTYLE
  1
TABLEFORMAT_BEGIN
 90
        5
170
     1
 91
        0
 92
    32768
 62
   257
 93
        1
300
CONTENTFORMAT
  1
CONTENTFORMAT_BEGIN
 90
        0
 91
        0
 92
      512
 93
        0
300

 40
0.0
140
1.0
 94
        5
 62
     0
340
11
144
6.0
309
CONTENTFORMAT_END
171
     1
301
MARGIN
  1
CELLMARGIN_BEGIN
 40
1.5
 40
1.5
 40
1.5
 40
1.5
 40
4.5
 40
4.5
309
CELLMARGIN_END
 94
        6
 95
        1
302
GRIDFORMAT
  1
GRIDFORMAT_BEGIN
 90
        0
 91
        1
 62
     0
 92
       -2
340
14
 93
        0
 40
1.125
309
GRIDFORMAT_END
 95
        2
302
GRIDFORMAT
  1
GRIDFORMAT_BEGIN
 90
        0
 91
        1
 62
     0
 92
       -2
340
14
 93
        0
 40
1.125
309
GRIDFORMAT_END
 95
        4
302
GRIDFORMAT
  1
GRIDFORMAT_BEGIN
 90
        0
 91
        1
 62
     0
 92
       -2
340
14
 93
        0
 40
1.125
309
GRIDFORMAT_END
 95
        8
302
GRIDFORMAT
  1
GRIDFORMAT_BEGIN
 90
        0
 91
        1
 62
     0
 92
       -2
340
14
 93
        0
 40
1.125
309
GRIDFORMAT_END
 95
       16
302
GRIDFORMAT
  1
GRIDFORMAT_BEGIN
 90
        0
 91
        1
 62
     0
 92
       -2
340
14
 93
        0
 40
1.125
309
GRIDFORMAT_END
 95
       32
302
GRIDFORMAT
  1
GRIDFORMAT_BEGIN
 90
        0
 91
        1
 62
     0
 92
       -2
340
14
 93
        0
 40
1.125
309
GRIDFORMAT_END
309
TABLEFORMAT_END
  1
CELLSTYLE_BEGIN
 90
        1
 91
        1
300
_TITLE
309
CELLSTYLE_END
300
CELLSTYLE
  1
TABLEFORMAT_BEGIN
 90
        5
170
     1
 91
        0
 92
        0
 62
   257
 93
        1
300
CONTENTFORMAT
  1
CONTENTFORMAT_BEGIN
 90
        0
 91
        0
 92
      512
 93
        0
300

 40
0.0
140
1.0
 94
        5
 62
     0
340
11
144
4.5
309
CONTENTFORMAT_END
171
     1
301
MARGIN
  1
CELLMARGIN_BEGIN
 40
1.5
 40
1.5
 40
1.5
 40
1.5
 40
4.5
 40
4.5
309
CELLMARGIN_END
 94
        6
 95
        1
302
GRIDFORMAT
  1
GRIDFORMAT_BEGIN
 90
        0
 91
        1
 62
     0
 92
       -2
340
14
 93
        0
 40
1.125
309
GRIDFORMAT_END
 95
        2
302
GRIDFORMAT
  1
GRIDFORMAT_BEGIN
 90
        0
 91
        1
 62
     0
 92
       -2
340
14
 93
        0
 40
1.125
309
GRIDFORMAT_END
 95
        4
302
GRIDFORMAT
  1
GRIDFORMAT_BEGIN
 90
        0
 91
        1
 62
     0
 92
       -2
340
14
 93
        0
 40
1.125
309
GRIDFORMAT_END
 95
        8
302
GRIDFORMAT
  1
GRIDFORMAT_BEGIN
 90
        0
 91
        1
 62
     0
 92
       -2
340
14
 93
        0
 40
1.125
309
GRIDFORMAT_END
 95
       16
302
GRIDFORMAT
  1
GRIDFORMAT_BEGIN
 90
        0
 91
        1
 62
     0
 92
       -2
340
14
 93
        0
 40
1.125
309
GRIDFORMAT_END
 95
       32
302
GRIDFORMAT
  1
GRIDFORMAT_BEGIN
 90
        0
 91
        1
 62
     0
 92
       -2
340
14
 93
        0
 40
1.125
309
GRIDFORMAT_END
309
TABLEFORMAT_END
  1
CELLSTYLE_BEGIN
 90
        2
 91
        1
300
_HEADER
309
CELLSTYLE_END
300
CELLSTYLE
  1
TABLEFORMAT_BEGIN
 90
        5
170
     1
 91
        0
 92
        0
 62
   257
 93
        1
300
CONTENTFORMAT
  1
CONTENTFORMAT_BEGIN
 90
        0
 91
        0
 92
      512
 93
        0
300

 40
0.0
140
1.0
 94
        2
 62
     0
340
11
144
4.5
309
CONTENTFORMAT_END
171
     1
301
MARGIN
  1
CELLMARGIN_BEGIN
 40
1.5
 40
1.5
 40
1.5
 40
1.5
 40
4.5
 40
4.5
309
CELLMARGIN_END
 94
        6
 95
        1
302
GRIDFORMAT
  1
GRIDFORMAT_BEGIN
 90
        0
 91
        1
 62
     0
 92
       -2
340
14
 93
        0
 40
1.125
309
GRIDFORMAT_END
 95
        2
302
GRIDFORMAT
  1
GRIDFORMAT_BEGIN
 90
        0
 91
        1
 62
     0
 92
       -2
340
14
 93
        0
 40
1.125
309
GRIDFORMAT_END
 95
        4
302
GRIDFORMAT
  1
GRIDFORMAT_BEGIN
 90
        0
 91
        1
 62
     0
 92
       -2
340
14
 93
        0
 40
1.125
309
GRIDFORMAT_END
 95
        8
302
GRIDFORMAT
  1
GRIDFORMAT_BEGIN
 90
        0
 91
        1
 62
     0
 92
       -2
340
14
 93
        0
 40
1.125
309
GRIDFORMAT_END
 95
       16
302
GRIDFORMAT
  1
GRIDFORMAT_BEGIN
 90
        0
 91
        1
 62
     0
 92
       -2
340
14
 93
        0
 40
1.125
309
GRIDFORMAT_END
 95
       32
302
GRIDFORMAT
  1
GRIDFORMAT_BEGIN
 90
        0
 91
        1
 62
     0
 92
       -2
340
14
 93
        0
 40
1.125
309
GRIDFORMAT_END
309
TABLEFORMAT_END
  1
CELLSTYLE_BEGIN
 90
        3
 91
        2
300
_DATA
309
CELLSTYLE_END
  0
XRECORD
  5
291
102
{ACAD_REACTORS
330
290
102
}
330
290
100
AcDbXrecord
280
     1
102
RTVSPost2010Prop28
280
     1
102
RTVSPost2010PropOp28
 70
     1
102
RTVSPost2010Prop29
280
     1
102
RTVSPost2010PropOp29
 70
     1
102
RTVSPost2010Prop30
280
     0
102
RTVSPost2010PropOp30
 70
     1
102
RTVSPost2010Prop31
280
     0
102
RTVSPost2010PropOp31
 70
     1
102
RTVSPost2010Prop32
280
     0
102
RTVSPost2010PropOp32
 70
     1
102
RTVSPost2010Prop33
280
     0
102
RTVSPost2010PropOp33
 70
     1
102
RTVSPost2010Prop34
280
     0
102
RTVSPost2010PropOp34
 70
     1
102
RTVSPost2010Prop35
280
     0
102
RTVSPost2010PropOp35
 70
     1
102
RTVSPost2010Prop36
280
     0
102
RTVSPost2010PropOp36
 70
     1
102
RTVSPost2010Prop37
 90
       50
102
RTVSPost2010PropOp37
 70
     1
102
RTVSPost2010Prop38
140
0.0
102
RTVSPost2010PropOp38
 70
     1
102
RTVSPost2010Prop39
140
1.0
102
RTVSPost2010PropOp39
 70
     1
102
RTVSPost2010Prop40
 90
        0
102
RTVSPost2010PropOp40
 70
     1
102
RTVSPost2010Prop41ColorIndex
 90
       18
102
RTVSPost2010Prop41ColorRGB
 90
        0
102
RTVSPost2010PropOp41
 70
     1
102
RTVSPost2010Prop42
 90
       50
102
RTVSPost2010PropOp42
 70
     1
102
RTVSPost2010Prop43
 90
        3
102
RTVSPost2010PropOp43
 70
     1
102
RTVSPost2010Prop44ColorIndex
 90
        5
102
RTVSPost2010Prop44ColorRGB
 90
      255
102
RTVSPost2010PropOp44
 70
     1
102
RTVSPost2010Prop45
280
     0
102
RTVSPost2010PropOp45
 70
     1
102
RTVSPost2010Prop46
 90
       50
102
RTVSPost2010PropOp46
 70
     1
102
RTVSPost2010Prop47
 90
       50
102
RTVSPost2010PropOp47
 70
     1
102
RTVSPost2010Prop48
 90
       50
102
RTVSPost2010PropOp48
 70
     1
102
RTVSPost2010Prop49
280
     0
102
RTVSPost2010PropOp49
 70
     1
102
RTVSPost2010Prop50
 90
       50
102
RTVSPost2010PropOp50
 70
     1
102
RTVSPost2010Prop51ColorIndex
 90
      256
102
RTVSPost2010Prop51ColorRGB
 90
-16777216
102
RTVSPost2010PropOp51
 70
     0
102
RTVSPost2010Prop52
140
1.0
102
RTVSPost2010PropOp52
 70
     0
102
RTVSPost2010Prop53
 90
        2
102
RTVSPost2010PropOp53
 70
     1
102
RTVSPost2010Prop54
  1
strokes_ogs.tif
102
RTVSPost2010PropOp54
 70
     1
102
RTVSPost2010Prop55
280
     0
102
RTVSPost2010PropOp55
 70
     1
102
RTVSPost2010Prop56
140
1.0
102
RTVSPost2010PropOp56
 70
     1
102
RTVSPost2010Prop57
140
1.0
102
RTVSPost2010PropOp57
 70
     1
102
RTVSPropertyOp0
 70
     1
102
RTVSPropertyOp1
 70
     1
102
RTVSPropertyOp2
 70
     1
102
RTVSPropertyOp3
 70
     1
102
RTVSPropertyOp4
 70
     1
102
RTVSPropertyOp5
 70
     1
102
RTVSPropertyOp6
 70
     1
102
RTVSPropertyOp7
 70
     1
102
RTVSPropertyOp8
 70
     1
102
RTVSPropertyOp9
 70
     1
102
RTVSPropertyOp10
 70
     1
102
RTVSPropertyOp11
 70
     1
102
RTVSPropertyOp12
 70
     1
102
RTVSPropertyOp13
 70
     1
102
RTVSPropertyOp14
 70
     1
102
RTVSPropertyOp15
 70
     1
102
RTVSPropertyOp16
 70
     1
102
RTVSPropertyOp17
 70
     1
102
RTVSPropertyOp18
 70
     1
102
RTVSPropertyOp19
 70
     1
102
RTVSPropertyOp20
 70
     1
102
RTVSPropertyOp21
 70
     1
102
RTVSPropertyOp22
 70
     1
102
RTVSPropertyOp23
 70
     1
102
RTVSPropertyOp24
 70
     1
102
RTVSPropertyOp25
 70
     1
102
RTVSPropertyOp26
 70
     1
102
RTVSPropertyOp27
 70
     1
102
RTVSPropertyOp28
 70
     1
102
RTVSPropertyOp29
 70
     1
102
RTVSPropertyOp30
 70
     1
102
RTVSPropertyOp31
 70
     1
102
RTVSPropertyOp32
 70
     1
102
RTVSPropertyOp33
 70
     1
102
RTVSPropertyOp34
 70
     1
102
RTVSPropertyOp35
 70
     1
102
RTVSPropertyOp36
 70
     1
102
RTVSPropertyOp37
 70
     1
102
RTVSPropertyOp38
 70
     1
102
RTVSPropertyOp39
 70
     1
102
RTVSPropertyOp40
 70
     1
102
RTVSPropertyOp41
 70
     1
102
RTVSPropertyOp42
 70
     1
102
RTVSPropertyOp43
 70
     1
102
RTVSPropertyOp44
 70
     1
102
RTVSPropertyOp45
 70
     1
102
RTVSPropertyOp46
 70
     1
102
RTVSPropertyOp47
 70
     1
102
RTVSPropertyOp48
 70
     1
102
RTVSPropertyOp49
 70
     1
102
RTVSPropertyOp50
 70
     1
102
RTVSPropertyOp51
 70
     0
102
RTVSPropertyOp52
 70
     0
102
RTVSPropertyOp53
 70
     1
102
RTVSPropertyOp54
 70
     1
102
RTVSPropertyOp55
 70
     1
102
RTVSPropertyOp56
 70
     1
102
RTVSPropertyOp57
 70
     1
102
RTVSPropertyOp58
 70
     1
102
RTVSPropertyOp59
 70
     1
102
RTVSPropertyOp60
 70
     1
102
RTVSPropertyOp61
 70
     1
102
RTVSPropertyOp62
 70
     1
  0
XRECORD
  5
28F
102
{ACAD_REACTORS
330
28E
102
}
330
28E
100
AcDbXrecord
280
     1
102
RTVSPost2010Prop28
280
     0
102
RTVSPost2010PropOp28
 70
     1
102
RTVSPost2010Prop29
280
     1
102
RTVSPost2010PropOp29
 70
     1
102
RTVSPost2010Prop30
280
     1
102
RTVSPost2010PropOp30
 70
     1
102
RTVSPost2010Prop31
280
     0
102
RTVSPost2010PropOp31
 70
     1
102
RTVSPost2010Prop32
280
     0
102
RTVSPost2010PropOp32
 70
     1
102
RTVSPost2010Prop33
280
     0
102
RTVSPost2010PropOp33
 70
     1
102
RTVSPost2010Prop34
280
     0
102
RTVSPost2010PropOp34
 70
     1
102
RTVSPost2010Prop35
280
     0
102
RTVSPost2010PropOp35
 70
     1
102
RTVSPost2010Prop36
280
     0
102
RTVSPost2010PropOp36
 70
     1
102
RTVSPost2010Prop37
 90
       50
102
RTVSPost2010PropOp37
 70
     1
102
RTVSPost2010Prop38
140
0.0
102
RTVSPost2010PropOp38
 70
     1
102
RTVSPost2010Prop39
140
1.0
102
RTVSPost2010PropOp39
 70
     1
102
RTVSPost2010Prop40
 90
        0
102
RTVSPost2010PropOp40
 70
     1
102
RTVSPost2010Prop41ColorIndex
 90
       18
102
RTVSPost2010Prop41ColorRGB
 90
        0
102
RTVSPost2010PropOp41
 70
     1
102
RTVSPost2010Prop42
 90
       50
102
RTVSPost2010PropOp42
 70
     1
102
RTVSPost2010Prop43
 90
        3
102
RTVSPost2010PropOp43
 70
     1
102
RTVSPost2010Prop44ColorIndex
 90
        5
102
RTVSPost2010Prop44ColorRGB
 90
      255
102
RTVSPost2010PropOp44
 70
     1
102
RTVSPost2010Prop45
280
     0
102
RTVSPost2010PropOp45
 70
     1
102
RTVSPost2010Prop46
 90
       50
102
RTVSPost2010PropOp46
 70
     1
102
RTVSPost2010Prop47
 90
       50
102
RTVSPost2010PropOp47
 70
     1
102
RTVSPost2010Prop48
 90
       50
102
RTVSPost2010PropOp48
 70
     1
102
RTVSPost2010Prop49
280
     0
102
RTVSPost2010PropOp49
 70
     1
102
RTVSPost2010Prop50
 90
       50
102
RTVSPost2010PropOp50
 70
     1
102
RTVSPost2010Prop51ColorIndex
 90
      256
102
RTVSPost2010Prop51ColorRGB
 90
-16777216
102
RTVSPost2010PropOp51
 70
     0
102
RTVSPost2010Prop52
140
1.0
102
RTVSPost2010PropOp52
 70
     0
102
RTVSPost2010Prop53
 90
        2
102
RTVSPost2010PropOp53
 70
     1
102
RTVSPost2010Prop54
  1
strokes_ogs.tif
102
RTVSPost2010PropOp54
 70
     1
102
RTVSPost2010Prop55
280
     0
102
RTVSPost2010PropOp55
 70
     1
102
RTVSPost2010Prop56
140
1.0
102
RTVSPost2010PropOp56
 70
     1
102
RTVSPost2010Prop57
140
1.0
102
RTVSPost2010PropOp57
 70
     1
102
RTVSPropertyOp0
 70
     1
102
RTVSPropertyOp1
 70
     1
102
RTVSPropertyOp2
 70
     1
102
RTVSPropertyOp3
 70
     1
102
RTVSPropertyOp4
 70
     1
102
RTVSPropertyOp5
 70
     1
102
RTVSPropertyOp6
 70
     1
102
RTVSPropertyOp7
 70
     1
102
RTVSPropertyOp8
 70
     1
102
RTVSPropertyOp9
 70
     1
102
RTVSPropertyOp10
 70
     1
102
RTVSPropertyOp11
 70
     1
102
RTVSPropertyOp12
 70
     1
102
RTVSPropertyOp13
 70
     1
102
RTVSPropertyOp14
 70
     1
102
RTVSPropertyOp15
 70
     1
102
RTVSPropertyOp16
 70
     1
102
RTVSPropertyOp17
 70
     1
102
RTVSPropertyOp18
 70
     1
102
RTVSPropertyOp19
 70
     1
102
RTVSPropertyOp20
 70
     1
102
RTVSPropertyOp21
 70
     1
102
RTVSPropertyOp22
 70
     1
102
RTVSPropertyOp23
 70
     1
102
RTVSPropertyOp24
 70
     1
102
RTVSPropertyOp25
 70
     1
102
RTVSPropertyOp26
 70
     1
102
RTVSPropertyOp27
 70
     1
102
RTVSPropertyOp28
 70
     1
102
RTVSPropertyOp29
 70
     1
102
RTVSPropertyOp30
 70
     1
102
RTVSPropertyOp31
 70
     1
102
RTVSPropertyOp32
 70
     1
102
RTVSPropertyOp33
 70
     1
102
RTVSPropertyOp34
 70
     1
102
RTVSPropertyOp35
 70
     1
102
RTVSPropertyOp36
 70
     1
102
RTVSPropertyOp37
 70
     1
102
RTVSPropertyOp38
 70
     1
102
RTVSPropertyOp39
 70
     1
102
RTVSPropertyOp40
 70
     1
102
RTVSPropertyOp41
 70
     1
102
RTVSPropertyOp42
 70
     1
102
RTVSPropertyOp43
 70
     1
102
RTVSPropertyOp44
 70
     1
102
RTVSPropertyOp45
 70
     1
102
RTVSPropertyOp46
 70
     1
102
RTVSPropertyOp47
 70
     1
102
RTVSPropertyOp48
 70
     1
102
RTVSPropertyOp49
 70
     1
102
RTVSPropertyOp50
 70
     1
102
RTVSPropertyOp51
 70
     0
102
RTVSPropertyOp52
 70
     0
102
RTVSPropertyOp53
 70
     1
102
RTVSPropertyOp54
 70
     1
102
RTVSPropertyOp55
 70
     1
102
RTVSPropertyOp56
 70
     1
102
RTVSPropertyOp57
 70
     1
102
RTVSPropertyOp58
 70
     1
102
RTVSPropertyOp59
 70
     1
102
RTVSPropertyOp60
 70
     1
102
RTVSPropertyOp61
 70
     1
102
RTVSPropertyOp62
 70
     1
  0
XRECORD
  5
29D
102
{ACAD_REACTORS
330
29C
102
}
330
29C
100
AcDbXrecord
280
     1
102
RTVSPost2010Prop28
280
     0
102
RTVSPost2010PropOp28
 70
     1
102
RTVSPost2010Prop29
280
     1
102
RTVSPost2010PropOp29
 70
     1
102
RTVSPost2010Prop30
280
     1
102
RTVSPost2010PropOp30
 70
     1
102
RTVSPost2010Prop31
280
     0
102
RTVSPost2010PropOp31
 70
     1
102
RTVSPost2010Prop32
280
     0
102
RTVSPost2010PropOp32
 70
     1
102
RTVSPost2010Prop33
280
     0
102
RTVSPost2010PropOp33
 70
     1
102
RTVSPost2010Prop34
280
     0
102
RTVSPost2010PropOp34
 70
     1
102
RTVSPost2010Prop35
280
     0
102
RTVSPost2010PropOp35
 70
     1
102
RTVSPost2010Prop36
280
     0
102
RTVSPost2010PropOp36
 70
     1
102
RTVSPost2010Prop37
 90
       50
102
RTVSPost2010PropOp37
 70
     1
102
RTVSPost2010Prop38
140
0.0
102
RTVSPost2010PropOp38
 70
     1
102
RTVSPost2010Prop39
140
1.0
102
RTVSPost2010PropOp39
 70
     1
102
RTVSPost2010Prop40
 90
        0
102
RTVSPost2010PropOp40
 70
     1
102
RTVSPost2010Prop41ColorIndex
 90
       18
102
RTVSPost2010Prop41ColorRGB
 90
        0
102
RTVSPost2010PropOp41
 70
     1
102
RTVSPost2010Prop42
 90
       50
102
RTVSPost2010PropOp42
 70
     1
102
RTVSPost2010Prop43
 90
        3
102
RTVSPost2010PropOp43
 70
     1
102
RTVSPost2010Prop44ColorIndex
 90
        5
102
RTVSPost2010Prop44ColorRGB
 90
      255
102
RTVSPost2010PropOp44
 70
     1
102
RTVSPost2010Prop45
280
     0
102
RTVSPost2010PropOp45
 70
     1
102
RTVSPost2010Prop46
 90
       50
102
RTVSPost2010PropOp46
 70
     1
102
RTVSPost2010Prop47
 90
       50
102
RTVSPost2010PropOp47
 70
     1
102
RTVSPost2010Prop48
 90
       50
102
RTVSPost2010PropOp48
 70
     1
102
RTVSPost2010Prop49
280
     0
102
RTVSPost2010PropOp49
 70
     1
102
RTVSPost2010Prop50
 90
       50
102
RTVSPost2010PropOp50
 70
     1
102
RTVSPost2010Prop51ColorIndex
 90
      256
102
RTVSPost2010Prop51ColorRGB
 90
-16777216
102
RTVSPost2010PropOp51
 70
     0
102
RTVSPost2010Prop52
140
1.0
102
RTVSPost2010PropOp52
 70
     0
102
RTVSPost2010Prop53
 90
        2
102
RTVSPost2010PropOp53
 70
     1
102
RTVSPost2010Prop54
  1
strokes_ogs.tif
102
RTVSPost2010PropOp54
 70
     1
102
RTVSPost2010Prop55
280
     0
102
RTVSPost2010PropOp55
 70
     1
102
RTVSPost2010Prop56
140
1.0
102
RTVSPost2010PropOp56
 70
     1
102
RTVSPost2010Prop57
140
1.0
102
RTVSPost2010PropOp57
 70
     1
102
RTVSPropertyOp0
 70
     1
102
RTVSPropertyOp1
 70
     1
102
RTVSPropertyOp2
 70
     1
102
RTVSPropertyOp3
 70
     1
102
RTVSPropertyOp4
 70
     1
102
RTVSPropertyOp5
 70
     1
102
RTVSPropertyOp6
 70
     1
102
RTVSPropertyOp7
 70
     1
102
RTVSPropertyOp8
 70
     1
102
RTVSPropertyOp9
 70
     1
102
RTVSPropertyOp10
 70
     1
102
RTVSPropertyOp11
 70
     1
102
RTVSPropertyOp12
 70
     1
102
RTVSPropertyOp13
 70
     1
102
RTVSPropertyOp14
 70
     1
102
RTVSPropertyOp15
 70
     1
102
RTVSPropertyOp16
 70
     1
102
RTVSPropertyOp17
 70
     1
102
RTVSPropertyOp18
 70
     1
102
RTVSPropertyOp19
 70
     1
102
RTVSPropertyOp20
 70
     1
102
RTVSPropertyOp21
 70
     1
102
RTVSPropertyOp22
 70
     1
102
RTVSPropertyOp23
 70
     1
102
RTVSPropertyOp24
 70
     1
102
RTVSPropertyOp25
 70
     1
102
RTVSPropertyOp26
 70
     1
102
RTVSPropertyOp27
 70
     1
102
RTVSPropertyOp28
 70
     1
102
RTVSPropertyOp29
 70
     1
102
RTVSPropertyOp30
 70
     1
102
RTVSPropertyOp31
 70
     1
102
RTVSPropertyOp32
 70
     1
102
RTVSPropertyOp33
 70
     1
102
RTVSPropertyOp34
 70
     1
102
RTVSPropertyOp35
 70
     1
102
RTVSPropertyOp36
 70
     1
102
RTVSPropertyOp37
 70
     1
102
RTVSPropertyOp38
 70
     1
102
RTVSPropertyOp39
 70
     1
102
RTVSPropertyOp40
 70
     1
102
RTVSPropertyOp41
 70
     1
102
RTVSPropertyOp42
 70
     1
102
RTVSPropertyOp43
 70
     1
102
RTVSPropertyOp44
 70
     1
102
RTVSPropertyOp45
 70
     1
102
RTVSPropertyOp46
 70
     1
102
RTVSPropertyOp47
 70
     1
102
RTVSPropertyOp48
 70
     1
102
RTVSPropertyOp49
 70
     1
102
RTVSPropertyOp50
 70
     1
102
RTVSPropertyOp51
 70
     0
102
RTVSPropertyOp52
 70
     0
102
RTVSPropertyOp53
 70
     1
102
RTVSPropertyOp54
 70
     1
102
RTVSPropertyOp55
 70
     1
102
RTVSPropertyOp56
 70
     1
102
RTVSPropertyOp57
 70
     1
102
RTVSPropertyOp58
 70
     1
102
RTVSPropertyOp59
 70
     1
102
RTVSPropertyOp60
 70
     1
102
RTVSPropertyOp61
 70
     1
102
RTVSPropertyOp62
 70
     1
  0
XRECORD
  5
2A5
102
{ACAD_REACTORS
330
2A4
102
}
330
2A4
100
AcDbXrecord
280
     1
102
RTVSPost2010Prop28
280
     0
102
RTVSPost2010PropOp28
 70
     1
102
RTVSPost2010Prop29
280
     1
102
RTVSPost2010PropOp29
 70
     1
102
RTVSPost2010Prop30
280
     1
102
RTVSPost2010PropOp30
 70
     1
102
RTVSPost2010Prop31
280
     0
102
RTVSPost2010PropOp31
 70
     1
102
RTVSPost2010Prop32
280
     0
102
RTVSPost2010PropOp32
 70
     1
102
RTVSPost2010Prop33
280
     0
102
RTVSPost2010PropOp33
 70
     1
102
RTVSPost2010Prop34
280
     0
102
RTVSPost2010PropOp34
 70
     1
102
RTVSPost2010Prop35
280
     0
102
RTVSPost2010PropOp35
 70
     1
102
RTVSPost2010Prop36
280
     0
102
RTVSPost2010PropOp36
 70
     1
102
RTVSPost2010Prop37
 90
       50
102
RTVSPost2010PropOp37
 70
     1
102
RTVSPost2010Prop38
140
0.0
102
RTVSPost2010PropOp38
 70
     1
102
RTVSPost2010Prop39
140
1.0
102
RTVSPost2010PropOp39
 70
     1
102
RTVSPost2010Prop40
 90
        0
102
RTVSPost2010PropOp40
 70
     1
102
RTVSPost2010Prop41ColorIndex
 90
       18
102
RTVSPost2010Prop41ColorRGB
 90
        0
102
RTVSPost2010PropOp41
 70
     1
102
RTVSPost2010Prop42
 90
       50
102
RTVSPost2010PropOp42
 70
     1
102
RTVSPost2010Prop43
 90
        3
102
RTVSPost2010PropOp43
 70
     1
102
RTVSPost2010Prop44ColorIndex
 90
        5
102
RTVSPost2010Prop44ColorRGB
 90
      255
102
RTVSPost2010PropOp44
 70
     1
102
RTVSPost2010Prop45
280
     0
102
RTVSPost2010PropOp45
 70
     1
102
RTVSPost2010Prop46
 90
       50
102
RTVSPost2010PropOp46
 70
     1
102
RTVSPost2010Prop47
 90
       50
102
RTVSPost2010PropOp47
 70
     1
102
RTVSPost2010Prop48
 90
       50
102
RTVSPost2010PropOp48
 70
     1
102
RTVSPost2010Prop49
280
     0
102
RTVSPost2010PropOp49
 70
     1
102
RTVSPost2010Prop50
 90
       50
102
RTVSPost2010PropOp50
 70
     1
102
RTVSPost2010Prop51ColorIndex
 90
      256
102
RTVSPost2010Prop51ColorRGB
 90
-16777216
102
RTVSPost2010PropOp51
 70
     0
102
RTVSPost2010Prop52
140
1.0
102
RTVSPost2010PropOp52
 70
     0
102
RTVSPost2010Prop53
 90
        2
102
RTVSPost2010PropOp53
 70
     1
102
RTVSPost2010Prop54
  1
strokes_ogs.tif
102
RTVSPost2010PropOp54
 70
     1
102
RTVSPost2010Prop55
280
     0
102
RTVSPost2010PropOp55
 70
     1
102
RTVSPost2010Prop56
140
1.0
102
RTVSPost2010PropOp56
 70
     1
102
RTVSPost2010Prop57
140
1.0
102
RTVSPost2010PropOp57
 70
     1
102
RTVSPropertyOp0
 70
     1
102
RTVSPropertyOp1
 70
     1
102
RTVSPropertyOp2
 70
     1
102
RTVSPropertyOp3
 70
     1
102
RTVSPropertyOp4
 70
     1
102
RTVSPropertyOp5
 70
     1
102
RTVSPropertyOp6
 70
     1
102
RTVSPropertyOp7
 70
     1
102
RTVSPropertyOp8
 70
     1
102
RTVSPropertyOp9
 70
     1
102
RTVSPropertyOp10
 70
     1
102
RTVSPropertyOp11
 70
     1
102
RTVSPropertyOp12
 70
     1
102
RTVSPropertyOp13
 70
     1
102
RTVSPropertyOp14
 70
     1
102
RTVSPropertyOp15
 70
     1
102
RTVSPropertyOp16
 70
     1
102
RTVSPropertyOp17
 70
     1
102
RTVSPropertyOp18
 70
     1
102
RTVSPropertyOp19
 70
     1
102
RTVSPropertyOp20
 70
     1
102
RTVSPropertyOp21
 70
     1
102
RTVSPropertyOp22
 70
     1
102
RTVSPropertyOp23
 70
     1
102
RTVSPropertyOp24
 70
     1
102
RTVSPropertyOp25
 70
     1
102
RTVSPropertyOp26
 70
     1
102
RTVSPropertyOp27
 70
     1
102
RTVSPropertyOp28
 70
     1
102
RTVSPropertyOp29
 70
     1
102
RTVSPropertyOp30
 70
     1
102
RTVSPropertyOp31
 70
     1
102
RTVSPropertyOp32
 70
     1
102
RTVSPropertyOp33
 70
     1
102
RTVSPropertyOp34
 70
     1
102
RTVSPropertyOp35
 70
     1
102
RTVSPropertyOp36
 70
     1
102
RTVSPropertyOp37
 70
     1
102
RTVSPropertyOp38
 70
     1
102
RTVSPropertyOp39
 70
     1
102
RTVSPropertyOp40
 70
     1
102
RTVSPropertyOp41
 70
     1
102
RTVSPropertyOp42
 70
     1
102
RTVSPropertyOp43
 70
     1
102
RTVSPropertyOp44
 70
     1
102
RTVSPropertyOp45
 70
     1
102
RTVSPropertyOp46
 70
     1
102
RTVSPropertyOp47
 70
     1
102
RTVSPropertyOp48
 70
     1
102
RTVSPropertyOp49
 70
     1
102
RTVSPropertyOp50
 70
     1
102
RTVSPropertyOp51
 70
     0
102
RTVSPropertyOp52
 70
     0
102
RTVSPropertyOp53
 70
     1
102
RTVSPropertyOp54
 70
     1
102
RTVSPropertyOp55
 70
     1
102
RTVSPropertyOp56
 70
     1
102
RTVSPropertyOp57
 70
     1
102
RTVSPropertyOp58
 70
     1
102
RTVSPropertyOp59
 70
     1
102
RTVSPropertyOp60
 70
     1
102
RTVSPropertyOp61
 70
     1
102
RTVSPropertyOp62
 70
     1
  0
XRECORD
  5
297
102
{ACAD_REACTORS
330
296
102
}
330
296
100
AcDbXrecord
280
     1
102
RTVSPost2010Prop28
280
     0
102
RTVSPost2010PropOp28
 70
     1
102
RTVSPost2010Prop29
280
     1
102
RTVSPost2010PropOp29
 70
     1
102
RTVSPost2010Prop30
280
     1
102
RTVSPost2010PropOp30
 70
     1
102
RTVSPost2010Prop31
280
     0
102
RTVSPost2010PropOp31
 70
     1
102
RTVSPost2010Prop32
280
     0
102
RTVSPost2010PropOp32
 70
     1
102
RTVSPost2010Prop33
280
     0
102
RTVSPost2010PropOp33
 70
     1
102
RTVSPost2010Prop34
280
     0
102
RTVSPost2010PropOp34
 70
     1
102
RTVSPost2010Prop35
280
     0
102
RTVSPost2010PropOp35
 70
     1
102
RTVSPost2010Prop36
280
     0
102
RTVSPost2010PropOp36
 70
     1
102
RTVSPost2010Prop37
 90
       50
102
RTVSPost2010PropOp37
 70
     1
102
RTVSPost2010Prop38
140
0.0
102
RTVSPost2010PropOp38
 70
     1
102
RTVSPost2010Prop39
140
1.0
102
RTVSPost2010PropOp39
 70
     1
102
RTVSPost2010Prop40
 90
        0
102
RTVSPost2010PropOp40
 70
     1
102
RTVSPost2010Prop41ColorIndex
 90
       18
102
RTVSPost2010Prop41ColorRGB
 90
        0
102
RTVSPost2010PropOp41
 70
     1
102
RTVSPost2010Prop42
 90
       50
102
RTVSPost2010PropOp42
 70
     1
102
RTVSPost2010Prop43
 90
        3
102
RTVSPost2010PropOp43
 70
     1
102
RTVSPost2010Prop44ColorIndex
 90
        5
102
RTVSPost2010Prop44ColorRGB
 90
      255
102
RTVSPost2010PropOp44
 70
     1
102
RTVSPost2010Prop45
280
     0
102
RTVSPost2010PropOp45
 70
     1
102
RTVSPost2010Prop46
 90
       50
102
RTVSPost2010PropOp46
 70
     1
102
RTVSPost2010Prop47
 90
       50
102
RTVSPost2010PropOp47
 70
     1
102
RTVSPost2010Prop48
 90
       50
102
RTVSPost2010PropOp48
 70
     1
102
RTVSPost2010Prop49
280
     0
102
RTVSPost2010PropOp49
 70
     1
102
RTVSPost2010Prop50
 90
       50
102
RTVSPost2010PropOp50
 70
     1
102
RTVSPost2010Prop51ColorIndex
 90
      256
102
RTVSPost2010Prop51ColorRGB
 90
-16777216
102
RTVSPost2010PropOp51
 70
     0
102
RTVSPost2010Prop52
140
1.0
102
RTVSPost2010PropOp52
 70
     0
102
RTVSPost2010Prop53
 90
        2
102
RTVSPost2010PropOp53
 70
     1
102
RTVSPost2010Prop54
  1
strokes_ogs.tif
102
RTVSPost2010PropOp54
 70
     1
102
RTVSPost2010Prop55
280
     0
102
RTVSPost2010PropOp55
 70
     1
102
RTVSPost2010Prop56
140
1.0
102
RTVSPost2010PropOp56
 70
     1
102
RTVSPost2010Prop57
140
1.0
102
RTVSPost2010PropOp57
 70
     1
102
RTVSPropertyOp0
 70
     1
102
RTVSPropertyOp1
 70
     1
102
RTVSPropertyOp2
 70
     1
102
RTVSPropertyOp3
 70
     1
102
RTVSPropertyOp4
 70
     1
102
RTVSPropertyOp5
 70
     1
102
RTVSPropertyOp6
 70
     1
102
RTVSPropertyOp7
 70
     1
102
RTVSPropertyOp8
 70
     1
102
RTVSPropertyOp9
 70
     1
102
RTVSPropertyOp10
 70
     1
102
RTVSPropertyOp11
 70
     1
102
RTVSPropertyOp12
 70
     1
102
RTVSPropertyOp13
 70
     1
102
RTVSPropertyOp14
 70
     1
102
RTVSPropertyOp15
 70
     1
102
RTVSPropertyOp16
 70
     1
102
RTVSPropertyOp17
 70
     1
102
RTVSPropertyOp18
 70
     1
102
RTVSPropertyOp19
 70
     1
102
RTVSPropertyOp20
 70
     1
102
RTVSPropertyOp21
 70
     1
102
RTVSPropertyOp22
 70
     1
102
RTVSPropertyOp23
 70
     1
102
RTVSPropertyOp24
 70
     1
102
RTVSPropertyOp25
 70
     1
102
RTVSPropertyOp26
 70
     1
102
RTVSPropertyOp27
 70
     1
102
RTVSPropertyOp28
 70
     1
102
RTVSPropertyOp29
 70
     1
102
RTVSPropertyOp30
 70
     1
102
RTVSPropertyOp31
 70
     1
102
RTVSPropertyOp32
 70
     1
102
RTVSPropertyOp33
 70
     1
102
RTVSPropertyOp34
 70
     1
102
RTVSPropertyOp35
 70
     1
102
RTVSPropertyOp36
 70
     1
102
RTVSPropertyOp37
 70
     1
102
RTVSPropertyOp38
 70
     1
102
RTVSPropertyOp39
 70
     1
102
RTVSPropertyOp40
 70
     1
102
RTVSPropertyOp41
 70
     1
102
RTVSPropertyOp42
 70
     1
102
RTVSPropertyOp43
 70
     1
102
RTVSPropertyOp44
 70
     1
102
RTVSPropertyOp45
 70
     1
102
RTVSPropertyOp46
 70
     1
102
RTVSPropertyOp47
 70
     1
102
RTVSPropertyOp48
 70
     1
102
RTVSPropertyOp49
 70
     1
102
RTVSPropertyOp50
 70
     1
102
RTVSPropertyOp51
 70
     0
102
RTVSPropertyOp52
 70
     0
102
RTVSPropertyOp53
 70
     1
102
RTVSPropertyOp54
 70
     1
102
RTVSPropertyOp55
 70
     1
102
RTVSPropertyOp56
 70
     1
102
RTVSPropertyOp57
 70
     1
102
RTVSPropertyOp58
 70
     1
102
RTVSPropertyOp59
 70
     1
102
RTVSPropertyOp60
 70
     1
102
RTVSPropertyOp61
 70
     1
102
RTVSPropertyOp62
 70
     1
  0
XRECORD
  5
29B
102
{ACAD_REACTORS
330
29A
102
}
330
29A
100
AcDbXrecord
280
     1
102
RTVSPost2010Prop28
280
     0
102
RTVSPost2010PropOp28
 70
     1
102
RTVSPost2010Prop29
280
     1
102
RTVSPost2010PropOp29
 70
     1
102
RTVSPost2010Prop30
280
     1
102
RTVSPost2010PropOp30
 70
     1
102
RTVSPost2010Prop31
280
     0
102
RTVSPost2010PropOp31
 70
     1
102
RTVSPost2010Prop32
280
     0
102
RTVSPost2010PropOp32
 70
     1
102
RTVSPost2010Prop33
280
     0
102
RTVSPost2010PropOp33
 70
     1
102
RTVSPost2010Prop34
280
     0
102
RTVSPost2010PropOp34
 70
     1
102
RTVSPost2010Prop35
280
     0
102
RTVSPost2010PropOp35
 70
     1
102
RTVSPost2010Prop36
280
     0
102
RTVSPost2010PropOp36
 70
     1
102
RTVSPost2010Prop37
 90
       50
102
RTVSPost2010PropOp37
 70
     1
102
RTVSPost2010Prop38
140
0.0
102
RTVSPost2010PropOp38
 70
     1
102
RTVSPost2010Prop39
140
1.0
102
RTVSPost2010PropOp39
 70
     1
102
RTVSPost2010Prop40
 90
        0
102
RTVSPost2010PropOp40
 70
     1
102
RTVSPost2010Prop41ColorIndex
 90
       18
102
RTVSPost2010Prop41ColorRGB
 90
        0
102
RTVSPost2010PropOp41
 70
     1
102
RTVSPost2010Prop42
 90
       50
102
RTVSPost2010PropOp42
 70
     1
102
RTVSPost2010Prop43
 90
        3
102
RTVSPost2010PropOp43
 70
     1
102
RTVSPost2010Prop44ColorIndex
 90
        5
102
RTVSPost2010Prop44ColorRGB
 90
      255
102
RTVSPost2010PropOp44
 70
     1
102
RTVSPost2010Prop45
280
     0
102
RTVSPost2010PropOp45
 70
     1
102
RTVSPost2010Prop46
 90
       50
102
RTVSPost2010PropOp46
 70
     1
102
RTVSPost2010Prop47
 90
       50
102
RTVSPost2010PropOp47
 70
     1
102
RTVSPost2010Prop48
 90
       50
102
RTVSPost2010PropOp48
 70
     1
102
RTVSPost2010Prop49
280
     0
102
RTVSPost2010PropOp49
 70
     1
102
RTVSPost2010Prop50
 90
       50
102
RTVSPost2010PropOp50
 70
     1
102
RTVSPost2010Prop51ColorIndex
 90
      256
102
RTVSPost2010Prop51ColorRGB
 90
-16777216
102
RTVSPost2010PropOp51
 70
     0
102
RTVSPost2010Prop52
140
1.0
102
RTVSPost2010PropOp52
 70
     0
102
RTVSPost2010Prop53
 90
        2
102
RTVSPost2010PropOp53
 70
     1
102
RTVSPost2010Prop54
  1
strokes_ogs.tif
102
RTVSPost2010PropOp54
 70
     1
102
RTVSPost2010Prop55
280
     0
102
RTVSPost2010PropOp55
 70
     1
102
RTVSPost2010Prop56
140
1.0
102
RTVSPost2010PropOp56
 70
     1
102
RTVSPost2010Prop57
140
1.0
102
RTVSPost2010PropOp57
 70
     1
102
RTVSPropertyOp0
 70
     1
102
RTVSPropertyOp1
 70
     1
102
RTVSPropertyOp2
 70
     1
102
RTVSPropertyOp3
 70
     1
102
RTVSPropertyOp4
 70
     1
102
RTVSPropertyOp5
 70
     1
102
RTVSPropertyOp6
 70
     1
102
RTVSPropertyOp7
 70
     1
102
RTVSPropertyOp8
 70
     1
102
RTVSPropertyOp9
 70
     1
102
RTVSPropertyOp10
 70
     1
102
RTVSPropertyOp11
 70
     1
102
RTVSPropertyOp12
 70
     1
102
RTVSPropertyOp13
 70
     1
102
RTVSPropertyOp14
 70
     1
102
RTVSPropertyOp15
 70
     1
102
RTVSPropertyOp16
 70
     1
102
RTVSPropertyOp17
 70
     1
102
RTVSPropertyOp18
 70
     1
102
RTVSPropertyOp19
 70
     1
102
RTVSPropertyOp20
 70
     1
102
RTVSPropertyOp21
 70
     1
102
RTVSPropertyOp22
 70
     1
102
RTVSPropertyOp23
 70
     1
102
RTVSPropertyOp24
 70
     1
102
RTVSPropertyOp25
 70
     1
102
RTVSPropertyOp26
 70
     1
102
RTVSPropertyOp27
 70
     1
102
RTVSPropertyOp28
 70
     1
102
RTVSPropertyOp29
 70
     1
102
RTVSPropertyOp30
 70
     1
102
RTVSPropertyOp31
 70
     1
102
RTVSPropertyOp32
 70
     1
102
RTVSPropertyOp33
 70
     1
102
RTVSPropertyOp34
 70
     1
102
RTVSPropertyOp35
 70
     1
102
RTVSPropertyOp36
 70
     1
102
RTVSPropertyOp37
 70
     1
102
RTVSPropertyOp38
 70
     1
102
RTVSPropertyOp39
 70
     1
102
RTVSPropertyOp40
 70
     1
102
RTVSPropertyOp41
 70
     1
102
RTVSPropertyOp42
 70
     1
102
RTVSPropertyOp43
 70
     1
102
RTVSPropertyOp44
 70
     1
102
RTVSPropertyOp45
 70
     1
102
RTVSPropertyOp46
 70
     1
102
RTVSPropertyOp47
 70
     1
102
RTVSPropertyOp48
 70
     1
102
RTVSPropertyOp49
 70
     1
102
RTVSPropertyOp50
 70
     1
102
RTVSPropertyOp51
 70
     0
102
RTVSPropertyOp52
 70
     0
102
RTVSPropertyOp53
 70
     1
102
RTVSPropertyOp54
 70
     1
102
RTVSPropertyOp55
 70
     1
102
RTVSPropertyOp56
 70
     1
102
RTVSPropertyOp57
 70
     1
102
RTVSPropertyOp58
 70
     1
102
RTVSPropertyOp59
 70
     1
102
RTVSPropertyOp60
 70
     1
102
RTVSPropertyOp61
 70
     1
102
RTVSPropertyOp62
 70
     1
  0
XRECORD
  5
2AB
102
{ACAD_REACTORS
330
2AA
102
}
330
2AA
100
AcDbXrecord
280
     1
102
RTVSPost2010Prop28
280
     0
102
RTVSPost2010PropOp28
 70
     1
102
RTVSPost2010Prop29
280
     1
102
RTVSPost2010PropOp29
 70
     1
102
RTVSPost2010Prop30
280
     1
102
RTVSPost2010PropOp30
 70
     1
102
RTVSPost2010Prop31
280
     0
102
RTVSPost2010PropOp31
 70
     1
102
RTVSPost2010Prop32
280
     0
102
RTVSPost2010PropOp32
 70
     1
102
RTVSPost2010Prop33
280
     0
102
RTVSPost2010PropOp33
 70
     1
102
RTVSPost2010Prop34
280
     0
102
RTVSPost2010PropOp34
 70
     1
102
RTVSPost2010Prop35
280
     0
102
RTVSPost2010PropOp35
 70
     1
102
RTVSPost2010Prop36
280
     0
102
RTVSPost2010PropOp36
 70
     1
102
RTVSPost2010Prop37
 90
       50
102
RTVSPost2010PropOp37
 70
     1
102
RTVSPost2010Prop38
140
0.0
102
RTVSPost2010PropOp38
 70
     1
102
RTVSPost2010Prop39
140
1.0
102
RTVSPost2010PropOp39
 70
     1
102
RTVSPost2010Prop40
 90
        0
102
RTVSPost2010PropOp40
 70
     1
102
RTVSPost2010Prop41ColorIndex
 90
       18
102
RTVSPost2010Prop41ColorRGB
 90
        0
102
RTVSPost2010PropOp41
 70
     1
102
RTVSPost2010Prop42
 90
       50
102
RTVSPost2010PropOp42
 70
     1
102
RTVSPost2010Prop43
 90
        3
102
RTVSPost2010PropOp43
 70
     1
102
RTVSPost2010Prop44ColorIndex
 90
        5
102
RTVSPost2010Prop44ColorRGB
 90
      255
102
RTVSPost2010PropOp44
 70
     1
102
RTVSPost2010Prop45
280
     0
102
RTVSPost2010PropOp45
 70
     1
102
RTVSPost2010Prop46
 90
       50
102
RTVSPost2010PropOp46
 70
     1
102
RTVSPost2010Prop47
 90
       50
102
RTVSPost2010PropOp47
 70
     1
102
RTVSPost2010Prop48
 90
       50
102
RTVSPost2010PropOp48
 70
     1
102
RTVSPost2010Prop49
280
     0
102
RTVSPost2010PropOp49
 70
     1
102
RTVSPost2010Prop50
 90
       50
102
RTVSPost2010PropOp50
 70
     1
102
RTVSPost2010Prop51ColorIndex
 90
      256
102
RTVSPost2010Prop51ColorRGB
 90
-16777216
102
RTVSPost2010PropOp51
 70
     0
102
RTVSPost2010Prop52
140
1.0
102
RTVSPost2010PropOp52
 70
     0
102
RTVSPost2010Prop53
 90
        2
102
RTVSPost2010PropOp53
 70
     1
102
RTVSPost2010Prop54
  1
strokes_ogs.tif
102
RTVSPost2010PropOp54
 70
     1
102
RTVSPost2010Prop55
280
     0
102
RTVSPost2010PropOp55
 70
     1
102
RTVSPost2010Prop56
140
1.0
102
RTVSPost2010PropOp56
 70
     1
102
RTVSPost2010Prop57
140
1.0
102
RTVSPost2010PropOp57
 70
     1
102
RTVSPropertyOp0
 70
     0
102
RTVSPropertyOp1
 70
     0
102
RTVSPropertyOp2
 70
     0
102
RTVSPropertyOp3
 70
     0
102
RTVSPropertyOp4
 70
     0
102
RTVSPropertyOp5
 70
     0
102
RTVSPropertyOp6
 70
     0
102
RTVSPropertyOp7
 70
     0
102
RTVSPropertyOp8
 70
     0
102
RTVSPropertyOp9
 70
     0
102
RTVSPropertyOp10
 70
     0
102
RTVSPropertyOp11
 70
     0
102
RTVSPropertyOp12
 70
     0
102
RTVSPropertyOp13
 70
     0
102
RTVSPropertyOp14
 70
     2
102
RTVSPropertyOp15
 70
     0
102
RTVSPropertyOp16
 70
     0
102
RTVSPropertyOp17
 70
     0
102
RTVSPropertyOp18
 70
     0
102
RTVSPropertyOp19
 70
     0
102
RTVSPropertyOp20
 70
     0
102
RTVSPropertyOp21
 70
     0
102
RTVSPropertyOp22
 70
     0
102
RTVSPropertyOp23
 70
     0
102
RTVSPropertyOp24
 70
     0
102
RTVSPropertyOp25
 70
     0
102
RTVSPropertyOp26
 70
     0
102
RTVSPropertyOp27
 70
     0
102
RTVSPropertyOp28
 70
     1
102
RTVSPropertyOp29
 70
     1
102
RTVSPropertyOp30
 70
     1
102
RTVSPropertyOp31
 70
     1
102
RTVSPropertyOp32
 70
     1
102
RTVSPropertyOp33
 70
     1
102
RTVSPropertyOp34
 70
     1
102
RTVSPropertyOp35
 70
     1
102
RTVSPropertyOp36
 70
     1
102
RTVSPropertyOp37
 70
     1
102
RTVSPropertyOp38
 70
     1
102
RTVSPropertyOp39
 70
     1
102
RTVSPropertyOp40
 70
     1
102
RTVSPropertyOp41
 70
     1
102
RTVSPropertyOp42
 70
     1
102
RTVSPropertyOp43
 70
     1
102
RTVSPropertyOp44
 70
     1
102
RTVSPropertyOp45
 70
     1
102
RTVSPropertyOp46
 70
     1
102
RTVSPropertyOp47
 70
     1
102
RTVSPropertyOp48
 70
     1
102
RTVSPropertyOp49
 70
     1
102
RTVSPropertyOp50
 70
     1
102
RTVSPropertyOp51
 70
     0
102
RTVSPropertyOp52
 70
     0
102
RTVSPropertyOp53
 70
     1
102
RTVSPropertyOp54
 70
     1
102
RTVSPropertyOp55
 70
     1
102
RTVSPropertyOp56
 70
     1
102
RTVSPropertyOp57
 70
     1
102
RTVSPropertyOp58
 70
     1
102
RTVSPropertyOp59
 70
     1
102
RTVSPropertyOp60
 70
     1
102
RTVSPropertyOp61
 70
     1
102
RTVSPropertyOp62
 70
     1
  0
XRECORD
  5
2A3
102
{ACAD_REACTORS
330
2A2
102
}
330
2A2
100
AcDbXrecord
280
     1
102
RTVSPost2010Prop28
280
     0
102
RTVSPost2010PropOp28
 70
     1
102
RTVSPost2010Prop29
280
     1
102
RTVSPost2010PropOp29
 70
     1
102
RTVSPost2010Prop30
280
     1
102
RTVSPost2010PropOp30
 70
     1
102
RTVSPost2010Prop31
280
     0
102
RTVSPost2010PropOp31
 70
     1
102
RTVSPost2010Prop32
280
     0
102
RTVSPost2010PropOp32
 70
     1
102
RTVSPost2010Prop33
280
     0
102
RTVSPost2010PropOp33
 70
     1
102
RTVSPost2010Prop34
280
     0
102
RTVSPost2010PropOp34
 70
     1
102
RTVSPost2010Prop35
280
     0
102
RTVSPost2010PropOp35
 70
     1
102
RTVSPost2010Prop36
280
     0
102
RTVSPost2010PropOp36
 70
     1
102
RTVSPost2010Prop37
 90
       50
102
RTVSPost2010PropOp37
 70
     1
102
RTVSPost2010Prop38
140
0.0
102
RTVSPost2010PropOp38
 70
     1
102
RTVSPost2010Prop39
140
1.0
102
RTVSPost2010PropOp39
 70
     1
102
RTVSPost2010Prop40
 90
        0
102
RTVSPost2010PropOp40
 70
     1
102
RTVSPost2010Prop41ColorIndex
 90
       18
102
RTVSPost2010Prop41ColorRGB
 90
        0
102
RTVSPost2010PropOp41
 70
     1
102
RTVSPost2010Prop42
 90
       50
102
RTVSPost2010PropOp42
 70
     1
102
RTVSPost2010Prop43
 90
        3
102
RTVSPost2010PropOp43
 70
     1
102
RTVSPost2010Prop44ColorIndex
 90
        5
102
RTVSPost2010Prop44ColorRGB
 90
      255
102
RTVSPost2010PropOp44
 70
     1
102
RTVSPost2010Prop45
280
     0
102
RTVSPost2010PropOp45
 70
     1
102
RTVSPost2010Prop46
 90
       50
102
RTVSPost2010PropOp46
 70
     1
102
RTVSPost2010Prop47
 90
       50
102
RTVSPost2010PropOp47
 70
     1
102
RTVSPost2010Prop48
 90
       50
102
RTVSPost2010PropOp48
 70
     1
102
RTVSPost2010Prop49
280
     0
102
RTVSPost2010PropOp49
 70
     1
102
RTVSPost2010Prop50
 90
       50
102
RTVSPost2010PropOp50
 70
     1
102
RTVSPost2010Prop51ColorIndex
 90
      256
102
RTVSPost2010Prop51ColorRGB
 90
-16777216
102
RTVSPost2010PropOp51
 70
     0
102
RTVSPost2010Prop52
140
1.0
102
RTVSPost2010PropOp52
 70
     0
102
RTVSPost2010Prop53
 90
        2
102
RTVSPost2010PropOp53
 70
     1
102
RTVSPost2010Prop54
  1
strokes_ogs.tif
102
RTVSPost2010PropOp54
 70
     1
102
RTVSPost2010Prop55
280
     0
102
RTVSPost2010PropOp55
 70
     1
102
RTVSPost2010Prop56
140
1.0
102
RTVSPost2010PropOp56
 70
     1
102
RTVSPost2010Prop57
140
1.0
102
RTVSPost2010PropOp57
 70
     1
102
RTVSPropertyOp0
 70
     1
102
RTVSPropertyOp1
 70
     1
102
RTVSPropertyOp2
 70
     1
102
RTVSPropertyOp3
 70
     1
102
RTVSPropertyOp4
 70
     1
102
RTVSPropertyOp5
 70
     1
102
RTVSPropertyOp6
 70
     1
102
RTVSPropertyOp7
 70
     1
102
RTVSPropertyOp8
 70
     1
102
RTVSPropertyOp9
 70
     1
102
RTVSPropertyOp10
 70
     1
102
RTVSPropertyOp11
 70
     1
102
RTVSPropertyOp12
 70
     1
102
RTVSPropertyOp13
 70
     1
102
RTVSPropertyOp14
 70
     1
102
RTVSPropertyOp15
 70
     1
102
RTVSPropertyOp16
 70
     1
102
RTVSPropertyOp17
 70
     1
102
RTVSPropertyOp18
 70
     1
102
RTVSPropertyOp19
 70
     1
102
RTVSPropertyOp20
 70
     1
102
RTVSPropertyOp21
 70
     1
102
RTVSPropertyOp22
 70
     1
102
RTVSPropertyOp23
 70
     1
102
RTVSPropertyOp24
 70
     1
102
RTVSPropertyOp25
 70
     1
102
RTVSPropertyOp26
 70
     1
102
RTVSPropertyOp27
 70
     1
102
RTVSPropertyOp28
 70
     1
102
RTVSPropertyOp29
 70
     1
102
RTVSPropertyOp30
 70
     1
102
RTVSPropertyOp31
 70
     1
102
RTVSPropertyOp32
 70
     1
102
RTVSPropertyOp33
 70
     1
102
RTVSPropertyOp34
 70
     1
102
RTVSPropertyOp35
 70
     1
102
RTVSPropertyOp36
 70
     1
102
RTVSPropertyOp37
 70
     1
102
RTVSPropertyOp38
 70
     1
102
RTVSPropertyOp39
 70
     1
102
RTVSPropertyOp40
 70
     1
102
RTVSPropertyOp41
 70
     1
102
RTVSPropertyOp42
 70
     1
102
RTVSPropertyOp43
 70
     1
102
RTVSPropertyOp44
 70
     1
102
RTVSPropertyOp45
 70
     1
102
RTVSPropertyOp46
 70
     1
102
RTVSPropertyOp47
 70
     1
102
RTVSPropertyOp48
 70
     1
102
RTVSPropertyOp49
 70
     1
102
RTVSPropertyOp50
 70
     1
102
RTVSPropertyOp51
 70
     0
102
RTVSPropertyOp52
 70
     0
102
RTVSPropertyOp53
 70
     1
102
RTVSPropertyOp54
 70
     1
102
RTVSPropertyOp55
 70
     1
102
RTVSPropertyOp56
 70
     1
102
RTVSPropertyOp57
 70
     1
102
RTVSPropertyOp58
 70
     1
102
RTVSPropertyOp59
 70
     1
102
RTVSPropertyOp60
 70
     1
102
RTVSPropertyOp61
 70
     1
102
RTVSPropertyOp62
 70
     1
  0
XRECORD
  5
287
102
{ACAD_REACTORS
330
286
102
}
330
286
100
AcDbXrecord
280
     1
102
RTVSPost2010Prop28
280
     0
102
RTVSPost2010PropOp28
 70
     1
102
RTVSPost2010Prop29
280
     1
102
RTVSPost2010PropOp29
 70
     1
102
RTVSPost2010Prop30
280
     1
102
RTVSPost2010PropOp30
 70
     1
102
RTVSPost2010Prop31
280
     0
102
RTVSPost2010PropOp31
 70
     1
102
RTVSPost2010Prop32
280
     0
102
RTVSPost2010PropOp32
 70
     1
102
RTVSPost2010Prop33
280
     0
102
RTVSPost2010PropOp33
 70
     1
102
RTVSPost2010Prop34
280
     0
102
RTVSPost2010PropOp34
 70
     1
102
RTVSPost2010Prop35
280
     0
102
RTVSPost2010PropOp35
 70
     1
102
RTVSPost2010Prop36
280
     0
102
RTVSPost2010PropOp36
 70
     1
102
RTVSPost2010Prop37
 90
       50
102
RTVSPost2010PropOp37
 70
     1
102
RTVSPost2010Prop38
140
0.0
102
RTVSPost2010PropOp38
 70
     1
102
RTVSPost2010Prop39
140
1.0
102
RTVSPost2010PropOp39
 70
     1
102
RTVSPost2010Prop40
 90
        0
102
RTVSPost2010PropOp40
 70
     1
102
RTVSPost2010Prop41ColorIndex
 90
       18
102
RTVSPost2010Prop41ColorRGB
 90
        0
102
RTVSPost2010PropOp41
 70
     1
102
RTVSPost2010Prop42
 90
       50
102
RTVSPost2010PropOp42
 70
     1
102
RTVSPost2010Prop43
 90
        3
102
RTVSPost2010PropOp43
 70
     1
102
RTVSPost2010Prop44ColorIndex
 90
        5
102
RTVSPost2010Prop44ColorRGB
 90
      255
102
RTVSPost2010PropOp44
 70
     1
102
RTVSPost2010Prop45
280
     0
102
RTVSPost2010PropOp45
 70
     1
102
RTVSPost2010Prop46
 90
       50
102
RTVSPost2010PropOp46
 70
     1
102
RTVSPost2010Prop47
 90
       50
102
RTVSPost2010PropOp47
 70
     1
102
RTVSPost2010Prop48
 90
       50
102
RTVSPost2010PropOp48
 70
     1
102
RTVSPost2010Prop49
280
     0
102
RTVSPost2010PropOp49
 70
     1
102
RTVSPost2010Prop50
 90
       50
102
RTVSPost2010PropOp50
 70
     1
102
RTVSPost2010Prop51ColorIndex
 90
      256
102
RTVSPost2010Prop51ColorRGB
 90
-16777216
102
RTVSPost2010PropOp51
 70
     0
102
RTVSPost2010Prop52
140
1.0
102
RTVSPost2010PropOp52
 70
     0
102
RTVSPost2010Prop53
 90
        2
102
RTVSPost2010PropOp53
 70
     1
102
RTVSPost2010Prop54
  1
strokes_ogs.tif
102
RTVSPost2010PropOp54
 70
     1
102
RTVSPost2010Prop55
280
     0
102
RTVSPost2010PropOp55
 70
     1
102
RTVSPost2010Prop56
140
1.0
102
RTVSPost2010PropOp56
 70
     1
102
RTVSPost2010Prop57
140
1.0
102
RTVSPost2010PropOp57
 70
     1
102
RTVSPropertyOp0
 70
     1
102
RTVSPropertyOp1
 70
     1
102
RTVSPropertyOp2
 70
     1
102
RTVSPropertyOp3
 70
     1
102
RTVSPropertyOp4
 70
     1
102
RTVSPropertyOp5
 70
     1
102
RTVSPropertyOp6
 70
     1
102
RTVSPropertyOp7
 70
     1
102
RTVSPropertyOp8
 70
     1
102
RTVSPropertyOp9
 70
     1
102
RTVSPropertyOp10
 70
     1
102
RTVSPropertyOp11
 70
     1
102
RTVSPropertyOp12
 70
     1
102
RTVSPropertyOp13
 70
     1
102
RTVSPropertyOp14
 70
     1
102
RTVSPropertyOp15
 70
     1
102
RTVSPropertyOp16
 70
     1
102
RTVSPropertyOp17
 70
     1
102
RTVSPropertyOp18
 70
     1
102
RTVSPropertyOp19
 70
     1
102
RTVSPropertyOp20
 70
     1
102
RTVSPropertyOp21
 70
     1
102
RTVSPropertyOp22
 70
     1
102
RTVSPropertyOp23
 70
     1
102
RTVSPropertyOp24
 70
     1
102
RTVSPropertyOp25
 70
     1
102
RTVSPropertyOp26
 70
     1
102
RTVSPropertyOp27
 70
     1
102
RTVSPropertyOp28
 70
     1
102
RTVSPropertyOp29
 70
     1
102
RTVSPropertyOp30
 70
     1
102
RTVSPropertyOp31
 70
     1
102
RTVSPropertyOp32
 70
     1
102
RTVSPropertyOp33
 70
     1
102
RTVSPropertyOp34
 70
     1
102
RTVSPropertyOp35
 70
     1
102
RTVSPropertyOp36
 70
     1
102
RTVSPropertyOp37
 70
     1
102
RTVSPropertyOp38
 70
     1
102
RTVSPropertyOp39
 70
     1
102
RTVSPropertyOp40
 70
     1
102
RTVSPropertyOp41
 70
     1
102
RTVSPropertyOp42
 70
     1
102
RTVSPropertyOp43
 70
     1
102
RTVSPropertyOp44
 70
     1
102
RTVSPropertyOp45
 70
     1
102
RTVSPropertyOp46
 70
     1
102
RTVSPropertyOp47
 70
     1
102
RTVSPropertyOp48
 70
     1
102
RTVSPropertyOp49
 70
     1
102
RTVSPropertyOp50
 70
     1
102
RTVSPropertyOp51
 70
     0
102
RTVSPropertyOp52
 70
     0
102
RTVSPropertyOp53
 70
     1
102
RTVSPropertyOp54
 70
     1
102
RTVSPropertyOp55
 70
     1
102
RTVSPropertyOp56
 70
     1
102
RTVSPropertyOp57
 70
     1
102
RTVSPropertyOp58
 70
     1
102
RTVSPropertyOp59
 70
     1
102
RTVSPropertyOp60
 70
     1
102
RTVSPropertyOp61
 70
     1
102
RTVSPropertyOp62
 70
     1
  0
XRECORD
  5
289
102
{ACAD_REACTORS
330
288
102
}
330
288
100
AcDbXrecord
280
     1
102
RTVSPost2010Prop28
280
     0
102
RTVSPost2010PropOp28
 70
     1
102
RTVSPost2010Prop29
280
     1
102
RTVSPost2010PropOp29
 70
     1
102
RTVSPost2010Prop30
280
     1
102
RTVSPost2010PropOp30
 70
     1
102
RTVSPost2010Prop31
280
     0
102
RTVSPost2010PropOp31
 70
     1
102
RTVSPost2010Prop32
280
     0
102
RTVSPost2010PropOp32
 70
     1
102
RTVSPost2010Prop33
280
     0
102
RTVSPost2010PropOp33
 70
     1
102
RTVSPost2010Prop34
280
     0
102
RTVSPost2010PropOp34
 70
     1
102
RTVSPost2010Prop35
280
     0
102
RTVSPost2010PropOp35
 70
     1
102
RTVSPost2010Prop36
280
     0
102
RTVSPost2010PropOp36
 70
     1
102
RTVSPost2010Prop37
 90
       50
102
RTVSPost2010PropOp37
 70
     1
102
RTVSPost2010Prop38
140
0.0
102
RTVSPost2010PropOp38
 70
     1
102
RTVSPost2010Prop39
140
1.0
102
RTVSPost2010PropOp39
 70
     1
102
RTVSPost2010Prop40
 90
        0
102
RTVSPost2010PropOp40
 70
     1
102
RTVSPost2010Prop41ColorIndex
 90
       18
102
RTVSPost2010Prop41ColorRGB
 90
        0
102
RTVSPost2010PropOp41
 70
     1
102
RTVSPost2010Prop42
 90
       50
102
RTVSPost2010PropOp42
 70
     1
102
RTVSPost2010Prop43
 90
        3
102
RTVSPost2010PropOp43
 70
     1
102
RTVSPost2010Prop44ColorIndex
 90
        5
102
RTVSPost2010Prop44ColorRGB
 90
      255
102
RTVSPost2010PropOp44
 70
     1
102
RTVSPost2010Prop45
280
     0
102
RTVSPost2010PropOp45
 70
     1
102
RTVSPost2010Prop46
 90
       50
102
RTVSPost2010PropOp46
 70
     1
102
RTVSPost2010Prop47
 90
       50
102
RTVSPost2010PropOp47
 70
     1
102
RTVSPost2010Prop48
 90
       50
102
RTVSPost2010PropOp48
 70
     1
102
RTVSPost2010Prop49
280
     0
102
RTVSPost2010PropOp49
 70
     1
102
RTVSPost2010Prop50
 90
       50
102
RTVSPost2010PropOp50
 70
     1
102
RTVSPost2010Prop51ColorIndex
 90
      256
102
RTVSPost2010Prop51ColorRGB
 90
-16777216
102
RTVSPost2010PropOp51
 70
     0
102
RTVSPost2010Prop52
140
1.0
102
RTVSPost2010PropOp52
 70
     0
102
RTVSPost2010Prop53
 90
        2
102
RTVSPost2010PropOp53
 70
     1
102
RTVSPost2010Prop54
  1
strokes_ogs.tif
102
RTVSPost2010PropOp54
 70
     1
102
RTVSPost2010Prop55
280
     0
102
RTVSPost2010PropOp55
 70
     1
102
RTVSPost2010Prop56
140
1.0
102
RTVSPost2010PropOp56
 70
     1
102
RTVSPost2010Prop57
140
1.0
102
RTVSPost2010PropOp57
 70
     1
102
RTVSPropertyOp0
 70
     1
102
RTVSPropertyOp1
 70
     1
102
RTVSPropertyOp2
 70
     1
102
RTVSPropertyOp3
 70
     1
102
RTVSPropertyOp4
 70
     1
102
RTVSPropertyOp5
 70
     1
102
RTVSPropertyOp6
 70
     1
102
RTVSPropertyOp7
 70
     1
102
RTVSPropertyOp8
 70
     1
102
RTVSPropertyOp9
 70
     1
102
RTVSPropertyOp10
 70
     1
102
RTVSPropertyOp11
 70
     1
102
RTVSPropertyOp12
 70
     1
102
RTVSPropertyOp13
 70
     1
102
RTVSPropertyOp14
 70
     1
102
RTVSPropertyOp15
 70
     1
102
RTVSPropertyOp16
 70
     1
102
RTVSPropertyOp17
 70
     1
102
RTVSPropertyOp18
 70
     1
102
RTVSPropertyOp19
 70
     1
102
RTVSPropertyOp20
 70
     1
102
RTVSPropertyOp21
 70
     1
102
RTVSPropertyOp22
 70
     1
102
RTVSPropertyOp23
 70
     1
102
RTVSPropertyOp24
 70
     1
102
RTVSPropertyOp25
 70
     1
102
RTVSPropertyOp26
 70
     1
102
RTVSPropertyOp27
 70
     1
102
RTVSPropertyOp28
 70
     1
102
RTVSPropertyOp29
 70
     1
102
RTVSPropertyOp30
 70
     1
102
RTVSPropertyOp31
 70
     1
102
RTVSPropertyOp32
 70
     1
102
RTVSPropertyOp33
 70
     1
102
RTVSPropertyOp34
 70
     1
102
RTVSPropertyOp35
 70
     1
102
RTVSPropertyOp36
 70
     1
102
RTVSPropertyOp37
 70
     1
102
RTVSPropertyOp38
 70
     1
102
RTVSPropertyOp39
 70
     1
102
RTVSPropertyOp40
 70
     1
102
RTVSPropertyOp41
 70
     1
102
RTVSPropertyOp42
 70
     1
102
RTVSPropertyOp43
 70
     1
102
RTVSPropertyOp44
 70
     1
102
RTVSPropertyOp45
 70
     1
102
RTVSPropertyOp46
 70
     1
102
RTVSPropertyOp47
 70
     1
102
RTVSPropertyOp48
 70
     1
102
RTVSPropertyOp49
 70
     1
102
RTVSPropertyOp50
 70
     1
102
RTVSPropertyOp51
 70
     0
102
RTVSPropertyOp52
 70
     0
102
RTVSPropertyOp53
 70
     1
102
RTVSPropertyOp54
 70
     1
102
RTVSPropertyOp55
 70
     1
102
RTVSPropertyOp56
 70
     1
102
RTVSPropertyOp57
 70
     1
102
RTVSPropertyOp58
 70
     1
102
RTVSPropertyOp59
 70
     1
102
RTVSPropertyOp60
 70
     1
102
RTVSPropertyOp61
 70
     1
102
RTVSPropertyOp62
 70
     1
  0
XRECORD
  5
28B
102
{ACAD_REACTORS
330
28A
102
}
330
28A
100
AcDbXrecord
280
     1
102
RTVSPost2010Prop28
280
     0
102
RTVSPost2010PropOp28
 70
     1
102
RTVSPost2010Prop29
280
     1
102
RTVSPost2010PropOp29
 70
     1
102
RTVSPost2010Prop30
280
     1
102
RTVSPost2010PropOp30
 70
     1
102
RTVSPost2010Prop31
280
     0
102
RTVSPost2010PropOp31
 70
     1
102
RTVSPost2010Prop32
280
     0
102
RTVSPost2010PropOp32
 70
     1
102
RTVSPost2010Prop33
280
     0
102
RTVSPost2010PropOp33
 70
     1
102
RTVSPost2010Prop34
280
     0
102
RTVSPost2010PropOp34
 70
     1
102
RTVSPost2010Prop35
280
     0
102
RTVSPost2010PropOp35
 70
     1
102
RTVSPost2010Prop36
280
     0
102
RTVSPost2010PropOp36
 70
     1
102
RTVSPost2010Prop37
 90
       50
102
RTVSPost2010PropOp37
 70
     1
102
RTVSPost2010Prop38
140
0.0
102
RTVSPost2010PropOp38
 70
     1
102
RTVSPost2010Prop39
140
1.0
102
RTVSPost2010PropOp39
 70
     1
102
RTVSPost2010Prop40
 90
        0
102
RTVSPost2010PropOp40
 70
     1
102
RTVSPost2010Prop41ColorIndex
 90
       18
102
RTVSPost2010Prop41ColorRGB
 90
        0
102
RTVSPost2010PropOp41
 70
     1
102
RTVSPost2010Prop42
 90
       50
102
RTVSPost2010PropOp42
 70
     1
102
RTVSPost2010Prop43
 90
        3
102
RTVSPost2010PropOp43
 70
     1
102
RTVSPost2010Prop44ColorIndex
 90
        5
102
RTVSPost2010Prop44ColorRGB
 90
      255
102
RTVSPost2010PropOp44
 70
     1
102
RTVSPost2010Prop45
280
     0
102
RTVSPost2010PropOp45
 70
     1
102
RTVSPost2010Prop46
 90
       50
102
RTVSPost2010PropOp46
 70
     1
102
RTVSPost2010Prop47
 90
       50
102
RTVSPost2010PropOp47
 70
     1
102
RTVSPost2010Prop48
 90
       50
102
RTVSPost2010PropOp48
 70
     1
102
RTVSPost2010Prop49
280
     0
102
RTVSPost2010PropOp49
 70
     1
102
RTVSPost2010Prop50
 90
       50
102
RTVSPost2010PropOp50
 70
     1
102
RTVSPost2010Prop51ColorIndex
 90
      256
102
RTVSPost2010Prop51ColorRGB
 90
-16777216
102
RTVSPost2010PropOp51
 70
     0
102
RTVSPost2010Prop52
140
1.0
102
RTVSPost2010PropOp52
 70
     0
102
RTVSPost2010Prop53
 90
        2
102
RTVSPost2010PropOp53
 70
     1
102
RTVSPost2010Prop54
  1
strokes_ogs.tif
102
RTVSPost2010PropOp54
 70
     1
102
RTVSPost2010Prop55
280
     0
102
RTVSPost2010PropOp55
 70
     1
102
RTVSPost2010Prop56
140
1.0
102
RTVSPost2010PropOp56
 70
     1
102
RTVSPost2010Prop57
140
1.0
102
RTVSPost2010PropOp57
 70
     1
102
RTVSPropertyOp0
 70
     1
102
RTVSPropertyOp1
 70
     1
102
RTVSPropertyOp2
 70
     1
102
RTVSPropertyOp3
 70
     1
102
RTVSPropertyOp4
 70
     1
102
RTVSPropertyOp5
 70
     1
102
RTVSPropertyOp6
 70
     1
102
RTVSPropertyOp7
 70
     1
102
RTVSPropertyOp8
 70
     1
102
RTVSPropertyOp9
 70
     1
102
RTVSPropertyOp10
 70
     1
102
RTVSPropertyOp11
 70
     1
102
RTVSPropertyOp12
 70
     1
102
RTVSPropertyOp13
 70
     1
102
RTVSPropertyOp14
 70
     1
102
RTVSPropertyOp15
 70
     1
102
RTVSPropertyOp16
 70
     1
102
RTVSPropertyOp17
 70
     1
102
RTVSPropertyOp18
 70
     1
102
RTVSPropertyOp19
 70
     1
102
RTVSPropertyOp20
 70
     1
102
RTVSPropertyOp21
 70
     1
102
RTVSPropertyOp22
 70
     1
102
RTVSPropertyOp23
 70
     1
102
RTVSPropertyOp24
 70
     1
102
RTVSPropertyOp25
 70
     1
102
RTVSPropertyOp26
 70
     1
102
RTVSPropertyOp27
 70
     1
102
RTVSPropertyOp28
 70
     1
102
RTVSPropertyOp29
 70
     1
102
RTVSPropertyOp30
 70
     1
102
RTVSPropertyOp31
 70
     1
102
RTVSPropertyOp32
 70
     1
102
RTVSPropertyOp33
 70
     1
102
RTVSPropertyOp34
 70
     1
102
RTVSPropertyOp35
 70
     1
102
RTVSPropertyOp36
 70
     1
102
RTVSPropertyOp37
 70
     1
102
RTVSPropertyOp38
 70
     1
102
RTVSPropertyOp39
 70
     1
102
RTVSPropertyOp40
 70
     1
102
RTVSPropertyOp41
 70
     1
102
RTVSPropertyOp42
 70
     1
102
RTVSPropertyOp43
 70
     1
102
RTVSPropertyOp44
 70
     1
102
RTVSPropertyOp45
 70
     1
102
RTVSPropertyOp46
 70
     1
102
RTVSPropertyOp47
 70
     1
102
RTVSPropertyOp48
 70
     1
102
RTVSPropertyOp49
 70
     1
102
RTVSPropertyOp50
 70
     1
102
RTVSPropertyOp51
 70
     0
102
RTVSPropertyOp52
 70
     0
102
RTVSPropertyOp53
 70
     1
102
RTVSPropertyOp54
 70
     1
102
RTVSPropertyOp55
 70
     1
102
RTVSPropertyOp56
 70
     1
102
RTVSPropertyOp57
 70
     1
102
RTVSPropertyOp58
 70
     1
102
RTVSPropertyOp59
 70
     1
102
RTVSPropertyOp60
 70
     1
102
RTVSPropertyOp61
 70
     1
102
RTVSPropertyOp62
 70
     1
  0
XRECORD
  5
28D
102
{ACAD_REACTORS
330
28C
102
}
330
28C
100
AcDbXrecord
280
     1
102
RTVSPost2010Prop28
280
     0
102
RTVSPost2010PropOp28
 70
     1
102
RTVSPost2010Prop29
280
     1
102
RTVSPost2010PropOp29
 70
     1
102
RTVSPost2010Prop30
280
     1
102
RTVSPost2010PropOp30
 70
     1
102
RTVSPost2010Prop31
280
     0
102
RTVSPost2010PropOp31
 70
     1
102
RTVSPost2010Prop32
280
     0
102
RTVSPost2010PropOp32
 70
     1
102
RTVSPost2010Prop33
280
     0
102
RTVSPost2010PropOp33
 70
     1
102
RTVSPost2010Prop34
280
     0
102
RTVSPost2010PropOp34
 70
     1
102
RTVSPost2010Prop35
280
     0
102
RTVSPost2010PropOp35
 70
     1
102
RTVSPost2010Prop36
280
     0
102
RTVSPost2010PropOp36
 70
     1
102
RTVSPost2010Prop37
 90
       50
102
RTVSPost2010PropOp37
 70
     1
102
RTVSPost2010Prop38
140
0.0
102
RTVSPost2010PropOp38
 70
     1
102
RTVSPost2010Prop39
140
1.0
102
RTVSPost2010PropOp39
 70
     1
102
RTVSPost2010Prop40
 90
        0
102
RTVSPost2010PropOp40
 70
     1
102
RTVSPost2010Prop41ColorIndex
 90
       18
102
RTVSPost2010Prop41ColorRGB
 90
        0
102
RTVSPost2010PropOp41
 70
     1
102
RTVSPost2010Prop42
 90
       50
102
RTVSPost2010PropOp42
 70
     1
102
RTVSPost2010Prop43
 90
        3
102
RTVSPost2010PropOp43
 70
     1
102
RTVSPost2010Prop44ColorIndex
 90
        5
102
RTVSPost2010Prop44ColorRGB
 90
      255
102
RTVSPost2010PropOp44
 70
     1
102
RTVSPost2010Prop45
280
     0
102
RTVSPost2010PropOp45
 70
     1
102
RTVSPost2010Prop46
 90
       50
102
RTVSPost2010PropOp46
 70
     1
102
RTVSPost2010Prop47
 90
       50
102
RTVSPost2010PropOp47
 70
     1
102
RTVSPost2010Prop48
 90
       50
102
RTVSPost2010PropOp48
 70
     1
102
RTVSPost2010Prop49
280
     0
102
RTVSPost2010PropOp49
 70
     1
102
RTVSPost2010Prop50
 90
       50
102
RTVSPost2010PropOp50
 70
     1
102
RTVSPost2010Prop51ColorIndex
 90
      256
102
RTVSPost2010Prop51ColorRGB
 90
-16777216
102
RTVSPost2010PropOp51
 70
     0
102
RTVSPost2010Prop52
140
1.0
102
RTVSPost2010PropOp52
 70
     0
102
RTVSPost2010Prop53
 90
        2
102
RTVSPost2010PropOp53
 70
     1
102
RTVSPost2010Prop54
  1
strokes_ogs.tif
102
RTVSPost2010PropOp54
 70
     1
102
RTVSPost2010Prop55
280
     0
102
RTVSPost2010PropOp55
 70
     1
102
RTVSPost2010Prop56
140
1.0
102
RTVSPost2010PropOp56
 70
     1
102
RTVSPost2010Prop57
140
1.0
102
RTVSPost2010PropOp57
 70
     1
102
RTVSPropertyOp0
 70
     1
102
RTVSPropertyOp1
 70
     1
102
RTVSPropertyOp2
 70
     1
102
RTVSPropertyOp3
 70
     1
102
RTVSPropertyOp4
 70
     1
102
RTVSPropertyOp5
 70
     1
102
RTVSPropertyOp6
 70
     1
102
RTVSPropertyOp7
 70
     1
102
RTVSPropertyOp8
 70
     1
102
RTVSPropertyOp9
 70
     1
102
RTVSPropertyOp10
 70
     1
102
RTVSPropertyOp11
 70
     1
102
RTVSPropertyOp12
 70
     1
102
RTVSPropertyOp13
 70
     1
102
RTVSPropertyOp14
 70
     1
102
RTVSPropertyOp15
 70
     1
102
RTVSPropertyOp16
 70
     1
102
RTVSPropertyOp17
 70
     1
102
RTVSPropertyOp18
 70
     1
102
RTVSPropertyOp19
 70
     1
102
RTVSPropertyOp20
 70
     1
102
RTVSPropertyOp21
 70
     1
102
RTVSPropertyOp22
 70
     1
102
RTVSPropertyOp23
 70
     1
102
RTVSPropertyOp24
 70
     1
102
RTVSPropertyOp25
 70
     1
102
RTVSPropertyOp26
 70
     1
102
RTVSPropertyOp27
 70
     1
102
RTVSPropertyOp28
 70
     1
102
RTVSPropertyOp29
 70
     1
102
RTVSPropertyOp30
 70
     1
102
RTVSPropertyOp31
 70
     1
102
RTVSPropertyOp32
 70
     1
102
RTVSPropertyOp33
 70
     1
102
RTVSPropertyOp34
 70
     1
102
RTVSPropertyOp35
 70
     1
102
RTVSPropertyOp36
 70
     1
102
RTVSPropertyOp37
 70
     1
102
RTVSPropertyOp38
 70
     1
102
RTVSPropertyOp39
 70
     1
102
RTVSPropertyOp40
 70
     1
102
RTVSPropertyOp41
 70
     1
102
RTVSPropertyOp42
 70
     1
102
RTVSPropertyOp43
 70
     1
102
RTVSPropertyOp44
 70
     1
102
RTVSPropertyOp45
 70
     1
102
RTVSPropertyOp46
 70
     1
102
RTVSPropertyOp47
 70
     1
102
RTVSPropertyOp48
 70
     1
102
RTVSPropertyOp49
 70
     1
102
RTVSPropertyOp50
 70
     1
102
RTVSPropertyOp51
 70
     0
102
RTVSPropertyOp52
 70
     0
102
RTVSPropertyOp53
 70
     1
102
RTVSPropertyOp54
 70
     1
102
RTVSPropertyOp55
 70
     1
102
RTVSPropertyOp56
 70
     1
102
RTVSPropertyOp57
 70
     1
102
RTVSPropertyOp58
 70
     1
102
RTVSPropertyOp59
 70
     1
102
RTVSPropertyOp60
 70
     1
102
RTVSPropertyOp61
 70
     1
102
RTVSPropertyOp62
 70
     1
  0
XRECORD
  5
295
102
{ACAD_REACTORS
330
294
102
}
330
294
100
AcDbXrecord
280
     1
102
RTVSPost2010Prop28
280
     0
102
RTVSPost2010PropOp28
 70
     1
102
RTVSPost2010Prop29
280
     1
102
RTVSPost2010PropOp29
 70
     1
102
RTVSPost2010Prop30
280
     1
102
RTVSPost2010PropOp30
 70
     1
102
RTVSPost2010Prop31
280
     0
102
RTVSPost2010PropOp31
 70
     1
102
RTVSPost2010Prop32
280
     0
102
RTVSPost2010PropOp32
 70
     1
102
RTVSPost2010Prop33
280
     0
102
RTVSPost2010PropOp33
 70
     1
102
RTVSPost2010Prop34
280
     0
102
RTVSPost2010PropOp34
 70
     1
102
RTVSPost2010Prop35
280
     0
102
RTVSPost2010PropOp35
 70
     1
102
RTVSPost2010Prop36
280
     0
102
RTVSPost2010PropOp36
 70
     1
102
RTVSPost2010Prop37
 90
       50
102
RTVSPost2010PropOp37
 70
     1
102
RTVSPost2010Prop38
140
0.0
102
RTVSPost2010PropOp38
 70
     1
102
RTVSPost2010Prop39
140
1.0
102
RTVSPost2010PropOp39
 70
     1
102
RTVSPost2010Prop40
 90
        0
102
RTVSPost2010PropOp40
 70
     1
102
RTVSPost2010Prop41ColorIndex
 90
       18
102
RTVSPost2010Prop41ColorRGB
 90
        0
102
RTVSPost2010PropOp41
 70
     1
102
RTVSPost2010Prop42
 90
       50
102
RTVSPost2010PropOp42
 70
     1
102
RTVSPost2010Prop43
 90
        3
102
RTVSPost2010PropOp43
 70
     1
102
RTVSPost2010Prop44ColorIndex
 90
        5
102
RTVSPost2010Prop44ColorRGB
 90
      255
102
RTVSPost2010PropOp44
 70
     1
102
RTVSPost2010Prop45
280
     0
102
RTVSPost2010PropOp45
 70
     1
102
RTVSPost2010Prop46
 90
       50
102
RTVSPost2010PropOp46
 70
     1
102
RTVSPost2010Prop47
 90
       50
102
RTVSPost2010PropOp47
 70
     1
102
RTVSPost2010Prop48
 90
       50
102
RTVSPost2010PropOp48
 70
     1
102
RTVSPost2010Prop49
280
     0
102
RTVSPost2010PropOp49
 70
     1
102
RTVSPost2010Prop50
 90
       50
102
RTVSPost2010PropOp50
 70
     1
102
RTVSPost2010Prop51ColorIndex
 90
      256
102
RTVSPost2010Prop51ColorRGB
 90
-16777216
102
RTVSPost2010PropOp51
 70
     0
102
RTVSPost2010Prop52
140
1.0
102
RTVSPost2010PropOp52
 70
     0
102
RTVSPost2010Prop53
 90
        2
102
RTVSPost2010PropOp53
 70
     1
102
RTVSPost2010Prop54
  1
strokes_ogs.tif
102
RTVSPost2010PropOp54
 70
     1
102
RTVSPost2010Prop55
280
     0
102
RTVSPost2010PropOp55
 70
     1
102
RTVSPost2010Prop56
140
1.0
102
RTVSPost2010PropOp56
 70
     1
102
RTVSPost2010Prop57
140
1.0
102
RTVSPost2010PropOp57
 70
     1
102
RTVSPropertyOp0
 70
     1
102
RTVSPropertyOp1
 70
     1
102
RTVSPropertyOp2
 70
     1
102
RTVSPropertyOp3
 70
     1
102
RTVSPropertyOp4
 70
     1
102
RTVSPropertyOp5
 70
     1
102
RTVSPropertyOp6
 70
     1
102
RTVSPropertyOp7
 70
     1
102
RTVSPropertyOp8
 70
     1
102
RTVSPropertyOp9
 70
     1
102
RTVSPropertyOp10
 70
     1
102
RTVSPropertyOp11
 70
     1
102
RTVSPropertyOp12
 70
     1
102
RTVSPropertyOp13
 70
     1
102
RTVSPropertyOp14
 70
     1
102
RTVSPropertyOp15
 70
     1
102
RTVSPropertyOp16
 70
     1
102
RTVSPropertyOp17
 70
     1
102
RTVSPropertyOp18
 70
     1
102
RTVSPropertyOp19
 70
     1
102
RTVSPropertyOp20
 70
     1
102
RTVSPropertyOp21
 70
     1
102
RTVSPropertyOp22
 70
     1
102
RTVSPropertyOp23
 70
     1
102
RTVSPropertyOp24
 70
     1
102
RTVSPropertyOp25
 70
     1
102
RTVSPropertyOp26
 70
     1
102
RTVSPropertyOp27
 70
     1
102
RTVSPropertyOp28
 70
     1
102
RTVSPropertyOp29
 70
     1
102
RTVSPropertyOp30
 70
     1
102
RTVSPropertyOp31
 70
     1
102
RTVSPropertyOp32
 70
     1
102
RTVSPropertyOp33
 70
     1
102
RTVSPropertyOp34
 70
     1
102
RTVSPropertyOp35
 70
     1
102
RTVSPropertyOp36
 70
     1
102
RTVSPropertyOp37
 70
     1
102
RTVSPropertyOp38
 70
     1
102
RTVSPropertyOp39
 70
     1
102
RTVSPropertyOp40
 70
     1
102
RTVSPropertyOp41
 70
     1
102
RTVSPropertyOp42
 70
     1
102
RTVSPropertyOp43
 70
     1
102
RTVSPropertyOp44
 70
     1
102
RTVSPropertyOp45
 70
     1
102
RTVSPropertyOp46
 70
     1
102
RTVSPropertyOp47
 70
     1
102
RTVSPropertyOp48
 70
     1
102
RTVSPropertyOp49
 70
     1
102
RTVSPropertyOp50
 70
     1
102
RTVSPropertyOp51
 70
     0
102
RTVSPropertyOp52
 70
     0
102
RTVSPropertyOp53
 70
     1
102
RTVSPropertyOp54
 70
     1
102
RTVSPropertyOp55
 70
     1
102
RTVSPropertyOp56
 70
     1
102
RTVSPropertyOp57
 70
     1
102
RTVSPropertyOp58
 70
     1
102
RTVSPropertyOp59
 70
     1
102
RTVSPropertyOp60
 70
     1
102
RTVSPropertyOp61
 70
     1
102
RTVSPropertyOp62
 70
     1
  0
XRECORD
  5
2A7
102
{ACAD_REACTORS
330
2A6
102
}
330
2A6
100
AcDbXrecord
280
     1
102
RTVSPost2010Prop28
280
     0
102
RTVSPost2010PropOp28
 70
     1
102
RTVSPost2010Prop29
280
     1
102
RTVSPost2010PropOp29
 70
     1
102
RTVSPost2010Prop30
280
     1
102
RTVSPost2010PropOp30
 70
     1
102
RTVSPost2010Prop31
280
     0
102
RTVSPost2010PropOp31
 70
     1
102
RTVSPost2010Prop32
280
     0
102
RTVSPost2010PropOp32
 70
     1
102
RTVSPost2010Prop33
280
     0
102
RTVSPost2010PropOp33
 70
     1
102
RTVSPost2010Prop34
280
     0
102
RTVSPost2010PropOp34
 70
     1
102
RTVSPost2010Prop35
280
     0
102
RTVSPost2010PropOp35
 70
     1
102
RTVSPost2010Prop36
280
     0
102
RTVSPost2010PropOp36
 70
     1
102
RTVSPost2010Prop37
 90
       50
102
RTVSPost2010PropOp37
 70
     1
102
RTVSPost2010Prop38
140
0.0
102
RTVSPost2010PropOp38
 70
     1
102
RTVSPost2010Prop39
140
1.0
102
RTVSPost2010PropOp39
 70
     1
102
RTVSPost2010Prop40
 90
        0
102
RTVSPost2010PropOp40
 70
     1
102
RTVSPost2010Prop41ColorIndex
 90
       18
102
RTVSPost2010Prop41ColorRGB
 90
        0
102
RTVSPost2010PropOp41
 70
     1
102
RTVSPost2010Prop42
 90
       50
102
RTVSPost2010PropOp42
 70
     1
102
RTVSPost2010Prop43
 90
        3
102
RTVSPost2010PropOp43
 70
     1
102
RTVSPost2010Prop44ColorIndex
 90
        5
102
RTVSPost2010Prop44ColorRGB
 90
      255
102
RTVSPost2010PropOp44
 70
     1
102
RTVSPost2010Prop45
280
     0
102
RTVSPost2010PropOp45
 70
     1
102
RTVSPost2010Prop46
 90
       50
102
RTVSPost2010PropOp46
 70
     1
102
RTVSPost2010Prop47
 90
       50
102
RTVSPost2010PropOp47
 70
     1
102
RTVSPost2010Prop48
 90
       50
102
RTVSPost2010PropOp48
 70
     1
102
RTVSPost2010Prop49
280
     0
102
RTVSPost2010PropOp49
 70
     1
102
RTVSPost2010Prop50
 90
       50
102
RTVSPost2010PropOp50
 70
     1
102
RTVSPost2010Prop51ColorIndex
 90
      256
102
RTVSPost2010Prop51ColorRGB
 90
-16777216
102
RTVSPost2010PropOp51
 70
     0
102
RTVSPost2010Prop52
140
1.0
102
RTVSPost2010PropOp52
 70
     0
102
RTVSPost2010Prop53
 90
        2
102
RTVSPost2010PropOp53
 70
     1
102
RTVSPost2010Prop54
  1
strokes_ogs.tif
102
RTVSPost2010PropOp54
 70
     1
102
RTVSPost2010Prop55
280
     0
102
RTVSPost2010PropOp55
 70
     1
102
RTVSPost2010Prop56
140
1.0
102
RTVSPost2010PropOp56
 70
     1
102
RTVSPost2010Prop57
140
1.0
102
RTVSPost2010PropOp57
 70
     1
102
RTVSPropertyOp0
 70
     0
102
RTVSPropertyOp1
 70
     0
102
RTVSPropertyOp2
 70
     0
102
RTVSPropertyOp3
 70
     0
102
RTVSPropertyOp4
 70
     0
102
RTVSPropertyOp5
 70
     0
102
RTVSPropertyOp6
 70
     0
102
RTVSPropertyOp7
 70
     0
102
RTVSPropertyOp8
 70
     0
102
RTVSPropertyOp9
 70
     0
102
RTVSPropertyOp10
 70
     0
102
RTVSPropertyOp11
 70
     0
102
RTVSPropertyOp12
 70
     0
102
RTVSPropertyOp13
 70
     0
102
RTVSPropertyOp14
 70
     2
102
RTVSPropertyOp15
 70
     0
102
RTVSPropertyOp16
 70
     0
102
RTVSPropertyOp17
 70
     0
102
RTVSPropertyOp18
 70
     0
102
RTVSPropertyOp19
 70
     0
102
RTVSPropertyOp20
 70
     0
102
RTVSPropertyOp21
 70
     0
102
RTVSPropertyOp22
 70
     0
102
RTVSPropertyOp23
 70
     0
102
RTVSPropertyOp24
 70
     0
102
RTVSPropertyOp25
 70
     0
102
RTVSPropertyOp26
 70
     0
102
RTVSPropertyOp27
 70
     0
102
RTVSPropertyOp28
 70
     1
102
RTVSPropertyOp29
 70
     1
102
RTVSPropertyOp30
 70
     1
102
RTVSPropertyOp31
 70
     1
102
RTVSPropertyOp32
 70
     1
102
RTVSPropertyOp33
 70
     1
102
RTVSPropertyOp34
 70
     1
102
RTVSPropertyOp35
 70
     1
102
RTVSPropertyOp36
 70
     1
102
RTVSPropertyOp37
 70
     1
102
RTVSPropertyOp38
 70
     1
102
RTVSPropertyOp39
 70
     1
102
RTVSPropertyOp40
 70
     1
102
RTVSPropertyOp41
 70
     1
102
RTVSPropertyOp42
 70
     1
102
RTVSPropertyOp43
 70
     1
102
RTVSPropertyOp44
 70
     1
102
RTVSPropertyOp45
 70
     1
102
RTVSPropertyOp46
 70
     1
102
RTVSPropertyOp47
 70
     1
102
RTVSPropertyOp48
 70
     1
102
RTVSPropertyOp49
 70
     1
102
RTVSPropertyOp50
 70
     1
102
RTVSPropertyOp51
 70
     0
102
RTVSPropertyOp52
 70
     0
102
RTVSPropertyOp53
 70
     1
102
RTVSPropertyOp54
 70
     1
102
RTVSPropertyOp55
 70
     1
102
RTVSPropertyOp56
 70
     1
102
RTVSPropertyOp57
 70
     1
102
RTVSPropertyOp58
 70
     1
102
RTVSPropertyOp59
 70
     1
102
RTVSPropertyOp60
 70
     1
102
RTVSPropertyOp61
 70
     1
102
RTVSPropertyOp62
 70
     1
  0
XRECORD
  5
2A1
102
{ACAD_REACTORS
330
2A0
102
}
330
2A0
100
AcDbXrecord
280
     1
102
RTVSPost2010Prop28
280
     0
102
RTVSPost2010PropOp28
 70
     1
102
RTVSPost2010Prop29
280
     1
102
RTVSPost2010PropOp29
 70
     1
102
RTVSPost2010Prop30
280
     1
102
RTVSPost2010PropOp30
 70
     1
102
RTVSPost2010Prop31
280
     0
102
RTVSPost2010PropOp31
 70
     1
102
RTVSPost2010Prop32
280
     0
102
RTVSPost2010PropOp32
 70
     1
102
RTVSPost2010Prop33
280
     0
102
RTVSPost2010PropOp33
 70
     1
102
RTVSPost2010Prop34
280
     0
102
RTVSPost2010PropOp34
 70
     1
102
RTVSPost2010Prop35
280
     0
102
RTVSPost2010PropOp35
 70
     1
102
RTVSPost2010Prop36
280
     0
102
RTVSPost2010PropOp36
 70
     1
102
RTVSPost2010Prop37
 90
       50
102
RTVSPost2010PropOp37
 70
     1
102
RTVSPost2010Prop38
140
0.0
102
RTVSPost2010PropOp38
 70
     1
102
RTVSPost2010Prop39
140
1.0
102
RTVSPost2010PropOp39
 70
     1
102
RTVSPost2010Prop40
 90
        0
102
RTVSPost2010PropOp40
 70
     1
102
RTVSPost2010Prop41ColorIndex
 90
       18
102
RTVSPost2010Prop41ColorRGB
 90
        0
102
RTVSPost2010PropOp41
 70
     1
102
RTVSPost2010Prop42
 90
       50
102
RTVSPost2010PropOp42
 70
     1
102
RTVSPost2010Prop43
 90
        3
102
RTVSPost2010PropOp43
 70
     1
102
RTVSPost2010Prop44ColorIndex
 90
        5
102
RTVSPost2010Prop44ColorRGB
 90
      255
102
RTVSPost2010PropOp44
 70
     1
102
RTVSPost2010Prop45
280
     0
102
RTVSPost2010PropOp45
 70
     1
102
RTVSPost2010Prop46
 90
       50
102
RTVSPost2010PropOp46
 70
     1
102
RTVSPost2010Prop47
 90
       50
102
RTVSPost2010PropOp47
 70
     1
102
RTVSPost2010Prop48
 90
       50
102
RTVSPost2010PropOp48
 70
     1
102
RTVSPost2010Prop49
280
     0
102
RTVSPost2010PropOp49
 70
     1
102
RTVSPost2010Prop50
 90
       50
102
RTVSPost2010PropOp50
 70
     1
102
RTVSPost2010Prop51ColorIndex
 90
      256
102
RTVSPost2010Prop51ColorRGB
 90
-16777216
102
RTVSPost2010PropOp51
 70
     0
102
RTVSPost2010Prop52
140
1.0
102
RTVSPost2010PropOp52
 70
     0
102
RTVSPost2010Prop53
 90
        2
102
RTVSPost2010PropOp53
 70
     1
102
RTVSPost2010Prop54
  1
strokes_ogs.tif
102
RTVSPost2010PropOp54
 70
     1
102
RTVSPost2010Prop55
280
     0
102
RTVSPost2010PropOp55
 70
     1
102
RTVSPost2010Prop56
140
1.0
102
RTVSPost2010PropOp56
 70
     1
102
RTVSPost2010Prop57
140
1.0
102
RTVSPost2010PropOp57
 70
     1
102
RTVSPropertyOp0
 70
     1
102
RTVSPropertyOp1
 70
     1
102
RTVSPropertyOp2
 70
     1
102
RTVSPropertyOp3
 70
     1
102
RTVSPropertyOp4
 70
     1
102
RTVSPropertyOp5
 70
     1
102
RTVSPropertyOp6
 70
     1
102
RTVSPropertyOp7
 70
     1
102
RTVSPropertyOp8
 70
     1
102
RTVSPropertyOp9
 70
     1
102
RTVSPropertyOp10
 70
     1
102
RTVSPropertyOp11
 70
     1
102
RTVSPropertyOp12
 70
     1
102
RTVSPropertyOp13
 70
     1
102
RTVSPropertyOp14
 70
     1
102
RTVSPropertyOp15
 70
     1
102
RTVSPropertyOp16
 70
     1
102
RTVSPropertyOp17
 70
     1
102
RTVSPropertyOp18
 70
     1
102
RTVSPropertyOp19
 70
     1
102
RTVSPropertyOp20
 70
     1
102
RTVSPropertyOp21
 70
     1
102
RTVSPropertyOp22
 70
     1
102
RTVSPropertyOp23
 70
     1
102
RTVSPropertyOp24
 70
     1
102
RTVSPropertyOp25
 70
     1
102
RTVSPropertyOp26
 70
     1
102
RTVSPropertyOp27
 70
     1
102
RTVSPropertyOp28
 70
     1
102
RTVSPropertyOp29
 70
     1
102
RTVSPropertyOp30
 70
     1
102
RTVSPropertyOp31
 70
     1
102
RTVSPropertyOp32
 70
     1
102
RTVSPropertyOp33
 70
     1
102
RTVSPropertyOp34
 70
     1
102
RTVSPropertyOp35
 70
     1
102
RTVSPropertyOp36
 70
     1
102
RTVSPropertyOp37
 70
     1
102
RTVSPropertyOp38
 70
     1
102
RTVSPropertyOp39
 70
     1
102
RTVSPropertyOp40
 70
     1
102
RTVSPropertyOp41
 70
     1
102
RTVSPropertyOp42
 70
     1
102
RTVSPropertyOp43
 70
     1
102
RTVSPropertyOp44
 70
     1
102
RTVSPropertyOp45
 70
     1
102
RTVSPropertyOp46
 70
     1
102
RTVSPropertyOp47
 70
     1
102
RTVSPropertyOp48
 70
     1
102
RTVSPropertyOp49
 70
     1
102
RTVSPropertyOp50
 70
     1
102
RTVSPropertyOp51
 70
     0
102
RTVSPropertyOp52
 70
     0
102
RTVSPropertyOp53
 70
     1
102
RTVSPropertyOp54
 70
     1
102
RTVSPropertyOp55
 70
     1
102
RTVSPropertyOp56
 70
     1
102
RTVSPropertyOp57
 70
     1
102
RTVSPropertyOp58
 70
     1
102
RTVSPropertyOp59
 70
     1
102
RTVSPropertyOp60
 70
     1
102
RTVSPropertyOp61
 70
     1
102
RTVSPropertyOp62
 70
     1
  0
XRECORD
  5
2A9
102
{ACAD_REACTORS
330
2A8
102
}
330
2A8
100
AcDbXrecord
280
     1
102
RTVSPost2010Prop28
280
     0
102
RTVSPost2010PropOp28
 70
     1
102
RTVSPost2010Prop29
280
     1
102
RTVSPost2010PropOp29
 70
     1
102
RTVSPost2010Prop30
280
     1
102
RTVSPost2010PropOp30
 70
     1
102
RTVSPost2010Prop31
280
     0
102
RTVSPost2010PropOp31
 70
     1
102
RTVSPost2010Prop32
280
     0
102
RTVSPost2010PropOp32
 70
     1
102
RTVSPost2010Prop33
280
     0
102
RTVSPost2010PropOp33
 70
     1
102
RTVSPost2010Prop34
280
     0
102
RTVSPost2010PropOp34
 70
     1
102
RTVSPost2010Prop35
280
     0
102
RTVSPost2010PropOp35
 70
     1
102
RTVSPost2010Prop36
280
     0
102
RTVSPost2010PropOp36
 70
     1
102
RTVSPost2010Prop37
 90
       50
102
RTVSPost2010PropOp37
 70
     1
102
RTVSPost2010Prop38
140
0.0
102
RTVSPost2010PropOp38
 70
     1
102
RTVSPost2010Prop39
140
1.0
102
RTVSPost2010PropOp39
 70
     1
102
RTVSPost2010Prop40
 90
        0
102
RTVSPost2010PropOp40
 70
     1
102
RTVSPost2010Prop41ColorIndex
 90
       18
102
RTVSPost2010Prop41ColorRGB
 90
        0
102
RTVSPost2010PropOp41
 70
     1
102
RTVSPost2010Prop42
 90
       50
102
RTVSPost2010PropOp42
 70
     1
102
RTVSPost2010Prop43
 90
        3
102
RTVSPost2010PropOp43
 70
     1
102
RTVSPost2010Prop44ColorIndex
 90
        5
102
RTVSPost2010Prop44ColorRGB
 90
      255
102
RTVSPost2010PropOp44
 70
     1
102
RTVSPost2010Prop45
280
     0
102
RTVSPost2010PropOp45
 70
     1
102
RTVSPost2010Prop46
 90
       50
102
RTVSPost2010PropOp46
 70
     1
102
RTVSPost2010Prop47
 90
       50
102
RTVSPost2010PropOp47
 70
     1
102
RTVSPost2010Prop48
 90
       50
102
RTVSPost2010PropOp48
 70
     1
102
RTVSPost2010Prop49
280
     0
102
RTVSPost2010PropOp49
 70
     1
102
RTVSPost2010Prop50
 90
       50
102
RTVSPost2010PropOp50
 70
     1
102
RTVSPost2010Prop51ColorIndex
 90
      256
102
RTVSPost2010Prop51ColorRGB
 90
-16777216
102
RTVSPost2010PropOp51
 70
     0
102
RTVSPost2010Prop52
140
1.0
102
RTVSPost2010PropOp52
 70
     0
102
RTVSPost2010Prop53
 90
        2
102
RTVSPost2010PropOp53
 70
     1
102
RTVSPost2010Prop54
  1
strokes_ogs.tif
102
RTVSPost2010PropOp54
 70
     1
102
RTVSPost2010Prop55
280
     0
102
RTVSPost2010PropOp55
 70
     1
102
RTVSPost2010Prop56
140
1.0
102
RTVSPost2010PropOp56
 70
     1
102
RTVSPost2010Prop57
140
1.0
102
RTVSPost2010PropOp57
 70
     1
102
RTVSPropertyOp0
 70
     0
102
RTVSPropertyOp1
 70
     0
102
RTVSPropertyOp2
 70
     0
102
RTVSPropertyOp3
 70
     0
102
RTVSPropertyOp4
 70
     0
102
RTVSPropertyOp5
 70
     0
102
RTVSPropertyOp6
 70
     0
102
RTVSPropertyOp7
 70
     0
102
RTVSPropertyOp8
 70
     0
102
RTVSPropertyOp9
 70
     0
102
RTVSPropertyOp10
 70
     0
102
RTVSPropertyOp11
 70
     0
102
RTVSPropertyOp12
 70
     0
102
RTVSPropertyOp13
 70
     0
102
RTVSPropertyOp14
 70
     2
102
RTVSPropertyOp15
 70
     0
102
RTVSPropertyOp16
 70
     0
102
RTVSPropertyOp17
 70
     0
102
RTVSPropertyOp18
 70
     0
102
RTVSPropertyOp19
 70
     0
102
RTVSPropertyOp20
 70
     0
102
RTVSPropertyOp21
 70
     0
102
RTVSPropertyOp22
 70
     0
102
RTVSPropertyOp23
 70
     0
102
RTVSPropertyOp24
 70
     0
102
RTVSPropertyOp25
 70
     0
102
RTVSPropertyOp26
 70
     0
102
RTVSPropertyOp27
 70
     0
102
RTVSPropertyOp28
 70
     1
102
RTVSPropertyOp29
 70
     1
102
RTVSPropertyOp30
 70
     1
102
RTVSPropertyOp31
 70
     1
102
RTVSPropertyOp32
 70
     1
102
RTVSPropertyOp33
 70
     1
102
RTVSPropertyOp34
 70
     1
102
RTVSPropertyOp35
 70
     1
102
RTVSPropertyOp36
 70
     1
102
RTVSPropertyOp37
 70
     1
102
RTVSPropertyOp38
 70
     1
102
RTVSPropertyOp39
 70
     1
102
RTVSPropertyOp40
 70
     1
102
RTVSPropertyOp41
 70
     1
102
RTVSPropertyOp42
 70
     1
102
RTVSPropertyOp43
 70
     1
102
RTVSPropertyOp44
 70
     1
102
RTVSPropertyOp45
 70
     1
102
RTVSPropertyOp46
 70
     1
102
RTVSPropertyOp47
 70
     1
102
RTVSPropertyOp48
 70
     1
102
RTVSPropertyOp49
 70
     1
102
RTVSPropertyOp50
 70
     1
102
RTVSPropertyOp51
 70
     0
102
RTVSPropertyOp52
 70
     0
102
RTVSPropertyOp53
 70
     1
102
RTVSPropertyOp54
 70
     1
102
RTVSPropertyOp55
 70
     1
102
RTVSPropertyOp56
 70
     1
102
RTVSPropertyOp57
 70
     1
102
RTVSPropertyOp58
 70
     1
102
RTVSPropertyOp59
 70
     1
102
RTVSPropertyOp60
 70
     1
102
RTVSPropertyOp61
 70
     1
102
RTVSPropertyOp62
 70
     1
  0
XRECORD
  5
299
102
{ACAD_REACTORS
330
298
102
}
330
298
100
AcDbXrecord
280
     1
102
RTVSPost2010Prop28
280
     0
102
RTVSPost2010PropOp28
 70
     1
102
RTVSPost2010Prop29
280
     1
102
RTVSPost2010PropOp29
 70
     1
102
RTVSPost2010Prop30
280
     1
102
RTVSPost2010PropOp30
 70
     1
102
RTVSPost2010Prop31
280
     0
102
RTVSPost2010PropOp31
 70
     1
102
RTVSPost2010Prop32
280
     0
102
RTVSPost2010PropOp32
 70
     1
102
RTVSPost2010Prop33
280
     0
102
RTVSPost2010PropOp33
 70
     1
102
RTVSPost2010Prop34
280
     0
102
RTVSPost2010PropOp34
 70
     1
102
RTVSPost2010Prop35
280
     0
102
RTVSPost2010PropOp35
 70
     1
102
RTVSPost2010Prop36
280
     0
102
RTVSPost2010PropOp36
 70
     1
102
RTVSPost2010Prop37
 90
       50
102
RTVSPost2010PropOp37
 70
     1
102
RTVSPost2010Prop38
140
0.0
102
RTVSPost2010PropOp38
 70
     1
102
RTVSPost2010Prop39
140
1.0
102
RTVSPost2010PropOp39
 70
     1
102
RTVSPost2010Prop40
 90
        0
102
RTVSPost2010PropOp40
 70
     1
102
RTVSPost2010Prop41ColorIndex
 90
       18
102
RTVSPost2010Prop41ColorRGB
 90
        0
102
RTVSPost2010PropOp41
 70
     1
102
RTVSPost2010Prop42
 90
       50
102
RTVSPost2010PropOp42
 70
     1
102
RTVSPost2010Prop43
 90
        3
102
RTVSPost2010PropOp43
 70
     1
102
RTVSPost2010Prop44ColorIndex
 90
        5
102
RTVSPost2010Prop44ColorRGB
 90
      255
102
RTVSPost2010PropOp44
 70
     1
102
RTVSPost2010Prop45
280
     0
102
RTVSPost2010PropOp45
 70
     1
102
RTVSPost2010Prop46
 90
       50
102
RTVSPost2010PropOp46
 70
     1
102
RTVSPost2010Prop47
 90
       50
102
RTVSPost2010PropOp47
 70
     1
102
RTVSPost2010Prop48
 90
       50
102
RTVSPost2010PropOp48
 70
     1
102
RTVSPost2010Prop49
280
     0
102
RTVSPost2010PropOp49
 70
     1
102
RTVSPost2010Prop50
 90
       50
102
RTVSPost2010PropOp50
 70
     1
102
RTVSPost2010Prop51ColorIndex
 90
      256
102
RTVSPost2010Prop51ColorRGB
 90
-16777216
102
RTVSPost2010PropOp51
 70
     0
102
RTVSPost2010Prop52
140
1.0
102
RTVSPost2010PropOp52
 70
     0
102
RTVSPost2010Prop53
 90
        2
102
RTVSPost2010PropOp53
 70
     1
102
RTVSPost2010Prop54
  1
strokes_ogs.tif
102
RTVSPost2010PropOp54
 70
     1
102
RTVSPost2010Prop55
280
     0
102
RTVSPost2010PropOp55
 70
     1
102
RTVSPost2010Prop56
140
1.0
102
RTVSPost2010PropOp56
 70
     1
102
RTVSPost2010Prop57
140
1.0
102
RTVSPost2010PropOp57
 70
     1
102
RTVSPropertyOp0
 70
     1
102
RTVSPropertyOp1
 70
     1
102
RTVSPropertyOp2
 70
     1
102
RTVSPropertyOp3
 70
     1
102
RTVSPropertyOp4
 70
     1
102
RTVSPropertyOp5
 70
     1
102
RTVSPropertyOp6
 70
     1
102
RTVSPropertyOp7
 70
     1
102
RTVSPropertyOp8
 70
     1
102
RTVSPropertyOp9
 70
     1
102
RTVSPropertyOp10
 70
     1
102
RTVSPropertyOp11
 70
     1
102
RTVSPropertyOp12
 70
     1
102
RTVSPropertyOp13
 70
     1
102
RTVSPropertyOp14
 70
     1
102
RTVSPropertyOp15
 70
     1
102
RTVSPropertyOp16
 70
     1
102
RTVSPropertyOp17
 70
     1
102
RTVSPropertyOp18
 70
     1
102
RTVSPropertyOp19
 70
     1
102
RTVSPropertyOp20
 70
     1
102
RTVSPropertyOp21
 70
     1
102
RTVSPropertyOp22
 70
     1
102
RTVSPropertyOp23
 70
     1
102
RTVSPropertyOp24
 70
     1
102
RTVSPropertyOp25
 70
     1
102
RTVSPropertyOp26
 70
     1
102
RTVSPropertyOp27
 70
     1
102
RTVSPropertyOp28
 70
     1
102
RTVSPropertyOp29
 70
     1
102
RTVSPropertyOp30
 70
     1
102
RTVSPropertyOp31
 70
     1
102
RTVSPropertyOp32
 70
     1
102
RTVSPropertyOp33
 70
     1
102
RTVSPropertyOp34
 70
     1
102
RTVSPropertyOp35
 70
     1
102
RTVSPropertyOp36
 70
     1
102
RTVSPropertyOp37
 70
     1
102
RTVSPropertyOp38
 70
     1
102
RTVSPropertyOp39
 70
     1
102
RTVSPropertyOp40
 70
     1
102
RTVSPropertyOp41
 70
     1
102
RTVSPropertyOp42
 70
     1
102
RTVSPropertyOp43
 70
     1
102
RTVSPropertyOp44
 70
     1
102
RTVSPropertyOp45
 70
     1
102
RTVSPropertyOp46
 70
     1
102
RTVSPropertyOp47
 70
     1
102
RTVSPropertyOp48
 70
     1
102
RTVSPropertyOp49
 70
     1
102
RTVSPropertyOp50
 70
     1
102
RTVSPropertyOp51
 70
     0
102
RTVSPropertyOp52
 70
     0
102
RTVSPropertyOp53
 70
     1
102
RTVSPropertyOp54
 70
     1
102
RTVSPropertyOp55
 70
     1
102
RTVSPropertyOp56
 70
     1
102
RTVSPropertyOp57
 70
     1
102
RTVSPropertyOp58
 70
     1
102
RTVSPropertyOp59
 70
     1
102
RTVSPropertyOp60
 70
     1
102
RTVSPropertyOp61
 70
     1
102
RTVSPropertyOp62
 70
     1
  0
XRECORD
  5
2B5
102
{ACAD_REACTORS
330
2B4
102
}
330
2B4
100
AcDbXrecord
280
     1
102
RTVSPost2010Prop28
280
     0
102
RTVSPost2010PropOp28
 70
     1
102
RTVSPost2010Prop29
280
     1
102
RTVSPost2010PropOp29
 70
     1
102
RTVSPost2010Prop30
280
     1
102
RTVSPost2010PropOp30
 70
     1
102
RTVSPost2010Prop31
280
     0
102
RTVSPost2010PropOp31
 70
     1
102
RTVSPost2010Prop32
280
     0
102
RTVSPost2010PropOp32
 70
     1
102
RTVSPost2010Prop33
280
     0
102
RTVSPost2010PropOp33
 70
     1
102
RTVSPost2010Prop34
280
     0
102
RTVSPost2010PropOp34
 70
     1
102
RTVSPost2010Prop35
280
     0
102
RTVSPost2010PropOp35
 70
     1
102
RTVSPost2010Prop36
280
     0
102
RTVSPost2010PropOp36
 70
     1
102
RTVSPost2010Prop37
 90
       50
102
RTVSPost2010PropOp37
 70
     1
102
RTVSPost2010Prop38
140
0.0
102
RTVSPost2010PropOp38
 70
     1
102
RTVSPost2010Prop39
140
1.0
102
RTVSPost2010PropOp39
 70
     1
102
RTVSPost2010Prop40
 90
        0
102
RTVSPost2010PropOp40
 70
     1
102
RTVSPost2010Prop41ColorIndex
 90
       18
102
RTVSPost2010Prop41ColorRGB
 90
        0
102
RTVSPost2010PropOp41
 70
     1
102
RTVSPost2010Prop42
 90
       50
102
RTVSPost2010PropOp42
 70
     1
102
RTVSPost2010Prop43
 90
        3
102
RTVSPost2010PropOp43
 70
     1
102
RTVSPost2010Prop44ColorIndex
 90
        5
102
RTVSPost2010Prop44ColorRGB
 90
      255
102
RTVSPost2010PropOp44
 70
     1
102
RTVSPost2010Prop45
280
     0
102
RTVSPost2010PropOp45
 70
     1
102
RTVSPost2010Prop46
 90
       50
102
RTVSPost2010PropOp46
 70
     1
102
RTVSPost2010Prop47
 90
       50
102
RTVSPost2010PropOp47
 70
     1
102
RTVSPost2010Prop48
 90
       50
102
RTVSPost2010PropOp48
 70
     1
102
RTVSPost2010Prop49
280
     0
102
RTVSPost2010PropOp49
 70
     1
102
RTVSPost2010Prop50
 90
       50
102
RTVSPost2010PropOp50
 70
     1
102
RTVSPost2010Prop51ColorIndex
 90
      256
102
RTVSPost2010Prop51ColorRGB
 90
-16777216
102
RTVSPost2010PropOp51
 70
     0
102
RTVSPost2010Prop52
140
1.0
102
RTVSPost2010PropOp52
 70
     0
102
RTVSPost2010Prop53
 90
        2
102
RTVSPost2010PropOp53
 70
     1
102
RTVSPost2010Prop54
  1
strokes_ogs.tif
102
RTVSPost2010PropOp54
 70
     1
102
RTVSPost2010Prop55
280
     0
102
RTVSPost2010PropOp55
 70
     1
102
RTVSPost2010Prop56
140
1.0
102
RTVSPost2010PropOp56
 70
     1
102
RTVSPost2010Prop57
140
1.0
102
RTVSPost2010PropOp57
 70
     1
102
RTVSPropertyOp0
 70
     1
102
RTVSPropertyOp1
 70
     1
102
RTVSPropertyOp2
 70
     1
102
RTVSPropertyOp3
 70
     1
102
RTVSPropertyOp4
 70
     1
102
RTVSPropertyOp5
 70
     1
102
RTVSPropertyOp6
 70
     1
102
RTVSPropertyOp7
 70
     1
102
RTVSPropertyOp8
 70
     1
102
RTVSPropertyOp9
 70
     1
102
RTVSPropertyOp10
 70
     1
102
RTVSPropertyOp11
 70
     1
102
RTVSPropertyOp12
 70
     1
102
RTVSPropertyOp13
 70
     1
102
RTVSPropertyOp14
 70
     1
102
RTVSPropertyOp15
 70
     1
102
RTVSPropertyOp16
 70
     1
102
RTVSPropertyOp17
 70
     1
102
RTVSPropertyOp18
 70
     1
102
RTVSPropertyOp19
 70
     1
102
RTVSPropertyOp20
 70
     1
102
RTVSPropertyOp21
 70
     1
102
RTVSPropertyOp22
 70
     1
102
RTVSPropertyOp23
 70
     1
102
RTVSPropertyOp24
 70
     1
102
RTVSPropertyOp25
 70
     1
102
RTVSPropertyOp26
 70
     1
102
RTVSPropertyOp27
 70
     1
102
RTVSPropertyOp28
 70
     1
102
RTVSPropertyOp29
 70
     1
102
RTVSPropertyOp30
 70
     1
102
RTVSPropertyOp31
 70
     1
102
RTVSPropertyOp32
 70
     1
102
RTVSPropertyOp33
 70
     1
102
RTVSPropertyOp34
 70
     1
102
RTVSPropertyOp35
 70
     1
102
RTVSPropertyOp36
 70
     1
102
RTVSPropertyOp37
 70
     1
102
RTVSPropertyOp38
 70
     1
102
RTVSPropertyOp39
 70
     1
102
RTVSPropertyOp40
 70
     1
102
RTVSPropertyOp41
 70
     1
102
RTVSPropertyOp42
 70
     1
102
RTVSPropertyOp43
 70
     1
102
RTVSPropertyOp44
 70
     1
102
RTVSPropertyOp45
 70
     1
102
RTVSPropertyOp46
 70
     1
102
RTVSPropertyOp47
 70
     1
102
RTVSPropertyOp48
 70
     1
102
RTVSPropertyOp49
 70
     1
102
RTVSPropertyOp50
 70
     1
102
RTVSPropertyOp51
 70
     0
102
RTVSPropertyOp52
 70
     0
102
RTVSPropertyOp53
 70
     1
102
RTVSPropertyOp54
 70
     1
102
RTVSPropertyOp55
 70
     1
102
RTVSPropertyOp56
 70
     1
102
RTVSPropertyOp57
 70
     1
102
RTVSPropertyOp58
 70
     1
102
RTVSPropertyOp59
 70
     1
102
RTVSPropertyOp60
 70
     1
102
RTVSPropertyOp61
 70
     1
102
RTVSPropertyOp62
 70
     1
  0
XRECORD
  5
2B3
102
{ACAD_REACTORS
330
2B2
102
}
330
2B2
100
AcDbXrecord
280
     1
102
RTVSPost2010Prop28
280
     0
102
RTVSPost2010PropOp28
 70
     1
102
RTVSPost2010Prop29
280
     1
102
RTVSPost2010PropOp29
 70
     1
102
RTVSPost2010Prop30
280
     1
102
RTVSPost2010PropOp30
 70
     1
102
RTVSPost2010Prop31
280
     0
102
RTVSPost2010PropOp31
 70
     1
102
RTVSPost2010Prop32
280
     0
102
RTVSPost2010PropOp32
 70
     1
102
RTVSPost2010Prop33
280
     0
102
RTVSPost2010PropOp33
 70
     1
102
RTVSPost2010Prop34
280
     0
102
RTVSPost2010PropOp34
 70
     1
102
RTVSPost2010Prop35
280
     0
102
RTVSPost2010PropOp35
 70
     1
102
RTVSPost2010Prop36
280
     0
102
RTVSPost2010PropOp36
 70
     1
102
RTVSPost2010Prop37
 90
       50
102
RTVSPost2010PropOp37
 70
     1
102
RTVSPost2010Prop38
140
0.0
102
RTVSPost2010PropOp38
 70
     1
102
RTVSPost2010Prop39
140
1.0
102
RTVSPost2010PropOp39
 70
     1
102
RTVSPost2010Prop40
 90
        0
102
RTVSPost2010PropOp40
 70
     1
102
RTVSPost2010Prop41ColorIndex
 90
       18
102
RTVSPost2010Prop41ColorRGB
 90
        0
102
RTVSPost2010PropOp41
 70
     1
102
RTVSPost2010Prop42
 90
       50
102
RTVSPost2010PropOp42
 70
     1
102
RTVSPost2010Prop43
 90
        3
102
RTVSPost2010PropOp43
 70
     1
102
RTVSPost2010Prop44ColorIndex
 90
        5
102
RTVSPost2010Prop44ColorRGB
 90
      255
102
RTVSPost2010PropOp44
 70
     1
102
RTVSPost2010Prop45
280
     0
102
RTVSPost2010PropOp45
 70
     1
102
RTVSPost2010Prop46
 90
       50
102
RTVSPost2010PropOp46
 70
     1
102
RTVSPost2010Prop47
 90
       50
102
RTVSPost2010PropOp47
 70
     1
102
RTVSPost2010Prop48
 90
       50
102
RTVSPost2010PropOp48
 70
     1
102
RTVSPost2010Prop49
280
     0
102
RTVSPost2010PropOp49
 70
     1
102
RTVSPost2010Prop50
 90
       50
102
RTVSPost2010PropOp50
 70
     1
102
RTVSPost2010Prop51ColorIndex
 90
      256
102
RTVSPost2010Prop51ColorRGB
 90
-16777216
102
RTVSPost2010PropOp51
 70
     0
102
RTVSPost2010Prop52
140
1.0
102
RTVSPost2010PropOp52
 70
     0
102
RTVSPost2010Prop53
 90
        2
102
RTVSPost2010PropOp53
 70
     1
102
RTVSPost2010Prop54
  1
strokes_ogs.tif
102
RTVSPost2010PropOp54
 70
     1
102
RTVSPost2010Prop55
280
     0
102
RTVSPost2010PropOp55
 70
     1
102
RTVSPost2010Prop56
140
1.0
102
RTVSPost2010PropOp56
 70
     1
102
RTVSPost2010Prop57
140
1.0
102
RTVSPost2010PropOp57
 70
     1
102
RTVSPropertyOp0
 70
     1
102
RTVSPropertyOp1
 70
     1
102
RTVSPropertyOp2
 70
     1
102
RTVSPropertyOp3
 70
     1
102
RTVSPropertyOp4
 70
     1
102
RTVSPropertyOp5
 70
     1
102
RTVSPropertyOp6
 70
     1
102
RTVSPropertyOp7
 70
     1
102
RTVSPropertyOp8
 70
     1
102
RTVSPropertyOp9
 70
     1
102
RTVSPropertyOp10
 70
     1
102
RTVSPropertyOp11
 70
     1
102
RTVSPropertyOp12
 70
     1
102
RTVSPropertyOp13
 70
     1
102
RTVSPropertyOp14
 70
     1
102
RTVSPropertyOp15
 70
     1
102
RTVSPropertyOp16
 70
     1
102
RTVSPropertyOp17
 70
     1
102
RTVSPropertyOp18
 70
     1
102
RTVSPropertyOp19
 70
     1
102
RTVSPropertyOp20
 70
     1
102
RTVSPropertyOp21
 70
     1
102
RTVSPropertyOp22
 70
     1
102
RTVSPropertyOp23
 70
     1
102
RTVSPropertyOp24
 70
     1
102
RTVSPropertyOp25
 70
     1
102
RTVSPropertyOp26
 70
     1
102
RTVSPropertyOp27
 70
     1
102
RTVSPropertyOp28
 70
     1
102
RTVSPropertyOp29
 70
     1
102
RTVSPropertyOp30
 70
     1
102
RTVSPropertyOp31
 70
     1
102
RTVSPropertyOp32
 70
     1
102
RTVSPropertyOp33
 70
     1
102
RTVSPropertyOp34
 70
     1
102
RTVSPropertyOp35
 70
     1
102
RTVSPropertyOp36
 70
     1
102
RTVSPropertyOp37
 70
     1
102
RTVSPropertyOp38
 70
     1
102
RTVSPropertyOp39
 70
     1
102
RTVSPropertyOp40
 70
     1
102
RTVSPropertyOp41
 70
     1
102
RTVSPropertyOp42
 70
     1
102
RTVSPropertyOp43
 70
     1
102
RTVSPropertyOp44
 70
     1
102
RTVSPropertyOp45
 70
     1
102
RTVSPropertyOp46
 70
     1
102
RTVSPropertyOp47
 70
     1
102
RTVSPropertyOp48
 70
     1
102
RTVSPropertyOp49
 70
     1
102
RTVSPropertyOp50
 70
     1
102
RTVSPropertyOp51
 70
     0
102
RTVSPropertyOp52
 70
     0
102
RTVSPropertyOp53
 70
     1
102
RTVSPropertyOp54
 70
     1
102
RTVSPropertyOp55
 70
     1
102
RTVSPropertyOp56
 70
     1
102
RTVSPropertyOp57
 70
     1
102
RTVSPropertyOp58
 70
     1
102
RTVSPropertyOp59
 70
     1
102
RTVSPropertyOp60
 70
     1
102
RTVSPropertyOp61
 70
     1
102
RTVSPropertyOp62
 70
     1
  0
XRECORD
  5
2AD
102
{ACAD_REACTORS
330
2AC
102
}
330
2AC
100
AcDbXrecord
280
     1
102
RTVSPost2010Prop28
280
     0
102
RTVSPost2010PropOp28
 70
     1
102
RTVSPost2010Prop29
280
     1
102
RTVSPost2010PropOp29
 70
     1
102
RTVSPost2010Prop30
280
     1
102
RTVSPost2010PropOp30
 70
     1
102
RTVSPost2010Prop31
280
     0
102
RTVSPost2010PropOp31
 70
     1
102
RTVSPost2010Prop32
280
     0
102
RTVSPost2010PropOp32
 70
     1
102
RTVSPost2010Prop33
280
     0
102
RTVSPost2010PropOp33
 70
     1
102
RTVSPost2010Prop34
280
     0
102
RTVSPost2010PropOp34
 70
     1
102
RTVSPost2010Prop35
280
     0
102
RTVSPost2010PropOp35
 70
     1
102
RTVSPost2010Prop36
280
     0
102
RTVSPost2010PropOp36
 70
     1
102
RTVSPost2010Prop37
 90
       50
102
RTVSPost2010PropOp37
 70
     1
102
RTVSPost2010Prop38
140
0.0
102
RTVSPost2010PropOp38
 70
     1
102
RTVSPost2010Prop39
140
1.0
102
RTVSPost2010PropOp39
 70
     1
102
RTVSPost2010Prop40
 90
        0
102
RTVSPost2010PropOp40
 70
     1
102
RTVSPost2010Prop41ColorIndex
 90
       18
102
RTVSPost2010Prop41ColorRGB
 90
        0
102
RTVSPost2010PropOp41
 70
     1
102
RTVSPost2010Prop42
 90
       50
102
RTVSPost2010PropOp42
 70
     1
102
RTVSPost2010Prop43
 90
        3
102
RTVSPost2010PropOp43
 70
     1
102
RTVSPost2010Prop44ColorIndex
 90
        5
102
RTVSPost2010Prop44ColorRGB
 90
      255
102
RTVSPost2010PropOp44
 70
     1
102
RTVSPost2010Prop45
280
     0
102
RTVSPost2010PropOp45
 70
     1
102
RTVSPost2010Prop46
 90
       50
102
RTVSPost2010PropOp46
 70
     1
102
RTVSPost2010Prop47
 90
       50
102
RTVSPost2010PropOp47
 70
     1
102
RTVSPost2010Prop48
 90
       50
102
RTVSPost2010PropOp48
 70
     1
102
RTVSPost2010Prop49
280
     0
102
RTVSPost2010PropOp49
 70
     1
102
RTVSPost2010Prop50
 90
       50
102
RTVSPost2010PropOp50
 70
     1
102
RTVSPost2010Prop51ColorIndex
 90
      256
102
RTVSPost2010Prop51ColorRGB
 90
-16777216
102
RTVSPost2010PropOp51
 70
     0
102
RTVSPost2010Prop52
140
1.0
102
RTVSPost2010PropOp52
 70
     0
102
RTVSPost2010Prop53
 90
        2
102
RTVSPost2010PropOp53
 70
     1
102
RTVSPost2010Prop54
  1
strokes_ogs.tif
102
RTVSPost2010PropOp54
 70
     1
102
RTVSPost2010Prop55
280
     0
102
RTVSPost2010PropOp55
 70
     1
102
RTVSPost2010Prop56
140
1.0
102
RTVSPost2010PropOp56
 70
     1
102
RTVSPost2010Prop57
140
1.0
102
RTVSPost2010PropOp57
 70
     1
102
RTVSPropertyOp0
 70
     1
102
RTVSPropertyOp1
 70
     1
102
RTVSPropertyOp2
 70
     1
102
RTVSPropertyOp3
 70
     1
102
RTVSPropertyOp4
 70
     1
102
RTVSPropertyOp5
 70
     1
102
RTVSPropertyOp6
 70
     1
102
RTVSPropertyOp7
 70
     1
102
RTVSPropertyOp8
 70
     1
102
RTVSPropertyOp9
 70
     1
102
RTVSPropertyOp10
 70
     1
102
RTVSPropertyOp11
 70
     1
102
RTVSPropertyOp12
 70
     1
102
RTVSPropertyOp13
 70
     1
102
RTVSPropertyOp14
 70
     1
102
RTVSPropertyOp15
 70
     1
102
RTVSPropertyOp16
 70
     1
102
RTVSPropertyOp17
 70
     1
102
RTVSPropertyOp18
 70
     1
102
RTVSPropertyOp19
 70
     1
102
RTVSPropertyOp20
 70
     1
102
RTVSPropertyOp21
 70
     1
102
RTVSPropertyOp22
 70
     1
102
RTVSPropertyOp23
 70
     1
102
RTVSPropertyOp24
 70
     1
102
RTVSPropertyOp25
 70
     1
102
RTVSPropertyOp26
 70
     1
102
RTVSPropertyOp27
 70
     1
102
RTVSPropertyOp28
 70
     1
102
RTVSPropertyOp29
 70
     1
102
RTVSPropertyOp30
 70
     1
102
RTVSPropertyOp31
 70
     1
102
RTVSPropertyOp32
 70
     1
102
RTVSPropertyOp33
 70
     1
102
RTVSPropertyOp34
 70
     1
102
RTVSPropertyOp35
 70
     1
102
RTVSPropertyOp36
 70
     1
102
RTVSPropertyOp37
 70
     1
102
RTVSPropertyOp38
 70
     1
102
RTVSPropertyOp39
 70
     1
102
RTVSPropertyOp40
 70
     1
102
RTVSPropertyOp41
 70
     1
102
RTVSPropertyOp42
 70
     1
102
RTVSPropertyOp43
 70
     1
102
RTVSPropertyOp44
 70
     1
102
RTVSPropertyOp45
 70
     1
102
RTVSPropertyOp46
 70
     1
102
RTVSPropertyOp47
 70
     1
102
RTVSPropertyOp48
 70
     1
102
RTVSPropertyOp49
 70
     1
102
RTVSPropertyOp50
 70
     1
102
RTVSPropertyOp51
 70
     0
102
RTVSPropertyOp52
 70
     0
102
RTVSPropertyOp53
 70
     1
102
RTVSPropertyOp54
 70
     1
102
RTVSPropertyOp55
 70
     1
102
RTVSPropertyOp56
 70
     1
102
RTVSPropertyOp57
 70
     1
102
RTVSPropertyOp58
 70
     1
102
RTVSPropertyOp59
 70
     1
102
RTVSPropertyOp60
 70
     1
102
RTVSPropertyOp61
 70
     1
102
RTVSPropertyOp62
 70
     1
  0
XRECORD
  5
2AF
102
{ACAD_REACTORS
330
2AE
102
}
330
2AE
100
AcDbXrecord
280
     1
102
RTVSPost2010Prop28
280
     0
102
RTVSPost2010PropOp28
 70
     1
102
RTVSPost2010Prop29
280
     1
102
RTVSPost2010PropOp29
 70
     1
102
RTVSPost2010Prop30
280
     1
102
RTVSPost2010PropOp30
 70
     1
102
RTVSPost2010Prop31
280
     0
102
RTVSPost2010PropOp31
 70
     1
102
RTVSPost2010Prop32
280
     0
102
RTVSPost2010PropOp32
 70
     1
102
RTVSPost2010Prop33
280
     0
102
RTVSPost2010PropOp33
 70
     1
102
RTVSPost2010Prop34
280
     0
102
RTVSPost2010PropOp34
 70
     1
102
RTVSPost2010Prop35
280
     0
102
RTVSPost2010PropOp35
 70
     1
102
RTVSPost2010Prop36
280
     0
102
RTVSPost2010PropOp36
 70
     1
102
RTVSPost2010Prop37
 90
       50
102
RTVSPost2010PropOp37
 70
     1
102
RTVSPost2010Prop38
140
0.0
102
RTVSPost2010PropOp38
 70
     1
102
RTVSPost2010Prop39
140
1.0
102
RTVSPost2010PropOp39
 70
     1
102
RTVSPost2010Prop40
 90
        0
102
RTVSPost2010PropOp40
 70
     1
102
RTVSPost2010Prop41ColorIndex
 90
       18
102
RTVSPost2010Prop41ColorRGB
 90
        0
102
RTVSPost2010PropOp41
 70
     1
102
RTVSPost2010Prop42
 90
       50
102
RTVSPost2010PropOp42
 70
     1
102
RTVSPost2010Prop43
 90
        3
102
RTVSPost2010PropOp43
 70
     1
102
RTVSPost2010Prop44ColorIndex
 90
        5
102
RTVSPost2010Prop44ColorRGB
 90
      255
102
RTVSPost2010PropOp44
 70
     1
102
RTVSPost2010Prop45
280
     0
102
RTVSPost2010PropOp45
 70
     1
102
RTVSPost2010Prop46
 90
       50
102
RTVSPost2010PropOp46
 70
     1
102
RTVSPost2010Prop47
 90
       50
102
RTVSPost2010PropOp47
 70
     1
102
RTVSPost2010Prop48
 90
       50
102
RTVSPost2010PropOp48
 70
     1
102
RTVSPost2010Prop49
280
     0
102
RTVSPost2010PropOp49
 70
     1
102
RTVSPost2010Prop50
 90
       50
102
RTVSPost2010PropOp50
 70
     1
102
RTVSPost2010Prop51ColorIndex
 90
      256
102
RTVSPost2010Prop51ColorRGB
 90
-16777216
102
RTVSPost2010PropOp51
 70
     0
102
RTVSPost2010Prop52
140
1.0
102
RTVSPost2010PropOp52
 70
     0
102
RTVSPost2010Prop53
 90
        2
102
RTVSPost2010PropOp53
 70
     1
102
RTVSPost2010Prop54
  1
strokes_ogs.tif
102
RTVSPost2010PropOp54
 70
     1
102
RTVSPost2010Prop55
280
     0
102
RTVSPost2010PropOp55
 70
     1
102
RTVSPost2010Prop56
140
1.0
102
RTVSPost2010PropOp56
 70
     1
102
RTVSPost2010Prop57
140
1.0
102
RTVSPost2010PropOp57
 70
     1
102
RTVSPropertyOp0
 70
     1
102
RTVSPropertyOp1
 70
     1
102
RTVSPropertyOp2
 70
     1
102
RTVSPropertyOp3
 70
     1
102
RTVSPropertyOp4
 70
     1
102
RTVSPropertyOp5
 70
     1
102
RTVSPropertyOp6
 70
     1
102
RTVSPropertyOp7
 70
     1
102
RTVSPropertyOp8
 70
     1
102
RTVSPropertyOp9
 70
     1
102
RTVSPropertyOp10
 70
     1
102
RTVSPropertyOp11
 70
     1
102
RTVSPropertyOp12
 70
     1
102
RTVSPropertyOp13
 70
     1
102
RTVSPropertyOp14
 70
     1
102
RTVSPropertyOp15
 70
     1
102
RTVSPropertyOp16
 70
     1
102
RTVSPropertyOp17
 70
     1
102
RTVSPropertyOp18
 70
     1
102
RTVSPropertyOp19
 70
     1
102
RTVSPropertyOp20
 70
     1
102
RTVSPropertyOp21
 70
     1
102
RTVSPropertyOp22
 70
     1
102
RTVSPropertyOp23
 70
     1
102
RTVSPropertyOp24
 70
     1
102
RTVSPropertyOp25
 70
     1
102
RTVSPropertyOp26
 70
     1
102
RTVSPropertyOp27
 70
     1
102
RTVSPropertyOp28
 70
     1
102
RTVSPropertyOp29
 70
     1
102
RTVSPropertyOp30
 70
     1
102
RTVSPropertyOp31
 70
     1
102
RTVSPropertyOp32
 70
     1
102
RTVSPropertyOp33
 70
     1
102
RTVSPropertyOp34
 70
     1
102
RTVSPropertyOp35
 70
     1
102
RTVSPropertyOp36
 70
     1
102
RTVSPropertyOp37
 70
     1
102
RTVSPropertyOp38
 70
     1
102
RTVSPropertyOp39
 70
     1
102
RTVSPropertyOp40
 70
     1
102
RTVSPropertyOp41
 70
     1
102
RTVSPropertyOp42
 70
     1
102
RTVSPropertyOp43
 70
     1
102
RTVSPropertyOp44
 70
     1
102
RTVSPropertyOp45
 70
     1
102
RTVSPropertyOp46
 70
     1
102
RTVSPropertyOp47
 70
     1
102
RTVSPropertyOp48
 70
     1
102
RTVSPropertyOp49
 70
     1
102
RTVSPropertyOp50
 70
     1
102
RTVSPropertyOp51
 70
     0
102
RTVSPropertyOp52
 70
     0
102
RTVSPropertyOp53
 70
     1
102
RTVSPropertyOp54
 70
     1
102
RTVSPropertyOp55
 70
     1
102
RTVSPropertyOp56
 70
     1
102
RTVSPropertyOp57
 70
     1
102
RTVSPropertyOp58
 70
     1
102
RTVSPropertyOp59
 70
     1
102
RTVSPropertyOp60
 70
     1
102
RTVSPropertyOp61
 70
     1
102
RTVSPropertyOp62
 70
     1
  0
XRECORD
  5
29F
102
{ACAD_REACTORS
330
29E
102
}
330
29E
100
AcDbXrecord
280
     1
102
RTVSPost2010Prop28
280
     0
102
RTVSPost2010PropOp28
 70
     1
102
RTVSPost2010Prop29
280
     1
102
RTVSPost2010PropOp29
 70
     1
102
RTVSPost2010Prop30
280
     1
102
RTVSPost2010PropOp30
 70
     1
102
RTVSPost2010Prop31
280
     0
102
RTVSPost2010PropOp31
 70
     1
102
RTVSPost2010Prop32
280
     0
102
RTVSPost2010PropOp32
 70
     1
102
RTVSPost2010Prop33
280
     0
102
RTVSPost2010PropOp33
 70
     1
102
RTVSPost2010Prop34
280
     0
102
RTVSPost2010PropOp34
 70
     1
102
RTVSPost2010Prop35
280
     0
102
RTVSPost2010PropOp35
 70
     1
102
RTVSPost2010Prop36
280
     0
102
RTVSPost2010PropOp36
 70
     1
102
RTVSPost2010Prop37
 90
       50
102
RTVSPost2010PropOp37
 70
     1
102
RTVSPost2010Prop38
140
0.0
102
RTVSPost2010PropOp38
 70
     1
102
RTVSPost2010Prop39
140
1.0
102
RTVSPost2010PropOp39
 70
     1
102
RTVSPost2010Prop40
 90
        0
102
RTVSPost2010PropOp40
 70
     1
102
RTVSPost2010Prop41ColorIndex
 90
       18
102
RTVSPost2010Prop41ColorRGB
 90
        0
102
RTVSPost2010PropOp41
 70
     1
102
RTVSPost2010Prop42
 90
       50
102
RTVSPost2010PropOp42
 70
     1
102
RTVSPost2010Prop43
 90
        3
102
RTVSPost2010PropOp43
 70
     1
102
RTVSPost2010Prop44ColorIndex
 90
        5
102
RTVSPost2010Prop44ColorRGB
 90
      255
102
RTVSPost2010PropOp44
 70
     1
102
RTVSPost2010Prop45
280
     0
102
RTVSPost2010PropOp45
 70
     1
102
RTVSPost2010Prop46
 90
       50
102
RTVSPost2010PropOp46
 70
     1
102
RTVSPost2010Prop47
 90
       50
102
RTVSPost2010PropOp47
 70
     1
102
RTVSPost2010Prop48
 90
       50
102
RTVSPost2010PropOp48
 70
     1
102
RTVSPost2010Prop49
280
     0
102
RTVSPost2010PropOp49
 70
     1
102
RTVSPost2010Prop50
 90
       50
102
RTVSPost2010PropOp50
 70
     1
102
RTVSPost2010Prop51ColorIndex
 90
      256
102
RTVSPost2010Prop51ColorRGB
 90
-16777216
102
RTVSPost2010PropOp51
 70
     0
102
RTVSPost2010Prop52
140
1.0
102
RTVSPost2010PropOp52
 70
     0
102
RTVSPost2010Prop53
 90
        2
102
RTVSPost2010PropOp53
 70
     1
102
RTVSPost2010Prop54
  1
strokes_ogs.tif
102
RTVSPost2010PropOp54
 70
     1
102
RTVSPost2010Prop55
280
     0
102
RTVSPost2010PropOp55
 70
     1
102
RTVSPost2010Prop56
140
1.0
102
RTVSPost2010PropOp56
 70
     1
102
RTVSPost2010Prop57
140
1.0
102
RTVSPost2010PropOp57
 70
     1
102
RTVSPropertyOp0
 70
     1
102
RTVSPropertyOp1
 70
     1
102
RTVSPropertyOp2
 70
     1
102
RTVSPropertyOp3
 70
     1
102
RTVSPropertyOp4
 70
     1
102
RTVSPropertyOp5
 70
     1
102
RTVSPropertyOp6
 70
     1
102
RTVSPropertyOp7
 70
     1
102
RTVSPropertyOp8
 70
     1
102
RTVSPropertyOp9
 70
     1
102
RTVSPropertyOp10
 70
     1
102
RTVSPropertyOp11
 70
     1
102
RTVSPropertyOp12
 70
     1
102
RTVSPropertyOp13
 70
     1
102
RTVSPropertyOp14
 70
     1
102
RTVSPropertyOp15
 70
     1
102
RTVSPropertyOp16
 70
     1
102
RTVSPropertyOp17
 70
     1
102
RTVSPropertyOp18
 70
     1
102
RTVSPropertyOp19
 70
     1
102
RTVSPropertyOp20
 70
     1
102
RTVSPropertyOp21
 70
     1
102
RTVSPropertyOp22
 70
     1
102
RTVSPropertyOp23
 70
     1
102
RTVSPropertyOp24
 70
     1
102
RTVSPropertyOp25
 70
     1
102
RTVSPropertyOp26
 70
     1
102
RTVSPropertyOp27
 70
     1
102
RTVSPropertyOp28
 70
     1
102
RTVSPropertyOp29
 70
     1
102
RTVSPropertyOp30
 70
     1
102
RTVSPropertyOp31
 70
     1
102
RTVSPropertyOp32
 70
     1
102
RTVSPropertyOp33
 70
     1
102
RTVSPropertyOp34
 70
     1
102
RTVSPropertyOp35
 70
     1
102
RTVSPropertyOp36
 70
     1
102
RTVSPropertyOp37
 70
     1
102
RTVSPropertyOp38
 70
     1
102
RTVSPropertyOp39
 70
     1
102
RTVSPropertyOp40
 70
     1
102
RTVSPropertyOp41
 70
     1
102
RTVSPropertyOp42
 70
     1
102
RTVSPropertyOp43
 70
     1
102
RTVSPropertyOp44
 70
     1
102
RTVSPropertyOp45
 70
     1
102
RTVSPropertyOp46
 70
     1
102
RTVSPropertyOp47
 70
     1
102
RTVSPropertyOp48
 70
     1
102
RTVSPropertyOp49
 70
     1
102
RTVSPropertyOp50
 70
     1
102
RTVSPropertyOp51
 70
     0
102
RTVSPropertyOp52
 70
     0
102
RTVSPropertyOp53
 70
     1
102
RTVSPropertyOp54
 70
     1
102
RTVSPropertyOp55
 70
     1
102
RTVSPropertyOp56
 70
     1
102
RTVSPropertyOp57
 70
     1
102
RTVSPropertyOp58
 70
     1
102
RTVSPropertyOp59
 70
     1
102
RTVSPropertyOp60
 70
     1
102
RTVSPropertyOp61
 70
     1
102
RTVSPropertyOp62
 70
     1
  0
XRECORD
  5
293
102
{ACAD_REACTORS
330
292
102
}
330
292
100
AcDbXrecord
280
     1
102
RTVSPost2010Prop28
280
     0
102
RTVSPost2010PropOp28
 70
     1
102
RTVSPost2010Prop29
280
     1
102
RTVSPost2010PropOp29
 70
     1
102
RTVSPost2010Prop30
280
     1
102
RTVSPost2010PropOp30
 70
     1
102
RTVSPost2010Prop31
280
     0
102
RTVSPost2010PropOp31
 70
     1
102
RTVSPost2010Prop32
280
     0
102
RTVSPost2010PropOp32
 70
     1
102
RTVSPost2010Prop33
280
     0
102
RTVSPost2010PropOp33
 70
     1
102
RTVSPost2010Prop34
280
     0
102
RTVSPost2010PropOp34
 70
     1
102
RTVSPost2010Prop35
280
     0
102
RTVSPost2010PropOp35
 70
     1
102
RTVSPost2010Prop36
280
     0
102
RTVSPost2010PropOp36
 70
     1
102
RTVSPost2010Prop37
 90
       50
102
RTVSPost2010PropOp37
 70
     1
102
RTVSPost2010Prop38
140
0.0
102
RTVSPost2010PropOp38
 70
     1
102
RTVSPost2010Prop39
140
1.0
102
RTVSPost2010PropOp39
 70
     1
102
RTVSPost2010Prop40
 90
        0
102
RTVSPost2010PropOp40
 70
     1
102
RTVSPost2010Prop41ColorIndex
 90
       18
102
RTVSPost2010Prop41ColorRGB
 90
        0
102
RTVSPost2010PropOp41
 70
     1
102
RTVSPost2010Prop42
 90
       50
102
RTVSPost2010PropOp42
 70
     1
102
RTVSPost2010Prop43
 90
        3
102
RTVSPost2010PropOp43
 70
     1
102
RTVSPost2010Prop44ColorIndex
 90
        5
102
RTVSPost2010Prop44ColorRGB
 90
      255
102
RTVSPost2010PropOp44
 70
     1
102
RTVSPost2010Prop45
280
     0
102
RTVSPost2010PropOp45
 70
     1
102
RTVSPost2010Prop46
 90
       50
102
RTVSPost2010PropOp46
 70
     1
102
RTVSPost2010Prop47
 90
       50
102
RTVSPost2010PropOp47
 70
     1
102
RTVSPost2010Prop48
 90
       50
102
RTVSPost2010PropOp48
 70
     1
102
RTVSPost2010Prop49
280
     0
102
RTVSPost2010PropOp49
 70
     1
102
RTVSPost2010Prop50
 90
       50
102
RTVSPost2010PropOp50
 70
     1
102
RTVSPost2010Prop51ColorIndex
 90
      256
102
RTVSPost2010Prop51ColorRGB
 90
-16777216
102
RTVSPost2010PropOp51
 70
     0
102
RTVSPost2010Prop52
140
1.0
102
RTVSPost2010PropOp52
 70
     0
102
RTVSPost2010Prop53
 90
        2
102
RTVSPost2010PropOp53
 70
     1
102
RTVSPost2010Prop54
  1
strokes_ogs.tif
102
RTVSPost2010PropOp54
 70
     1
102
RTVSPost2010Prop55
280
     0
102
RTVSPost2010PropOp55
 70
     1
102
RTVSPost2010Prop56
140
1.0
102
RTVSPost2010PropOp56
 70
     1
102
RTVSPost2010Prop57
140
1.0
102
RTVSPost2010PropOp57
 70
     1
102
RTVSPropertyOp0
 70
     1
102
RTVSPropertyOp1
 70
     1
102
RTVSPropertyOp2
 70
     1
102
RTVSPropertyOp3
 70
     1
102
RTVSPropertyOp4
 70
     1
102
RTVSPropertyOp5
 70
     1
102
RTVSPropertyOp6
 70
     1
102
RTVSPropertyOp7
 70
     1
102
RTVSPropertyOp8
 70
     1
102
RTVSPropertyOp9
 70
     1
102
RTVSPropertyOp10
 70
     1
102
RTVSPropertyOp11
 70
     1
102
RTVSPropertyOp12
 70
     1
102
RTVSPropertyOp13
 70
     1
102
RTVSPropertyOp14
 70
     1
102
RTVSPropertyOp15
 70
     1
102
RTVSPropertyOp16
 70
     1
102
RTVSPropertyOp17
 70
     1
102
RTVSPropertyOp18
 70
     1
102
RTVSPropertyOp19
 70
     1
102
RTVSPropertyOp20
 70
     1
102
RTVSPropertyOp21
 70
     1
102
RTVSPropertyOp22
 70
     1
102
RTVSPropertyOp23
 70
     1
102
RTVSPropertyOp24
 70
     1
102
RTVSPropertyOp25
 70
     1
102
RTVSPropertyOp26
 70
     1
102
RTVSPropertyOp27
 70
     1
102
RTVSPropertyOp28
 70
     1
102
RTVSPropertyOp29
 70
     1
102
RTVSPropertyOp30
 70
     1
102
RTVSPropertyOp31
 70
     1
102
RTVSPropertyOp32
 70
     1
102
RTVSPropertyOp33
 70
     1
102
RTVSPropertyOp34
 70
     1
102
RTVSPropertyOp35
 70
     1
102
RTVSPropertyOp36
 70
     1
102
RTVSPropertyOp37
 70
     1
102
RTVSPropertyOp38
 70
     1
102
RTVSPropertyOp39
 70
     1
102
RTVSPropertyOp40
 70
     1
102
RTVSPropertyOp41
 70
     1
102
RTVSPropertyOp42
 70
     1
102
RTVSPropertyOp43
 70
     1
102
RTVSPropertyOp44
 70
     1
102
RTVSPropertyOp45
 70
     1
102
RTVSPropertyOp46
 70
     1
102
RTVSPropertyOp47
 70
     1
102
RTVSPropertyOp48
 70
     1
102
RTVSPropertyOp49
 70
     1
102
RTVSPropertyOp50
 70
     1
102
RTVSPropertyOp51
 70
     0
102
RTVSPropertyOp52
 70
     0
102
RTVSPropertyOp53
 70
     1
102
RTVSPropertyOp54
 70
     1
102
RTVSPropertyOp55
 70
     1
102
RTVSPropertyOp56
 70
     1
102
RTVSPropertyOp57
 70
     1
102
RTVSPropertyOp58
 70
     1
102
RTVSPropertyOp59
 70
     1
102
RTVSPropertyOp60
 70
     1
102
RTVSPropertyOp61
 70
     1
102
RTVSPropertyOp62
 70
     1
  0
XRECORD
  5
2B1
102
{ACAD_REACTORS
330
2B0
102
}
330
2B0
100
AcDbXrecord
280
     1
102
RTVSPost2010Prop28
280
     0
102
RTVSPost2010PropOp28
 70
     1
102
RTVSPost2010Prop29
280
     1
102
RTVSPost2010PropOp29
 70
     1
102
RTVSPost2010Prop30
280
     1
102
RTVSPost2010PropOp30
 70
     1
102
RTVSPost2010Prop31
280
     0
102
RTVSPost2010PropOp31
 70
     1
102
RTVSPost2010Prop32
280
     0
102
RTVSPost2010PropOp32
 70
     1
102
RTVSPost2010Prop33
280
     0
102
RTVSPost2010PropOp33
 70
     1
102
RTVSPost2010Prop34
280
     0
102
RTVSPost2010PropOp34
 70
     1
102
RTVSPost2010Prop35
280
     0
102
RTVSPost2010PropOp35
 70
     1
102
RTVSPost2010Prop36
280
     0
102
RTVSPost2010PropOp36
 70
     1
102
RTVSPost2010Prop37
 90
       50
102
RTVSPost2010PropOp37
 70
     1
102
RTVSPost2010Prop38
140
0.0
102
RTVSPost2010PropOp38
 70
     1
102
RTVSPost2010Prop39
140
1.0
102
RTVSPost2010PropOp39
 70
     1
102
RTVSPost2010Prop40
 90
        0
102
RTVSPost2010PropOp40
 70
     1
102
RTVSPost2010Prop41ColorIndex
 90
       18
102
RTVSPost2010Prop41ColorRGB
 90
        0
102
RTVSPost2010PropOp41
 70
     1
102
RTVSPost2010Prop42
 90
       50
102
RTVSPost2010PropOp42
 70
     1
102
RTVSPost2010Prop43
 90
        3
102
RTVSPost2010PropOp43
 70
     1
102
RTVSPost2010Prop44ColorIndex
 90
        5
102
RTVSPost2010Prop44ColorRGB
 90
      255
102
RTVSPost2010PropOp44
 70
     1
102
RTVSPost2010Prop45
280
     0
102
RTVSPost2010PropOp45
 70
     1
102
RTVSPost2010Prop46
 90
       50
102
RTVSPost2010PropOp46
 70
     1
102
RTVSPost2010Prop47
 90
       50
102
RTVSPost2010PropOp47
 70
     1
102
RTVSPost2010Prop48
 90
       50
102
RTVSPost2010PropOp48
 70
     1
102
RTVSPost2010Prop49
280
     0
102
RTVSPost2010PropOp49
 70
     1
102
RTVSPost2010Prop50
 90
       50
102
RTVSPost2010PropOp50
 70
     1
102
RTVSPost2010Prop51ColorIndex
 90
      256
102
RTVSPost2010Prop51ColorRGB
 90
-16777216
102
RTVSPost2010PropOp51
 70
     0
102
RTVSPost2010Prop52
140
1.0
102
RTVSPost2010PropOp52
 70
     0
102
RTVSPost2010Prop53
 90
        2
102
RTVSPost2010PropOp53
 70
     1
102
RTVSPost2010Prop54
  1
strokes_ogs.tif
102
RTVSPost2010PropOp54
 70
     1
102
RTVSPost2010Prop55
280
     0
102
RTVSPost2010PropOp55
 70
     1
102
RTVSPost2010Prop56
140
1.0
102
RTVSPost2010PropOp56
 70
     1
102
RTVSPost2010Prop57
140
1.0
102
RTVSPost2010PropOp57
 70
     1
102
RTVSPropertyOp0
 70
     1
102
RTVSPropertyOp1
 70
     1
102
RTVSPropertyOp2
 70
     1
102
RTVSPropertyOp3
 70
     1
102
RTVSPropertyOp4
 70
     1
102
RTVSPropertyOp5
 70
     1
102
RTVSPropertyOp6
 70
     1
102
RTVSPropertyOp7
 70
     1
102
RTVSPropertyOp8
 70
     1
102
RTVSPropertyOp9
 70
     1
102
RTVSPropertyOp10
 70
     1
102
RTVSPropertyOp11
 70
     1
102
RTVSPropertyOp12
 70
     1
102
RTVSPropertyOp13
 70
     1
102
RTVSPropertyOp14
 70
     1
102
RTVSPropertyOp15
 70
     1
102
RTVSPropertyOp16
 70
     1
102
RTVSPropertyOp17
 70
     1
102
RTVSPropertyOp18
 70
     1
102
RTVSPropertyOp19
 70
     1
102
RTVSPropertyOp20
 70
     1
102
RTVSPropertyOp21
 70
     1
102
RTVSPropertyOp22
 70
     1
102
RTVSPropertyOp23
 70
     1
102
RTVSPropertyOp24
 70
     1
102
RTVSPropertyOp25
 70
     1
102
RTVSPropertyOp26
 70
     1
102
RTVSPropertyOp27
 70
     1
102
RTVSPropertyOp28
 70
     1
102
RTVSPropertyOp29
 70
     1
102
RTVSPropertyOp30
 70
     1
102
RTVSPropertyOp31
 70
     1
102
RTVSPropertyOp32
 70
     1
102
RTVSPropertyOp33
 70
     1
102
RTVSPropertyOp34
 70
     1
102
RTVSPropertyOp35
 70
     1
102
RTVSPropertyOp36
 70
     1
102
RTVSPropertyOp37
 70
     1
102
RTVSPropertyOp38
 70
     1
102
RTVSPropertyOp39
 70
     1
102
RTVSPropertyOp40
 70
     1
102
RTVSPropertyOp41
 70
     1
102
RTVSPropertyOp42
 70
     1
102
RTVSPropertyOp43
 70
     1
102
RTVSPropertyOp44
 70
     1
102
RTVSPropertyOp45
 70
     1
102
RTVSPropertyOp46
 70
     1
102
RTVSPropertyOp47
 70
     1
102
RTVSPropertyOp48
 70
     1
102
RTVSPropertyOp49
 70
     1
102
RTVSPropertyOp50
 70
     1
102
RTVSPropertyOp51
 70
     0
102
RTVSPropertyOp52
 70
     0
102
RTVSPropertyOp53
 70
     1
102
RTVSPropertyOp54
 70
     1
102
RTVSPropertyOp55
 70
     1
102
RTVSPropertyOp56
 70
     1
102
RTVSPropertyOp57
 70
     1
102
RTVSPropertyOp58
 70
     1
102
RTVSPropertyOp59
 70
     1
102
RTVSPropertyOp60
 70
     1
102
RTVSPropertyOp61
 70
     1
102
RTVSPropertyOp62
 70
     1
  0
ENDSEC
  0
EOF